# Blender 4.0.2
# www.blender.org
mtllib player.mtl
o Cylinder
v 2.437070 1.429276 -0.145624
v 2.437070 1.574900 -0.205944
v 0.896250 1.574900 -0.167906
v 3.887316 1.574901 -0.167906
v 0.896250 1.456173 -0.118727
v 3.887316 1.456173 -0.118727
v 0.896250 1.406994 0.000000
v 3.887316 1.406994 0.000000
v 0.896250 1.456173 0.118728
v 3.887316 1.456173 0.118728
v 0.896250 1.574900 0.167906
v 3.887316 1.574901 0.167906
v 0.896250 1.693628 0.118728
v 3.887316 1.693628 0.118728
v 0.896250 1.742806 0.000000
v 3.887316 1.742807 0.000000
v 0.896250 1.693628 -0.118727
v 3.887316 1.693628 -0.118727
v 2.437070 1.368956 0.000000
v 2.437070 1.429276 0.145624
v 2.437070 1.574900 0.205944
v 2.437070 1.720525 0.145624
v 2.437070 1.780844 0.000000
v 2.437070 1.720525 -0.145624
v 1.956203 1.429276 -0.145624
v 1.956203 1.368956 0.000000
v 1.956203 1.429276 0.145624
v 1.956203 1.574900 0.205944
v 1.956203 1.720525 0.145624
v 1.956203 1.780844 0.000000
v 1.956203 1.574900 -0.205944
v 1.956203 1.720525 -0.145624
v 2.847190 1.720525 -0.145624
v 2.847190 1.780844 0.000000
v 2.847190 1.574901 -0.205944
v 2.847190 1.720525 0.145624
v 2.847190 1.574901 0.205944
v 2.847190 1.429276 0.145624
v 2.847190 1.368957 0.000000
v 2.847190 1.429276 -0.145624
v 1.096908 1.429276 -0.145624
v 1.096907 1.368956 0.000000
v 1.096907 1.429276 0.145624
v 1.096908 1.574900 0.205944
v 1.096908 1.720525 0.145624
v 1.096908 1.780844 0.000000
v 1.096908 1.720525 -0.145624
v 1.096908 1.574900 -0.205944
v 3.522227 1.574901 -0.205944
v 3.522227 1.720525 -0.145624
v 3.522227 1.780844 0.000000
v 3.522227 1.720525 0.145624
v 3.522227 1.574901 0.205944
v 3.522227 1.429276 0.145624
v 3.522227 1.368957 0.000000
v 3.522227 1.429276 -0.145624
v -2.435595 1.720524 -0.145624
v -2.435595 1.574900 -0.205944
v -0.894774 1.574900 -0.167906
v -3.885841 1.574901 -0.167906
v -0.894774 1.693627 -0.118727
v -3.885841 1.693628 -0.118727
v -0.894774 1.742806 0.000000
v -3.885841 1.742807 0.000000
v -0.894774 1.693627 0.118728
v -3.885841 1.693628 0.118728
v -0.894774 1.574900 0.167906
v -3.885841 1.574901 0.167906
v -0.894774 1.456172 0.118728
v -3.885841 1.456173 0.118728
v -0.894774 1.406994 0.000000
v -3.885841 1.406994 0.000000
v -0.894774 1.456172 -0.118727
v -3.885840 1.456173 -0.118727
v -2.435595 1.780844 0.000000
v -2.435595 1.720524 0.145624
v -2.435595 1.574900 0.205944
v -2.435595 1.429276 0.145624
v -2.435595 1.368956 0.000000
v -2.435595 1.429276 -0.145624
v -1.954727 1.720524 -0.145624
v -1.954727 1.780844 0.000000
v -1.954727 1.720524 0.145624
v -1.954727 1.574900 0.205944
v -1.954728 1.429276 0.145624
v -1.954728 1.368956 0.000000
v -1.954728 1.574900 -0.205944
v -1.954728 1.429276 -0.145624
v -2.845715 1.429276 -0.145624
v -2.845715 1.368956 0.000000
v -2.845715 1.574900 -0.205944
v -2.845715 1.429276 0.145624
v -2.845715 1.574900 0.205944
v -2.845715 1.720525 0.145624
v -2.845715 1.780844 0.000000
v -2.845715 1.720525 -0.145624
v -1.095432 1.720524 -0.145624
v -1.095432 1.780843 0.000000
v -1.095432 1.720524 0.145624
v -1.095432 1.574900 0.205944
v -1.095432 1.429275 0.145624
v -1.095433 1.368956 0.000000
v -1.095433 1.429275 -0.145624
v -1.095432 1.574900 -0.205944
v -3.520751 1.574901 -0.205944
v -3.520751 1.429276 -0.145624
v -3.520751 1.368957 0.000000
v -3.520751 1.429276 0.145624
v -3.520751 1.574901 0.205944
v -3.520751 1.720525 0.145624
v -3.520751 1.780844 0.000000
v -3.520751 1.720525 -0.145624
v 2.437070 1.534802 -0.201868
v 2.437070 1.496180 -0.190048
v 2.437070 1.460512 -0.171096
v 2.437070 1.403804 -0.114388
v 2.437070 1.384852 -0.078720
v 2.437070 1.373032 -0.040099
v 0.896250 1.551682 -0.154295
v 0.896250 1.518318 -0.136601
v 0.896250 1.482215 -0.125520
v 2.717274 1.720525 -0.145624
v 2.611165 1.720525 -0.145624
v 2.520538 1.720525 -0.145624
v 2.717274 1.780844 0.000000
v 2.611165 1.780844 0.000000
v 2.520538 1.780844 0.000000
v 3.901435 1.482215 -0.125520
v 3.908527 1.518318 -0.136601
v 3.901435 1.551683 -0.154295
v 3.660681 1.574901 -0.205176
v 3.768935 1.574901 -0.199802
v 3.845252 1.574901 -0.186183
v 0.980902 1.429819 -0.145081
v 0.921332 1.433619 -0.141281
v 0.899385 1.443249 -0.131651
v 2.437070 1.373032 0.040099
v 2.437070 1.384852 0.078721
v 2.437070 1.403804 0.114388
v 0.896250 1.449380 -0.092685
v 0.896250 1.438299 -0.056582
v 0.896250 1.420606 -0.023218
v 2.717274 1.720525 0.145624
v 2.611165 1.720525 0.145624
v 2.520538 1.720525 0.145624
v 3.901435 1.420606 -0.023218
v 3.908527 1.438299 -0.056582
v 3.901435 1.449380 -0.092685
v 0.980902 1.369724 0.000000
v 0.921332 1.375099 0.000000
v 0.899385 1.388717 0.000000
v 2.437070 1.460512 0.171097
v 2.437070 1.496180 0.190048
v 2.437070 1.534802 0.201868
v 0.896250 1.420606 0.023218
v 0.896250 1.438299 0.056582
v 0.896250 1.449380 0.092686
v 2.717274 1.574901 0.205944
v 2.611165 1.574901 0.205944
v 2.520538 1.574900 0.205944
v 3.901435 1.449380 0.092686
v 3.908527 1.438299 0.056582
v 3.901435 1.420606 0.023218
v 0.980902 1.429819 0.145082
v 0.921332 1.433619 0.141281
v 0.899385 1.443249 0.131651
v 2.437070 1.614999 0.201868
v 2.437070 1.653621 0.190048
v 2.437070 1.689288 0.171096
v 0.896250 1.482215 0.125520
v 0.896250 1.518318 0.136602
v 0.896250 1.551682 0.154295
v 2.717273 1.429276 0.145624
v 2.611164 1.429276 0.145624
v 2.520538 1.429276 0.145624
v 3.901435 1.551683 0.154295
v 3.908527 1.518318 0.136602
v 3.901435 1.482215 0.125520
v 0.980902 1.574900 0.205176
v 0.921332 1.574900 0.199802
v 0.899385 1.574900 0.186183
v 2.437070 1.745997 0.114388
v 2.437070 1.764948 0.078721
v 2.437070 1.776768 0.040099
v 0.896250 1.598118 0.154295
v 0.896250 1.631482 0.136602
v 0.896250 1.667586 0.125520
v 2.717273 1.368957 0.000000
v 2.611164 1.368957 0.000000
v 2.520538 1.368957 0.000000
v 3.901435 1.667586 0.125521
v 3.908527 1.631483 0.136602
v 3.901435 1.598118 0.154295
v 0.980902 1.719982 0.145082
v 0.921332 1.716181 0.141281
v 0.899385 1.706551 0.131651
v 2.437070 1.776768 -0.040099
v 2.437070 1.764948 -0.078720
v 2.437070 1.745997 -0.114388
v 0.896250 1.700421 0.092686
v 0.896250 1.711502 0.056582
v 0.896250 1.729195 0.023218
v 2.717274 1.429276 -0.145624
v 2.611165 1.429276 -0.145624
v 2.520538 1.429276 -0.145624
v 3.901435 1.729195 0.023218
v 3.908527 1.711502 0.056582
v 3.901435 1.700421 0.092686
v 0.980902 1.780076 0.000000
v 0.921332 1.774702 0.000000
v 0.899385 1.761083 0.000000
v 2.437070 1.689288 -0.171096
v 2.437070 1.653621 -0.190048
v 2.437070 1.614999 -0.201868
v 0.896250 1.729195 -0.023218
v 0.896250 1.711502 -0.056582
v 0.896250 1.700421 -0.092685
v 2.124396 1.574900 -0.205944
v 2.251800 1.574900 -0.205944
v 2.351622 1.574900 -0.205944
v 3.901435 1.700421 -0.092685
v 3.908527 1.711502 -0.056582
v 3.901435 1.729195 -0.023218
v 0.980902 1.719982 -0.145081
v 0.921332 1.716181 -0.141281
v 0.899385 1.706552 -0.131651
v 0.896250 1.667586 -0.125520
v 0.896250 1.631482 -0.136601
v 0.896250 1.598118 -0.154295
v 3.901435 1.598118 -0.154295
v 3.908527 1.631483 -0.136601
v 3.901435 1.667586 -0.125520
v 2.351622 1.429276 -0.145624
v 2.251800 1.429276 -0.145624
v 2.124396 1.429276 -0.145624
v 2.351622 1.368956 0.000000
v 2.251800 1.368956 0.000000
v 2.124396 1.368956 0.000000
v 2.351622 1.429276 0.145624
v 2.251800 1.429276 0.145624
v 2.124396 1.429276 0.145624
v 2.351622 1.574900 0.205944
v 2.251800 1.574900 0.205944
v 2.124396 1.574900 0.205944
v 2.351622 1.720525 0.145624
v 2.251800 1.720525 0.145624
v 2.124396 1.720525 0.145624
v 2.351622 1.780844 0.000000
v 2.251800 1.780844 0.000000
v 2.124396 1.780844 0.000000
v 1.279639 1.574900 -0.205944
v 1.505306 1.574900 -0.205944
v 1.741598 1.574900 -0.205944
v 2.351622 1.720525 -0.145624
v 2.251800 1.720525 -0.145624
v 2.124396 1.720525 -0.145624
v 1.956203 1.534801 -0.201868
v 1.956203 1.496180 -0.190048
v 1.956203 1.460512 -0.171096
v 1.956203 1.689288 -0.171096
v 1.956203 1.653621 -0.190048
v 1.956203 1.614999 -0.201868
v 1.956203 1.776768 -0.040099
v 1.956203 1.764948 -0.078720
v 1.956203 1.745997 -0.114388
v 1.956203 1.745997 0.114388
v 1.956203 1.764948 0.078721
v 1.956203 1.776768 0.040099
v 1.956203 1.614999 0.201868
v 1.956203 1.653621 0.190048
v 1.956203 1.689288 0.171096
v 1.956203 1.460512 0.171097
v 1.956203 1.496180 0.190048
v 1.956203 1.534801 0.201868
v 1.956203 1.373032 0.040099
v 1.956203 1.384852 0.078721
v 1.956203 1.403804 0.114388
v 1.956203 1.403804 -0.114388
v 1.956203 1.384852 -0.078720
v 1.956203 1.373032 -0.040099
v 3.357899 1.720525 -0.145624
v 3.180593 1.720525 -0.145624
v 3.005344 1.720525 -0.145624
v 3.357899 1.780844 0.000000
v 3.180593 1.780844 0.000000
v 3.005344 1.780844 0.000000
v 2.520538 1.574900 -0.205944
v 2.611165 1.574901 -0.205944
v 2.717274 1.574901 -0.205944
v 3.357899 1.720525 0.145624
v 3.180593 1.720525 0.145624
v 3.005344 1.720525 0.145624
v 3.357899 1.574901 0.205944
v 3.180593 1.574901 0.205944
v 3.005344 1.574901 0.205944
v 3.357899 1.429276 0.145624
v 3.180593 1.429276 0.145624
v 3.005344 1.429276 0.145624
v 3.357899 1.368957 0.000000
v 3.180593 1.368957 0.000000
v 3.005344 1.368957 0.000000
v 3.357899 1.429276 -0.145624
v 3.180593 1.429276 -0.145624
v 3.005344 1.429276 -0.145624
v 2.847190 1.689288 -0.171096
v 2.847190 1.653621 -0.190048
v 2.847190 1.614999 -0.201868
v 2.847190 1.776768 -0.040099
v 2.847190 1.764949 -0.078720
v 2.847190 1.745997 -0.114388
v 2.847190 1.745997 0.114388
v 2.847190 1.764949 0.078721
v 2.847190 1.776768 0.040099
v 2.847190 1.614999 0.201868
v 2.847190 1.653621 0.190048
v 2.847190 1.689288 0.171097
v 2.847190 1.460512 0.171097
v 2.847190 1.496180 0.190048
v 2.847190 1.534802 0.201868
v 2.847190 1.373032 0.040099
v 2.847190 1.384852 0.078721
v 2.847190 1.403804 0.114388
v 2.847190 1.403804 -0.114388
v 2.847190 1.384852 -0.078720
v 2.847190 1.373032 -0.040099
v 2.847190 1.534802 -0.201868
v 2.847190 1.496180 -0.190048
v 2.847190 1.460512 -0.171096
v 1.741598 1.429276 -0.145624
v 1.505306 1.429276 -0.145624
v 1.279639 1.429276 -0.145624
v 1.741598 1.368956 0.000000
v 1.505306 1.368956 0.000000
v 1.279639 1.368956 0.000000
v 1.741598 1.429276 0.145624
v 1.505306 1.429276 0.145624
v 1.279639 1.429276 0.145624
v 1.741598 1.574900 0.205944
v 1.505306 1.574900 0.205944
v 1.279639 1.574900 0.205944
v 1.741598 1.720525 0.145624
v 1.505306 1.720525 0.145624
v 1.279639 1.720525 0.145624
v 1.741598 1.780844 0.000000
v 1.505306 1.780844 0.000000
v 1.279639 1.780844 0.000000
v 1.741598 1.720525 -0.145624
v 1.505306 1.720525 -0.145624
v 1.279639 1.720525 -0.145624
v 0.899385 1.574900 -0.186183
v 0.921332 1.574900 -0.199801
v 0.980903 1.574900 -0.205176
v 1.096907 1.403804 -0.114388
v 1.096907 1.384852 -0.078720
v 1.096908 1.373032 -0.040099
v 1.096907 1.373032 0.040099
v 1.096907 1.384852 0.078721
v 1.096908 1.403804 0.114388
v 1.096907 1.460512 0.171097
v 1.096907 1.496180 0.190048
v 1.096908 1.534801 0.201868
v 1.096907 1.614999 0.201868
v 1.096908 1.653621 0.190048
v 1.096908 1.689288 0.171096
v 1.096908 1.745997 0.114388
v 1.096908 1.764948 0.078721
v 1.096908 1.776768 0.040099
v 1.096908 1.776768 -0.040099
v 1.096908 1.764948 -0.078720
v 1.096908 1.745997 -0.114388
v 1.096908 1.689288 -0.171096
v 1.096908 1.653621 -0.190048
v 1.096908 1.614999 -0.201868
v 1.096908 1.534801 -0.201868
v 1.096908 1.496180 -0.190048
v 1.096908 1.460512 -0.171096
v 3.005344 1.574901 -0.205944
v 3.180593 1.574901 -0.205944
v 3.357899 1.574901 -0.205944
v 3.845252 1.706552 -0.131651
v 3.768935 1.716182 -0.141281
v 3.660680 1.719982 -0.145081
v 3.845252 1.761083 0.000000
v 3.768935 1.774702 0.000000
v 3.660680 1.780077 0.000000
v 3.845252 1.706552 0.131651
v 3.768935 1.716182 0.141281
v 3.660680 1.719982 0.145082
v 3.845252 1.574901 0.186183
v 3.768935 1.574901 0.199802
v 3.660680 1.574901 0.205176
v 3.845252 1.443249 0.131651
v 3.768935 1.433619 0.141281
v 3.660680 1.429819 0.145082
v 3.845252 1.388717 0.000000
v 3.768935 1.375099 0.000000
v 3.660680 1.369724 0.000000
v 3.845252 1.443249 -0.131651
v 3.768935 1.433619 -0.141281
v 3.660680 1.429819 -0.145081
v 3.522227 1.689288 -0.171096
v 3.522227 1.653621 -0.190048
v 3.522227 1.614999 -0.201868
v 3.522227 1.776768 -0.040099
v 3.522227 1.764949 -0.078720
v 3.522227 1.745997 -0.114388
v 3.522227 1.745997 0.114388
v 3.522227 1.764949 0.078721
v 3.522227 1.776768 0.040099
v 3.522227 1.614999 0.201868
v 3.522227 1.653621 0.190048
v 3.522227 1.689288 0.171097
v 3.522227 1.460512 0.171097
v 3.522227 1.496180 0.190048
v 3.522227 1.534802 0.201868
v 3.522227 1.373032 0.040099
v 3.522227 1.384852 0.078721
v 3.522227 1.403804 0.114388
v 3.522227 1.403804 -0.114388
v 3.522227 1.384852 -0.078720
v 3.522227 1.373032 -0.040099
v 3.522227 1.534802 -0.201868
v 3.522227 1.496180 -0.190048
v 3.522227 1.460512 -0.171096
v -2.435594 1.614999 -0.201868
v -2.435594 1.653621 -0.190048
v -2.435595 1.689288 -0.171096
v -2.435595 1.745996 -0.114388
v -2.435595 1.764948 -0.078720
v -2.435595 1.776768 -0.040099
v -0.894774 1.598117 -0.154295
v -0.894774 1.631482 -0.136601
v -0.894774 1.667585 -0.125520
v -2.715799 1.429276 -0.145624
v -2.609689 1.429276 -0.145624
v -2.519063 1.429276 -0.145624
v -2.715798 1.368956 0.000000
v -2.609690 1.368956 0.000000
v -2.519063 1.368956 0.000000
v -3.899959 1.667586 -0.125520
v -3.907052 1.631483 -0.136601
v -3.899960 1.598118 -0.154295
v -3.659205 1.574901 -0.205176
v -3.767460 1.574901 -0.199801
v -3.843776 1.574901 -0.186183
v -0.979427 1.719981 -0.145081
v -0.919856 1.716181 -0.141281
v -0.897909 1.706551 -0.131651
v -2.435595 1.776768 0.040099
v -2.435595 1.764948 0.078721
v -2.435595 1.745996 0.114388
v -0.894774 1.700420 -0.092685
v -0.894774 1.711501 -0.056582
v -0.894774 1.729194 -0.023218
v -2.715798 1.429276 0.145624
v -2.609690 1.429276 0.145624
v -2.519063 1.429276 0.145624
v -3.899959 1.729195 -0.023218
v -3.907052 1.711502 -0.056582
v -3.899960 1.700421 -0.092685
v -0.979427 1.780076 0.000000
v -0.919856 1.774701 0.000000
v -0.897909 1.761083 0.000000
v -2.435595 1.689288 0.171096
v -2.435595 1.653621 0.190048
v -2.435595 1.614999 0.201868
v -0.894774 1.729194 0.023218
v -0.894774 1.711501 0.056582
v -0.894774 1.700420 0.092686
v -2.715798 1.574900 0.205944
v -2.609689 1.574900 0.205944
v -2.519063 1.574900 0.205944
v -3.899959 1.700421 0.092686
v -3.907052 1.711502 0.056582
v -3.899960 1.729195 0.023218
v -0.979427 1.719981 0.145082
v -0.919856 1.716181 0.141281
v -0.897909 1.706551 0.131651
v -2.435595 1.534801 0.201868
v -2.435595 1.496180 0.190048
v -2.435595 1.460512 0.171097
v -0.894774 1.667585 0.125520
v -0.894774 1.631482 0.136602
v -0.894774 1.598117 0.154295
v -2.715798 1.720525 0.145624
v -2.609689 1.720524 0.145624
v -2.519063 1.720524 0.145624
v -3.899959 1.598118 0.154295
v -3.907052 1.631483 0.136602
v -3.899960 1.667586 0.125520
v -0.979427 1.574900 0.205176
v -0.919857 1.574900 0.199802
v -0.897909 1.574900 0.186183
v -2.435595 1.403804 0.114388
v -2.435595 1.384852 0.078721
v -2.435595 1.373032 0.040099
v -0.894774 1.551682 0.154295
v -0.894774 1.518317 0.136602
v -0.894774 1.482214 0.125520
v -2.715798 1.780844 0.000000
v -2.609689 1.780844 0.000000
v -2.519063 1.780844 0.000000
v -3.899959 1.482215 0.125520
v -3.907052 1.518318 0.136602
v -3.899960 1.551683 0.154295
v -0.979427 1.429818 0.145082
v -0.919857 1.433619 0.141281
v -0.897909 1.443248 0.131651
v -2.435595 1.373032 -0.040099
v -2.435595 1.384852 -0.078720
v -2.435595 1.403804 -0.114388
v -0.894774 1.449379 0.092686
v -0.894774 1.438298 0.056582
v -0.894775 1.420605 0.023218
v -2.715798 1.720525 -0.145624
v -2.609689 1.720524 -0.145624
v -2.519063 1.720524 -0.145624
v -3.899959 1.420606 0.023218
v -3.907052 1.438299 0.056582
v -3.899960 1.449380 0.092686
v -0.979427 1.369724 0.000000
v -0.919857 1.375098 0.000000
v -0.897910 1.388717 0.000000
v -2.435596 1.460512 -0.171096
v -2.435595 1.496180 -0.190048
v -2.435595 1.534801 -0.201868
v -0.894775 1.420605 -0.023218
v -0.894774 1.438298 -0.056582
v -0.894774 1.449379 -0.092685
v -2.122921 1.574900 -0.205944
v -2.250325 1.574900 -0.205944
v -2.350147 1.574900 -0.205944
v -3.899960 1.449380 -0.092685
v -3.907052 1.438299 -0.056582
v -3.899960 1.420606 -0.023218
v -0.979427 1.429818 -0.145081
v -0.919857 1.433619 -0.141281
v -0.897909 1.443248 -0.131651
v -0.894774 1.482214 -0.125520
v -0.894774 1.518317 -0.136601
v -0.894774 1.551682 -0.154295
v -3.899960 1.551683 -0.154295
v -3.907052 1.518318 -0.136601
v -3.899960 1.482215 -0.125520
v -2.350147 1.720524 -0.145624
v -2.250325 1.720524 -0.145624
v -2.122921 1.720524 -0.145624
v -2.350147 1.780844 0.000000
v -2.250325 1.780844 0.000000
v -2.122921 1.780844 0.000000
v -2.350147 1.720524 0.145624
v -2.250325 1.720524 0.145624
v -2.122921 1.720524 0.145624
v -2.350147 1.574900 0.205944
v -2.250325 1.574900 0.205944
v -2.122921 1.574900 0.205944
v -2.350147 1.429276 0.145624
v -2.250325 1.429276 0.145624
v -2.122921 1.429276 0.145624
v -2.350147 1.368956 0.000000
v -2.250325 1.368956 0.000000
v -2.122921 1.368956 0.000000
v -1.278164 1.574900 -0.205944
v -1.503831 1.574900 -0.205944
v -1.740122 1.574900 -0.205944
v -2.350147 1.429276 -0.145624
v -2.250325 1.429276 -0.145624
v -2.122921 1.429276 -0.145624
v -1.954728 1.614999 -0.201868
v -1.954727 1.653620 -0.190048
v -1.954728 1.689288 -0.171096
v -1.954728 1.460512 -0.171096
v -1.954728 1.496179 -0.190048
v -1.954728 1.534801 -0.201868
v -1.954727 1.373032 -0.040099
v -1.954727 1.384852 -0.078720
v -1.954727 1.403804 -0.114388
v -1.954727 1.403804 0.114388
v -1.954727 1.384852 0.078721
v -1.954727 1.373032 0.040099
v -1.954727 1.534801 0.201868
v -1.954727 1.496179 0.190048
v -1.954727 1.460512 0.171097
v -1.954727 1.689288 0.171096
v -1.954727 1.653620 0.190048
v -1.954727 1.614999 0.201868
v -1.954727 1.776768 0.040099
v -1.954727 1.764948 0.078721
v -1.954727 1.745996 0.114388
v -1.954727 1.745996 -0.114388
v -1.954727 1.764948 -0.078720
v -1.954727 1.776768 -0.040099
v -3.356424 1.429276 -0.145624
v -3.179118 1.429276 -0.145624
v -3.003869 1.429276 -0.145624
v -3.356424 1.368957 0.000000
v -3.179118 1.368957 0.000000
v -3.003870 1.368957 0.000000
v -2.519063 1.574900 -0.205944
v -2.609689 1.574900 -0.205944
v -2.715799 1.574900 -0.205944
v -3.356424 1.429276 0.145624
v -3.179118 1.429276 0.145624
v -3.003870 1.429276 0.145624
v -3.356424 1.574901 0.205944
v -3.179118 1.574900 0.205944
v -3.003869 1.574900 0.205944
v -3.356424 1.720525 0.145624
v -3.179118 1.720525 0.145624
v -3.003869 1.720525 0.145624
v -3.356424 1.780844 0.000000
v -3.179118 1.780844 0.000000
v -3.003869 1.780844 0.000000
v -3.356424 1.720525 -0.145624
v -3.179118 1.720525 -0.145624
v -3.003869 1.720525 -0.145624
v -2.845715 1.460512 -0.171096
v -2.845714 1.496180 -0.190048
v -2.845715 1.534801 -0.201868
v -2.845715 1.373032 -0.040099
v -2.845715 1.384852 -0.078720
v -2.845716 1.403804 -0.114388
v -2.845715 1.403804 0.114388
v -2.845715 1.384852 0.078721
v -2.845716 1.373032 0.040099
v -2.845715 1.534801 0.201868
v -2.845715 1.496180 0.190048
v -2.845715 1.460512 0.171097
v -2.845714 1.689288 0.171096
v -2.845715 1.653621 0.190048
v -2.845715 1.614999 0.201868
v -2.845714 1.776768 0.040099
v -2.845714 1.764948 0.078721
v -2.845715 1.745997 0.114388
v -2.845714 1.745997 -0.114388
v -2.845714 1.764948 -0.078720
v -2.845715 1.776768 -0.040099
v -2.845714 1.614999 -0.201868
v -2.845714 1.653621 -0.190048
v -2.845715 1.689288 -0.171096
v -1.740122 1.720524 -0.145624
v -1.503830 1.720524 -0.145624
v -1.278164 1.720524 -0.145624
v -1.740122 1.780844 0.000000
v -1.503830 1.780844 0.000000
v -1.278163 1.780844 0.000000
v -1.740122 1.720524 0.145624
v -1.503830 1.720524 0.145624
v -1.278163 1.720524 0.145624
v -1.740122 1.574900 0.205944
v -1.503830 1.574900 0.205944
v -1.278164 1.574900 0.205944
v -1.740122 1.429276 0.145624
v -1.503831 1.429276 0.145624
v -1.278164 1.429276 0.145624
v -1.740122 1.368956 0.000000
v -1.503831 1.368956 0.000000
v -1.278164 1.368956 0.000000
v -1.740122 1.429276 -0.145624
v -1.503831 1.429276 -0.145624
v -1.278164 1.429276 -0.145624
v -0.897909 1.574900 -0.186183
v -0.919856 1.574900 -0.199801
v -0.979427 1.574900 -0.205176
v -1.095432 1.745996 -0.114388
v -1.095432 1.764948 -0.078720
v -1.095432 1.776768 -0.040099
v -1.095432 1.776768 0.040099
v -1.095432 1.764948 0.078721
v -1.095432 1.745996 0.114388
v -1.095432 1.689288 0.171096
v -1.095432 1.653620 0.190048
v -1.095432 1.614998 0.201868
v -1.095432 1.534801 0.201868
v -1.095432 1.496179 0.190048
v -1.095432 1.460512 0.171097
v -1.095432 1.403803 0.114388
v -1.095432 1.384852 0.078721
v -1.095432 1.373032 0.040099
v -1.095432 1.373032 -0.040099
v -1.095432 1.384852 -0.078720
v -1.095432 1.403803 -0.114388
v -1.095432 1.460512 -0.171096
v -1.095433 1.496179 -0.190048
v -1.095432 1.534801 -0.201868
v -1.095432 1.614998 -0.201868
v -1.095432 1.653620 -0.190048
v -1.095432 1.689288 -0.171096
v -3.003869 1.574900 -0.205944
v -3.179118 1.574900 -0.205944
v -3.356424 1.574901 -0.205944
v -3.843776 1.443249 -0.131651
v -3.767460 1.433619 -0.141281
v -3.659204 1.429819 -0.145081
v -3.843776 1.388718 0.000000
v -3.767460 1.375099 0.000000
v -3.659204 1.369725 0.000000
v -3.843776 1.443249 0.131651
v -3.767460 1.433619 0.141281
v -3.659204 1.429819 0.145082
v -3.843776 1.574901 0.186183
v -3.767460 1.574901 0.199802
v -3.659204 1.574901 0.205176
v -3.843776 1.706552 0.131651
v -3.767460 1.716182 0.141281
v -3.659204 1.719982 0.145082
v -3.843776 1.761084 0.000000
v -3.767460 1.774702 0.000000
v -3.659204 1.780077 0.000000
v -3.843776 1.706552 -0.131651
v -3.767460 1.716182 -0.141281
v -3.659204 1.719982 -0.145081
v -3.520751 1.460513 -0.171096
v -3.520751 1.496180 -0.190048
v -3.520751 1.534802 -0.201868
v -3.520751 1.373033 -0.040099
v -3.520751 1.384852 -0.078720
v -3.520751 1.403804 -0.114388
v -3.520751 1.403804 0.114388
v -3.520751 1.384852 0.078721
v -3.520751 1.373033 0.040099
v -3.520751 1.534802 0.201868
v -3.520751 1.496180 0.190048
v -3.520751 1.460513 0.171097
v -3.520751 1.689289 0.171096
v -3.520751 1.653621 0.190048
v -3.520751 1.614999 0.201868
v -3.520751 1.776768 0.040099
v -3.520751 1.764949 0.078721
v -3.520751 1.745997 0.114388
v -3.520751 1.745997 -0.114388
v -3.520751 1.764949 -0.078720
v -3.520751 1.776768 -0.040099
v -3.520751 1.614999 -0.201868
v -3.520751 1.653621 -0.190048
v -3.520751 1.689289 -0.171096
v 2.124396 1.403804 -0.114388
v 2.251800 1.403804 -0.114388
v 2.351622 1.403804 -0.114388
v 2.124396 1.384852 -0.078720
v 2.251800 1.384852 -0.078720
v 2.351622 1.384852 -0.078720
v 2.124396 1.373032 -0.040099
v 2.251800 1.373032 -0.040099
v 2.351622 1.373032 -0.040099
v 3.660811 1.535004 -0.201042
v 3.769981 1.536419 -0.195263
v 3.849159 1.540669 -0.180199
v 3.660942 1.496536 -0.189188
v 3.771027 1.499029 -0.183170
v 3.852577 1.505713 -0.167032
v 3.660811 1.460953 -0.170369
v 3.769981 1.464039 -0.165283
v 3.849159 1.471686 -0.151625
v 2.124396 1.373032 0.040099
v 2.251800 1.373032 0.040099
v 2.351622 1.373032 0.040099
v 2.124396 1.384852 0.078721
v 2.251800 1.384852 0.078721
v 2.351622 1.384852 0.078721
v 2.124396 1.403804 0.114388
v 2.251800 1.403804 0.114388
v 2.351622 1.403804 0.114388
v 3.660811 1.404531 -0.113947
v 3.769981 1.409617 -0.110861
v 3.849159 1.423275 -0.103215
v 3.660942 1.385712 -0.078364
v 3.771027 1.391730 -0.075871
v 3.852577 1.407868 -0.069187
v 3.660811 1.373858 -0.039897
v 3.769981 1.379637 -0.038482
v 3.849159 1.394701 -0.034232
v 2.124396 1.460512 0.171096
v 2.251800 1.460512 0.171097
v 2.351622 1.460512 0.171096
v 2.124396 1.496180 0.190048
v 2.251800 1.496180 0.190048
v 2.351622 1.496180 0.190048
v 2.124396 1.534801 0.201868
v 2.251800 1.534801 0.201868
v 2.351622 1.534801 0.201868
v 3.660811 1.373858 0.039897
v 3.769981 1.379637 0.038482
v 3.849159 1.394701 0.034232
v 3.660942 1.385712 0.078365
v 3.771027 1.391730 0.075872
v 3.852577 1.407868 0.069187
v 3.660811 1.404531 0.113947
v 3.769981 1.409617 0.110862
v 3.849159 1.423275 0.103215
v 2.124396 1.614999 0.201868
v 2.251800 1.614999 0.201868
v 2.351622 1.614999 0.201868
v 2.124396 1.653621 0.190048
v 2.251800 1.653621 0.190048
v 2.351622 1.653621 0.190048
v 2.124396 1.689288 0.171096
v 2.251800 1.689288 0.171096
v 2.351622 1.689288 0.171096
v 3.660811 1.460953 0.170370
v 3.769981 1.464039 0.165283
v 3.849159 1.471686 0.151626
v 3.660942 1.496536 0.189189
v 3.771027 1.499029 0.183171
v 3.852577 1.505713 0.167033
v 3.660811 1.535004 0.201043
v 3.769981 1.536419 0.195264
v 3.849159 1.540669 0.180200
v 2.124396 1.745997 0.114388
v 2.251800 1.745997 0.114388
v 2.351622 1.745997 0.114388
v 2.124396 1.764948 0.078721
v 2.251800 1.764948 0.078721
v 2.351622 1.764948 0.078721
v 2.124396 1.776768 0.040099
v 2.251800 1.776768 0.040099
v 2.351622 1.776768 0.040099
v 3.660811 1.614797 0.201043
v 3.769981 1.613382 0.195264
v 3.849159 1.609132 0.180200
v 3.660942 1.653265 0.189189
v 3.771027 1.650772 0.183171
v 3.852577 1.644088 0.167033
v 3.660811 1.688848 0.170370
v 3.769981 1.685762 0.165283
v 3.849159 1.678115 0.151626
v 2.124396 1.776768 -0.040099
v 2.251800 1.776768 -0.040099
v 2.351622 1.776768 -0.040099
v 2.124396 1.764948 -0.078720
v 2.251800 1.764948 -0.078720
v 2.351622 1.764948 -0.078720
v 2.124396 1.745997 -0.114388
v 2.251800 1.745997 -0.114388
v 2.351622 1.745997 -0.114388
v 3.660811 1.745270 0.113947
v 3.769981 1.740183 0.110862
v 3.849159 1.726526 0.103215
v 3.660942 1.764089 0.078365
v 3.771027 1.758071 0.075872
v 3.852577 1.741933 0.069187
v 3.660811 1.775943 0.039897
v 3.769981 1.770164 0.038482
v 3.849159 1.755100 0.034232
v 3.962600 1.574901 0.000000
v 3.931972 1.490644 -0.084256
v 3.943181 1.538548 -0.087763
v 3.931972 1.574901 -0.119156
v 3.943181 1.611253 -0.087763
v 3.931972 1.659157 -0.084256
v 3.943181 1.662664 -0.036353
v 3.931972 1.694057 0.000000
v 3.943181 1.662664 0.036353
v 3.931972 1.659157 0.084257
v 3.943181 1.611253 0.087764
v 3.931972 1.574901 0.119157
v 3.943181 1.538548 0.087764
v 3.931972 1.490644 0.084257
v 3.943181 1.487137 0.036353
v 3.931972 1.455744 0.000000
v 3.943181 1.487137 -0.036353
v 2.124396 1.689288 -0.171096
v 2.251800 1.689288 -0.171096
v 2.351622 1.689288 -0.171096
v 2.124396 1.653621 -0.190048
v 2.251800 1.653621 -0.190048
v 2.351622 1.653621 -0.190048
v 2.124396 1.614999 -0.201868
v 2.251800 1.614999 -0.201868
v 2.351622 1.614999 -0.201868
v 3.660811 1.775943 -0.039897
v 3.769981 1.770164 -0.038482
v 3.849159 1.755100 -0.034232
v 3.660942 1.764089 -0.078364
v 3.771027 1.758071 -0.075871
v 3.852577 1.741933 -0.069187
v 3.660811 1.745270 -0.113947
v 3.769981 1.740183 -0.110861
v 3.849159 1.726526 -0.103215
v 2.124396 1.534801 -0.201868
v 2.251800 1.534801 -0.201868
v 2.351622 1.534801 -0.201868
v 2.124396 1.496180 -0.190048
v 2.251800 1.496180 -0.190048
v 2.351622 1.496180 -0.190048
v 2.124396 1.460512 -0.171096
v 2.251800 1.460512 -0.171096
v 2.351622 1.460512 -0.171096
v 3.660811 1.688848 -0.170369
v 3.769981 1.685762 -0.165283
v 3.849159 1.678115 -0.151626
v 3.660942 1.653265 -0.189188
v 3.771027 1.650772 -0.183170
v 3.852577 1.644088 -0.167032
v 3.660811 1.614797 -0.201042
v 3.769981 1.613382 -0.195263
v 3.849159 1.609132 -0.180199
v 0.896250 1.574900 0.000000
v 0.896250 1.574900 -0.119156
v 0.896250 1.538548 -0.087763
v 0.896250 1.490644 -0.084256
v 0.896250 1.487137 -0.036353
v 0.896250 1.455744 0.000000
v 0.896250 1.487137 0.036353
v 0.896250 1.490644 0.084257
v 0.896250 1.538548 0.087764
v 0.896250 1.574900 0.119157
v 0.896250 1.611253 0.087764
v 0.896250 1.659157 0.084257
v 0.896250 1.662664 0.036353
v 0.896250 1.694057 0.000000
v 0.896250 1.662664 -0.036353
v 0.896250 1.659157 -0.084256
v 0.896250 1.611253 -0.087763
v 1.279639 1.534801 -0.201868
v 1.505306 1.534801 -0.201868
v 1.741598 1.534801 -0.201868
v 1.279639 1.496180 -0.190048
v 1.505306 1.496180 -0.190048
v 1.741598 1.496180 -0.190048
v 1.279639 1.460512 -0.171096
v 1.505306 1.460512 -0.171096
v 1.741598 1.460512 -0.171096
v 1.279639 1.689288 -0.171096
v 1.505306 1.689288 -0.171096
v 1.741598 1.689288 -0.171096
v 1.279639 1.653621 -0.190048
v 1.505306 1.653621 -0.190048
v 1.741598 1.653621 -0.190048
v 1.279639 1.614999 -0.201868
v 1.505306 1.614999 -0.201868
v 1.741598 1.614999 -0.201868
v 1.279639 1.776768 -0.040099
v 1.505306 1.776768 -0.040099
v 1.741598 1.776768 -0.040099
v 1.279639 1.764948 -0.078720
v 1.505306 1.764948 -0.078720
v 1.741598 1.764948 -0.078720
v 1.279639 1.745997 -0.114388
v 1.505306 1.745997 -0.114388
v 1.741598 1.745997 -0.114388
v 1.279639 1.745997 0.114388
v 1.505306 1.745997 0.114388
v 1.741598 1.745997 0.114388
v 1.279639 1.764948 0.078721
v 1.505306 1.764948 0.078721
v 1.741598 1.764948 0.078721
v 1.279639 1.776768 0.040099
v 1.505306 1.776768 0.040099
v 1.741598 1.776768 0.040099
v 1.279639 1.614999 0.201868
v 1.505306 1.614999 0.201868
v 1.741598 1.614999 0.201868
v 1.279639 1.653621 0.190048
v 1.505306 1.653621 0.190048
v 1.741598 1.653621 0.190048
v 1.279639 1.689288 0.171096
v 1.505306 1.689288 0.171096
v 1.741598 1.689288 0.171096
v 1.279639 1.460512 0.171096
v 1.505306 1.460512 0.171097
v 1.741597 1.460512 0.171096
v 1.279639 1.496180 0.190048
v 1.505306 1.496180 0.190048
v 1.741597 1.496180 0.190048
v 1.279639 1.534801 0.201868
v 1.505306 1.534801 0.201868
v 1.741598 1.534801 0.201868
v 1.279639 1.373032 0.040099
v 1.505306 1.373032 0.040099
v 1.741597 1.373032 0.040099
v 1.279639 1.384852 0.078721
v 1.505306 1.384852 0.078721
v 1.741597 1.384852 0.078721
v 1.279639 1.403804 0.114388
v 1.505306 1.403804 0.114388
v 1.741598 1.403804 0.114388
v 1.279639 1.403804 -0.114388
v 1.505306 1.403804 -0.114388
v 1.741597 1.403804 -0.114388
v 1.279639 1.384852 -0.078720
v 1.505306 1.384852 -0.078720
v 1.741597 1.384852 -0.078720
v 1.279639 1.373032 -0.040099
v 1.505306 1.373032 -0.040099
v 1.741598 1.373032 -0.040099
v 2.520538 1.689288 -0.171096
v 2.611165 1.689288 -0.171096
v 2.717274 1.689288 -0.171096
v 2.520538 1.653621 -0.190048
v 2.611165 1.653621 -0.190048
v 2.717274 1.653621 -0.190048
v 2.520538 1.614999 -0.201868
v 2.611165 1.614999 -0.201868
v 2.717274 1.614999 -0.201868
v 2.520538 1.776768 -0.040099
v 2.611165 1.776768 -0.040099
v 2.717274 1.776768 -0.040099
v 2.520538 1.764948 -0.078720
v 2.611165 1.764949 -0.078720
v 2.717274 1.764949 -0.078720
v 2.520538 1.745997 -0.114388
v 2.611165 1.745997 -0.114388
v 2.717274 1.745997 -0.114388
v 2.520538 1.745997 0.114388
v 2.611165 1.745997 0.114388
v 2.717274 1.745997 0.114388
v 2.520538 1.764948 0.078721
v 2.611165 1.764949 0.078721
v 2.717274 1.764949 0.078721
v 2.520538 1.776768 0.040099
v 2.611165 1.776768 0.040099
v 2.717274 1.776768 0.040099
v 2.520538 1.614999 0.201868
v 2.611165 1.614999 0.201868
v 2.717274 1.614999 0.201868
v 2.520538 1.653621 0.190048
v 2.611165 1.653621 0.190048
v 2.717274 1.653621 0.190048
v 2.520538 1.689288 0.171097
v 2.611165 1.689288 0.171097
v 2.717274 1.689288 0.171097
v 2.520538 1.460512 0.171097
v 2.611164 1.460512 0.171097
v 2.717273 1.460512 0.171097
v 2.520538 1.496180 0.190048
v 2.611164 1.496180 0.190048
v 2.717273 1.496180 0.190048
v 2.520538 1.534802 0.201868
v 2.611164 1.534802 0.201868
v 2.717273 1.534802 0.201868
v 2.520538 1.373032 0.040099
v 2.611164 1.373032 0.040099
v 2.717273 1.373032 0.040099
v 2.520538 1.384852 0.078721
v 2.611164 1.384852 0.078721
v 2.717273 1.384852 0.078721
v 2.520538 1.403804 0.114388
v 2.611164 1.403804 0.114388
v 2.717273 1.403804 0.114388
v 2.520538 1.403804 -0.114388
v 2.611164 1.403804 -0.114388
v 2.717273 1.403804 -0.114388
v 2.520538 1.384852 -0.078720
v 2.611164 1.384852 -0.078720
v 2.717273 1.384852 -0.078720
v 2.520538 1.373032 -0.040099
v 2.611164 1.373032 -0.040099
v 2.717273 1.373032 -0.040099
v 2.520538 1.534802 -0.201868
v 2.611165 1.534802 -0.201868
v 2.717274 1.534802 -0.201868
v 2.520538 1.496180 -0.190048
v 2.611165 1.496180 -0.190048
v 2.717274 1.496180 -0.190048
v 2.520538 1.460512 -0.171096
v 2.611165 1.460512 -0.171096
v 2.717274 1.460512 -0.171096
v 0.899385 1.423275 -0.103214
v 0.921332 1.409617 -0.110861
v 0.980902 1.404531 -0.113947
v 0.899385 1.407868 -0.069187
v 0.921332 1.391730 -0.075871
v 0.980902 1.385712 -0.078364
v 0.899385 1.394701 -0.034232
v 0.921332 1.379637 -0.038482
v 0.980902 1.373858 -0.039897
v 0.899385 1.394701 0.034232
v 0.921332 1.379637 0.038482
v 0.980902 1.373858 0.039897
v 0.899385 1.407868 0.069187
v 0.921332 1.391730 0.075872
v 0.980902 1.385712 0.078365
v 0.899385 1.423275 0.103215
v 0.921332 1.409617 0.110862
v 0.980902 1.404531 0.113947
v 0.899385 1.471686 0.151626
v 0.921332 1.464039 0.165283
v 0.980902 1.460953 0.170370
v 0.899385 1.505713 0.167033
v 0.921332 1.499029 0.183170
v 0.980902 1.496536 0.189189
v 0.899385 1.540668 0.180200
v 0.921332 1.536418 0.195264
v 0.980902 1.535004 0.201043
v 0.899385 1.609132 0.180200
v 0.921332 1.613382 0.195264
v 0.980902 1.614797 0.201043
v 0.899385 1.644087 0.167033
v 0.921332 1.650772 0.183170
v 0.980902 1.653265 0.189189
v 0.899385 1.678115 0.151626
v 0.921332 1.685762 0.165283
v 0.980902 1.688847 0.170370
v 0.899385 1.726526 0.103215
v 0.921332 1.740183 0.110862
v 0.980902 1.745270 0.113947
v 0.899385 1.741933 0.069187
v 0.921332 1.758071 0.075872
v 0.980902 1.764089 0.078365
v 0.899385 1.755100 0.034232
v 0.921332 1.770164 0.038482
v 0.980902 1.775943 0.039897
v 0.899385 1.755100 -0.034232
v 0.921332 1.770164 -0.038482
v 0.980902 1.775943 -0.039897
v 0.899385 1.741933 -0.069187
v 0.921332 1.758071 -0.075871
v 0.980902 1.764089 -0.078364
v 0.899385 1.726526 -0.103215
v 0.921332 1.740183 -0.110861
v 0.980902 1.745270 -0.113947
v 0.899385 1.678115 -0.151625
v 0.921332 1.685762 -0.165283
v 0.980902 1.688847 -0.170369
v 0.899385 1.644087 -0.167032
v 0.921332 1.650772 -0.183170
v 0.980902 1.653265 -0.189188
v 0.899385 1.609132 -0.180199
v 0.921332 1.613382 -0.195263
v 0.980902 1.614797 -0.201042
v 0.899385 1.540668 -0.180199
v 0.921332 1.536418 -0.195263
v 0.980902 1.535004 -0.201042
v 0.899385 1.505713 -0.167032
v 0.921332 1.499029 -0.183170
v 0.980902 1.496536 -0.189188
v 0.899385 1.471686 -0.151625
v 0.921332 1.464039 -0.165283
v 0.980902 1.460953 -0.170369
v 3.005344 1.689288 -0.171096
v 3.180593 1.689288 -0.171096
v 3.357899 1.689288 -0.171096
v 3.005344 1.653621 -0.190048
v 3.180593 1.653621 -0.190048
v 3.357899 1.653621 -0.190048
v 3.005344 1.614999 -0.201868
v 3.180593 1.614999 -0.201868
v 3.357899 1.614999 -0.201868
v 3.005344 1.776768 -0.040099
v 3.180593 1.776768 -0.040099
v 3.357899 1.776768 -0.040099
v 3.005344 1.764949 -0.078720
v 3.180593 1.764949 -0.078720
v 3.357899 1.764949 -0.078720
v 3.005344 1.745997 -0.114388
v 3.180593 1.745997 -0.114388
v 3.357899 1.745997 -0.114388
v 3.005344 1.745997 0.114388
v 3.180593 1.745997 0.114388
v 3.357899 1.745997 0.114388
v 3.005344 1.764949 0.078721
v 3.180593 1.764949 0.078721
v 3.357899 1.764949 0.078721
v 3.005344 1.776768 0.040099
v 3.180593 1.776768 0.040099
v 3.357899 1.776768 0.040099
v 3.005344 1.614999 0.201868
v 3.180593 1.614999 0.201868
v 3.357899 1.614999 0.201868
v 3.005344 1.653621 0.190048
v 3.180593 1.653621 0.190048
v 3.357899 1.653621 0.190048
v 3.005344 1.689288 0.171097
v 3.180593 1.689288 0.171097
v 3.357899 1.689288 0.171097
v 3.005344 1.460512 0.171097
v 3.180593 1.460512 0.171097
v 3.357899 1.460512 0.171097
v 3.005344 1.496180 0.190048
v 3.180593 1.496180 0.190048
v 3.357899 1.496180 0.190048
v 3.005344 1.534802 0.201868
v 3.180593 1.534802 0.201868
v 3.357899 1.534802 0.201868
v 3.005344 1.373032 0.040099
v 3.180593 1.373032 0.040099
v 3.357899 1.373032 0.040099
v 3.005344 1.384852 0.078721
v 3.180593 1.384852 0.078721
v 3.357899 1.384852 0.078721
v 3.005344 1.403804 0.114388
v 3.180593 1.403804 0.114388
v 3.357899 1.403804 0.114388
v 3.005344 1.403804 -0.114388
v 3.180593 1.403804 -0.114388
v 3.357899 1.403804 -0.114388
v 3.005344 1.384852 -0.078720
v 3.180593 1.384852 -0.078720
v 3.357899 1.384852 -0.078720
v 3.005344 1.373032 -0.040099
v 3.180593 1.373032 -0.040099
v 3.357899 1.373032 -0.040099
v 3.005344 1.534802 -0.201868
v 3.180593 1.534802 -0.201868
v 3.357899 1.534802 -0.201868
v 3.005344 1.496180 -0.190048
v 3.180593 1.496180 -0.190048
v 3.357899 1.496180 -0.190048
v 3.005344 1.460512 -0.171096
v 3.180593 1.460512 -0.171096
v 3.357899 1.460512 -0.171096
v -2.122921 1.745996 -0.114388
v -2.250324 1.745996 -0.114388
v -2.350146 1.745996 -0.114388
v -2.122921 1.764948 -0.078720
v -2.250325 1.764948 -0.078720
v -2.350147 1.764948 -0.078720
v -2.122921 1.776768 -0.040099
v -2.250325 1.776768 -0.040099
v -2.350146 1.776768 -0.040099
v -3.659336 1.614797 -0.201042
v -3.768507 1.613382 -0.195263
v -3.847684 1.609132 -0.180199
v -3.659466 1.653265 -0.189188
v -3.769552 1.650772 -0.183170
v -3.851103 1.644088 -0.167032
v -3.659336 1.688848 -0.170369
v -3.768507 1.685762 -0.165283
v -3.847683 1.678115 -0.151625
v -2.122921 1.776768 0.040099
v -2.250324 1.776768 0.040099
v -2.350146 1.776768 0.040099
v -2.122921 1.764948 0.078721
v -2.250325 1.764948 0.078721
v -2.350147 1.764948 0.078721
v -2.122921 1.745996 0.114388
v -2.250325 1.745996 0.114388
v -2.350146 1.745996 0.114388
v -3.659336 1.745270 -0.113947
v -3.768507 1.740184 -0.110861
v -3.847684 1.726526 -0.103215
v -3.659466 1.764089 -0.078364
v -3.769552 1.758071 -0.075871
v -3.851103 1.741933 -0.069187
v -3.659336 1.775943 -0.039897
v -3.768507 1.770164 -0.038482
v -3.847683 1.755100 -0.034232
v -2.122921 1.689288 0.171096
v -2.250325 1.689288 0.171097
v -2.350146 1.689288 0.171096
v -2.122921 1.653621 0.190048
v -2.250325 1.653621 0.190048
v -2.350147 1.653621 0.190048
v -2.122921 1.614999 0.201868
v -2.250325 1.614999 0.201868
v -2.350147 1.614999 0.201868
v -3.659336 1.775943 0.039897
v -3.768507 1.770164 0.038482
v -3.847684 1.755100 0.034232
v -3.659466 1.764089 0.078365
v -3.769552 1.758071 0.075872
v -3.851103 1.741933 0.069187
v -3.659336 1.745270 0.113947
v -3.768507 1.740184 0.110862
v -3.847683 1.726526 0.103215
v -2.122921 1.534801 0.201868
v -2.250325 1.534801 0.201868
v -2.350146 1.534801 0.201868
v -2.122921 1.496180 0.190048
v -2.250325 1.496180 0.190048
v -2.350147 1.496180 0.190048
v -2.122921 1.460512 0.171097
v -2.250326 1.460512 0.171097
v -2.350147 1.460512 0.171097
v -3.659336 1.688848 0.170370
v -3.768507 1.685762 0.165283
v -3.847684 1.678115 0.151626
v -3.659466 1.653265 0.189189
v -3.769552 1.650772 0.183171
v -3.851103 1.644088 0.167033
v -3.659336 1.614797 0.201043
v -3.768507 1.613382 0.195264
v -3.847683 1.609132 0.180200
v -2.122922 1.403804 0.114388
v -2.250325 1.403804 0.114388
v -2.350146 1.403804 0.114388
v -2.122921 1.384852 0.078721
v -2.250325 1.384852 0.078721
v -2.350147 1.384852 0.078721
v -2.122921 1.373032 0.040099
v -2.250326 1.373032 0.040099
v -2.350147 1.373032 0.040099
v -3.659336 1.535004 0.201043
v -3.768507 1.536419 0.195264
v -3.847684 1.540669 0.180200
v -3.659466 1.496536 0.189189
v -3.769552 1.499029 0.183170
v -3.851103 1.505713 0.167033
v -3.659336 1.460953 0.170370
v -3.768507 1.464039 0.165283
v -3.847683 1.471686 0.151626
v -2.122922 1.373032 -0.040099
v -2.250325 1.373032 -0.040099
v -2.350146 1.373032 -0.040099
v -2.122921 1.384852 -0.078720
v -2.250325 1.384852 -0.078720
v -2.350147 1.384852 -0.078720
v -2.122921 1.403804 -0.114388
v -2.250326 1.403804 -0.114388
v -2.350147 1.403804 -0.114388
v -3.659336 1.404531 0.113947
v -3.768507 1.409618 0.110862
v -3.847684 1.423275 0.103215
v -3.659466 1.385712 0.078365
v -3.769552 1.391730 0.075872
v -3.851103 1.407868 0.069187
v -3.659336 1.373858 0.039897
v -3.768507 1.379637 0.038482
v -3.847683 1.394701 0.034232
v -3.961124 1.574901 0.000000
v -3.930497 1.659157 -0.084256
v -3.941706 1.611253 -0.087763
v -3.930497 1.574901 -0.119156
v -3.941706 1.538548 -0.087763
v -3.930497 1.490644 -0.084256
v -3.941706 1.487137 -0.036353
v -3.930497 1.455744 0.000000
v -3.941706 1.487137 0.036353
v -3.930497 1.490644 0.084257
v -3.941706 1.538548 0.087764
v -3.930497 1.574901 0.119157
v -3.941706 1.611253 0.087764
v -3.930497 1.659157 0.084257
v -3.941706 1.662664 0.036353
v -3.930497 1.694057 0.000000
v -3.941706 1.662664 -0.036353
v -2.122921 1.460512 -0.171096
v -2.250325 1.460512 -0.171096
v -2.350147 1.460512 -0.171096
v -2.122921 1.496180 -0.190048
v -2.250325 1.496180 -0.190048
v -2.350147 1.496180 -0.190048
v -2.122921 1.534801 -0.201868
v -2.250325 1.534801 -0.201868
v -2.350147 1.534801 -0.201868
v -3.659336 1.373858 -0.039897
v -3.768507 1.379637 -0.038482
v -3.847684 1.394701 -0.034232
v -3.659466 1.385712 -0.078364
v -3.769552 1.391730 -0.075871
v -3.851103 1.407868 -0.069187
v -3.659336 1.404531 -0.113947
v -3.768507 1.409618 -0.110861
v -3.847683 1.423275 -0.103215
v -2.122921 1.614999 -0.201868
v -2.250325 1.614999 -0.201868
v -2.350146 1.614999 -0.201868
v -2.122921 1.653621 -0.190048
v -2.250325 1.653621 -0.190048
v -2.350147 1.653621 -0.190048
v -2.122921 1.689288 -0.171096
v -2.250325 1.689288 -0.171096
v -2.350147 1.689288 -0.171096
v -3.659336 1.460953 -0.170369
v -3.768507 1.464039 -0.165283
v -3.847684 1.471686 -0.151625
v -3.659466 1.496536 -0.189188
v -3.769552 1.499029 -0.183170
v -3.851103 1.505713 -0.167032
v -3.659336 1.535004 -0.201042
v -3.768507 1.536419 -0.195263
v -3.847683 1.540669 -0.180199
v -0.894775 1.574900 0.000000
v -0.894774 1.574900 -0.119156
v -0.894774 1.611252 -0.087763
v -0.894774 1.659156 -0.084256
v -0.894774 1.662663 -0.036353
v -0.894774 1.694056 0.000000
v -0.894774 1.662663 0.036353
v -0.894774 1.659156 0.084257
v -0.894774 1.611252 0.087764
v -0.894774 1.574900 0.119157
v -0.894774 1.538547 0.087764
v -0.894774 1.490643 0.084257
v -0.894774 1.487136 0.036353
v -0.894775 1.455743 0.000000
v -0.894774 1.487136 -0.036353
v -0.894774 1.490643 -0.084256
v -0.894774 1.538547 -0.087763
v -1.278164 1.614999 -0.201868
v -1.503831 1.614999 -0.201868
v -1.740122 1.614999 -0.201868
v -1.278164 1.653620 -0.190048
v -1.503830 1.653620 -0.190048
v -1.740122 1.653620 -0.190048
v -1.278164 1.689288 -0.171096
v -1.503831 1.689288 -0.171096
v -1.740122 1.689288 -0.171096
v -1.278164 1.460512 -0.171096
v -1.503831 1.460512 -0.171096
v -1.740122 1.460512 -0.171096
v -1.278164 1.496179 -0.190048
v -1.503831 1.496179 -0.190048
v -1.740122 1.496179 -0.190048
v -1.278164 1.534801 -0.201868
v -1.503831 1.534801 -0.201868
v -1.740122 1.534801 -0.201868
v -1.278164 1.373032 -0.040099
v -1.503831 1.373032 -0.040099
v -1.740122 1.373032 -0.040099
v -1.278164 1.384852 -0.078720
v -1.503831 1.384852 -0.078720
v -1.740122 1.384852 -0.078720
v -1.278164 1.403803 -0.114388
v -1.503831 1.403804 -0.114388
v -1.740122 1.403804 -0.114388
v -1.278164 1.403803 0.114388
v -1.503831 1.403803 0.114388
v -1.740122 1.403804 0.114388
v -1.278164 1.384852 0.078721
v -1.503831 1.384852 0.078721
v -1.740122 1.384852 0.078721
v -1.278164 1.373032 0.040099
v -1.503831 1.373032 0.040099
v -1.740122 1.373032 0.040099
v -1.278163 1.534801 0.201868
v -1.503830 1.534801 0.201868
v -1.740122 1.534801 0.201868
v -1.278163 1.496179 0.190048
v -1.503831 1.496179 0.190048
v -1.740122 1.496179 0.190048
v -1.278164 1.460512 0.171097
v -1.503831 1.460512 0.171097
v -1.740122 1.460512 0.171097
v -1.278163 1.689288 0.171096
v -1.503830 1.689288 0.171097
v -1.740122 1.689288 0.171096
v -1.278163 1.653620 0.190048
v -1.503831 1.653620 0.190048
v -1.740121 1.653620 0.190048
v -1.278163 1.614999 0.201868
v -1.503831 1.614999 0.201868
v -1.740122 1.614999 0.201868
v -1.278163 1.776768 0.040099
v -1.503830 1.776768 0.040099
v -1.740122 1.776768 0.040099
v -1.278163 1.764948 0.078721
v -1.503831 1.764948 0.078721
v -1.740121 1.764948 0.078721
v -1.278163 1.745996 0.114388
v -1.503831 1.745996 0.114388
v -1.740122 1.745996 0.114388
v -1.278163 1.745996 -0.114388
v -1.503830 1.745996 -0.114388
v -1.740122 1.745996 -0.114388
v -1.278163 1.764948 -0.078720
v -1.503831 1.764948 -0.078720
v -1.740121 1.764948 -0.078720
v -1.278163 1.776768 -0.040099
v -1.503831 1.776768 -0.040099
v -1.740122 1.776768 -0.040099
v -2.519063 1.460512 -0.171096
v -2.609690 1.460512 -0.171096
v -2.715798 1.460512 -0.171096
v -2.519063 1.496180 -0.190048
v -2.609689 1.496180 -0.190048
v -2.715798 1.496180 -0.190048
v -2.519063 1.534801 -0.201868
v -2.609689 1.534801 -0.201868
v -2.715798 1.534801 -0.201868
v -2.519063 1.373032 -0.040099
v -2.609690 1.373032 -0.040099
v -2.715799 1.373032 -0.040099
v -2.519063 1.384852 -0.078720
v -2.609690 1.384852 -0.078720
v -2.715798 1.384852 -0.078720
v -2.519063 1.403804 -0.114388
v -2.609690 1.403804 -0.114388
v -2.715799 1.403804 -0.114388
v -2.519063 1.403804 0.114388
v -2.609690 1.403804 0.114388
v -2.715799 1.403804 0.114388
v -2.519063 1.384852 0.078721
v -2.609690 1.384852 0.078721
v -2.715798 1.384852 0.078721
v -2.519063 1.373032 0.040099
v -2.609690 1.373032 0.040099
v -2.715799 1.373032 0.040099
v -2.519063 1.534801 0.201868
v -2.609690 1.534801 0.201868
v -2.715799 1.534801 0.201868
v -2.519063 1.496180 0.190048
v -2.609689 1.496180 0.190048
v -2.715798 1.496180 0.190048
v -2.519063 1.460512 0.171097
v -2.609689 1.460512 0.171097
v -2.715798 1.460512 0.171097
v -2.519063 1.689288 0.171096
v -2.609689 1.689288 0.171097
v -2.715799 1.689288 0.171096
v -2.519063 1.653621 0.190048
v -2.609689 1.653621 0.190048
v -2.715798 1.653621 0.190048
v -2.519063 1.614999 0.201868
v -2.609689 1.614999 0.201868
v -2.715798 1.614999 0.201868
v -2.519063 1.776768 0.040099
v -2.609689 1.776768 0.040099
v -2.715799 1.776768 0.040099
v -2.519063 1.764948 0.078721
v -2.609689 1.764948 0.078721
v -2.715798 1.764948 0.078721
v -2.519063 1.745996 0.114388
v -2.609689 1.745996 0.114388
v -2.715798 1.745997 0.114388
v -2.519063 1.745996 -0.114388
v -2.609689 1.745997 -0.114388
v -2.715799 1.745997 -0.114388
v -2.519063 1.764948 -0.078720
v -2.609689 1.764948 -0.078720
v -2.715798 1.764948 -0.078720
v -2.519063 1.776768 -0.040099
v -2.609689 1.776768 -0.040099
v -2.715798 1.776768 -0.040099
v -2.519062 1.614999 -0.201868
v -2.609689 1.614999 -0.201868
v -2.715798 1.614999 -0.201868
v -2.519063 1.653621 -0.190048
v -2.609689 1.653621 -0.190048
v -2.715799 1.653621 -0.190048
v -2.519062 1.689288 -0.171096
v -2.609690 1.689288 -0.171096
v -2.715798 1.689288 -0.171096
v -0.897909 1.726525 -0.103214
v -0.919857 1.740183 -0.110861
v -0.979427 1.745269 -0.113947
v -0.897909 1.741932 -0.069187
v -0.919856 1.758070 -0.075871
v -0.979427 1.764088 -0.078364
v -0.897909 1.755099 -0.034232
v -0.919857 1.770163 -0.038482
v -0.979427 1.775942 -0.039897
v -0.897909 1.755099 0.034232
v -0.919857 1.770163 0.038482
v -0.979427 1.775942 0.039897
v -0.897909 1.741932 0.069187
v -0.919856 1.758070 0.075872
v -0.979427 1.764088 0.078365
v -0.897909 1.726525 0.103215
v -0.919857 1.740183 0.110862
v -0.979427 1.745269 0.113947
v -0.897909 1.678114 0.151626
v -0.919857 1.685761 0.165283
v -0.979427 1.688847 0.170370
v -0.897909 1.644087 0.167033
v -0.919856 1.650771 0.183170
v -0.979427 1.653264 0.189189
v -0.897909 1.609131 0.180200
v -0.919857 1.613382 0.195264
v -0.979427 1.614796 0.201043
v -0.897909 1.540668 0.180200
v -0.919857 1.536418 0.195264
v -0.979427 1.535003 0.201043
v -0.897909 1.505713 0.167033
v -0.919856 1.499028 0.183170
v -0.979427 1.496535 0.189189
v -0.897910 1.471685 0.151626
v -0.919857 1.464038 0.165283
v -0.979427 1.460953 0.170370
v -0.897910 1.423274 0.103215
v -0.919857 1.409617 0.110862
v -0.979427 1.404530 0.113947
v -0.897910 1.407867 0.069187
v -0.919857 1.391729 0.075872
v -0.979427 1.385711 0.078365
v -0.897910 1.394700 0.034232
v -0.919857 1.379636 0.038482
v -0.979427 1.373857 0.039897
v -0.897910 1.394700 -0.034232
v -0.919857 1.379636 -0.038482
v -0.979427 1.373857 -0.039897
v -0.897909 1.407867 -0.069187
v -0.919857 1.391729 -0.075871
v -0.979427 1.385711 -0.078364
v -0.897910 1.423274 -0.103215
v -0.919857 1.409617 -0.110861
v -0.979427 1.404530 -0.113947
v -0.897910 1.471685 -0.151625
v -0.919857 1.464038 -0.165283
v -0.979427 1.460953 -0.170369
v -0.897909 1.505713 -0.167032
v -0.919856 1.499028 -0.183170
v -0.979427 1.496535 -0.189188
v -0.897910 1.540668 -0.180199
v -0.919857 1.536418 -0.195263
v -0.979427 1.535003 -0.201042
v -0.897909 1.609131 -0.180199
v -0.919856 1.613382 -0.195263
v -0.979427 1.614796 -0.201042
v -0.897909 1.644087 -0.167032
v -0.919856 1.650771 -0.183170
v -0.979427 1.653264 -0.189188
v -0.897910 1.678114 -0.151625
v -0.919857 1.685761 -0.165283
v -0.979427 1.688847 -0.170369
v -3.003869 1.460512 -0.171096
v -3.179118 1.460512 -0.171096
v -3.356424 1.460512 -0.171096
v -3.003869 1.496180 -0.190048
v -3.179118 1.496180 -0.190048
v -3.356424 1.496180 -0.190048
v -3.003869 1.534801 -0.201868
v -3.179117 1.534802 -0.201868
v -3.356424 1.534802 -0.201868
v -3.003870 1.373032 -0.040099
v -3.179118 1.373032 -0.040099
v -3.356424 1.373033 -0.040099
v -3.003869 1.384852 -0.078720
v -3.179118 1.384852 -0.078720
v -3.356424 1.384852 -0.078720
v -3.003870 1.403804 -0.114388
v -3.179117 1.403804 -0.114388
v -3.356424 1.403804 -0.114388
v -3.003870 1.403804 0.114388
v -3.179118 1.403804 0.114388
v -3.356424 1.403804 0.114388
v -3.003869 1.384852 0.078721
v -3.179118 1.384852 0.078721
v -3.356424 1.384852 0.078721
v -3.003870 1.373032 0.040099
v -3.179117 1.373032 0.040099
v -3.356424 1.373033 0.040099
v -3.003869 1.534801 0.201868
v -3.179118 1.534802 0.201868
v -3.356424 1.534802 0.201868
v -3.003868 1.496180 0.190048
v -3.179118 1.496180 0.190048
v -3.356424 1.496180 0.190048
v -3.003870 1.460512 0.171097
v -3.179117 1.460512 0.171097
v -3.356424 1.460512 0.171097
v -3.003869 1.689288 0.171096
v -3.179118 1.689288 0.171097
v -3.356424 1.689288 0.171096
v -3.003868 1.653621 0.190048
v -3.179118 1.653621 0.190048
v -3.356424 1.653621 0.190048
v -3.003869 1.614999 0.201868
v -3.179117 1.614999 0.201868
v -3.356424 1.614999 0.201868
v -3.003869 1.776768 0.040099
v -3.179118 1.776768 0.040099
v -3.356424 1.776768 0.040099
v -3.003868 1.764948 0.078721
v -3.179118 1.764948 0.078721
v -3.356424 1.764949 0.078721
v -3.003869 1.745997 0.114388
v -3.179117 1.745997 0.114388
v -3.356424 1.745997 0.114388
v -3.003869 1.745997 -0.114388
v -3.179118 1.745997 -0.114388
v -3.356424 1.745997 -0.114388
v -3.003868 1.764948 -0.078720
v -3.179118 1.764949 -0.078720
v -3.356424 1.764949 -0.078720
v -3.003869 1.776768 -0.040099
v -3.179117 1.776768 -0.040099
v -3.356424 1.776768 -0.040099
v -3.003869 1.614999 -0.201868
v -3.179117 1.614999 -0.201868
v -3.356424 1.614999 -0.201868
v -3.003869 1.653621 -0.190048
v -3.179117 1.653621 -0.190048
v -3.356425 1.653621 -0.190048
v -3.003869 1.689288 -0.171096
v -3.179118 1.689288 -0.171096
v -3.356424 1.689288 -0.171096
v 0.000738 -0.688526 -0.735702
v 0.000738 2.015427 -0.586366
v 0.520958 -0.688526 -0.520220
v 0.415361 2.015427 -0.414623
v 0.736440 -0.688526 0.000000
v 0.587104 2.015427 0.000000
v 0.520958 -0.688526 0.520220
v 0.415361 2.015427 0.414623
v 0.000738 -0.688526 0.735702
v 0.000738 2.015427 0.586366
v -0.519482 -0.688526 0.520220
v -0.413885 2.015427 0.414623
v -0.734964 -0.688526 0.000000
v -0.585627 2.015427 0.000000
v -0.519482 -0.688526 -0.520220
v -0.413885 2.015427 -0.414623
v 0.594120 1.983247 -0.593382
v 0.000738 1.983247 -0.839168
v 0.839907 1.983247 0.000000
v 0.594120 1.983247 0.593382
v 0.000738 1.983247 0.839169
v -0.592643 1.983247 0.593382
v -0.838430 1.983247 0.000000
v -0.592643 1.983247 -0.593381
v 0.302345 3.188118 -0.301607
v 0.000738 3.188118 -0.426537
v 0.427275 3.188118 0.000000
v 0.302345 3.188118 0.301607
v 0.000738 3.188118 0.426537
v -0.300869 3.188118 0.301607
v -0.425799 3.188118 0.000000
v -0.300869 3.188118 -0.301607
v 0.000738 1.509242 -0.902369
v 0.638810 1.509242 -0.638071
v 0.903107 1.509242 0.000000
v 0.638810 1.509242 0.638071
v 0.000738 1.509242 0.902369
v -0.637333 1.509242 0.638071
v -0.901631 1.509242 0.000000
v -0.637333 1.509242 -0.638071
v 0.638809 -0.201773 -0.638071
v 0.903107 -0.201773 0.000000
v 0.638809 -0.201773 0.638071
v 0.000738 -0.201773 0.902369
v -0.637333 -0.201773 0.638071
v -0.901631 -0.201773 0.000000
v -0.637333 -0.201773 -0.638071
v 0.000738 -0.201773 -0.902369
v 0.523903 2.258716 0.000000
v 0.370672 2.258716 0.369934
v 0.000738 2.258716 -0.523165
v 0.370672 2.258716 -0.369933
v -0.369195 2.258716 -0.369933
v -0.369195 2.258716 0.369934
v -0.522427 2.258716 0.000000
v 0.000738 2.258716 0.523165
v 0.523903 2.967979 0.000000
v 0.000738 2.967978 -0.523165
v -0.369195 2.967979 -0.369933
v -0.369195 2.967979 0.369934
v 0.370672 2.967979 0.369934
v 0.370672 2.967979 -0.369933
v -0.522427 2.967979 0.000000
v 0.000738 2.967978 0.523165
v 0.102470 -0.692727 -0.676062
v 0.248660 -0.694837 -0.598537
v 0.406851 -0.692727 -0.549983
v 0.466840 1.983247 -0.697174
v 0.321504 1.983247 -0.774398
v 0.164130 1.983247 -0.822560
v 0.000738 1.764132 -0.901381
v 0.000738 1.903576 -0.894469
v 0.000738 1.964354 -0.875706
v 0.636431 -0.461571 -0.635692
v 0.619779 -0.606037 -0.619041
v 0.577585 -0.670102 -0.576846
v 0.550721 -0.692727 -0.406113
v 0.599275 -0.694837 -0.247922
v 0.676800 -0.692727 -0.101731
v 0.823298 1.983247 -0.163392
v 0.775136 1.983247 -0.320766
v 0.697912 1.983247 -0.466102
v 0.899743 -0.461571 0.000000
v 0.876195 -0.606037 0.000000
v 0.816522 -0.670102 0.000000
v 0.676800 -0.692727 0.101732
v 0.599275 -0.694837 0.247922
v 0.550721 -0.692727 0.406113
v 0.697912 1.983247 0.466102
v 0.775136 1.983247 0.320766
v 0.823299 1.983247 0.163393
v 0.636431 -0.461571 0.635693
v 0.619779 -0.606037 0.619041
v 0.577585 -0.670102 0.576847
v 0.406851 -0.692727 0.549983
v 0.248660 -0.694837 0.598537
v 0.102470 -0.692727 0.676062
v 0.164130 1.983247 0.822560
v 0.321504 1.983247 0.774398
v 0.466840 1.983247 0.697174
v 0.000738 -0.461571 0.899005
v 0.000738 -0.606037 0.875457
v 0.000738 -0.670102 0.815784
v -0.100993 -0.692727 0.676062
v -0.247184 -0.694837 0.598537
v -0.405375 -0.692727 0.549983
v -0.465364 1.983247 0.697174
v -0.320028 1.983247 0.774398
v -0.162654 1.983247 0.822560
v -0.634954 -0.461571 0.635693
v -0.618303 -0.606036 0.619041
v -0.576108 -0.670101 0.576847
v -0.549245 -0.692727 0.406113
v -0.597799 -0.694838 0.247922
v -0.675324 -0.692727 0.101732
v -0.821822 1.983247 0.163393
v -0.773659 1.983247 0.320766
v -0.696435 1.983247 0.466102
v -0.898267 -0.461571 0.000000
v -0.874718 -0.606037 0.000000
v -0.815046 -0.670102 0.000000
v -0.675324 -0.692727 -0.101731
v -0.597799 -0.694838 -0.247922
v -0.549245 -0.692727 -0.406113
v -0.696435 1.983247 -0.466102
v -0.773659 1.983247 -0.320766
v -0.821822 1.983247 -0.163392
v -0.634954 -0.461571 -0.635692
v -0.618303 -0.606037 -0.619041
v -0.576108 -0.670102 -0.576846
v -0.405375 -0.692727 -0.549983
v -0.247184 -0.694838 -0.598537
v -0.100993 -0.692727 -0.676062
v -0.162654 1.983247 -0.822560
v -0.320028 1.983247 -0.774397
v -0.465364 1.983247 -0.697174
v 0.326425 2.015427 -0.487147
v 0.224872 2.015427 -0.541107
v 0.114908 2.015427 -0.574761
v 0.575499 2.015427 -0.114170
v 0.541846 2.015428 -0.224134
v 0.487886 2.015427 -0.325687
v 0.487886 2.015427 0.325687
v 0.541846 2.015427 0.224134
v 0.575499 2.015427 0.114170
v 0.114908 2.015427 0.574761
v 0.224872 2.015427 0.541108
v 0.326425 2.015427 0.487148
v -0.324949 2.015427 0.487148
v -0.223396 2.015427 0.541107
v -0.113432 2.015427 0.574761
v -0.574022 2.015427 0.114170
v -0.540369 2.015427 0.224134
v -0.486409 2.015427 0.325687
v -0.486409 2.015427 -0.325687
v -0.540369 2.015427 -0.224134
v -0.574022 2.015427 -0.114170
v -0.113432 2.015427 -0.574761
v -0.223396 2.015427 -0.541107
v -0.324949 2.015427 -0.487147
v 0.000738 1.991408 -0.781893
v 0.000738 1.997480 -0.712767
v 0.000738 2.004481 -0.643641
v 0.455861 2.004481 -0.455123
v 0.504741 1.997480 -0.504002
v 0.553620 1.991408 -0.552882
v 0.644379 2.004481 0.000000
v 0.713505 1.997480 0.000000
v 0.782631 1.991408 0.000000
v 0.455861 2.004481 0.455123
v 0.504741 1.997480 0.504003
v 0.553620 1.991408 0.552882
v 0.000738 2.004481 0.643641
v 0.000738 1.997480 0.712767
v 0.000738 1.991408 0.781893
v -0.454385 2.004481 0.455123
v -0.503264 1.997480 0.504003
v -0.552144 1.991408 0.552882
v -0.642903 2.004481 0.000000
v -0.712029 1.997480 0.000000
v -0.781155 1.991408 0.000000
v -0.454385 2.004481 -0.455123
v -0.503264 1.997480 -0.504002
v -0.552144 1.991408 -0.552882
v 0.236190 3.191314 -0.318863
v 0.144476 3.192919 -0.347013
v 0.059719 3.191314 -0.391959
v 0.392698 3.191314 -0.058981
v 0.347751 3.192919 -0.143737
v 0.319601 3.191314 -0.235451
v 0.319601 3.191314 0.235452
v 0.347751 3.192919 0.143738
v 0.392698 3.191314 0.058981
v 0.059719 3.191314 0.391960
v 0.144476 3.192919 0.347013
v 0.236190 3.191314 0.318863
v -0.234713 3.191314 0.318863
v -0.142999 3.192919 0.347013
v -0.058243 3.191314 0.391960
v -0.391221 3.191314 0.058981
v -0.346275 3.192919 0.143738
v -0.318125 3.191314 0.235452
v -0.318125 3.191314 -0.235451
v -0.346275 3.192919 -0.143737
v -0.391221 3.191314 -0.058981
v -0.058243 3.191314 -0.391959
v -0.142999 3.192919 -0.347013
v -0.234713 3.191314 -0.318863
v 0.521953 3.078812 0.000000
v 0.508300 3.144137 0.000000
v 0.473704 3.176449 0.000000
v 0.371370 2.144174 0.370632
v 0.376258 2.073688 0.375520
v 0.389525 2.034894 0.388787
v 0.000738 3.078812 -0.521215
v 0.000738 3.144137 -0.507562
v 0.000738 3.176449 -0.472966
v 0.371370 2.144174 -0.370632
v 0.376258 2.073688 -0.375520
v 0.389525 2.034894 -0.388787
v -0.367816 3.078812 -0.368554
v -0.358162 3.144137 -0.358900
v -0.333699 3.176449 -0.334437
v -0.367816 3.078812 0.368555
v -0.358162 3.144137 0.358901
v -0.333699 3.176449 0.334438
v -0.523414 2.144174 0.000000
v -0.530327 2.073688 0.000000
v -0.549090 2.034894 0.000000
v 0.000738 2.144174 0.524153
v 0.000738 2.073688 0.531065
v 0.000738 2.034894 0.549828
v 0.000738 0.189757 -0.902369
v 0.000738 0.655829 -0.902369
v 0.000738 1.120854 -0.902369
v 0.619956 1.964354 -0.619218
v 0.633223 1.903576 -0.632485
v 0.638111 1.764132 -0.637373
v 0.876444 1.964354 0.000000
v 0.895207 1.903576 0.000000
v 0.902120 1.764132 0.000000
v 0.619956 1.964354 0.619218
v 0.633223 1.903576 0.632485
v 0.638111 1.764132 0.637373
v 0.000738 1.964354 0.875706
v 0.000738 1.903576 0.894469
v 0.000738 1.764132 0.901382
v -0.618479 1.964354 0.619218
v -0.631747 1.903576 0.632485
v -0.636635 1.764132 0.637373
v -0.874968 1.964354 0.000000
v -0.893731 1.903576 0.000000
v -0.900643 1.764132 0.000000
v -0.618480 1.964354 -0.619218
v -0.631747 1.903576 -0.632485
v -0.636635 1.764132 -0.637373
v -0.500467 1.509242 -0.749680
v -0.344186 1.509242 -0.832720
v -0.174960 1.509242 -0.884510
v -0.883772 1.509242 -0.175698
v -0.831982 1.509242 -0.344924
v -0.748942 1.509242 -0.501206
v -0.748942 1.509242 0.501206
v -0.831982 1.509242 0.344924
v -0.883772 1.509242 0.175698
v -0.174960 1.509242 0.884510
v -0.344186 1.509242 0.832720
v -0.500467 1.509242 0.749680
v 0.501944 1.509242 0.749681
v 0.345662 1.509242 0.832720
v 0.176436 1.509242 0.884510
v 0.885248 1.509242 0.175698
v 0.833458 1.509242 0.344924
v 0.750418 1.509242 0.501206
v 0.750418 1.509242 -0.501206
v 0.833458 1.509242 -0.344924
v 0.885248 1.509242 -0.175698
v 0.176436 1.509242 -0.884510
v 0.345662 1.509242 -0.832720
v 0.501944 1.509242 -0.749680
v 0.638809 1.120854 -0.638071
v 0.638809 0.655829 -0.638071
v 0.638809 0.189757 -0.638071
v 0.903107 1.120854 0.000000
v 0.903107 0.655829 0.000000
v 0.903107 0.189757 0.000000
v 0.638809 1.120854 0.638071
v 0.638809 0.655829 0.638071
v 0.638809 0.189757 0.638071
v 0.000738 1.120854 0.902369
v 0.000738 0.655829 0.902369
v 0.000738 0.189757 0.902369
v -0.637333 1.120854 0.638071
v -0.637333 0.655829 0.638071
v -0.637333 0.189757 0.638071
v -0.901631 1.120854 0.000000
v -0.901631 0.655829 0.000000
v -0.901631 0.189757 0.000000
v -0.637333 1.120854 -0.638071
v -0.637333 0.655830 -0.638071
v -0.637333 0.189757 -0.638071
v 0.000738 -0.670102 -0.815784
v 0.000738 -0.606037 -0.875456
v 0.000738 -0.461571 -0.899005
v 0.176436 -0.201773 -0.884510
v 0.345662 -0.201773 -0.832720
v 0.501944 -0.201773 -0.749680
v 0.750418 -0.201773 -0.501206
v 0.833458 -0.201773 -0.344924
v 0.885248 -0.201773 -0.175698
v 0.885248 -0.201773 0.175698
v 0.833458 -0.201773 0.344924
v 0.750418 -0.201773 0.501206
v 0.501944 -0.201773 0.749680
v 0.345662 -0.201773 0.832720
v 0.176436 -0.201773 0.884510
v -0.174960 -0.201773 0.884510
v -0.344186 -0.201773 0.832720
v -0.500468 -0.201773 0.749680
v -0.748942 -0.201773 0.501206
v -0.831982 -0.201773 0.344924
v -0.883772 -0.201773 0.175698
v -0.883772 -0.201773 -0.175698
v -0.831982 -0.201773 -0.344924
v -0.748942 -0.201773 -0.501206
v -0.500468 -0.201773 -0.749680
v -0.344186 -0.201773 -0.832720
v -0.174960 -0.201773 -0.884510
v 0.550566 2.034894 0.000000
v 0.531803 2.073688 0.000000
v 0.524891 2.144174 0.000000
v 0.370672 2.806068 0.369934
v 0.370672 2.614833 0.369934
v 0.370672 2.422855 0.369934
v 0.000738 2.034894 -0.549828
v 0.000738 2.073688 -0.531065
v 0.000738 2.144174 -0.524152
v 0.370672 2.806068 -0.369933
v 0.370672 2.614833 -0.369933
v 0.370672 2.422855 -0.369933
v -0.388049 2.034894 -0.388787
v -0.374782 2.073688 -0.375520
v -0.369894 2.144174 -0.370632
v -0.388049 2.034894 0.388787
v -0.374782 2.073688 0.375520
v -0.369894 2.144174 0.370632
v -0.522427 2.806068 0.000000
v -0.522427 2.614833 0.000000
v -0.522427 2.422855 0.000000
v 0.000738 2.806068 0.523165
v 0.000738 2.614833 0.523165
v 0.000738 2.422855 0.523165
v -0.101126 2.258716 0.512811
v -0.199238 2.258716 0.482785
v -0.289845 2.258716 0.434641
v -0.512073 2.258716 -0.101864
v -0.482047 2.258716 -0.199976
v -0.433903 2.258716 -0.290583
v 0.435379 2.258716 -0.290583
v 0.483523 2.258716 -0.199976
v 0.513549 2.258716 -0.101864
v 0.291321 2.258716 0.434641
v 0.200714 2.258716 0.482785
v 0.102602 2.258716 0.512811
v -0.433903 2.258716 0.290583
v -0.482047 2.258716 0.199976
v -0.512073 2.258716 0.101864
v -0.289845 2.258716 -0.434641
v -0.199238 2.258716 -0.482785
v -0.101126 2.258716 -0.512811
v 0.102602 2.258716 -0.512811
v 0.200714 2.258716 -0.482785
v 0.291322 2.258716 -0.434641
v 0.513549 2.258716 0.101864
v 0.483523 2.258716 0.199976
v 0.435379 2.258716 0.290583
v 0.523903 2.422855 0.000000
v 0.523903 2.614833 0.000000
v 0.523903 2.806068 0.000000
v 0.000738 2.422855 -0.523165
v 0.000738 2.614833 -0.523165
v 0.000738 2.806068 -0.523165
v -0.369195 2.422855 -0.369933
v -0.369195 2.614833 -0.369933
v -0.369195 2.806068 -0.369933
v -0.369195 2.422855 0.369934
v -0.369195 2.614833 0.369934
v -0.369195 2.806068 0.369934
v 0.335176 3.176449 0.334438
v 0.359639 3.144137 0.358901
v 0.369293 3.078812 0.368555
v 0.335176 3.176449 -0.334437
v 0.359639 3.144137 -0.358900
v 0.369293 3.078812 -0.368554
v -0.472228 3.176449 0.000000
v -0.506824 3.144137 0.000000
v -0.520477 3.078812 0.000000
v 0.000738 3.176449 0.472966
v 0.000738 3.144137 0.507562
v 0.000738 3.078812 0.521215
v -0.101126 2.967979 0.512811
v -0.199238 2.967979 0.482785
v -0.289845 2.967979 0.434641
v -0.512073 2.967979 -0.101864
v -0.482047 2.967979 -0.199976
v -0.433903 2.967979 -0.290583
v 0.435379 2.967979 -0.290583
v 0.483523 2.967979 -0.199976
v 0.513549 2.967979 -0.101864
v 0.291321 2.967979 0.434641
v 0.200714 2.967979 0.482785
v 0.102602 2.967979 0.512811
v -0.433903 2.967979 0.290583
v -0.482047 2.967979 0.199976
v -0.512073 2.967979 0.101864
v -0.289845 2.967979 -0.434641
v -0.199238 2.967979 -0.482785
v -0.101126 2.967979 -0.512811
v 0.102602 2.967979 -0.512811
v 0.200714 2.967979 -0.482785
v 0.291322 2.967979 -0.434641
v 0.513549 2.967979 0.101864
v 0.483523 2.967979 0.199976
v 0.435379 2.967979 0.290583
v 0.176244 1.764132 -0.883542
v 0.174898 1.903576 -0.876766
v 0.171245 1.964354 -0.858375
v 0.345285 1.764132 -0.831809
v 0.342642 1.903576 -0.825430
v 0.335470 1.964354 -0.808115
v 0.501395 1.764132 -0.748860
v 0.497556 1.903576 -0.743117
v 0.487135 1.964354 -0.727529
v 0.749598 1.764132 -0.500657
v 0.743855 1.903576 -0.496818
v 0.728267 1.964354 -0.486396
v 0.832547 1.764132 -0.344546
v 0.826168 1.903576 -0.341904
v 0.808854 1.964354 -0.334732
v 0.884280 1.764132 -0.175506
v 0.877504 1.903576 -0.174160
v 0.859113 1.964354 -0.170506
v 0.884280 1.764132 0.175506
v 0.877504 1.903576 0.174160
v 0.859113 1.964354 0.170507
v 0.832547 1.764132 0.344547
v 0.826168 1.903576 0.341904
v 0.808854 1.964354 0.334733
v 0.749598 1.764132 0.500657
v 0.743855 1.903576 0.496818
v 0.728267 1.964354 0.486397
v 0.501396 1.764132 0.748860
v 0.497556 1.903576 0.743117
v 0.487135 1.964354 0.727529
v 0.345285 1.764132 0.831809
v 0.342642 1.903576 0.825430
v 0.335470 1.964354 0.808116
v 0.176244 1.764132 0.883542
v 0.174898 1.903576 0.876767
v 0.171245 1.964354 0.858375
v -0.174767 1.764132 0.883542
v -0.173422 1.903576 0.876767
v -0.169768 1.964354 0.858375
v -0.343808 1.764132 0.831809
v -0.341166 1.903576 0.825430
v -0.333994 1.964354 0.808115
v -0.499919 1.764132 0.748860
v -0.496080 1.903576 0.743117
v -0.485658 1.964354 0.727529
v -0.748122 1.764132 0.500657
v -0.742379 1.903576 0.496818
v -0.726791 1.964354 0.486397
v -0.831071 1.764132 0.344547
v -0.824691 1.903576 0.341904
v -0.807377 1.964354 0.334733
v -0.882804 1.764132 0.175506
v -0.876028 1.903576 0.174160
v -0.857637 1.964354 0.170507
v 0.433533 3.078842 0.289464
v 0.481339 3.078871 0.199072
v 0.511452 3.078841 0.101351
v 0.420611 3.144373 0.281625
v 0.466051 3.144610 0.192739
v 0.496772 3.144373 0.097757
v 0.385917 3.177334 0.262200
v 0.425056 3.178107 0.175758
v 0.458504 3.177334 0.086960
v -0.882804 1.764132 -0.175506
v -0.876028 1.903576 -0.174160
v -0.857637 1.964354 -0.170506
v -0.831071 1.764132 -0.344546
v -0.824691 1.903576 -0.341904
v -0.807377 1.964354 -0.334732
v -0.748122 1.764132 -0.500657
v -0.742379 1.903576 -0.496818
v -0.726791 1.964354 -0.486396
v -0.499919 1.764132 -0.748860
v -0.496080 1.903576 -0.743117
v -0.485658 1.964354 -0.727529
v -0.343808 1.764132 -0.831809
v -0.341166 1.903576 -0.825430
v -0.333994 1.964354 -0.808115
v -0.174767 1.764132 -0.883542
v -0.173422 1.903576 -0.876766
v -0.169768 1.964354 -0.858375
v 0.000738 -0.710927 0.000000
v 0.000738 -0.701814 -0.522100
v 0.160023 -0.705149 -0.384547
v 0.369919 -0.701814 -0.369180
v 0.385285 -0.705149 -0.159284
v 0.522838 -0.701814 0.000000
v 0.385285 -0.705149 0.159285
v 0.369919 -0.701814 0.369181
v 0.160023 -0.705149 0.384547
v 0.000738 -0.701814 0.522100
v -0.158546 -0.705149 0.384547
v -0.368442 -0.701814 0.369181
v -0.383809 -0.705149 0.159285
v -0.521362 -0.701814 0.000000
v -0.383809 -0.705149 -0.159284
v -0.368442 -0.701814 -0.369180
v -0.158546 -0.705149 -0.384547
v 0.126060 2.004481 -0.630903
v 0.246765 2.004481 -0.593962
v 0.358238 2.004481 -0.534731
v 0.139519 1.997480 -0.698660
v 0.273188 1.997480 -0.657752
v 0.396633 1.997480 -0.592160
v 0.152978 1.991408 -0.766418
v 0.299611 1.991408 -0.721543
v 0.435027 1.991408 -0.649590
v 0.535470 2.004481 -0.357500
v 0.594700 2.004481 -0.246027
v 0.631641 2.004481 -0.125322
v 0.592899 1.997480 -0.395894
v 0.658491 1.997480 -0.272450
v 0.699399 1.997480 -0.138781
v 0.650328 1.991408 -0.434289
v 0.722281 1.991408 -0.298873
v 0.767156 1.991408 -0.152240
v 0.631641 2.004481 0.125322
v 0.594700 2.004481 0.246027
v 0.535470 2.004481 0.357500
v 0.699399 1.997480 0.138781
v 0.658491 1.997480 0.272450
v 0.592899 1.997480 0.395895
v 0.767156 1.991408 0.152241
v 0.722281 1.991408 0.298873
v 0.650328 1.991408 0.434289
v 0.358238 2.004481 0.534732
v 0.246765 2.004481 0.593962
v 0.126060 2.004481 0.630903
v 0.396633 1.997480 0.592161
v 0.273188 1.997480 0.657753
v 0.139519 1.997480 0.698661
v 0.435027 1.991408 0.649590
v 0.299611 1.991408 0.721543
v 0.152978 1.991408 0.766418
v -0.124584 2.004481 0.630903
v -0.245289 2.004481 0.593962
v -0.356762 2.004481 0.534732
v -0.138043 1.997480 0.698661
v -0.271712 1.997480 0.657753
v -0.395156 1.997480 0.592161
v -0.151502 1.991408 0.766418
v -0.298135 1.991408 0.721543
v -0.433551 1.991408 0.649590
v -0.533993 2.004481 0.357500
v -0.593224 2.004481 0.246027
v -0.630165 2.004481 0.125322
v -0.591422 1.997480 0.395895
v -0.657014 1.997480 0.272450
v -0.697922 1.997480 0.138781
v -0.648851 1.991408 0.434289
v -0.720805 1.991408 0.298873
v -0.765680 1.991408 0.152241
v -0.630165 2.004481 -0.125322
v -0.593224 2.004481 -0.246027
v -0.533993 2.004481 -0.357500
v -0.697922 1.997480 -0.138781
v -0.657014 1.997480 -0.272450
v -0.591422 1.997480 -0.395894
v -0.765680 1.991408 -0.152240
v -0.720805 1.991408 -0.298873
v -0.648851 1.991408 -0.434289
v -0.356762 2.004481 -0.534732
v -0.245289 2.004481 -0.593962
v -0.124584 2.004481 -0.630903
v -0.395156 1.997480 -0.592160
v -0.271712 1.997480 -0.657752
v -0.138043 1.997480 -0.698660
v -0.433551 1.991408 -0.649590
v -0.298135 1.991408 -0.721543
v -0.151502 1.991408 -0.766418
v 0.000738 3.205158 0.000000
v 0.214777 3.198225 -0.214039
v 0.093086 3.200762 -0.222948
v 0.000738 3.198225 -0.302697
v -0.091610 3.200763 -0.222948
v -0.213301 3.198225 -0.214039
v -0.222210 3.200763 -0.092348
v -0.301959 3.198225 0.000000
v -0.222210 3.200763 0.092348
v -0.213301 3.198225 0.214039
v -0.091610 3.200763 0.222948
v 0.000738 3.198225 0.302697
v 0.093086 3.200763 0.222948
v 0.214777 3.198225 0.214039
v 0.223686 3.200762 0.092348
v 0.303435 3.198225 0.000000
v 0.223686 3.200762 -0.092348
v 0.290202 3.078842 -0.432795
v 0.199810 3.078871 -0.480601
v 0.102089 3.078841 -0.510714
v 0.282362 3.144373 -0.419873
v 0.193477 3.144610 -0.465313
v 0.098495 3.144373 -0.496034
v 0.262938 3.177334 -0.385179
v 0.176496 3.178107 -0.424317
v 0.087698 3.177334 -0.457765
v -0.100613 3.078842 -0.510714
v -0.198333 3.078871 -0.480601
v -0.288725 3.078841 -0.432795
v -0.097018 3.144373 -0.496034
v -0.192001 3.144610 -0.465313
v -0.280886 3.144373 -0.419873
v -0.086222 3.177334 -0.457765
v -0.175020 3.178107 -0.424317
v -0.261461 3.177334 -0.385179
v -0.509976 3.078842 0.101351
v -0.479863 3.078871 0.199072
v -0.432057 3.078841 0.289464
v -0.495295 3.144373 0.097757
v -0.464575 3.144610 0.192739
v -0.419135 3.144373 0.281625
v -0.457027 3.177334 0.086960
v -0.423579 3.178107 0.175758
v -0.384441 3.177334 0.262200
v 0.102089 3.078842 0.510714
v 0.199810 3.078871 0.480601
v 0.290202 3.078841 0.432795
v 0.098495 3.144373 0.496034
v 0.193477 3.144610 0.465313
v 0.282362 3.144373 0.419873
v 0.087698 3.177334 0.457766
v 0.176496 3.178107 0.424318
v 0.262938 3.177334 0.385179
v 0.511452 3.078842 -0.101351
v 0.481339 3.078871 -0.199071
v 0.433533 3.078841 -0.289463
v 0.496772 3.144373 -0.097757
v 0.466051 3.144610 -0.192739
v 0.420611 3.144373 -0.281624
v 0.458504 3.177334 -0.086960
v 0.425056 3.178107 -0.175758
v 0.385917 3.177334 -0.262199
v -0.432057 3.078842 -0.289463
v -0.479863 3.078871 -0.199071
v -0.509976 3.078841 -0.101351
v -0.419135 3.144373 -0.281624
v -0.464575 3.144610 -0.192739
v -0.495295 3.144373 -0.097757
v -0.384441 3.177334 -0.262199
v -0.423579 3.178107 -0.175758
v -0.457027 3.177334 -0.086960
v -0.288725 3.078842 0.432795
v -0.198333 3.078871 0.480601
v -0.100613 3.078841 0.510714
v -0.280886 3.144373 0.419874
v -0.192001 3.144610 0.465313
v -0.097018 3.144373 0.496034
v -0.261461 3.177334 0.385179
v -0.175020 3.178107 0.424318
v -0.086222 3.177334 0.457766
v -0.500468 0.189757 -0.749680
v -0.500468 0.655829 -0.749680
v -0.500468 1.120854 -0.749680
v -0.344186 0.189757 -0.832720
v -0.344186 0.655829 -0.832720
v -0.344186 1.120854 -0.832720
v -0.174960 0.189757 -0.884510
v -0.174960 0.655829 -0.884510
v -0.174960 1.120854 -0.884510
v -0.883772 0.189757 -0.175698
v -0.883772 0.655829 -0.175698
v -0.883772 1.120854 -0.175698
v -0.831982 0.189757 -0.344924
v -0.831982 0.655829 -0.344924
v -0.831982 1.120854 -0.344924
v -0.748942 0.189757 -0.501206
v -0.748942 0.655829 -0.501206
v -0.748942 1.120854 -0.501206
v -0.748942 0.189757 0.501206
v -0.748942 0.655829 0.501206
v -0.748942 1.120854 0.501206
v -0.831982 0.189757 0.344924
v -0.831982 0.655829 0.344924
v -0.831982 1.120854 0.344924
v -0.883772 0.189757 0.175698
v -0.883772 0.655829 0.175698
v -0.883772 1.120854 0.175698
v -0.174960 0.189757 0.884510
v -0.174960 0.655829 0.884510
v -0.174960 1.120854 0.884510
v -0.344186 0.189757 0.832720
v -0.344186 0.655829 0.832720
v -0.344186 1.120854 0.832720
v -0.500468 0.189757 0.749680
v -0.500468 0.655829 0.749680
v -0.500468 1.120854 0.749680
v 0.501944 0.189757 0.749680
v 0.501944 0.655829 0.749680
v 0.501944 1.120854 0.749680
v 0.345662 0.189757 0.832720
v 0.345662 0.655829 0.832720
v 0.345662 1.120854 0.832720
v 0.176436 0.189757 0.884510
v 0.176436 0.655829 0.884510
v 0.176436 1.120854 0.884510
v 0.885248 0.189757 0.175698
v 0.885248 0.655829 0.175698
v 0.885248 1.120854 0.175698
v 0.833458 0.189757 0.344924
v 0.833458 0.655829 0.344924
v 0.833458 1.120854 0.344924
v 0.750418 0.189757 0.501206
v 0.750418 0.655829 0.501206
v 0.750418 1.120854 0.501206
v 0.750418 0.189757 -0.501206
v 0.750418 0.655829 -0.501206
v 0.750418 1.120854 -0.501206
v 0.833458 0.189757 -0.344924
v 0.833458 0.655829 -0.344924
v 0.833458 1.120854 -0.344924
v 0.885248 0.189757 -0.175698
v 0.885248 0.655829 -0.175698
v 0.885248 1.120854 -0.175698
v 0.176436 0.189757 -0.884510
v 0.176436 0.655829 -0.884510
v 0.176436 1.120854 -0.884510
v 0.345662 0.189757 -0.832720
v 0.345662 0.655829 -0.832720
v 0.345662 1.120854 -0.832720
v 0.501944 0.189757 -0.749680
v 0.501944 0.655829 -0.749680
v 0.501944 1.120854 -0.749680
v 0.150729 -0.671264 -0.789566
v 0.169352 -0.606347 -0.855572
v 0.175550 -0.461610 -0.880893
v 0.303890 -0.672281 -0.731874
v 0.333179 -0.606659 -0.802584
v 0.344102 -0.461649 -0.828953
v 0.452987 -0.671264 -0.664367
v 0.486491 -0.606348 -0.724208
v 0.500012 -0.461610 -0.746496
v 0.665105 -0.671264 -0.452248
v 0.724947 -0.606348 -0.485753
v 0.747235 -0.461609 -0.499274
v 0.732612 -0.672281 -0.303152
v 0.803322 -0.606659 -0.332441
v 0.829691 -0.461649 -0.343363
v 0.790305 -0.671264 -0.149991
v 0.856310 -0.606348 -0.168613
v 0.881631 -0.461610 -0.174812
v 0.790305 -0.671264 0.149991
v 0.856310 -0.606348 0.168614
v 0.881631 -0.461610 0.174813
v 0.732612 -0.672281 0.303152
v 0.803322 -0.606659 0.332441
v 0.829691 -0.461649 0.343364
v 0.665105 -0.671264 0.452249
v 0.724947 -0.606348 0.485753
v 0.747234 -0.461610 0.499274
v 0.452987 -0.671264 0.664367
v 0.486491 -0.606348 0.724209
v 0.500012 -0.461609 0.746497
v 0.303890 -0.672281 0.731874
v 0.333179 -0.606659 0.802584
v 0.344102 -0.461649 0.828953
v 0.150729 -0.671264 0.789567
v 0.169352 -0.606348 0.855572
v 0.175551 -0.461610 0.880893
v -0.149253 -0.671264 0.789567
v -0.167875 -0.606348 0.855572
v -0.174074 -0.461609 0.880893
v -0.302414 -0.672281 0.731874
v -0.331703 -0.606659 0.802584
v -0.342625 -0.461649 0.828953
v -0.451510 -0.671264 0.664367
v -0.485015 -0.606348 0.724209
v -0.498536 -0.461610 0.746496
v -0.663629 -0.671264 0.452249
v -0.723470 -0.606348 0.485753
v -0.745758 -0.461610 0.499274
v -0.731136 -0.672281 0.303152
v -0.801846 -0.606659 0.332441
v -0.828215 -0.461649 0.343364
v -0.788828 -0.671264 0.149991
v -0.854834 -0.606348 0.168614
v -0.880155 -0.461610 0.174813
v -0.788828 -0.671264 -0.149991
v -0.854834 -0.606348 -0.168613
v -0.880155 -0.461609 -0.174812
v -0.731136 -0.672281 -0.303152
v -0.801846 -0.606659 -0.332441
v -0.828215 -0.461649 -0.343363
v -0.663629 -0.671264 -0.452248
v -0.723470 -0.606348 -0.485753
v -0.745758 -0.461610 -0.499274
v -0.451510 -0.671264 -0.664367
v -0.485015 -0.606348 -0.724208
v -0.498536 -0.461610 -0.746496
v -0.302414 -0.672281 -0.731874
v -0.331703 -0.606659 -0.802584
v -0.342625 -0.461648 -0.828953
v -0.149253 -0.671264 -0.789566
v -0.167875 -0.606348 -0.855572
v -0.174074 -0.461610 -0.880893
v -0.304655 2.034894 0.456792
v -0.209429 2.034894 0.507390
v -0.106317 2.034894 0.538946
v -0.294233 2.073688 0.441204
v -0.202258 2.073688 0.490075
v -0.102664 2.073688 0.520555
v -0.290394 2.144174 0.435462
v -0.199615 2.144174 0.483696
v -0.101318 2.144174 0.513779
v -0.456054 2.034894 -0.305392
v -0.506652 2.034894 -0.210167
v -0.538208 2.034894 -0.107055
v -0.440466 2.073688 -0.294971
v -0.489337 2.073688 -0.202996
v -0.519817 2.073688 -0.103402
v -0.434723 2.144174 -0.291132
v -0.482958 2.144174 -0.200353
v -0.513041 2.144174 -0.102056
v 0.539684 2.034894 -0.107055
v 0.508128 2.034894 -0.210167
v 0.457530 2.034894 -0.305392
v 0.521293 2.073688 -0.103402
v 0.490813 2.073688 -0.202996
v 0.441943 2.073688 -0.294971
v 0.514517 2.144174 -0.102056
v 0.484434 2.144174 -0.200353
v 0.436199 2.144174 -0.291132
v 0.107794 2.034894 0.538946
v 0.210906 2.034894 0.507390
v 0.306131 2.034894 0.456792
v 0.104141 2.073688 0.520555
v 0.203734 2.073688 0.490075
v 0.295709 2.073688 0.441205
v 0.102795 2.144174 0.513779
v 0.201092 2.144174 0.483696
v 0.291870 2.144174 0.435462
v -0.538208 2.034894 0.107056
v -0.506652 2.034894 0.210168
v -0.456054 2.034894 0.305393
v -0.519817 2.073688 0.103403
v -0.489337 2.073688 0.202996
v -0.440466 2.073688 0.294971
v -0.513041 2.144174 0.102057
v -0.482958 2.144174 0.200354
v -0.434723 2.144174 0.291132
v -0.106317 2.034894 -0.538946
v -0.209429 2.034894 -0.507390
v -0.304655 2.034894 -0.456792
v -0.102664 2.073688 -0.520555
v -0.202258 2.073688 -0.490075
v -0.294233 2.073688 -0.441204
v -0.101318 2.144174 -0.513779
v -0.199615 2.144174 -0.483696
v -0.290394 2.144174 -0.435461
v 0.306131 2.034894 -0.456792
v 0.210906 2.034894 -0.507390
v 0.107794 2.034894 -0.538946
v 0.295709 2.073688 -0.441204
v 0.203734 2.073688 -0.490075
v 0.104141 2.073688 -0.520555
v 0.291870 2.144174 -0.435461
v 0.201092 2.144174 -0.483696
v 0.102795 2.144174 -0.513779
v 0.457530 2.034894 0.305393
v 0.508128 2.034894 0.210168
v 0.539684 2.034894 0.107056
v 0.441943 2.073688 0.294971
v 0.490813 2.073688 0.202996
v 0.521293 2.073688 0.103403
v 0.436199 2.144174 0.291132
v 0.484434 2.144174 0.200354
v 0.514517 2.144174 0.102057
v -0.289845 2.422855 0.434641
v -0.199238 2.422855 0.482785
v -0.101126 2.422855 0.512811
v -0.289845 2.614833 0.434641
v -0.199238 2.614833 0.482785
v -0.101126 2.614833 0.512811
v -0.289845 2.806068 0.434641
v -0.199238 2.806068 0.482785
v -0.101126 2.806068 0.512811
v -0.433903 2.422855 -0.290583
v -0.482047 2.422855 -0.199976
v -0.512073 2.422855 -0.101864
v -0.433903 2.614833 -0.290583
v -0.482047 2.614833 -0.199976
v -0.512073 2.614833 -0.101864
v -0.433903 2.806068 -0.290583
v -0.482047 2.806068 -0.199976
v -0.512073 2.806068 -0.101864
v 0.513549 2.422855 -0.101864
v 0.483523 2.422855 -0.199976
v 0.435379 2.422855 -0.290583
v 0.513549 2.614833 -0.101864
v 0.483523 2.614833 -0.199976
v 0.435379 2.614833 -0.290583
v 0.513549 2.806068 -0.101864
v 0.483523 2.806068 -0.199976
v 0.435379 2.806068 -0.290583
v 0.102602 2.422855 0.512811
v 0.200714 2.422855 0.482785
v 0.291321 2.422855 0.434641
v 0.102602 2.614833 0.512811
v 0.200714 2.614833 0.482785
v 0.291321 2.614833 0.434641
v 0.102602 2.806068 0.512811
v 0.200714 2.806068 0.482785
v 0.291321 2.806068 0.434641
v -0.512073 2.422855 0.101864
v -0.482047 2.422855 0.199976
v -0.433903 2.422855 0.290583
v -0.512073 2.614833 0.101864
v -0.482047 2.614833 0.199976
v -0.433903 2.614833 0.290583
v -0.512073 2.806068 0.101864
v -0.482047 2.806068 0.199976
v -0.433903 2.806068 0.290583
v -0.101126 2.422855 -0.512811
v -0.199238 2.422855 -0.482785
v -0.289845 2.422855 -0.434641
v -0.101126 2.614833 -0.512811
v -0.199238 2.614833 -0.482785
v -0.289845 2.614833 -0.434641
v -0.101126 2.806068 -0.512811
v -0.199238 2.806068 -0.482785
v -0.289845 2.806068 -0.434641
v 0.291322 2.422855 -0.434641
v 0.200714 2.422855 -0.482785
v 0.102602 2.422855 -0.512811
v 0.291322 2.614833 -0.434641
v 0.200714 2.614833 -0.482785
v 0.102602 2.614833 -0.512811
v 0.291321 2.806068 -0.434641
v 0.200714 2.806068 -0.482785
v 0.102602 2.806068 -0.512811
v 0.435379 2.422855 0.290583
v 0.483523 2.422855 0.199976
v 0.513549 2.422855 0.101864
v 0.435379 2.614833 0.290583
v 0.483523 2.614833 0.199976
v 0.513549 2.614833 0.101864
v 0.435379 2.806068 0.290583
v 0.483523 2.806068 0.199976
v 0.513549 2.806068 0.101864
v 0.287182 -2.166543 -0.145625
v 0.432807 -2.166544 -0.205944
v 0.432806 -0.653672 -0.167907
v 0.432807 -3.701745 -0.167907
v 0.314079 -0.653672 -0.118728
v 0.314079 -3.701745 -0.118728
v 0.264900 -0.653672 -0.000000
v 0.264900 -3.701745 -0.000000
v 0.314079 -0.653672 0.118727
v 0.314079 -3.701745 0.118727
v 0.432806 -0.653672 0.167906
v 0.432807 -3.701745 0.167906
v 0.551534 -0.653672 0.118727
v 0.551534 -3.701745 0.118727
v 0.600713 -0.653672 -0.000000
v 0.600713 -3.701745 -0.000000
v 0.551534 -0.653672 -0.118728
v 0.551534 -3.701745 -0.118728
v 0.226863 -2.166543 -0.000000
v 0.287182 -2.166543 0.145624
v 0.432807 -2.166543 0.205943
v 0.578431 -2.166544 0.145624
v 0.638750 -2.166544 -0.000000
v 0.578431 -2.166544 -0.145625
v 0.287182 -1.704308 -0.145625
v 0.226863 -1.704308 -0.000000
v 0.287182 -1.704308 0.145624
v 0.432806 -1.704308 0.205943
v 0.578431 -1.704309 0.145624
v 0.638750 -1.704309 -0.000000
v 0.432806 -1.704309 -0.205944
v 0.578431 -1.704309 -0.145625
v 0.578431 -2.633300 -0.145625
v 0.638750 -2.633300 -0.000000
v 0.432807 -2.633300 -0.205944
v 0.578431 -2.633300 0.145624
v 0.432807 -2.633300 0.205943
v 0.287182 -2.633300 0.145624
v 0.226863 -2.633300 -0.000000
v 0.287182 -2.633300 -0.145625
v 0.287182 -0.900911 -0.145625
v 0.226863 -0.900911 -0.000000
v 0.287182 -0.900911 0.145624
v 0.432806 -0.900911 0.205943
v 0.578431 -0.900911 0.145624
v 0.638750 -0.900911 -0.000000
v 0.578431 -0.900911 -0.145625
v 0.432806 -0.900911 -0.205944
v 0.432807 -3.478246 -0.205944
v 0.578431 -3.478246 -0.145625
v 0.638750 -3.478246 -0.000000
v 0.578431 -3.478246 0.145624
v 0.432807 -3.478246 0.205943
v 0.287182 -3.478246 0.145624
v 0.226863 -3.478246 -0.000000
v 0.287182 -3.478246 -0.145625
v -0.580793 -2.166543 -0.145625
v -0.435168 -2.166544 -0.205944
v -0.435168 -0.653672 -0.167907
v -0.435168 -3.701745 -0.167907
v -0.553896 -0.653672 -0.118728
v -0.553896 -3.701745 -0.118728
v -0.603075 -0.653672 -0.000000
v -0.603075 -3.701745 -0.000000
v -0.553896 -0.653672 0.118727
v -0.553896 -3.701745 0.118727
v -0.435168 -0.653672 0.167906
v -0.435168 -3.701745 0.167906
v -0.316441 -0.653672 0.118727
v -0.316441 -3.701745 0.118727
v -0.267262 -0.653672 -0.000000
v -0.267262 -3.701745 -0.000000
v -0.316441 -0.653672 -0.118728
v -0.316441 -3.701745 -0.118728
v -0.641112 -2.166543 -0.000000
v -0.580793 -2.166543 0.145624
v -0.435168 -2.166543 0.205943
v -0.289544 -2.166544 0.145624
v -0.229225 -2.166544 -0.000000
v -0.289544 -2.166544 -0.145625
v -0.580793 -1.704308 -0.145625
v -0.641112 -1.704308 -0.000000
v -0.580793 -1.704308 0.145624
v -0.435168 -1.704308 0.205943
v -0.289544 -1.704309 0.145624
v -0.229225 -1.704309 -0.000000
v -0.435168 -1.704309 -0.205944
v -0.289544 -1.704309 -0.145625
v -0.289544 -2.633300 -0.145625
v -0.229225 -2.633300 -0.000000
v -0.435169 -2.633300 -0.205944
v -0.289544 -2.633300 0.145624
v -0.435168 -2.633300 0.205943
v -0.580793 -2.633300 0.145624
v -0.641112 -2.633300 -0.000000
v -0.580793 -2.633300 -0.145625
v -0.580793 -0.900911 -0.145625
v -0.641112 -0.900911 -0.000000
v -0.580793 -0.900911 0.145624
v -0.435168 -0.900911 0.205943
v -0.289544 -0.900911 0.145624
v -0.229225 -0.900911 -0.000000
v -0.289544 -0.900911 -0.145625
v -0.435169 -0.900911 -0.205944
v -0.435168 -3.478246 -0.205944
v -0.289544 -3.478246 -0.145625
v -0.229225 -3.478246 -0.000000
v -0.289544 -3.478246 0.145624
v -0.435168 -3.478246 0.205943
v -0.580793 -3.478246 0.145624
v -0.641112 -3.478246 -0.000000
v -0.580792 -3.478246 -0.145625
v 0.392708 -2.166544 -0.201868
v 0.354086 -2.166544 -0.190048
v 0.318419 -2.166543 -0.171097
v 0.261710 -2.166543 -0.114388
v 0.242758 -2.166543 -0.078721
v 0.230939 -2.166543 -0.040099
v 0.409589 -0.649595 -0.154295
v 0.376224 -0.647547 -0.136602
v 0.340121 -0.649595 -0.125521
v 0.578431 -2.470641 -0.145625
v 0.578431 -2.347718 -0.145625
v 0.578431 -2.250897 -0.145625
v 0.638750 -2.470641 -0.000000
v 0.638750 -2.347718 -0.000000
v 0.638750 -2.250897 -0.000000
v 0.340121 -3.703471 -0.125521
v 0.376224 -3.704339 -0.136602
v 0.409589 -3.703471 -0.154295
v 0.432807 -3.598575 -0.205176
v 0.432807 -3.664910 -0.199802
v 0.432807 -3.693805 -0.186183
v 0.287725 -0.778943 -0.145082
v 0.291525 -0.705582 -0.141281
v 0.301155 -0.668034 -0.131652
v 0.230939 -2.166543 0.040098
v 0.242758 -2.166543 0.078720
v 0.261710 -2.166543 0.114388
v 0.307286 -0.649595 -0.092686
v 0.296205 -0.647547 -0.056583
v 0.278512 -0.649595 -0.023218
v 0.578431 -2.470641 0.145624
v 0.578431 -2.347718 0.145624
v 0.578431 -2.250897 0.145624
v 0.278512 -3.703471 -0.023218
v 0.296205 -3.704339 -0.056583
v 0.307286 -3.703471 -0.092686
v 0.227630 -0.778943 -0.000000
v 0.233005 -0.705582 -0.000000
v 0.246624 -0.668034 -0.000000
v 0.318419 -2.166543 0.171096
v 0.354086 -2.166543 0.190048
v 0.392708 -2.166543 0.201868
v 0.278512 -0.649595 0.023217
v 0.296205 -0.647547 0.056582
v 0.307286 -0.649595 0.092685
v 0.432807 -2.470641 0.205943
v 0.432807 -2.347718 0.205943
v 0.432807 -2.250896 0.205943
v 0.307286 -3.703471 0.092685
v 0.296205 -3.704339 0.056582
v 0.278512 -3.703471 0.023217
v 0.287725 -0.778943 0.145081
v 0.291525 -0.705582 0.141281
v 0.301155 -0.668034 0.131651
v 0.472905 -2.166543 0.201868
v 0.511527 -2.166543 0.190048
v 0.547194 -2.166544 0.171096
v 0.340121 -0.649595 0.125520
v 0.376224 -0.647547 0.136601
v 0.409589 -0.649595 0.154294
v 0.287182 -2.470641 0.145624
v 0.287182 -2.347718 0.145624
v 0.287182 -2.250896 0.145624
v 0.409589 -3.703471 0.154294
v 0.376224 -3.704339 0.136601
v 0.340121 -3.703471 0.125520
v 0.432806 -0.778943 0.205176
v 0.432806 -0.705582 0.199801
v 0.432806 -0.668034 0.186183
v 0.603903 -2.166544 0.114388
v 0.622855 -2.166544 0.078720
v 0.634674 -2.166544 0.040098
v 0.456024 -0.649595 0.154294
v 0.489389 -0.647548 0.136601
v 0.525492 -0.649595 0.125520
v 0.226863 -2.470641 -0.000000
v 0.226863 -2.347718 -0.000000
v 0.226863 -2.250896 -0.000000
v 0.525492 -3.703471 0.125520
v 0.489389 -3.704339 0.136601
v 0.456024 -3.703471 0.154294
v 0.577888 -0.778943 0.145081
v 0.574088 -0.705582 0.141281
v 0.564458 -0.668034 0.131651
v 0.634674 -2.166544 -0.040099
v 0.622855 -2.166544 -0.078721
v 0.603903 -2.166544 -0.114388
v 0.558327 -0.649595 0.092685
v 0.569408 -0.647548 0.056582
v 0.587101 -0.649595 0.023217
v 0.287182 -2.470641 -0.145625
v 0.287182 -2.347718 -0.145625
v 0.287182 -2.250897 -0.145625
v 0.587101 -3.703471 0.023217
v 0.569408 -3.704339 0.056582
v 0.558327 -3.703471 0.092685
v 0.637982 -0.778943 -0.000000
v 0.632608 -0.705582 -0.000000
v 0.618989 -0.668034 -0.000000
v 0.547194 -2.166544 -0.171097
v 0.511527 -2.166544 -0.190048
v 0.472905 -2.166544 -0.201868
v 0.587101 -0.649595 -0.023218
v 0.569408 -0.647548 -0.056583
v 0.558327 -0.649595 -0.092686
v 0.432806 -1.861730 -0.205944
v 0.432806 -1.983603 -0.205944
v 0.432806 -2.081387 -0.205944
v 0.558327 -3.703471 -0.092686
v 0.569408 -3.704339 -0.056583
v 0.587101 -3.703471 -0.023218
v 0.577888 -0.778943 -0.145082
v 0.574088 -0.705582 -0.141281
v 0.564458 -0.668034 -0.131652
v 0.525492 -0.649595 -0.125521
v 0.489389 -0.647547 -0.136602
v 0.456024 -0.649595 -0.154295
v 0.456024 -3.703471 -0.154295
v 0.489389 -3.704339 -0.136602
v 0.525492 -3.703471 -0.125521
v 0.287182 -2.081387 -0.145625
v 0.287182 -1.983603 -0.145625
v 0.287182 -1.861730 -0.145625
v 0.226863 -2.081387 -0.000000
v 0.226863 -1.983603 -0.000000
v 0.226863 -1.861730 -0.000000
v 0.287182 -2.081387 0.145624
v 0.287182 -1.983603 0.145624
v 0.287182 -1.861730 0.145624
v 0.432806 -2.081387 0.205943
v 0.432806 -1.983603 0.205943
v 0.432806 -1.861730 0.205943
v 0.578431 -2.081387 0.145624
v 0.578431 -1.983603 0.145624
v 0.578431 -1.861730 0.145624
v 0.638750 -2.081387 -0.000000
v 0.638750 -1.983603 -0.000000
v 0.638750 -1.861730 -0.000000
v 0.432806 -1.077529 -0.205944
v 0.432806 -1.288348 -0.205944
v 0.432806 -1.506298 -0.205944
v 0.578431 -2.081387 -0.145625
v 0.578431 -1.983603 -0.145625
v 0.578431 -1.861730 -0.145625
v 0.392708 -1.704309 -0.201868
v 0.354086 -1.704309 -0.190048
v 0.318419 -1.704308 -0.171097
v 0.547194 -1.704309 -0.171097
v 0.511527 -1.704309 -0.190048
v 0.472905 -1.704309 -0.201868
v 0.634674 -1.704309 -0.040099
v 0.622855 -1.704309 -0.078721
v 0.603903 -1.704309 -0.114388
v 0.603903 -1.704309 0.114388
v 0.622855 -1.704309 0.078720
v 0.634674 -1.704309 0.040098
v 0.472905 -1.704308 0.201868
v 0.511527 -1.704309 0.190048
v 0.547194 -1.704309 0.171096
v 0.318419 -1.704308 0.171096
v 0.354086 -1.704308 0.190048
v 0.392708 -1.704308 0.201868
v 0.230938 -1.704308 0.040098
v 0.242758 -1.704308 0.078720
v 0.261710 -1.704308 0.114388
v 0.261710 -1.704308 -0.114388
v 0.242758 -1.704308 -0.078721
v 0.230939 -1.704308 -0.040099
v 0.578431 -3.295335 -0.145625
v 0.578431 -3.072896 -0.145625
v 0.578431 -2.841897 -0.145625
v 0.638750 -3.295335 -0.000000
v 0.638750 -3.072896 -0.000000
v 0.638750 -2.841897 -0.000000
v 0.432807 -2.250897 -0.205944
v 0.432807 -2.347718 -0.205944
v 0.432807 -2.470641 -0.205944
v 0.578431 -3.295335 0.145624
v 0.578431 -3.072896 0.145624
v 0.578431 -2.841897 0.145624
v 0.432807 -3.295335 0.205943
v 0.432807 -3.072896 0.205944
v 0.432807 -2.841896 0.205943
v 0.287182 -3.295335 0.145624
v 0.287182 -3.072896 0.145624
v 0.287182 -2.841896 0.145624
v 0.226863 -3.295335 -0.000000
v 0.226863 -3.072896 -0.000000
v 0.226863 -2.841896 -0.000000
v 0.287182 -3.295335 -0.145625
v 0.287182 -3.072896 -0.145625
v 0.287182 -2.841896 -0.145625
v 0.547195 -2.633300 -0.171097
v 0.511527 -2.633300 -0.190048
v 0.472905 -2.633300 -0.201868
v 0.634674 -2.633300 -0.040099
v 0.622855 -2.633300 -0.078721
v 0.603903 -2.633300 -0.114388
v 0.603903 -2.633300 0.114388
v 0.622855 -2.633300 0.078720
v 0.634674 -2.633300 0.040098
v 0.472905 -2.633300 0.201868
v 0.511527 -2.633300 0.190048
v 0.547195 -2.633300 0.171096
v 0.318419 -2.633300 0.171096
v 0.354086 -2.633300 0.190048
v 0.392708 -2.633300 0.201868
v 0.230939 -2.633300 0.040098
v 0.242758 -2.633300 0.078720
v 0.261710 -2.633300 0.114388
v 0.261710 -2.633300 -0.114388
v 0.242758 -2.633300 -0.078721
v 0.230939 -2.633300 -0.040099
v 0.392708 -2.633300 -0.201868
v 0.354086 -2.633300 -0.190049
v 0.318419 -2.633300 -0.171097
v 0.287182 -1.506298 -0.145625
v 0.287182 -1.288348 -0.145625
v 0.287182 -1.077529 -0.145625
v 0.226863 -1.506298 -0.000000
v 0.226863 -1.288348 -0.000000
v 0.226863 -1.077529 -0.000000
v 0.287182 -1.506298 0.145624
v 0.287182 -1.288348 0.145624
v 0.287182 -1.077529 0.145624
v 0.432806 -1.506298 0.205943
v 0.432806 -1.288348 0.205943
v 0.432806 -1.077529 0.205943
v 0.578431 -1.506298 0.145624
v 0.578431 -1.288348 0.145624
v 0.578431 -1.077529 0.145624
v 0.638750 -1.506298 -0.000000
v 0.638750 -1.288348 -0.000000
v 0.638750 -1.077529 -0.000000
v 0.578431 -1.506298 -0.145625
v 0.578431 -1.288348 -0.145625
v 0.578431 -1.077529 -0.145625
v 0.432806 -0.668034 -0.186183
v 0.432806 -0.705582 -0.199802
v 0.432806 -0.778943 -0.205176
v 0.261710 -0.900911 -0.114388
v 0.242758 -0.900911 -0.078721
v 0.230938 -0.900911 -0.040099
v 0.230938 -0.900911 0.040098
v 0.242758 -0.900911 0.078720
v 0.261710 -0.900911 0.114388
v 0.318418 -0.900911 0.171096
v 0.354086 -0.900911 0.190048
v 0.392708 -0.900911 0.201868
v 0.472905 -0.900911 0.201868
v 0.511527 -0.900911 0.190048
v 0.547194 -0.900911 0.171096
v 0.603903 -0.900911 0.114388
v 0.622854 -0.900911 0.078720
v 0.634674 -0.900911 0.040098
v 0.634674 -0.900911 -0.040099
v 0.622855 -0.900911 -0.078721
v 0.603903 -0.900911 -0.114388
v 0.547194 -0.900911 -0.171097
v 0.511527 -0.900911 -0.190048
v 0.472905 -0.900911 -0.201868
v 0.392708 -0.900911 -0.201868
v 0.354086 -0.900911 -0.190048
v 0.318418 -0.900911 -0.171097
v 0.432807 -2.841897 -0.205944
v 0.432807 -3.072896 -0.205944
v 0.432807 -3.295335 -0.205944
v 0.564458 -3.693805 -0.131652
v 0.574088 -3.664910 -0.141281
v 0.577888 -3.598575 -0.145082
v 0.618989 -3.693805 -0.000000
v 0.632608 -3.664910 -0.000000
v 0.637983 -3.598575 -0.000000
v 0.564458 -3.693805 0.131651
v 0.574088 -3.664910 0.141281
v 0.577888 -3.598575 0.145081
v 0.432807 -3.693805 0.186183
v 0.432807 -3.664910 0.199801
v 0.432807 -3.598575 0.205176
v 0.301155 -3.693805 0.131651
v 0.291525 -3.664910 0.141281
v 0.287725 -3.598575 0.145081
v 0.246624 -3.693805 -0.000000
v 0.233005 -3.664910 -0.000000
v 0.227631 -3.598575 -0.000000
v 0.301155 -3.693805 -0.131652
v 0.291525 -3.664910 -0.141281
v 0.287725 -3.598575 -0.145082
v 0.547195 -3.478246 -0.171097
v 0.511527 -3.478246 -0.190048
v 0.472905 -3.478246 -0.201868
v 0.634675 -3.478246 -0.040099
v 0.622855 -3.478246 -0.078721
v 0.603903 -3.478246 -0.114388
v 0.603903 -3.478246 0.114388
v 0.622855 -3.478246 0.078720
v 0.634674 -3.478246 0.040098
v 0.472905 -3.478246 0.201868
v 0.511527 -3.478246 0.190048
v 0.547195 -3.478246 0.171096
v 0.318419 -3.478246 0.171096
v 0.354086 -3.478246 0.190048
v 0.392708 -3.478246 0.201868
v 0.230939 -3.478246 0.040098
v 0.242759 -3.478246 0.078720
v 0.261710 -3.478246 0.114388
v 0.261710 -3.478246 -0.114388
v 0.242759 -3.478246 -0.078721
v 0.230939 -3.478246 -0.040099
v 0.392708 -3.478246 -0.201868
v 0.354086 -3.478246 -0.190048
v 0.318419 -3.478246 -0.171097
v -0.475267 -2.166544 -0.201868
v -0.513889 -2.166544 -0.190048
v -0.549556 -2.166543 -0.171097
v -0.606265 -2.166543 -0.114388
v -0.625216 -2.166543 -0.078721
v -0.637036 -2.166543 -0.040099
v -0.458386 -0.649595 -0.154295
v -0.491751 -0.647547 -0.136602
v -0.527854 -0.649595 -0.125521
v -0.289544 -2.470641 -0.145625
v -0.289544 -2.347718 -0.145625
v -0.289544 -2.250897 -0.145625
v -0.229225 -2.470641 -0.000000
v -0.229225 -2.347718 -0.000000
v -0.229225 -2.250897 -0.000000
v -0.527854 -3.703471 -0.125521
v -0.491750 -3.704339 -0.136602
v -0.458386 -3.703471 -0.154295
v -0.435168 -3.598575 -0.205176
v -0.435168 -3.664910 -0.199802
v -0.435168 -3.693805 -0.186183
v -0.580250 -0.778943 -0.145082
v -0.576450 -0.705582 -0.141281
v -0.566820 -0.668034 -0.131652
v -0.637036 -2.166543 0.040098
v -0.625217 -2.166543 0.078720
v -0.606265 -2.166543 0.114388
v -0.560689 -0.649595 -0.092686
v -0.571770 -0.647548 -0.056583
v -0.589463 -0.649595 -0.023218
v -0.289544 -2.470641 0.145624
v -0.289544 -2.347718 0.145624
v -0.289544 -2.250897 0.145624
v -0.589463 -3.703471 -0.023218
v -0.571770 -3.704339 -0.056583
v -0.560688 -3.703471 -0.092686
v -0.640345 -0.778943 -0.000000
v -0.634970 -0.705582 -0.000000
v -0.621351 -0.668034 -0.000000
v -0.549556 -2.166543 0.171096
v -0.513889 -2.166543 0.190048
v -0.475267 -2.166543 0.201868
v -0.589463 -0.649595 0.023217
v -0.571770 -0.647547 0.056582
v -0.560689 -0.649595 0.092685
v -0.435168 -2.470641 0.205943
v -0.435169 -2.347718 0.205943
v -0.435168 -2.250897 0.205943
v -0.560688 -3.703471 0.092685
v -0.571770 -3.704339 0.056582
v -0.589463 -3.703471 0.023217
v -0.580250 -0.778943 0.145081
v -0.576450 -0.705582 0.141281
v -0.566820 -0.668034 0.131651
v -0.395070 -2.166543 0.201868
v -0.356448 -2.166543 0.190048
v -0.320780 -2.166544 0.171096
v -0.527854 -0.649595 0.125520
v -0.491751 -0.647547 0.136601
v -0.458386 -0.649595 0.154294
v -0.580793 -2.470641 0.145624
v -0.580793 -2.347718 0.145624
v -0.580793 -2.250896 0.145624
v -0.458386 -3.703471 0.154294
v -0.491751 -3.704339 0.136601
v -0.527854 -3.703471 0.125520
v -0.435169 -0.778943 0.205176
v -0.435168 -0.705582 0.199801
v -0.435168 -0.668034 0.186183
v -0.264072 -2.166544 0.114388
v -0.245120 -2.166544 0.078720
v -0.233300 -2.166544 0.040098
v -0.411951 -0.649595 0.154294
v -0.378586 -0.647547 0.136601
v -0.342483 -0.649595 0.125520
v -0.641112 -2.470641 -0.000000
v -0.641112 -2.347718 -0.000000
v -0.641112 -2.250896 -0.000000
v -0.342483 -3.703471 0.125520
v -0.378586 -3.704339 0.136601
v -0.411951 -3.703471 0.154294
v -0.290087 -0.778943 0.145081
v -0.293888 -0.705582 0.141281
v -0.303517 -0.668034 0.131651
v -0.233300 -2.166544 -0.040099
v -0.245120 -2.166544 -0.078721
v -0.264072 -2.166544 -0.114388
v -0.309648 -0.649595 0.092685
v -0.298567 -0.647547 0.056582
v -0.280874 -0.649595 0.023217
v -0.580793 -2.470641 -0.145625
v -0.580793 -2.347718 -0.145625
v -0.580793 -2.250897 -0.145625
v -0.280874 -3.703471 0.023217
v -0.298567 -3.704339 0.056582
v -0.309648 -3.703471 0.092685
v -0.229992 -0.778943 -0.000000
v -0.235367 -0.705582 -0.000000
v -0.248986 -0.668034 -0.000000
v -0.320780 -2.166544 -0.171097
v -0.356448 -2.166544 -0.190048
v -0.395070 -2.166544 -0.201868
v -0.280874 -0.649595 -0.023218
v -0.298567 -0.647547 -0.056583
v -0.309648 -0.649595 -0.092686
v -0.435168 -1.861730 -0.205944
v -0.435168 -1.983603 -0.205944
v -0.435168 -2.081387 -0.205944
v -0.309648 -3.703471 -0.092686
v -0.298567 -3.704339 -0.056583
v -0.280874 -3.703471 -0.023218
v -0.290087 -0.778943 -0.145082
v -0.293887 -0.705582 -0.141281
v -0.303517 -0.668034 -0.131652
v -0.342483 -0.649595 -0.125521
v -0.378586 -0.647547 -0.136602
v -0.411951 -0.649595 -0.154295
v -0.411951 -3.703471 -0.154295
v -0.378586 -3.704339 -0.136602
v -0.342483 -3.703471 -0.125521
v -0.580793 -2.081387 -0.145625
v -0.580793 -1.983603 -0.145625
v -0.580793 -1.861730 -0.145625
v -0.641112 -2.081387 -0.000000
v -0.641112 -1.983603 -0.000000
v -0.641112 -1.861730 -0.000000
v -0.580793 -2.081387 0.145624
v -0.580793 -1.983603 0.145624
v -0.580793 -1.861730 0.145624
v -0.435168 -2.081387 0.205943
v -0.435168 -1.983603 0.205943
v -0.435168 -1.861730 0.205943
v -0.289544 -2.081387 0.145624
v -0.289544 -1.983603 0.145624
v -0.289544 -1.861730 0.145624
v -0.229225 -2.081387 -0.000000
v -0.229225 -1.983603 -0.000000
v -0.229225 -1.861730 -0.000000
v -0.435168 -1.077529 -0.205944
v -0.435168 -1.288348 -0.205944
v -0.435168 -1.506298 -0.205944
v -0.289544 -2.081387 -0.145625
v -0.289544 -1.983603 -0.145625
v -0.289544 -1.861730 -0.145625
v -0.475267 -1.704309 -0.201868
v -0.513889 -1.704308 -0.190048
v -0.549557 -1.704308 -0.171097
v -0.320780 -1.704309 -0.171097
v -0.356448 -1.704309 -0.190048
v -0.395070 -1.704309 -0.201868
v -0.233301 -1.704309 -0.040099
v -0.245120 -1.704309 -0.078721
v -0.264072 -1.704309 -0.114388
v -0.264072 -1.704309 0.114388
v -0.245120 -1.704309 0.078720
v -0.233301 -1.704309 0.040098
v -0.395070 -1.704308 0.201868
v -0.356448 -1.704309 0.190048
v -0.320780 -1.704309 0.171096
v -0.549556 -1.704308 0.171096
v -0.513889 -1.704308 0.190048
v -0.475267 -1.704308 0.201868
v -0.637036 -1.704308 0.040098
v -0.625217 -1.704308 0.078720
v -0.606265 -1.704308 0.114388
v -0.606265 -1.704308 -0.114388
v -0.625217 -1.704308 -0.078721
v -0.637036 -1.704308 -0.040099
v -0.289544 -3.295335 -0.145625
v -0.289544 -3.072896 -0.145625
v -0.289544 -2.841897 -0.145625
v -0.229225 -3.295335 -0.000000
v -0.229225 -3.072896 -0.000000
v -0.229225 -2.841897 -0.000000
v -0.435168 -2.250897 -0.205944
v -0.435169 -2.347718 -0.205944
v -0.435169 -2.470641 -0.205944
v -0.289544 -3.295335 0.145624
v -0.289544 -3.072896 0.145624
v -0.289544 -2.841896 0.145624
v -0.435168 -3.295335 0.205943
v -0.435168 -3.072896 0.205944
v -0.435168 -2.841896 0.205943
v -0.580792 -3.295335 0.145624
v -0.580793 -3.072896 0.145624
v -0.580793 -2.841896 0.145624
v -0.641112 -3.295335 -0.000000
v -0.641112 -3.072896 -0.000000
v -0.641112 -2.841896 -0.000000
v -0.580793 -3.295335 -0.145625
v -0.580792 -3.072896 -0.145625
v -0.580793 -2.841896 -0.145625
v -0.320780 -2.633300 -0.171097
v -0.356448 -2.633300 -0.190048
v -0.395070 -2.633300 -0.201868
v -0.233300 -2.633300 -0.040099
v -0.245120 -2.633300 -0.078721
v -0.264072 -2.633300 -0.114388
v -0.264072 -2.633300 0.114388
v -0.245120 -2.633300 0.078720
v -0.233300 -2.633300 0.040098
v -0.395070 -2.633300 0.201868
v -0.356448 -2.633300 0.190048
v -0.320780 -2.633300 0.171096
v -0.549556 -2.633300 0.171096
v -0.513889 -2.633300 0.190048
v -0.475267 -2.633300 0.201868
v -0.637036 -2.633300 0.040098
v -0.625217 -2.633300 0.078720
v -0.606265 -2.633300 0.114388
v -0.606265 -2.633300 -0.114388
v -0.625216 -2.633300 -0.078721
v -0.637036 -2.633300 -0.040099
v -0.475267 -2.633300 -0.201868
v -0.513889 -2.633300 -0.190049
v -0.549556 -2.633300 -0.171097
v -0.580793 -1.506298 -0.145625
v -0.580793 -1.288348 -0.145625
v -0.580793 -1.077529 -0.145625
v -0.641112 -1.506298 -0.000000
v -0.641112 -1.288348 -0.000000
v -0.641112 -1.077529 -0.000000
v -0.580793 -1.506298 0.145624
v -0.580793 -1.288348 0.145624
v -0.580793 -1.077529 0.145624
v -0.435168 -1.506298 0.205943
v -0.435168 -1.288348 0.205943
v -0.435168 -1.077529 0.205943
v -0.289544 -1.506298 0.145624
v -0.289544 -1.288348 0.145624
v -0.289544 -1.077529 0.145624
v -0.229225 -1.506298 -0.000000
v -0.229225 -1.288348 -0.000000
v -0.229225 -1.077529 -0.000000
v -0.289544 -1.506298 -0.145625
v -0.289544 -1.288348 -0.145625
v -0.289544 -1.077529 -0.145625
v -0.435168 -0.668034 -0.186183
v -0.435168 -0.705582 -0.199802
v -0.435169 -0.778943 -0.205176
v -0.606265 -0.900911 -0.114388
v -0.625217 -0.900911 -0.078721
v -0.637037 -0.900911 -0.040099
v -0.637036 -0.900911 0.040098
v -0.625217 -0.900911 0.078720
v -0.606265 -0.900911 0.114388
v -0.549556 -0.900911 0.171096
v -0.513889 -0.900911 0.190048
v -0.475267 -0.900911 0.201868
v -0.395070 -0.900911 0.201868
v -0.356448 -0.900911 0.190048
v -0.320780 -0.900911 0.171096
v -0.264072 -0.900911 0.114388
v -0.245120 -0.900911 0.078720
v -0.233301 -0.900911 0.040098
v -0.233301 -0.900911 -0.040099
v -0.245120 -0.900911 -0.078721
v -0.264072 -0.900911 -0.114388
v -0.320780 -0.900911 -0.171097
v -0.356448 -0.900911 -0.190048
v -0.395070 -0.900911 -0.201868
v -0.475267 -0.900911 -0.201868
v -0.513889 -0.900911 -0.190048
v -0.549557 -0.900911 -0.171097
v -0.435169 -2.841896 -0.205944
v -0.435169 -3.072896 -0.205944
v -0.435169 -3.295335 -0.205944
v -0.303517 -3.693805 -0.131652
v -0.293887 -3.664910 -0.141281
v -0.290087 -3.598575 -0.145082
v -0.248985 -3.693805 -0.000000
v -0.235367 -3.664910 -0.000000
v -0.229992 -3.598575 -0.000000
v -0.303517 -3.693805 0.131651
v -0.293887 -3.664910 0.141281
v -0.290087 -3.598575 0.145081
v -0.435168 -3.693805 0.186183
v -0.435168 -3.664910 0.199801
v -0.435168 -3.598575 0.205176
v -0.566820 -3.693805 0.131651
v -0.576449 -3.664910 0.141281
v -0.580250 -3.598575 0.145081
v -0.621351 -3.693805 -0.000000
v -0.634970 -3.664910 -0.000000
v -0.640344 -3.598575 -0.000000
v -0.566820 -3.693805 -0.131652
v -0.576449 -3.664910 -0.141281
v -0.580250 -3.598575 -0.145082
v -0.320780 -3.478246 -0.171097
v -0.356448 -3.478246 -0.190048
v -0.395070 -3.478246 -0.201868
v -0.233301 -3.478246 -0.040099
v -0.245120 -3.478246 -0.078721
v -0.264072 -3.478246 -0.114388
v -0.264072 -3.478246 0.114388
v -0.245120 -3.478246 0.078720
v -0.233300 -3.478246 0.040098
v -0.395070 -3.478246 0.201868
v -0.356448 -3.478246 0.190048
v -0.320780 -3.478246 0.171096
v -0.549556 -3.478246 0.171096
v -0.513889 -3.478246 0.190048
v -0.475267 -3.478246 0.201868
v -0.637036 -3.478246 0.040098
v -0.625216 -3.478246 0.078720
v -0.606265 -3.478246 0.114388
v -0.606265 -3.478246 -0.114388
v -0.625216 -3.478246 -0.078721
v -0.637036 -3.478246 -0.040099
v -0.475267 -3.478246 -0.201868
v -0.513889 -3.478246 -0.190048
v -0.549556 -3.478246 -0.171097
v 0.261710 -2.470641 -0.114388
v 0.242758 -2.470641 -0.078721
v 0.230939 -2.470641 -0.040099
v 0.261710 -2.347718 -0.114388
v 0.242758 -2.347718 -0.078721
v 0.230939 -2.347718 -0.040099
v 0.261710 -2.250896 -0.114388
v 0.242758 -2.250896 -0.078721
v 0.230939 -2.250896 -0.040099
v 0.392910 -3.598591 -0.201043
v 0.394325 -3.665038 -0.195264
v 0.398575 -3.694283 -0.180200
v 0.354442 -3.598607 -0.189189
v 0.356935 -3.665166 -0.183171
v 0.363620 -3.694701 -0.167033
v 0.318859 -3.598591 -0.170370
v 0.321945 -3.665038 -0.165283
v 0.329592 -3.694283 -0.151626
v 0.230938 -1.861730 0.040098
v 0.230938 -1.983603 0.040098
v 0.230939 -2.081387 0.040098
v 0.242758 -1.861730 0.078720
v 0.242758 -1.983603 0.078720
v 0.242758 -2.081387 0.078720
v 0.261710 -1.861730 0.114388
v 0.261710 -1.983603 0.114388
v 0.261710 -2.081387 0.114388
v 0.262437 -3.598591 -0.113948
v 0.267524 -3.665038 -0.110862
v 0.281181 -3.694283 -0.103215
v 0.243618 -3.598607 -0.078365
v 0.249636 -3.665166 -0.075872
v 0.265774 -3.694701 -0.069187
v 0.231764 -3.598591 -0.039897
v 0.237543 -3.665038 -0.038482
v 0.252607 -3.694283 -0.034232
v 0.318419 -1.861730 0.171096
v 0.318419 -1.983603 0.171096
v 0.318419 -2.081387 0.171096
v 0.354086 -1.861730 0.190048
v 0.354086 -1.983603 0.190048
v 0.354086 -2.081387 0.190048
v 0.392708 -1.861730 0.201868
v 0.392708 -1.983603 0.201868
v 0.392708 -2.081387 0.201868
v 0.231764 -3.598591 0.039896
v 0.237543 -3.665038 0.038482
v 0.252607 -3.694283 0.034231
v 0.243618 -3.598607 0.078364
v 0.249636 -3.665166 0.075871
v 0.265774 -3.694701 0.069187
v 0.262437 -3.598591 0.113947
v 0.267524 -3.665038 0.110861
v 0.281181 -3.694283 0.103214
v 0.472905 -1.861730 0.201868
v 0.472905 -1.983603 0.201868
v 0.472905 -2.081387 0.201868
v 0.511527 -1.861730 0.190048
v 0.511527 -1.983603 0.190048
v 0.511527 -2.081387 0.190048
v 0.547194 -1.861730 0.171096
v 0.547194 -1.983603 0.171096
v 0.547194 -2.081387 0.171096
v 0.318859 -3.598591 0.170369
v 0.321945 -3.665038 0.165283
v 0.329592 -3.694283 0.151625
v 0.354442 -3.598607 0.189188
v 0.356935 -3.665166 0.183170
v 0.363620 -3.694701 0.167032
v 0.392910 -3.598591 0.201042
v 0.394325 -3.665038 0.195263
v 0.398575 -3.694283 0.180199
v 0.603903 -1.861730 0.114388
v 0.603903 -1.983603 0.114388
v 0.603903 -2.081387 0.114388
v 0.622855 -1.861730 0.078720
v 0.622855 -1.983603 0.078720
v 0.622855 -2.081387 0.078720
v 0.634674 -1.861730 0.040098
v 0.634674 -1.983603 0.040098
v 0.634674 -2.081387 0.040098
v 0.472703 -3.598591 0.201042
v 0.471289 -3.665038 0.195263
v 0.467038 -3.694283 0.180199
v 0.511171 -3.598607 0.189188
v 0.508678 -3.665166 0.183170
v 0.501994 -3.694701 0.167032
v 0.546754 -3.598591 0.170369
v 0.543668 -3.665038 0.165283
v 0.536021 -3.694283 0.151625
v 0.603903 -2.470641 -0.114388
v 0.603903 -2.347718 -0.114388
v 0.603903 -2.250897 -0.114388
v 0.622855 -2.470641 -0.078721
v 0.622855 -2.347718 -0.078721
v 0.622855 -2.250897 -0.078721
v 0.634674 -2.470641 -0.040099
v 0.634674 -2.347718 -0.040099
v 0.634674 -2.250897 -0.040099
v 0.603176 -3.598591 0.113947
v 0.598090 -3.665038 0.110861
v 0.584432 -3.694283 0.103214
v 0.621995 -3.598607 0.078364
v 0.615977 -3.665166 0.075871
v 0.599839 -3.694701 0.069187
v 0.633849 -3.598591 0.039896
v 0.628070 -3.665038 0.038482
v 0.613006 -3.694283 0.034231
v 0.432807 -3.710952 -0.000000
v 0.348550 -3.707206 -0.084257
v 0.396454 -3.708577 -0.087764
v 0.432807 -3.707206 -0.119157
v 0.469159 -3.708577 -0.087764
v 0.517063 -3.707206 -0.084257
v 0.520570 -3.708577 -0.036353
v 0.551963 -3.707206 -0.000000
v 0.520570 -3.708577 0.036352
v 0.517063 -3.707206 0.084256
v 0.469159 -3.708577 0.087763
v 0.432807 -3.707206 0.119156
v 0.396454 -3.708577 0.087763
v 0.348550 -3.707206 0.084256
v 0.345043 -3.708577 0.036352
v 0.313650 -3.707206 -0.000000
v 0.345043 -3.708577 -0.036353
v 0.547194 -1.861730 -0.171097
v 0.547194 -1.983603 -0.171097
v 0.547194 -2.081387 -0.171097
v 0.511527 -1.861730 -0.190048
v 0.511527 -1.983603 -0.190048
v 0.511527 -2.081387 -0.190048
v 0.472905 -1.861730 -0.201868
v 0.472905 -1.983603 -0.201868
v 0.472905 -2.081387 -0.201868
v 0.633849 -3.598591 -0.039897
v 0.628070 -3.665038 -0.038482
v 0.613006 -3.694283 -0.034232
v 0.621995 -3.598607 -0.078365
v 0.615977 -3.665166 -0.075872
v 0.599839 -3.694701 -0.069187
v 0.603176 -3.598591 -0.113948
v 0.598090 -3.665038 -0.110862
v 0.584432 -3.694283 -0.103215
v 0.392708 -1.861730 -0.201868
v 0.392708 -1.983603 -0.201868
v 0.392708 -2.081387 -0.201868
v 0.354086 -1.861730 -0.190048
v 0.354086 -1.983603 -0.190048
v 0.354086 -2.081387 -0.190048
v 0.318419 -1.861730 -0.171097
v 0.318419 -1.983603 -0.171097
v 0.318419 -2.081387 -0.171097
v 0.546754 -3.598591 -0.170370
v 0.543668 -3.665038 -0.165283
v 0.536021 -3.694283 -0.151626
v 0.511171 -3.598607 -0.189189
v 0.508678 -3.665166 -0.183171
v 0.501994 -3.694701 -0.167033
v 0.472703 -3.598591 -0.201043
v 0.471289 -3.665038 -0.195264
v 0.467038 -3.694283 -0.180200
v 0.432806 -0.631935 -0.000000
v 0.432806 -0.640778 -0.119157
v 0.396454 -0.637541 -0.087764
v 0.348550 -0.640778 -0.084257
v 0.345043 -0.637541 -0.036353
v 0.313650 -0.640777 -0.000000
v 0.345043 -0.637541 0.036352
v 0.348550 -0.640778 0.084256
v 0.396454 -0.637541 0.087763
v 0.432806 -0.640777 0.119156
v 0.469159 -0.637541 0.087763
v 0.517063 -0.640778 0.084256
v 0.520570 -0.637541 0.036352
v 0.551963 -0.640778 -0.000000
v 0.520570 -0.637541 -0.036353
v 0.517063 -0.640778 -0.084257
v 0.469159 -0.637541 -0.087764
v 0.392708 -1.077529 -0.201868
v 0.392708 -1.288348 -0.201868
v 0.392708 -1.506298 -0.201868
v 0.354086 -1.077529 -0.190048
v 0.354086 -1.288348 -0.190048
v 0.354086 -1.506298 -0.190048
v 0.318418 -1.077529 -0.171097
v 0.318419 -1.288348 -0.171097
v 0.318419 -1.506298 -0.171097
v 0.547194 -1.077529 -0.171097
v 0.547194 -1.288348 -0.171097
v 0.547194 -1.506298 -0.171097
v 0.511527 -1.077529 -0.190048
v 0.511527 -1.288348 -0.190048
v 0.511527 -1.506298 -0.190048
v 0.472905 -1.077529 -0.201868
v 0.472905 -1.288348 -0.201868
v 0.472905 -1.506298 -0.201868
v 0.634674 -1.077529 -0.040099
v 0.634674 -1.288348 -0.040099
v 0.634674 -1.506298 -0.040099
v 0.622854 -1.077529 -0.078721
v 0.622855 -1.288348 -0.078721
v 0.622855 -1.506298 -0.078721
v 0.603903 -1.077529 -0.114388
v 0.603903 -1.288348 -0.114388
v 0.603903 -1.506298 -0.114388
v 0.603903 -1.077529 0.114388
v 0.603903 -1.288348 0.114388
v 0.603903 -1.506298 0.114388
v 0.622855 -1.077529 0.078720
v 0.622855 -1.288348 0.078720
v 0.622855 -1.506298 0.078720
v 0.634674 -1.077529 0.040098
v 0.634674 -1.288348 0.040098
v 0.634674 -1.506298 0.040098
v 0.472905 -1.077529 0.201868
v 0.472905 -1.288348 0.201868
v 0.472905 -1.506298 0.201868
v 0.511527 -1.077529 0.190048
v 0.511527 -1.288348 0.190048
v 0.511527 -1.506298 0.190048
v 0.547194 -1.077529 0.171096
v 0.547194 -1.288348 0.171096
v 0.547194 -1.506298 0.171096
v 0.318419 -1.077529 0.171096
v 0.318419 -1.288348 0.171096
v 0.318419 -1.506298 0.171096
v 0.354086 -1.077529 0.190048
v 0.354086 -1.288348 0.190048
v 0.354086 -1.506298 0.190048
v 0.392708 -1.077529 0.201868
v 0.392708 -1.288348 0.201868
v 0.392708 -1.506298 0.201868
v 0.230938 -1.077529 0.040098
v 0.230938 -1.288348 0.040098
v 0.230938 -1.506298 0.040098
v 0.242758 -1.077529 0.078720
v 0.242758 -1.288348 0.078720
v 0.242758 -1.506298 0.078720
v 0.261710 -1.077529 0.114388
v 0.261710 -1.288348 0.114388
v 0.261710 -1.506298 0.114388
v 0.261710 -1.077529 -0.114388
v 0.261710 -1.288348 -0.114388
v 0.261710 -1.506298 -0.114388
v 0.242758 -1.077529 -0.078721
v 0.242758 -1.288348 -0.078721
v 0.242758 -1.506298 -0.078721
v 0.230938 -1.077529 -0.040099
v 0.230938 -1.288348 -0.040099
v 0.230938 -1.506298 -0.040099
v 0.547194 -2.250897 -0.171097
v 0.547194 -2.347718 -0.171097
v 0.547194 -2.470641 -0.171097
v 0.511527 -2.250897 -0.190048
v 0.511527 -2.347718 -0.190049
v 0.511527 -2.470641 -0.190049
v 0.472905 -2.250897 -0.201868
v 0.472905 -2.347718 -0.201868
v 0.472905 -2.470641 -0.201868
v 0.603903 -2.250897 0.114388
v 0.603903 -2.347718 0.114388
v 0.603903 -2.470641 0.114388
v 0.622855 -2.250897 0.078720
v 0.622855 -2.347718 0.078720
v 0.622855 -2.470641 0.078720
v 0.634674 -2.250897 0.040098
v 0.634674 -2.347718 0.040098
v 0.634674 -2.470641 0.040098
v 0.472905 -2.250897 0.201868
v 0.472905 -2.347718 0.201868
v 0.472905 -2.470641 0.201868
v 0.511527 -2.250897 0.190048
v 0.511527 -2.347718 0.190048
v 0.511527 -2.470641 0.190048
v 0.547194 -2.250897 0.171096
v 0.547194 -2.347718 0.171096
v 0.547195 -2.470641 0.171096
v 0.318419 -2.250896 0.171096
v 0.318419 -2.347718 0.171096
v 0.318419 -2.470641 0.171096
v 0.354086 -2.250896 0.190048
v 0.354086 -2.347718 0.190048
v 0.354086 -2.470641 0.190048
v 0.392708 -2.250896 0.201868
v 0.392708 -2.347718 0.201868
v 0.392708 -2.470641 0.201868
v 0.230939 -2.250896 0.040098
v 0.230939 -2.347718 0.040098
v 0.230939 -2.470641 0.040098
v 0.242758 -2.250896 0.078720
v 0.242758 -2.347718 0.078720
v 0.242758 -2.470641 0.078720
v 0.261710 -2.250896 0.114388
v 0.261710 -2.347718 0.114388
v 0.261710 -2.470641 0.114388
v -0.233301 -2.081387 -0.040099
v -0.245120 -2.081387 -0.078721
v -0.264072 -2.081387 -0.114388
v -0.233300 -1.983603 -0.040099
v -0.245120 -1.983603 -0.078721
v -0.264072 -1.983603 -0.114388
v -0.233301 -1.861730 -0.040099
v -0.245120 -1.861730 -0.078721
v -0.264072 -1.861730 -0.114388
v 0.392708 -2.250897 -0.201868
v 0.392708 -2.347718 -0.201868
v 0.392708 -2.470641 -0.201868
v 0.354086 -2.250897 -0.190049
v 0.354086 -2.347718 -0.190049
v 0.354086 -2.470641 -0.190049
v 0.318419 -2.250897 -0.171097
v 0.318419 -2.347718 -0.171097
v 0.318419 -2.470641 -0.171097
v 0.281181 -0.666906 -0.103215
v 0.267523 -0.705280 -0.110862
v 0.262437 -0.778905 -0.113948
v 0.265774 -0.665919 -0.069187
v 0.249636 -0.704978 -0.075872
v 0.243618 -0.778867 -0.078365
v 0.252607 -0.666906 -0.034232
v 0.237543 -0.705280 -0.038482
v 0.231764 -0.778905 -0.039897
v 0.252607 -0.666906 0.034231
v 0.237543 -0.705280 0.038482
v 0.231764 -0.778906 0.039896
v 0.265774 -0.665919 0.069187
v 0.249636 -0.704978 0.075871
v 0.243618 -0.778867 0.078364
v 0.281181 -0.666906 0.103214
v 0.267523 -0.705280 0.110861
v 0.262437 -0.778905 0.113947
v 0.329592 -0.666906 0.151625
v 0.321945 -0.705280 0.165283
v 0.318859 -0.778906 0.170369
v 0.363619 -0.665919 0.167032
v 0.356935 -0.704978 0.183170
v 0.354442 -0.778867 0.189188
v 0.398575 -0.666906 0.180199
v 0.394325 -0.705280 0.195263
v 0.392910 -0.778905 0.201042
v 0.467038 -0.666906 0.180199
v 0.471288 -0.705280 0.195263
v 0.472703 -0.778906 0.201042
v 0.501994 -0.665919 0.167032
v 0.508678 -0.704978 0.183170
v 0.511171 -0.778868 0.189188
v 0.536021 -0.666906 0.151625
v 0.543668 -0.705280 0.165283
v 0.546754 -0.778905 0.170369
v 0.584432 -0.666906 0.103214
v 0.598089 -0.705280 0.110861
v 0.603176 -0.778906 0.113947
v 0.599839 -0.665919 0.069187
v 0.615977 -0.704978 0.075871
v 0.621995 -0.778868 0.078364
v 0.613006 -0.666906 0.034231
v 0.628070 -0.705280 0.038482
v 0.633849 -0.778905 0.039896
v 0.613006 -0.666906 -0.034232
v 0.628070 -0.705280 -0.038482
v 0.633849 -0.778906 -0.039897
v 0.599839 -0.665919 -0.069187
v 0.615977 -0.704978 -0.075872
v 0.621995 -0.778868 -0.078365
v 0.584432 -0.666906 -0.103215
v 0.598089 -0.705280 -0.110862
v 0.603176 -0.778905 -0.113948
v 0.536021 -0.666906 -0.151626
v 0.543668 -0.705280 -0.165283
v 0.546754 -0.778906 -0.170370
v 0.501994 -0.665919 -0.167033
v 0.508678 -0.704978 -0.183171
v 0.511171 -0.778868 -0.189189
v 0.467038 -0.666906 -0.180200
v 0.471288 -0.705280 -0.195264
v 0.472703 -0.778905 -0.201043
v 0.398575 -0.666906 -0.180200
v 0.394325 -0.705280 -0.195264
v 0.392910 -0.778905 -0.201043
v 0.363619 -0.665919 -0.167033
v 0.356935 -0.704978 -0.183171
v 0.354442 -0.778867 -0.189189
v 0.329592 -0.666906 -0.151626
v 0.321945 -0.705280 -0.165283
v 0.318859 -0.778905 -0.170370
v 0.547195 -2.841897 -0.171097
v 0.547195 -3.072896 -0.171097
v 0.547195 -3.295335 -0.171097
v 0.511527 -2.841897 -0.190049
v 0.511527 -3.072896 -0.190049
v 0.511527 -3.295335 -0.190049
v 0.472905 -2.841897 -0.201868
v 0.472905 -3.072896 -0.201868
v 0.472905 -3.295335 -0.201868
v 0.634674 -2.841897 -0.040099
v 0.634674 -3.072896 -0.040099
v 0.634674 -3.295335 -0.040099
v 0.622855 -2.841897 -0.078721
v 0.622855 -3.072896 -0.078721
v 0.622855 -3.295335 -0.078721
v 0.603903 -2.841897 -0.114388
v 0.603903 -3.072896 -0.114388
v 0.603903 -3.295335 -0.114388
v 0.603903 -2.841897 0.114388
v 0.603903 -3.072896 0.114388
v 0.603903 -3.295335 0.114388
v 0.622855 -2.841897 0.078720
v 0.622855 -3.072896 0.078720
v 0.622855 -3.295335 0.078720
v 0.634674 -2.841897 0.040098
v 0.634674 -3.072896 0.040098
v 0.634674 -3.295335 0.040098
v 0.472905 -2.841896 0.201868
v 0.472905 -3.072896 0.201868
v 0.472905 -3.295335 0.201868
v 0.511527 -2.841897 0.190048
v 0.511527 -3.072896 0.190048
v 0.511527 -3.295335 0.190048
v 0.547195 -2.841896 0.171096
v 0.547195 -3.072896 0.171096
v 0.547195 -3.295335 0.171096
v 0.318419 -2.841896 0.171096
v 0.318419 -3.072896 0.171096
v 0.318419 -3.295335 0.171096
v 0.354086 -2.841896 0.190048
v 0.354086 -3.072896 0.190048
v 0.354086 -3.295335 0.190048
v 0.392708 -2.841896 0.201868
v 0.392708 -3.072896 0.201868
v 0.392708 -3.295335 0.201868
v 0.230939 -2.841896 0.040098
v 0.230939 -3.072896 0.040098
v 0.230939 -3.295335 0.040098
v 0.242758 -2.841896 0.078720
v 0.242759 -3.072896 0.078720
v 0.242759 -3.295335 0.078720
v 0.261710 -2.841896 0.114388
v 0.261710 -3.072896 0.114388
v 0.261710 -3.295335 0.114388
v 0.261710 -2.841896 -0.114388
v 0.261710 -3.072896 -0.114388
v 0.261710 -3.295335 -0.114388
v 0.242758 -2.841896 -0.078721
v 0.242758 -3.072896 -0.078721
v 0.242759 -3.295335 -0.078721
v 0.230939 -2.841896 -0.040099
v 0.230939 -3.072896 -0.040099
v 0.230939 -3.295335 -0.040099
v 0.392708 -2.841897 -0.201868
v 0.392708 -3.072896 -0.201868
v 0.392708 -3.295335 -0.201868
v 0.354086 -2.841897 -0.190049
v 0.354086 -3.072896 -0.190048
v 0.354086 -3.295335 -0.190049
v 0.318419 -2.841896 -0.171097
v 0.318419 -3.072896 -0.171097
v 0.318419 -3.295335 -0.171097
v -0.606265 -2.470641 -0.114388
v -0.625216 -2.470641 -0.078721
v -0.637036 -2.470641 -0.040099
v -0.606265 -2.347718 -0.114388
v -0.625216 -2.347718 -0.078721
v -0.637036 -2.347718 -0.040099
v -0.606265 -2.250896 -0.114388
v -0.625216 -2.250896 -0.078721
v -0.637036 -2.250896 -0.040099
v -0.475065 -3.598591 -0.201043
v -0.473650 -3.665038 -0.195264
v -0.469400 -3.694283 -0.180200
v -0.513533 -3.598607 -0.189189
v -0.511040 -3.665165 -0.183171
v -0.504355 -3.694701 -0.167033
v -0.549116 -3.598591 -0.170370
v -0.546030 -3.665038 -0.165283
v -0.538383 -3.694283 -0.151626
v -0.637036 -1.861730 0.040098
v -0.637036 -1.983603 0.040098
v -0.637036 -2.081387 0.040098
v -0.625216 -1.861730 0.078720
v -0.625216 -1.983603 0.078720
v -0.625216 -2.081387 0.078720
v -0.606265 -1.861730 0.114388
v -0.606265 -1.983603 0.114388
v -0.606265 -2.081387 0.114388
v -0.605538 -3.598591 -0.113948
v -0.600451 -3.665038 -0.110862
v -0.586794 -3.694283 -0.103215
v -0.624357 -3.598607 -0.078365
v -0.618339 -3.665165 -0.075872
v -0.602201 -3.694701 -0.069187
v -0.636210 -3.598591 -0.039897
v -0.630432 -3.665038 -0.038482
v -0.615368 -3.694283 -0.034232
v -0.549556 -1.861730 0.171096
v -0.549556 -1.983603 0.171096
v -0.549556 -2.081387 0.171096
v -0.513889 -1.861730 0.190048
v -0.513889 -1.983603 0.190048
v -0.513889 -2.081387 0.190048
v -0.475267 -1.861730 0.201868
v -0.475267 -1.983603 0.201868
v -0.475267 -2.081387 0.201868
v -0.636211 -3.598591 0.039896
v -0.630432 -3.665038 0.038482
v -0.615368 -3.694283 0.034231
v -0.624357 -3.598607 0.078364
v -0.618339 -3.665165 0.075871
v -0.602201 -3.694701 0.069187
v -0.605538 -3.598591 0.113947
v -0.600451 -3.665038 0.110861
v -0.586794 -3.694283 0.103214
v -0.395070 -1.861730 0.201868
v -0.395070 -1.983603 0.201868
v -0.395070 -2.081387 0.201868
v -0.356448 -1.861730 0.190048
v -0.356448 -1.983603 0.190048
v -0.356448 -2.081387 0.190048
v -0.320780 -1.861730 0.171096
v -0.320780 -1.983603 0.171096
v -0.320780 -2.081387 0.171096
v -0.549115 -3.598591 0.170369
v -0.546030 -3.665038 0.165283
v -0.538383 -3.694283 0.151625
v -0.513533 -3.598607 0.189188
v -0.511040 -3.665165 0.183170
v -0.504355 -3.694701 0.167032
v -0.475065 -3.598591 0.201042
v -0.473650 -3.665038 0.195263
v -0.469400 -3.694283 0.180199
v -0.264072 -1.861730 0.114388
v -0.264072 -1.983603 0.114388
v -0.264072 -2.081387 0.114388
v -0.245120 -1.861730 0.078720
v -0.245120 -1.983603 0.078720
v -0.245120 -2.081387 0.078720
v -0.233300 -1.861730 0.040098
v -0.233300 -1.983603 0.040098
v -0.233301 -2.081387 0.040098
v -0.395272 -3.598591 0.201042
v -0.396687 -3.665038 0.195263
v -0.400937 -3.694283 0.180199
v -0.356804 -3.598607 0.189188
v -0.359297 -3.665165 0.183170
v -0.365981 -3.694701 0.167032
v -0.321221 -3.598591 0.170369
v -0.324307 -3.665038 0.165283
v -0.331953 -3.694283 0.151625
v -0.264072 -2.470641 -0.114388
v -0.264072 -2.347718 -0.114388
v -0.264072 -2.250897 -0.114388
v -0.245120 -2.470641 -0.078721
v -0.245120 -2.347718 -0.078721
v -0.245120 -2.250897 -0.078721
v -0.233300 -2.470641 -0.040099
v -0.233300 -2.347718 -0.040099
v -0.233301 -2.250897 -0.040099
v -0.264799 -3.598591 0.113947
v -0.269886 -3.665038 0.110861
v -0.283543 -3.694283 0.103214
v -0.245980 -3.598607 0.078364
v -0.251998 -3.665165 0.075871
v -0.268136 -3.694701 0.069187
v -0.234126 -3.598591 0.039896
v -0.239905 -3.665038 0.038482
v -0.254969 -3.694283 0.034231
v -0.435168 -3.710952 -0.000000
v -0.519425 -3.707206 -0.084257
v -0.471521 -3.708577 -0.087764
v -0.435168 -3.707206 -0.119157
v -0.398816 -3.708577 -0.087764
v -0.350912 -3.707206 -0.084257
v -0.347405 -3.708577 -0.036353
v -0.316012 -3.707206 -0.000000
v -0.347405 -3.708577 0.036352
v -0.350912 -3.707206 0.084256
v -0.398816 -3.708577 0.087763
v -0.435168 -3.707206 0.119156
v -0.471521 -3.708577 0.087763
v -0.519425 -3.707206 0.084256
v -0.522932 -3.708577 0.036352
v -0.554325 -3.707206 -0.000000
v -0.522932 -3.708577 -0.036353
v -0.320780 -1.861730 -0.171097
v -0.320780 -1.983603 -0.171097
v -0.320780 -2.081387 -0.171097
v -0.356448 -1.861730 -0.190048
v -0.356448 -1.983603 -0.190048
v -0.356448 -2.081387 -0.190048
v -0.395070 -1.861730 -0.201868
v -0.395070 -1.983603 -0.201868
v -0.395070 -2.081387 -0.201868
v -0.234126 -3.598591 -0.039897
v -0.239905 -3.665038 -0.038482
v -0.254969 -3.694283 -0.034232
v -0.245980 -3.598607 -0.078365
v -0.251998 -3.665165 -0.075872
v -0.268136 -3.694701 -0.069187
v -0.264799 -3.598591 -0.113948
v -0.269886 -3.665038 -0.110862
v -0.283543 -3.694283 -0.103215
v -0.475267 -1.861730 -0.201868
v -0.475267 -1.983603 -0.201868
v -0.475267 -2.081387 -0.201868
v -0.513889 -1.861730 -0.190048
v -0.513889 -1.983603 -0.190048
v -0.513889 -2.081387 -0.190048
v -0.549556 -1.861730 -0.171097
v -0.549556 -1.983603 -0.171097
v -0.549556 -2.081387 -0.171097
v -0.321221 -3.598591 -0.170370
v -0.324307 -3.665038 -0.165283
v -0.331954 -3.694283 -0.151626
v -0.356804 -3.598607 -0.189189
v -0.359297 -3.665165 -0.183171
v -0.365981 -3.694701 -0.167033
v -0.395272 -3.598591 -0.201043
v -0.396687 -3.665038 -0.195264
v -0.400937 -3.694283 -0.180200
v -0.435168 -0.631934 -0.000000
v -0.435168 -0.640777 -0.119157
v -0.471521 -0.637541 -0.087764
v -0.519425 -0.640777 -0.084257
v -0.522932 -0.637541 -0.036353
v -0.554325 -0.640777 -0.000000
v -0.522932 -0.637541 0.036352
v -0.519425 -0.640777 0.084256
v -0.471521 -0.637541 0.087763
v -0.435168 -0.640778 0.119156
v -0.398816 -0.637541 0.087763
v -0.350912 -0.640777 0.084256
v -0.347405 -0.637541 0.036352
v -0.316012 -0.640777 -0.000000
v -0.347405 -0.637541 -0.036353
v -0.350912 -0.640777 -0.084257
v -0.398816 -0.637541 -0.087764
v -0.475267 -1.077529 -0.201868
v -0.475267 -1.288348 -0.201868
v -0.475267 -1.506298 -0.201868
v -0.513889 -1.077529 -0.190048
v -0.513889 -1.288348 -0.190048
v -0.513889 -1.506298 -0.190048
v -0.549556 -1.077529 -0.171097
v -0.549557 -1.288348 -0.171097
v -0.549556 -1.506298 -0.171097
v -0.320780 -1.077529 -0.171097
v -0.320780 -1.288348 -0.171097
v -0.320780 -1.506298 -0.171097
v -0.356448 -1.077529 -0.190048
v -0.356448 -1.288348 -0.190048
v -0.356448 -1.506298 -0.190048
v -0.395070 -1.077529 -0.201868
v -0.395070 -1.288348 -0.201868
v -0.395070 -1.506298 -0.201868
v -0.233301 -1.077529 -0.040099
v -0.233301 -1.288348 -0.040099
v -0.233301 -1.506298 -0.040099
v -0.245120 -1.077529 -0.078721
v -0.245120 -1.288348 -0.078721
v -0.245120 -1.506298 -0.078721
v -0.264072 -1.077529 -0.114388
v -0.264072 -1.288348 -0.114388
v -0.264072 -1.506298 -0.114388
v -0.264072 -1.077529 0.114388
v -0.264072 -1.288348 0.114388
v -0.264072 -1.506298 0.114388
v -0.245120 -1.077529 0.078720
v -0.245120 -1.288348 0.078720
v -0.245120 -1.506298 0.078720
v -0.233301 -1.077529 0.040098
v -0.233301 -1.288348 0.040098
v -0.233301 -1.506298 0.040098
v -0.395070 -1.077529 0.201868
v -0.395070 -1.288348 0.201868
v -0.395070 -1.506298 0.201868
v -0.356448 -1.077529 0.190048
v -0.356448 -1.288348 0.190048
v -0.356448 -1.506298 0.190048
v -0.320780 -1.077529 0.171096
v -0.320780 -1.288348 0.171096
v -0.320780 -1.506298 0.171096
v -0.549556 -1.077529 0.171096
v -0.549556 -1.288348 0.171096
v -0.549557 -1.506298 0.171096
v -0.513889 -1.077529 0.190048
v -0.513889 -1.288348 0.190048
v -0.513889 -1.506298 0.190048
v -0.475267 -1.077529 0.201868
v -0.475267 -1.288348 0.201868
v -0.475267 -1.506298 0.201868
v -0.637036 -1.077529 0.040098
v -0.637037 -1.288348 0.040098
v -0.637036 -1.506298 0.040098
v -0.625217 -1.077529 0.078720
v -0.625217 -1.288348 0.078720
v -0.625216 -1.506298 0.078720
v -0.606265 -1.077529 0.114388
v -0.606265 -1.288348 0.114388
v -0.606265 -1.506298 0.114388
v -0.606265 -1.077529 -0.114388
v -0.606265 -1.288348 -0.114388
v -0.606265 -1.506298 -0.114388
v -0.625217 -1.077529 -0.078721
v -0.625217 -1.288348 -0.078721
v -0.625216 -1.506298 -0.078721
v -0.637036 -1.077529 -0.040099
v -0.637036 -1.288348 -0.040099
v -0.637036 -1.506298 -0.040099
v -0.320780 -2.250897 -0.171097
v -0.320780 -2.347718 -0.171097
v -0.320780 -2.470641 -0.171097
v -0.356448 -2.250897 -0.190048
v -0.356448 -2.347718 -0.190049
v -0.356448 -2.470641 -0.190049
v -0.395070 -2.250897 -0.201868
v -0.395070 -2.347718 -0.201868
v -0.395070 -2.470641 -0.201868
v -0.606265 -1.861730 -0.114388
v -0.606265 -1.983603 -0.114388
v -0.606265 -2.081387 -0.114388
v -0.625217 -1.861730 -0.078721
v -0.625217 -1.983603 -0.078721
v -0.625216 -2.081387 -0.078721
v -0.637036 -1.861730 -0.040099
v -0.637036 -1.983603 -0.040099
v -0.637036 -2.081387 -0.040099
v -0.264072 -2.250897 0.114388
v -0.264072 -2.347718 0.114388
v -0.264072 -2.470641 0.114388
v -0.245120 -2.250897 0.078720
v -0.245120 -2.347718 0.078720
v -0.245120 -2.470641 0.078720
v -0.233300 -2.250897 0.040098
v -0.233300 -2.347718 0.040098
v -0.233301 -2.470641 0.040098
v -0.395070 -2.250897 0.201868
v -0.395070 -2.347718 0.201868
v -0.395070 -2.470641 0.201868
v -0.356448 -2.250897 0.190048
v -0.356448 -2.347718 0.190048
v -0.356448 -2.470641 0.190048
v -0.320780 -2.250897 0.171096
v -0.320780 -2.347718 0.171096
v -0.320780 -2.470641 0.171096
v -0.549556 -2.250896 0.171096
v -0.549556 -2.347718 0.171096
v -0.549556 -2.470641 0.171096
v -0.513889 -2.250896 0.190048
v -0.513889 -2.347718 0.190048
v -0.513889 -2.470641 0.190048
v -0.475267 -2.250896 0.201868
v -0.475267 -2.347718 0.201868
v -0.475267 -2.470641 0.201868
v -0.637036 -2.250896 0.040098
v -0.637036 -2.347718 0.040098
v -0.637036 -2.470641 0.040098
v -0.625216 -2.250896 0.078720
v -0.625216 -2.347718 0.078720
v -0.625216 -2.470641 0.078720
v -0.606265 -2.250896 0.114388
v -0.606265 -2.347718 0.114388
v -0.606265 -2.470641 0.114388
v 0.634674 -2.081387 -0.040099
v 0.622855 -2.081387 -0.078721
v 0.603903 -2.081387 -0.114388
v 0.634674 -1.983603 -0.040099
v 0.622855 -1.983603 -0.078721
v 0.603903 -1.983603 -0.114388
v 0.634674 -1.861730 -0.040099
v 0.622855 -1.861730 -0.078721
v 0.603903 -1.861730 -0.114388
v -0.475267 -2.250897 -0.201868
v -0.475267 -2.347718 -0.201868
v -0.475267 -2.470641 -0.201868
v -0.513889 -2.250897 -0.190049
v -0.513889 -2.347718 -0.190049
v -0.513889 -2.470641 -0.190049
v -0.549556 -2.250897 -0.171097
v -0.549556 -2.347718 -0.171097
v -0.549556 -2.470641 -0.171097
v -0.586794 -0.666906 -0.103215
v -0.600452 -0.705279 -0.110862
v -0.605538 -0.778905 -0.113948
v -0.602201 -0.665919 -0.069187
v -0.618339 -0.704978 -0.075872
v -0.624357 -0.778867 -0.078365
v -0.615368 -0.666906 -0.034232
v -0.630432 -0.705280 -0.038482
v -0.636211 -0.778905 -0.039897
v -0.615368 -0.666906 0.034231
v -0.630432 -0.705279 0.038482
v -0.636211 -0.778905 0.039896
v -0.602201 -0.665919 0.069187
v -0.618339 -0.704978 0.075871
v -0.624357 -0.778867 0.078364
v -0.586794 -0.666906 0.103214
v -0.600451 -0.705280 0.110861
v -0.605538 -0.778905 0.113947
v -0.538383 -0.666906 0.151625
v -0.546030 -0.705279 0.165283
v -0.549116 -0.778905 0.170369
v -0.504356 -0.665919 0.167032
v -0.511040 -0.704978 0.183170
v -0.513533 -0.778867 0.189188
v -0.469400 -0.666906 0.180199
v -0.473650 -0.705280 0.195263
v -0.475065 -0.778905 0.201042
v -0.400937 -0.666906 0.180199
v -0.396687 -0.705280 0.195263
v -0.395272 -0.778905 0.201042
v -0.365982 -0.665919 0.167032
v -0.359297 -0.704978 0.183170
v -0.356804 -0.778868 0.189188
v -0.331954 -0.666906 0.151625
v -0.324307 -0.705280 0.165283
v -0.321221 -0.778905 0.170369
v -0.283543 -0.666906 0.103214
v -0.269885 -0.705280 0.110861
v -0.264799 -0.778905 0.113947
v -0.268136 -0.665919 0.069187
v -0.251998 -0.704978 0.075871
v -0.245980 -0.778867 0.078364
v -0.254969 -0.666906 0.034231
v -0.239905 -0.705280 0.038482
v -0.234126 -0.778905 0.039896
v -0.254969 -0.666906 -0.034232
v -0.239905 -0.705280 -0.038482
v -0.234126 -0.778906 -0.039897
v -0.268136 -0.665919 -0.069187
v -0.251998 -0.704978 -0.075872
v -0.245980 -0.778867 -0.078365
v -0.283543 -0.666906 -0.103215
v -0.269885 -0.705280 -0.110862
v -0.264799 -0.778905 -0.113948
v -0.331954 -0.666906 -0.151626
v -0.324307 -0.705280 -0.165283
v -0.321221 -0.778906 -0.170370
v -0.365982 -0.665919 -0.167033
v -0.359297 -0.704978 -0.183171
v -0.356804 -0.778868 -0.189189
v -0.400937 -0.666906 -0.180200
v -0.396686 -0.705280 -0.195264
v -0.395272 -0.778905 -0.201043
v -0.469400 -0.666906 -0.180200
v -0.473650 -0.705280 -0.195264
v -0.475065 -0.778905 -0.201043
v -0.504356 -0.665919 -0.167033
v -0.511040 -0.704978 -0.183171
v -0.513533 -0.778867 -0.189189
v -0.538383 -0.666906 -0.151626
v -0.546030 -0.705280 -0.165283
v -0.549116 -0.778905 -0.170370
v -0.320780 -2.841897 -0.171097
v -0.320780 -3.072896 -0.171097
v -0.320780 -3.295335 -0.171097
v -0.356448 -2.841897 -0.190049
v -0.356448 -3.072896 -0.190049
v -0.356448 -3.295335 -0.190049
v -0.395070 -2.841897 -0.201868
v -0.395070 -3.072896 -0.201868
v -0.395070 -3.295335 -0.201868
v -0.233301 -2.841897 -0.040099
v -0.233300 -3.072896 -0.040099
v -0.233301 -3.295335 -0.040099
v -0.245120 -2.841897 -0.078721
v -0.245120 -3.072896 -0.078721
v -0.245120 -3.295335 -0.078721
v -0.264072 -2.841897 -0.114388
v -0.264072 -3.072896 -0.114388
v -0.264072 -3.295335 -0.114388
v -0.264072 -2.841897 0.114388
v -0.264072 -3.072896 0.114388
v -0.264072 -3.295335 0.114388
v -0.245120 -2.841897 0.078720
v -0.245120 -3.072896 0.078720
v -0.245120 -3.295335 0.078720
v -0.233300 -2.841897 0.040098
v -0.233300 -3.072896 0.040098
v -0.233301 -3.295335 0.040098
v -0.395070 -2.841896 0.201868
v -0.395070 -3.072896 0.201868
v -0.395069 -3.295335 0.201868
v -0.356448 -2.841897 0.190048
v -0.356448 -3.072896 0.190048
v -0.356448 -3.295335 0.190048
v -0.320780 -2.841896 0.171096
v -0.320780 -3.072896 0.171096
v -0.320780 -3.295335 0.171096
v -0.549556 -2.841896 0.171096
v -0.549556 -3.072896 0.171096
v -0.549556 -3.295335 0.171096
v -0.513889 -2.841896 0.190048
v -0.513889 -3.072896 0.190048
v -0.513889 -3.295335 0.190048
v -0.475267 -2.841896 0.201868
v -0.475267 -3.072896 0.201868
v -0.475267 -3.295335 0.201868
v -0.637036 -2.841896 0.040098
v -0.637036 -3.072896 0.040098
v -0.637036 -3.295335 0.040098
v -0.625216 -2.841896 0.078720
v -0.625216 -3.072896 0.078720
v -0.625216 -3.295335 0.078720
v -0.606265 -2.841896 0.114388
v -0.606265 -3.072896 0.114388
v -0.606265 -3.295335 0.114388
v -0.606265 -2.841896 -0.114388
v -0.606265 -3.072896 -0.114388
v -0.606265 -3.295335 -0.114388
v -0.625217 -2.841896 -0.078721
v -0.625216 -3.072896 -0.078721
v -0.625216 -3.295335 -0.078721
v -0.637036 -2.841896 -0.040099
v -0.637036 -3.072896 -0.040099
v -0.637036 -3.295335 -0.040099
v -0.475267 -2.841896 -0.201868
v -0.475267 -3.072896 -0.201868
v -0.475267 -3.295335 -0.201868
v -0.513889 -2.841897 -0.190049
v -0.513889 -3.072896 -0.190048
v -0.513889 -3.295335 -0.190049
v -0.549556 -2.841896 -0.171097
v -0.549556 -3.072896 -0.171097
v -0.549556 -3.295335 -0.171097
v 0.261710 -1.861730 -0.114388
v 0.261710 -1.983603 -0.114388
v 0.261710 -2.081387 -0.114388
v 0.242758 -1.861730 -0.078721
v 0.242758 -1.983603 -0.078721
v 0.242758 -2.081387 -0.078721
v 0.230938 -1.861730 -0.040099
v 0.230939 -1.983603 -0.040099
v 0.230938 -2.081387 -0.040099
v -0.358982 2.601413 0.402210
v -0.259894 2.677109 0.474201
v -0.396829 2.677108 0.518695
v -0.481461 2.677109 0.402210
v -0.396829 2.677108 0.285726
v -0.259894 2.677109 0.330219
v -0.321134 2.799590 0.518695
v -0.458070 2.799589 0.474201
v -0.458070 2.799589 0.330219
v -0.321134 2.799590 0.285726
v -0.236503 2.799589 0.402210
v -0.358982 2.875285 0.402210
v -0.381228 2.621864 0.470678
v -0.300740 2.621864 0.444525
v -0.322986 2.666357 0.512993
v -0.242498 2.666357 0.402210
v -0.300740 2.621864 0.359895
v -0.430973 2.621864 0.402210
v -0.453220 2.666357 0.470678
v -0.381228 2.621864 0.333743
v -0.453220 2.666357 0.333743
v -0.322986 2.666357 0.291427
v -0.228748 2.738349 0.444525
v -0.228748 2.738349 0.359895
v -0.358982 2.738349 0.539146
v -0.278493 2.738349 0.512994
v -0.489216 2.738349 0.444525
v -0.439471 2.738349 0.512994
v -0.439471 2.738349 0.291427
v -0.489216 2.738349 0.359895
v -0.278493 2.738349 0.291427
v -0.358982 2.738349 0.265274
v -0.264744 2.810341 0.470678
v -0.394978 2.810341 0.512993
v -0.475466 2.810341 0.402210
v -0.394978 2.810341 0.291427
v -0.264744 2.810341 0.333743
v -0.336736 2.854834 0.470678
v -0.286991 2.854834 0.402210
v -0.417224 2.854834 0.444525
v -0.417224 2.854834 0.359895
v -0.336736 2.854834 0.333743
v 0.360458 2.601413 0.402210
v 0.459546 2.677109 0.474201
v 0.322611 2.677108 0.518695
v 0.237979 2.677109 0.402210
v 0.322611 2.677108 0.285726
v 0.459546 2.677109 0.330219
v 0.398306 2.799590 0.518695
v 0.261370 2.799589 0.474201
v 0.261370 2.799589 0.330219
v 0.398306 2.799590 0.285726
v 0.482937 2.799589 0.402210
v 0.360458 2.875285 0.402210
v 0.338212 2.621864 0.470678
v 0.418700 2.621864 0.444525
v 0.396454 2.666357 0.512993
v 0.476943 2.666357 0.402210
v 0.418700 2.621864 0.359895
v 0.288467 2.621864 0.402210
v 0.266220 2.666357 0.470678
v 0.338212 2.621864 0.333743
v 0.266220 2.666357 0.333743
v 0.396454 2.666357 0.291427
v 0.490692 2.738349 0.444525
v 0.490692 2.738349 0.359895
v 0.360458 2.738349 0.539146
v 0.440947 2.738349 0.512994
v 0.230224 2.738349 0.444525
v 0.279969 2.738349 0.512994
v 0.279969 2.738349 0.291427
v 0.230224 2.738349 0.359895
v 0.440947 2.738349 0.291427
v 0.360458 2.738349 0.265274
v 0.454696 2.810341 0.470678
v 0.324462 2.810341 0.512993
v 0.243974 2.810341 0.402210
v 0.324462 2.810341 0.291427
v 0.454696 2.810341 0.333743
v 0.382704 2.854834 0.470678
v 0.432450 2.854834 0.402210
v 0.302216 2.854834 0.444525
v 0.302216 2.854834 0.359895
v 0.382704 2.854834 0.333743
vn -0.0000 -0.8330 -0.5532
vn -0.0000 -0.9239 -0.3827
vn -0.0000 -0.9802 -0.1978
vn -0.0000 -0.7071 -0.7071
vn -0.0000 -1.0000 -0.0000
vn 0.0302 -0.2022 -0.9789
vn 0.1236 -0.2141 -0.9690
vn 0.1305 -0.3794 -0.9160
vn 0.0316 -0.3825 -0.9234
vn 0.3303 -0.2308 -0.9152
vn 0.3578 -0.3573 -0.8627
vn 0.1236 -0.5338 -0.8365
vn 0.0302 -0.5492 -0.8351
vn 0.3303 -0.4840 -0.8103
vn 0.0029 -0.0000 -1.0000
vn 0.0288 -0.0000 -0.9996
vn 0.0031 -0.1983 -0.9801
vn 0.1169 -0.0000 -0.9931
vn 0.3020 -0.0000 -0.9533
vn 0.5322 -0.0000 -0.8466
vn 0.6514 -0.1598 -0.7417
vn 0.6933 -0.2758 -0.6658
vn 0.6514 -0.4114 -0.6375
vn 0.5322 -0.5987 -0.5987
vn 0.3020 -0.6741 -0.6741
vn 0.1169 -0.7023 -0.7023
vn 0.0288 -0.7068 -0.7068
vn 0.0031 -0.5528 -0.8333
vn 0.0029 -0.7071 -0.7071
vn 0.0032 -0.3827 -0.9239
vn -0.0000 -0.9802 0.1978
vn -0.0000 -0.9239 0.3827
vn -0.0000 -0.8330 0.5532
vn -0.0000 -0.7071 0.7071
vn 0.0302 -0.8351 -0.5492
vn 0.1236 -0.8365 -0.5338
vn 0.1305 -0.9160 -0.3794
vn 0.0316 -0.9234 -0.3825
vn 0.3303 -0.8103 -0.4840
vn 0.3578 -0.8627 -0.3573
vn 0.1236 -0.9690 -0.2141
vn 0.0302 -0.9789 -0.2022
vn 0.3303 -0.9152 -0.2308
vn 0.0031 -0.8333 -0.5528
vn 0.6514 -0.6375 -0.4114
vn 0.6933 -0.6658 -0.2758
vn 0.6514 -0.7417 -0.1598
vn 0.5322 -0.8466 -0.0000
vn 0.3020 -0.9533 -0.0000
vn 0.1169 -0.9931 -0.0000
vn 0.0288 -0.9996 -0.0000
vn 0.0031 -0.9801 -0.1983
vn 0.0029 -1.0000 -0.0000
vn 0.0032 -0.9239 -0.3827
vn -0.0000 -0.5532 0.8330
vn -0.0000 -0.3827 0.9239
vn -0.0000 -0.1978 0.9802
vn -0.0000 -0.0000 1.0000
vn 0.0302 -0.9789 0.2022
vn 0.1236 -0.9690 0.2141
vn 0.1305 -0.9160 0.3794
vn 0.0316 -0.9234 0.3825
vn 0.3303 -0.9152 0.2308
vn 0.3578 -0.8627 0.3573
vn 0.1236 -0.8365 0.5338
vn 0.0302 -0.8351 0.5492
vn 0.3303 -0.8103 0.4840
vn 0.0031 -0.9801 0.1983
vn 0.6514 -0.7417 0.1598
vn 0.6933 -0.6658 0.2758
vn 0.6514 -0.6375 0.4114
vn 0.5322 -0.5987 0.5987
vn 0.3020 -0.6741 0.6741
vn 0.1169 -0.7023 0.7023
vn 0.0288 -0.7068 0.7068
vn 0.0031 -0.8333 0.5528
vn 0.0029 -0.7071 0.7071
vn 0.0032 -0.9239 0.3827
vn -0.0000 0.1978 0.9802
vn -0.0000 0.3827 0.9239
vn -0.0000 0.5532 0.8330
vn -0.0000 0.7071 0.7071
vn 0.0302 -0.5492 0.8351
vn 0.1236 -0.5338 0.8365
vn 0.1305 -0.3794 0.9160
vn 0.0316 -0.3825 0.9234
vn 0.3303 -0.4840 0.8103
vn 0.3578 -0.3573 0.8627
vn 0.1236 -0.2141 0.9690
vn 0.0302 -0.2022 0.9789
vn 0.3303 -0.2308 0.9152
vn 0.0031 -0.5528 0.8333
vn 0.6514 -0.4114 0.6375
vn 0.6933 -0.2758 0.6658
vn 0.6514 -0.1599 0.7417
vn 0.5322 -0.0000 0.8466
vn 0.3020 -0.0000 0.9533
vn 0.1169 -0.0000 0.9931
vn 0.0288 -0.0000 0.9996
vn 0.0031 -0.1983 0.9801
vn 0.0029 -0.0000 1.0000
vn 0.0032 -0.3827 0.9239
vn -0.0000 0.8330 0.5532
vn -0.0000 0.9239 0.3827
vn -0.0000 0.9802 0.1978
vn -0.0000 1.0000 -0.0000
vn 0.0302 0.2022 0.9789
vn 0.1236 0.2141 0.9690
vn 0.1305 0.3794 0.9160
vn 0.0316 0.3825 0.9234
vn 0.3303 0.2308 0.9152
vn 0.3578 0.3574 0.8627
vn 0.1236 0.5338 0.8365
vn 0.0302 0.5492 0.8351
vn 0.3303 0.4840 0.8103
vn 0.0031 0.1983 0.9801
vn 0.6514 0.1598 0.7417
vn 0.6933 0.2758 0.6658
vn 0.6514 0.4114 0.6375
vn 0.5322 0.5987 0.5987
vn 0.3020 0.6741 0.6741
vn 0.1169 0.7023 0.7023
vn 0.0288 0.7068 0.7068
vn 0.0031 0.5528 0.8333
vn 0.0029 0.7071 0.7071
vn 0.0032 0.3827 0.9239
vn -0.0000 0.9802 -0.1978
vn -0.0000 0.9239 -0.3827
vn -0.0000 0.8330 -0.5532
vn -0.0000 0.7071 -0.7071
vn 0.0302 0.8351 0.5492
vn 0.1236 0.8365 0.5338
vn 0.1305 0.9160 0.3794
vn 0.0316 0.9234 0.3825
vn 0.3303 0.8103 0.4840
vn 0.3578 0.8627 0.3573
vn 0.1236 0.9690 0.2141
vn 0.0302 0.9789 0.2022
vn 0.3303 0.9152 0.2308
vn 0.0031 0.8333 0.5528
vn 0.6514 0.6375 0.4114
vn 0.6933 0.6658 0.2758
vn 0.6514 0.7417 0.1599
vn 0.5322 0.8466 -0.0000
vn 0.3020 0.9533 -0.0000
vn 0.1169 0.9931 -0.0000
vn 0.0288 0.9996 -0.0000
vn 0.0031 0.9801 0.1983
vn 0.0029 1.0000 -0.0000
vn 0.0032 0.9239 0.3827
vn 0.8670 -0.3524 -0.3524
vn 0.9302 -0.1405 -0.3391
vn 1.0000 -0.0000 -0.0000
vn 0.9302 -0.3391 -0.1405
vn 0.8670 -0.0000 -0.4984
vn 0.9302 0.1405 -0.3391
vn 0.8670 0.3524 -0.3524
vn 0.9302 0.3391 -0.1405
vn 0.8670 0.4984 -0.0000
vn 0.9302 0.3391 0.1405
vn 0.8670 0.3524 0.3524
vn 0.9302 0.1405 0.3391
vn 0.8670 -0.0000 0.4984
vn 0.9302 -0.1405 0.3391
vn 0.8670 -0.3524 0.3524
vn 0.9302 -0.3391 0.1405
vn 0.8670 -0.4984 -0.0000
vn 0.6514 0.1598 -0.7417
vn 0.6933 0.2758 -0.6658
vn 0.5322 0.5987 -0.5987
vn 0.6514 0.6375 -0.4114
vn 0.6514 0.4114 -0.6375
vn 0.6933 0.6658 -0.2758
vn 0.6514 0.7417 -0.1598
vn -0.0000 0.5532 -0.8330
vn -0.0000 0.3827 -0.9239
vn -0.0000 0.1978 -0.9802
vn -0.0000 -0.0000 -1.0000
vn 0.0302 0.9789 -0.2022
vn 0.1236 0.9690 -0.2141
vn 0.1305 0.9160 -0.3794
vn 0.0316 0.9234 -0.3825
vn 0.3303 0.9152 -0.2308
vn 0.3578 0.8627 -0.3574
vn 0.1236 0.8365 -0.5338
vn 0.0302 0.8351 -0.5492
vn 0.3303 0.8103 -0.4840
vn 0.0031 0.9801 -0.1983
vn 0.3020 0.6741 -0.6741
vn 0.1169 0.7023 -0.7023
vn 0.0288 0.7068 -0.7068
vn 0.0031 0.8333 -0.5528
vn 0.0029 0.7071 -0.7071
vn 0.0032 0.9239 -0.3827
vn -0.0000 -0.1978 -0.9802
vn -0.0000 -0.3827 -0.9239
vn -0.0000 -0.5532 -0.8330
vn 0.0302 0.5492 -0.8351
vn 0.1236 0.5338 -0.8365
vn 0.1305 0.3794 -0.9160
vn 0.0316 0.3825 -0.9234
vn 0.3303 0.4840 -0.8103
vn 0.3578 0.3573 -0.8627
vn 0.1236 0.2141 -0.9690
vn 0.0302 0.2022 -0.9789
vn 0.3303 0.2308 -0.9152
vn 0.0031 0.5528 -0.8333
vn 0.0031 0.1983 -0.9801
vn 0.0032 0.3827 -0.9239
vn -1.0000 -0.0000 -0.0000
vn -0.9962 -0.0000 -0.0868
vn -0.9983 -0.0213 -0.0544
vn -0.9983 0.0213 -0.0544
vn -0.9988 -0.0184 -0.0444
vn -0.9988 0.0184 -0.0444
vn -0.9962 -0.0614 -0.0614
vn -0.9983 -0.0535 -0.0234
vn -0.9983 -0.0234 -0.0535
vn -0.9988 -0.0444 -0.0184
vn -0.9962 -0.0868 -0.0000
vn -0.9983 -0.0544 0.0213
vn -0.9983 -0.0544 -0.0213
vn -0.9988 -0.0444 0.0184
vn -0.9962 -0.0613 0.0613
vn -0.9983 -0.0234 0.0535
vn -0.9983 -0.0535 0.0234
vn -0.9988 -0.0184 0.0444
vn -0.9962 -0.0000 0.0868
vn -0.9983 0.0213 0.0544
vn -0.9983 -0.0213 0.0544
vn -0.9988 0.0184 0.0444
vn -0.9962 0.0613 0.0613
vn -0.9983 0.0535 0.0234
vn -0.9983 0.0234 0.0535
vn -0.9988 0.0444 0.0184
vn -0.9962 0.0868 -0.0000
vn -0.9983 0.0544 -0.0213
vn -0.9983 0.0544 0.0213
vn -0.9988 0.0444 -0.0184
vn -0.9962 0.0613 -0.0613
vn -0.9983 0.0234 -0.0535
vn -0.9983 0.0535 -0.0234
vn -0.0035 -0.0000 -1.0000
vn -0.0037 -0.1983 -0.9801
vn -0.0037 -0.5528 -0.8333
vn -0.0035 -0.7071 -0.7071
vn -0.0038 -0.3827 -0.9239
vn -0.0035 0.7071 -0.7071
vn -0.0037 0.5528 -0.8333
vn -0.0037 0.1983 -0.9801
vn -0.0038 0.3827 -0.9239
vn -0.0035 1.0000 -0.0000
vn -0.0037 0.9801 -0.1983
vn -0.0037 0.8333 -0.5528
vn -0.0038 0.9239 -0.3827
vn -0.0035 0.7071 0.7071
vn -0.0037 0.8333 0.5528
vn -0.0037 0.9801 0.1983
vn -0.0038 0.9239 0.3827
vn -0.0035 -0.0000 1.0000
vn -0.0037 0.1983 0.9801
vn -0.0037 0.5528 0.8333
vn -0.0038 0.3827 0.9239
vn -0.0035 -0.7071 0.7071
vn -0.0037 -0.5528 0.8333
vn -0.0037 -0.1983 0.9801
vn -0.0038 -0.3827 0.9239
vn -0.0035 -1.0000 -0.0000
vn -0.0037 -0.9801 0.1983
vn -0.0037 -0.8333 0.5528
vn -0.0038 -0.9239 0.3827
vn -0.0037 -0.8333 -0.5528
vn -0.0037 -0.9801 -0.1983
vn -0.0038 -0.9239 -0.3827
vn -0.8494 -0.4548 -0.2678
vn -0.3458 -0.7933 -0.5012
vn -0.3621 -0.8612 -0.3567
vn -0.8676 -0.4594 -0.1903
vn -0.0532 -0.8346 -0.5483
vn -0.0558 -0.9224 -0.3821
vn -0.3457 -0.9153 -0.2065
vn -0.8494 -0.5109 -0.1322
vn -0.0532 -0.9779 -0.2024
vn -0.8290 -0.3955 -0.3955
vn -0.3293 -0.6677 -0.6677
vn -0.0506 -0.7062 -0.7062
vn -0.0506 -0.9987 -0.0000
vn -0.3293 -0.9442 -0.0000
vn -0.8290 -0.5593 -0.0000
vn -0.8494 -0.5109 0.1322
vn -0.3457 -0.9153 0.2065
vn -0.3621 -0.8612 0.3567
vn -0.8676 -0.4594 0.1903
vn -0.0532 -0.9779 0.2024
vn -0.0558 -0.9224 0.3821
vn -0.3457 -0.7933 0.5012
vn -0.8494 -0.4548 0.2678
vn -0.0532 -0.8346 0.5483
vn -0.0506 -0.7062 0.7062
vn -0.3293 -0.6677 0.6677
vn -0.8290 -0.3955 0.3955
vn -0.8494 -0.2678 0.4548
vn -0.3457 -0.5012 0.7933
vn -0.3621 -0.3567 0.8612
vn -0.8676 -0.1903 0.4594
vn -0.0532 -0.5483 0.8346
vn -0.0558 -0.3821 0.9224
vn -0.3457 -0.2065 0.9153
vn -0.8494 -0.1322 0.5109
vn -0.0532 -0.2024 0.9779
vn -0.0506 -0.0000 0.9987
vn -0.3293 -0.0000 0.9442
vn -0.8290 -0.0000 0.5593
vn -0.8494 0.1322 0.5109
vn -0.3457 0.2065 0.9153
vn -0.3621 0.3567 0.8612
vn -0.8676 0.1903 0.4594
vn -0.0532 0.2024 0.9779
vn -0.0558 0.3821 0.9224
vn -0.3457 0.5012 0.7933
vn -0.8494 0.2678 0.4548
vn -0.0532 0.5483 0.8346
vn -0.0506 0.7062 0.7062
vn -0.3293 0.6677 0.6677
vn -0.8290 0.3955 0.3955
vn -0.8494 0.4548 0.2678
vn -0.3457 0.7933 0.5012
vn -0.3621 0.8612 0.3567
vn -0.8676 0.4594 0.1903
vn -0.0532 0.8346 0.5483
vn -0.0558 0.9224 0.3821
vn -0.3457 0.9153 0.2065
vn -0.8494 0.5109 0.1322
vn -0.0532 0.9779 0.2024
vn -0.0506 0.9987 -0.0000
vn -0.3293 0.9442 -0.0000
vn -0.8290 0.5593 -0.0000
vn -0.8494 0.5109 -0.1322
vn -0.3457 0.9153 -0.2065
vn -0.3621 0.8612 -0.3567
vn -0.8676 0.4594 -0.1903
vn -0.0532 0.9779 -0.2024
vn -0.0558 0.9224 -0.3821
vn -0.3457 0.7933 -0.5012
vn -0.8494 0.4548 -0.2678
vn -0.0532 0.8346 -0.5483
vn -0.0506 0.7062 -0.7062
vn -0.3293 0.6677 -0.6677
vn -0.8290 0.3955 -0.3955
vn -0.8494 0.2678 -0.4548
vn -0.3457 0.5012 -0.7933
vn -0.3621 0.3567 -0.8612
vn -0.8676 0.1903 -0.4594
vn -0.0532 0.5483 -0.8346
vn -0.0558 0.3821 -0.9224
vn -0.3457 0.2065 -0.9153
vn -0.8494 0.1322 -0.5109
vn -0.0532 0.2024 -0.9779
vn -0.0506 -0.0000 -0.9987
vn -0.3293 -0.0000 -0.9442
vn -0.8290 -0.0000 -0.5593
vn -0.8494 -0.1322 -0.5109
vn -0.3457 -0.2065 -0.9153
vn -0.3621 -0.3567 -0.8612
vn -0.8676 -0.1903 -0.4594
vn -0.0532 -0.2024 -0.9779
vn -0.0558 -0.3821 -0.9224
vn -0.3457 -0.5012 -0.7933
vn -0.8494 -0.2678 -0.4548
vn -0.0532 -0.5483 -0.8346
vn -0.0302 0.2022 -0.9789
vn -0.1236 0.2141 -0.9690
vn -0.1305 0.3794 -0.9160
vn -0.0316 0.3825 -0.9234
vn -0.3303 0.2308 -0.9152
vn -0.3578 0.3574 -0.8627
vn -0.1236 0.5338 -0.8365
vn -0.0302 0.5492 -0.8351
vn -0.3303 0.4840 -0.8103
vn -0.0029 -0.0000 -1.0000
vn -0.0288 -0.0000 -0.9996
vn -0.0031 0.1983 -0.9801
vn -0.1169 -0.0000 -0.9931
vn -0.3020 -0.0000 -0.9533
vn -0.5321 -0.0000 -0.8467
vn -0.6514 0.1599 -0.7417
vn -0.6933 0.2758 -0.6658
vn -0.6514 0.4114 -0.6375
vn -0.5322 0.5987 -0.5987
vn -0.3020 0.6741 -0.6741
vn -0.1169 0.7023 -0.7023
vn -0.0288 0.7068 -0.7068
vn -0.0031 0.5528 -0.8333
vn -0.0029 0.7071 -0.7071
vn -0.0032 0.3827 -0.9239
vn -0.0302 0.8351 -0.5492
vn -0.1236 0.8365 -0.5338
vn -0.1305 0.9160 -0.3794
vn -0.0316 0.9234 -0.3825
vn -0.3303 0.8103 -0.4840
vn -0.3578 0.8627 -0.3573
vn -0.1236 0.9690 -0.2141
vn -0.0302 0.9789 -0.2022
vn -0.3303 0.9152 -0.2308
vn -0.0031 0.8333 -0.5528
vn -0.6514 0.6375 -0.4114
vn -0.6933 0.6658 -0.2758
vn -0.6514 0.7417 -0.1598
vn -0.5322 0.8466 -0.0000
vn -0.3020 0.9533 -0.0000
vn -0.1169 0.9931 -0.0000
vn -0.0288 0.9996 -0.0000
vn -0.0031 0.9801 -0.1983
vn -0.0029 1.0000 -0.0000
vn -0.0032 0.9239 -0.3827
vn -0.0302 0.9789 0.2022
vn -0.1236 0.9690 0.2141
vn -0.1305 0.9160 0.3794
vn -0.0316 0.9234 0.3825
vn -0.3303 0.9152 0.2308
vn -0.3578 0.8627 0.3574
vn -0.1236 0.8365 0.5338
vn -0.0302 0.8351 0.5492
vn -0.3303 0.8103 0.4840
vn -0.0031 0.9801 0.1983
vn -0.6514 0.7417 0.1599
vn -0.6933 0.6658 0.2758
vn -0.6514 0.6375 0.4114
vn -0.5322 0.5987 0.5987
vn -0.3020 0.6741 0.6741
vn -0.1169 0.7023 0.7023
vn -0.0288 0.7068 0.7068
vn -0.0031 0.8333 0.5528
vn -0.0029 0.7071 0.7071
vn -0.0032 0.9239 0.3827
vn -0.0302 0.5492 0.8351
vn -0.1236 0.5338 0.8365
vn -0.1305 0.3794 0.9160
vn -0.0316 0.3825 0.9234
vn -0.3303 0.4840 0.8103
vn -0.3578 0.3573 0.8627
vn -0.1236 0.2141 0.9690
vn -0.0302 0.2022 0.9789
vn -0.3303 0.2308 0.9152
vn -0.0031 0.5528 0.8333
vn -0.6514 0.4114 0.6375
vn -0.6933 0.2758 0.6658
vn -0.6514 0.1599 0.7417
vn -0.5322 -0.0000 0.8466
vn -0.3020 -0.0000 0.9533
vn -0.1169 -0.0000 0.9931
vn -0.0288 -0.0000 0.9996
vn -0.0031 0.1983 0.9801
vn -0.0029 -0.0000 1.0000
vn -0.0032 0.3827 0.9239
vn -0.0302 -0.2022 0.9789
vn -0.1236 -0.2141 0.9690
vn -0.1305 -0.3794 0.9160
vn -0.0316 -0.3825 0.9234
vn -0.3303 -0.2308 0.9152
vn -0.3578 -0.3574 0.8627
vn -0.1236 -0.5338 0.8365
vn -0.0302 -0.5492 0.8351
vn -0.3303 -0.4840 0.8103
vn -0.0031 -0.1983 0.9801
vn -0.6514 -0.1598 0.7417
vn -0.6933 -0.2758 0.6658
vn -0.6514 -0.4114 0.6375
vn -0.5322 -0.5987 0.5987
vn -0.3020 -0.6741 0.6741
vn -0.1169 -0.7023 0.7023
vn -0.0288 -0.7068 0.7068
vn -0.0031 -0.5528 0.8333
vn -0.0029 -0.7071 0.7071
vn -0.0032 -0.3827 0.9239
vn -0.0302 -0.8351 0.5492
vn -0.1236 -0.8365 0.5338
vn -0.1305 -0.9160 0.3794
vn -0.0316 -0.9234 0.3825
vn -0.3303 -0.8103 0.4840
vn -0.3578 -0.8627 0.3573
vn -0.1236 -0.9690 0.2141
vn -0.0302 -0.9789 0.2022
vn -0.3303 -0.9152 0.2308
vn -0.0031 -0.8333 0.5528
vn -0.6514 -0.6375 0.4114
vn -0.6933 -0.6658 0.2758
vn -0.6514 -0.7417 0.1599
vn -0.5322 -0.8466 -0.0000
vn -0.3020 -0.9533 -0.0000
vn -0.1169 -0.9931 -0.0000
vn -0.0288 -0.9996 -0.0000
vn -0.0031 -0.9801 0.1983
vn -0.0029 -1.0000 -0.0000
vn -0.0032 -0.9239 0.3827
vn -0.8670 0.3524 -0.3524
vn -0.9302 0.1405 -0.3391
vn -0.9302 0.3391 -0.1405
vn -0.8670 -0.0000 -0.4984
vn -0.9302 -0.1405 -0.3391
vn -0.8670 -0.3524 -0.3524
vn -0.9302 -0.3391 -0.1405
vn -0.8670 -0.4984 -0.0000
vn -0.9302 -0.3391 0.1405
vn -0.8670 -0.3524 0.3524
vn -0.9302 -0.1405 0.3391
vn -0.8670 -0.0000 0.4984
vn -0.9302 0.1405 0.3391
vn -0.8670 0.3524 0.3524
vn -0.9302 0.3391 0.1405
vn -0.8669 0.4984 -0.0000
vn -0.6514 -0.1598 -0.7417
vn -0.6933 -0.2758 -0.6658
vn -0.5321 -0.5987 -0.5987
vn -0.6514 -0.6375 -0.4114
vn -0.6514 -0.4114 -0.6375
vn -0.6933 -0.6658 -0.2758
vn -0.6514 -0.7417 -0.1598
vn -0.0302 -0.9789 -0.2022
vn -0.1236 -0.9690 -0.2141
vn -0.1305 -0.9160 -0.3794
vn -0.0316 -0.9234 -0.3825
vn -0.3303 -0.9152 -0.2308
vn -0.3578 -0.8627 -0.3574
vn -0.1236 -0.8365 -0.5338
vn -0.0302 -0.8351 -0.5492
vn -0.3303 -0.8103 -0.4840
vn -0.0031 -0.9801 -0.1983
vn -0.3020 -0.6741 -0.6741
vn -0.1169 -0.7023 -0.7023
vn -0.0288 -0.7068 -0.7068
vn -0.0031 -0.8333 -0.5528
vn -0.0029 -0.7071 -0.7071
vn -0.0032 -0.9239 -0.3827
vn -0.0302 -0.5492 -0.8351
vn -0.1236 -0.5338 -0.8365
vn -0.1305 -0.3794 -0.9160
vn -0.0316 -0.3825 -0.9234
vn -0.3303 -0.4840 -0.8103
vn -0.3578 -0.3573 -0.8627
vn -0.1236 -0.2141 -0.9690
vn -0.0302 -0.2022 -0.9789
vn -0.3303 -0.2308 -0.9152
vn -0.0031 -0.5528 -0.8333
vn -0.0031 -0.1983 -0.9801
vn -0.0032 -0.3827 -0.9239
vn 0.9962 -0.0000 -0.0868
vn 0.9983 0.0213 -0.0544
vn 0.9983 -0.0213 -0.0544
vn 0.9988 0.0184 -0.0444
vn 0.9988 -0.0184 -0.0444
vn 0.9962 0.0613 -0.0613
vn 0.9983 0.0535 -0.0234
vn 0.9983 0.0234 -0.0535
vn 0.9988 0.0444 -0.0184
vn 0.9962 0.0868 -0.0000
vn 0.9983 0.0544 0.0213
vn 0.9983 0.0544 -0.0213
vn 0.9988 0.0444 0.0184
vn 0.9962 0.0613 0.0613
vn 0.9983 0.0234 0.0535
vn 0.9983 0.0535 0.0234
vn 0.9988 0.0184 0.0444
vn 0.9962 -0.0000 0.0868
vn 0.9983 -0.0213 0.0544
vn 0.9983 0.0213 0.0544
vn 0.9988 -0.0184 0.0444
vn 0.9962 -0.0613 0.0613
vn 0.9983 -0.0535 0.0234
vn 0.9983 -0.0234 0.0535
vn 0.9988 -0.0444 0.0184
vn 0.9962 -0.0868 -0.0000
vn 0.9983 -0.0544 -0.0213
vn 0.9983 -0.0544 0.0213
vn 0.9988 -0.0444 -0.0184
vn 0.9962 -0.0613 -0.0613
vn 0.9983 -0.0234 -0.0535
vn 0.9983 -0.0535 -0.0234
vn 0.0035 -0.0000 -1.0000
vn 0.0037 0.1983 -0.9801
vn 0.0037 0.5528 -0.8333
vn 0.0035 0.7071 -0.7071
vn 0.0038 0.3827 -0.9239
vn 0.0035 -0.7071 -0.7071
vn 0.0037 -0.5528 -0.8333
vn 0.0037 -0.1983 -0.9801
vn 0.0038 -0.3827 -0.9239
vn 0.0035 -1.0000 -0.0000
vn 0.0037 -0.9801 -0.1983
vn 0.0037 -0.8333 -0.5528
vn 0.0038 -0.9239 -0.3827
vn 0.0035 -0.7071 0.7071
vn 0.0037 -0.8333 0.5528
vn 0.0037 -0.9801 0.1983
vn 0.0038 -0.9239 0.3827
vn 0.0035 -0.0000 1.0000
vn 0.0037 -0.1983 0.9801
vn 0.0037 -0.5528 0.8333
vn 0.0038 -0.3827 0.9239
vn 0.0035 0.7071 0.7071
vn 0.0037 0.5528 0.8333
vn 0.0037 0.1983 0.9801
vn 0.0038 0.3827 0.9239
vn 0.0035 1.0000 -0.0000
vn 0.0037 0.9801 0.1983
vn 0.0037 0.8333 0.5528
vn 0.0038 0.9239 0.3827
vn 0.0037 0.8333 -0.5528
vn 0.0037 0.9801 -0.1983
vn 0.0038 0.9239 -0.3827
vn 0.8494 0.4548 -0.2678
vn 0.3457 0.7933 -0.5012
vn 0.3621 0.8612 -0.3567
vn 0.8676 0.4594 -0.1903
vn 0.0532 0.8346 -0.5483
vn 0.0558 0.9224 -0.3821
vn 0.3457 0.9153 -0.2065
vn 0.8494 0.5109 -0.1322
vn 0.0532 0.9779 -0.2024
vn 0.8290 0.3955 -0.3955
vn 0.3293 0.6677 -0.6677
vn 0.0506 0.7062 -0.7062
vn 0.0506 0.9987 -0.0000
vn 0.3293 0.9442 -0.0000
vn 0.8290 0.5593 -0.0000
vn 0.8494 0.5109 0.1322
vn 0.3457 0.9153 0.2065
vn 0.3621 0.8612 0.3567
vn 0.8676 0.4594 0.1903
vn 0.0532 0.9779 0.2024
vn 0.0558 0.9224 0.3821
vn 0.3457 0.7933 0.5012
vn 0.8494 0.4548 0.2678
vn 0.0532 0.8346 0.5483
vn 0.0506 0.7062 0.7062
vn 0.3293 0.6677 0.6677
vn 0.8290 0.3955 0.3955
vn 0.8494 0.2678 0.4548
vn 0.3457 0.5012 0.7933
vn 0.3621 0.3567 0.8612
vn 0.8676 0.1903 0.4594
vn 0.0532 0.5483 0.8346
vn 0.0558 0.3821 0.9224
vn 0.3457 0.2065 0.9153
vn 0.8494 0.1322 0.5109
vn 0.0532 0.2024 0.9779
vn 0.0506 -0.0000 0.9987
vn 0.3293 -0.0000 0.9442
vn 0.8290 -0.0000 0.5593
vn 0.8494 -0.1322 0.5109
vn 0.3457 -0.2065 0.9153
vn 0.3621 -0.3567 0.8612
vn 0.8676 -0.1903 0.4594
vn 0.0532 -0.2024 0.9779
vn 0.0558 -0.3821 0.9224
vn 0.3457 -0.5012 0.7933
vn 0.8494 -0.2678 0.4548
vn 0.0532 -0.5483 0.8346
vn 0.0506 -0.7062 0.7062
vn 0.3293 -0.6677 0.6677
vn 0.8290 -0.3955 0.3955
vn 0.8494 -0.4548 0.2678
vn 0.3457 -0.7933 0.5012
vn 0.3621 -0.8612 0.3567
vn 0.8676 -0.4594 0.1903
vn 0.0532 -0.8346 0.5483
vn 0.0558 -0.9224 0.3821
vn 0.3457 -0.9153 0.2065
vn 0.8494 -0.5109 0.1322
vn 0.0532 -0.9779 0.2024
vn 0.0506 -0.9987 -0.0000
vn 0.3293 -0.9442 -0.0000
vn 0.8290 -0.5593 -0.0000
vn 0.8494 -0.5109 -0.1322
vn 0.3457 -0.9153 -0.2065
vn 0.3621 -0.8612 -0.3567
vn 0.8676 -0.4594 -0.1903
vn 0.0532 -0.9779 -0.2024
vn 0.0558 -0.9224 -0.3821
vn 0.3457 -0.7933 -0.5012
vn 0.8494 -0.4548 -0.2678
vn 0.0532 -0.8346 -0.5483
vn 0.0506 -0.7062 -0.7062
vn 0.3293 -0.6677 -0.6677
vn 0.8290 -0.3955 -0.3955
vn 0.8494 -0.2678 -0.4548
vn 0.3457 -0.5012 -0.7933
vn 0.3621 -0.3567 -0.8612
vn 0.8676 -0.1903 -0.4594
vn 0.0532 -0.5483 -0.8346
vn 0.0558 -0.3821 -0.9224
vn 0.3457 -0.2065 -0.9153
vn 0.8494 -0.1322 -0.5109
vn 0.0532 -0.2024 -0.9779
vn 0.0506 -0.0000 -0.9987
vn 0.3293 -0.0000 -0.9442
vn 0.8290 -0.0000 -0.5593
vn 0.8494 0.1322 -0.5109
vn 0.3457 0.2065 -0.9153
vn 0.3621 0.3567 -0.8612
vn 0.8676 0.1903 -0.4594
vn 0.0532 0.2024 -0.9779
vn 0.0558 0.3821 -0.9224
vn 0.3457 0.5012 -0.7933
vn 0.8494 0.2678 -0.4548
vn 0.0532 0.5483 -0.8346
vn 0.1978 0.0266 -0.9799
vn 0.1949 0.1722 -0.9656
vn 0.3770 0.1721 -0.9101
vn 0.3825 0.0266 -0.9236
vn 0.1537 0.6298 -0.7614
vn 0.2972 0.6299 -0.7176
vn 0.5450 0.1722 -0.8206
vn 0.5531 0.0266 -0.8327
vn 0.4298 0.6298 -0.6471
vn -0.0000 0.0019 -1.0000
vn -0.0000 0.0267 -0.9996
vn 0.1978 0.0019 -0.9802
vn -0.0000 0.1722 -0.9851
vn -0.0000 0.6295 -0.7770
vn -0.0000 0.9494 -0.3142
vn 0.0622 0.9494 -0.3078
vn 0.1201 0.9494 -0.2900
vn 0.1737 0.9494 -0.2616
vn 0.2222 0.9494 -0.2222
vn 0.5494 0.6295 -0.5494
vn 0.6965 0.1722 -0.6965
vn 0.7069 0.0267 -0.7069
vn 0.5532 0.0019 -0.8330
vn 0.7071 0.0019 -0.7071
vn 0.3827 0.0019 -0.9239
vn 0.8327 0.0266 -0.5531
vn 0.8206 0.1722 -0.5450
vn 0.9101 0.1721 -0.3770
vn 0.9236 0.0266 -0.3825
vn 0.6471 0.6298 -0.4298
vn 0.7176 0.6299 -0.2972
vn 0.9656 0.1722 -0.1949
vn 0.9799 0.0266 -0.1978
vn 0.7614 0.6298 -0.1537
vn 0.8330 0.0019 -0.5532
vn 0.2616 0.9494 -0.1737
vn 0.2900 0.9494 -0.1201
vn 0.3078 0.9494 -0.0622
vn 0.3142 0.9494 -0.0000
vn 0.7770 0.6295 -0.0000
vn 0.9851 0.1722 -0.0000
vn 0.9996 0.0267 -0.0000
vn 0.9802 0.0019 -0.1978
vn 1.0000 0.0019 -0.0000
vn 0.9239 0.0019 -0.3827
vn 0.9799 0.0266 0.1978
vn 0.9656 0.1722 0.1949
vn 0.9101 0.1721 0.3770
vn 0.9236 0.0266 0.3825
vn 0.7614 0.6298 0.1537
vn 0.7176 0.6299 0.2972
vn 0.8206 0.1722 0.5450
vn 0.8327 0.0266 0.5531
vn 0.6471 0.6298 0.4298
vn 0.9802 0.0019 0.1978
vn 0.3078 0.9494 0.0622
vn 0.2900 0.9494 0.1201
vn 0.2616 0.9494 0.1737
vn 0.2222 0.9494 0.2222
vn 0.5494 0.6295 0.5494
vn 0.6965 0.1722 0.6965
vn 0.7069 0.0267 0.7069
vn 0.8330 0.0019 0.5532
vn 0.7071 0.0019 0.7071
vn 0.9239 0.0019 0.3827
vn 0.5531 0.0266 0.8327
vn 0.5450 0.1722 0.8206
vn 0.3770 0.1721 0.9101
vn 0.3825 0.0266 0.9236
vn 0.4298 0.6298 0.6471
vn 0.2972 0.6299 0.7176
vn 0.1949 0.1722 0.9656
vn 0.1978 0.0266 0.9799
vn 0.1537 0.6298 0.7614
vn 0.5532 0.0019 0.8330
vn 0.1737 0.9494 0.2616
vn 0.1201 0.9494 0.2900
vn 0.0622 0.9494 0.3078
vn -0.0000 0.9494 0.3142
vn -0.0000 0.6295 0.7770
vn -0.0000 0.1722 0.9851
vn -0.0000 0.0267 0.9996
vn 0.1978 0.0019 0.9802
vn -0.0000 0.0019 1.0000
vn 0.3827 0.0019 0.9239
vn -0.1978 0.0266 0.9799
vn -0.1949 0.1722 0.9656
vn -0.3770 0.1721 0.9101
vn -0.3825 0.0266 0.9236
vn -0.1537 0.6298 0.7614
vn -0.2972 0.6299 0.7176
vn -0.5450 0.1722 0.8206
vn -0.5531 0.0266 0.8327
vn -0.4298 0.6298 0.6471
vn -0.1978 0.0019 0.9802
vn -0.0622 0.9494 0.3078
vn -0.1201 0.9494 0.2900
vn -0.1737 0.9494 0.2616
vn -0.2222 0.9494 0.2222
vn -0.5494 0.6295 0.5494
vn -0.6965 0.1722 0.6965
vn -0.7069 0.0267 0.7069
vn -0.5532 0.0019 0.8330
vn -0.7071 0.0019 0.7071
vn -0.3827 0.0019 0.9239
vn -0.8327 0.0266 0.5531
vn -0.8206 0.1722 0.5450
vn -0.9101 0.1721 0.3770
vn -0.9236 0.0266 0.3825
vn -0.6471 0.6298 0.4298
vn -0.7176 0.6299 0.2972
vn -0.9656 0.1722 0.1949
vn -0.9799 0.0266 0.1978
vn -0.7614 0.6298 0.1537
vn -0.8330 0.0019 0.5532
vn -0.2616 0.9494 0.1737
vn -0.2900 0.9494 0.1201
vn -0.3078 0.9494 0.0622
vn -0.3142 0.9494 -0.0000
vn -0.7770 0.6295 -0.0000
vn -0.9851 0.1722 -0.0000
vn -0.9996 0.0267 -0.0000
vn -0.9802 0.0019 0.1978
vn -1.0000 0.0019 -0.0000
vn -0.9239 0.0019 0.3827
vn 0.8294 0.1219 0.5451
vn 0.9163 0.1275 0.3796
vn 0.7822 0.5322 0.3240
vn 0.7223 0.5153 0.4613
vn 0.9720 0.1219 0.2010
vn 0.8369 0.5153 0.1845
vn 0.3851 0.9090 0.1595
vn 0.3798 0.8961 0.2296
vn 0.4309 0.8961 0.1061
vn 0.7071 0.0092 0.7071
vn 0.8333 0.0097 0.5528
vn 0.7023 0.1163 0.7023
vn 0.9238 0.0102 0.3827
vn 0.9801 0.0097 0.1983
vn 1.0000 0.0092 -0.0000
vn 0.9932 0.1163 -0.0000
vn 0.8671 0.4981 -0.0000
vn 0.4724 0.8814 -0.0000
vn 0.1691 0.9856 -0.0000
vn 0.1294 0.9911 0.0321
vn 0.1097 0.9929 0.0455
vn 0.1142 0.9911 0.0688
vn 0.3340 0.8814 0.3340
vn 0.1196 0.9856 0.1196
vn 0.6132 0.4981 0.6132
vn -0.9799 0.0266 -0.1978
vn -0.9656 0.1722 -0.1949
vn -0.9101 0.1721 -0.3770
vn -0.9236 0.0266 -0.3825
vn -0.7614 0.6298 -0.1537
vn -0.7176 0.6299 -0.2972
vn -0.8206 0.1722 -0.5450
vn -0.8327 0.0266 -0.5531
vn -0.6471 0.6298 -0.4298
vn -0.9802 0.0019 -0.1978
vn -0.3078 0.9494 -0.0622
vn -0.2900 0.9494 -0.1201
vn -0.2616 0.9494 -0.1737
vn -0.2222 0.9494 -0.2222
vn -0.5494 0.6295 -0.5494
vn -0.6965 0.1722 -0.6965
vn -0.7069 0.0267 -0.7069
vn -0.8330 0.0019 -0.5532
vn -0.7071 0.0019 -0.7071
vn -0.9239 0.0019 -0.3827
vn -0.5531 0.0266 -0.8327
vn -0.5450 0.1722 -0.8206
vn -0.3770 0.1721 -0.9101
vn -0.3825 0.0266 -0.9236
vn -0.4298 0.6298 -0.6471
vn -0.2972 0.6299 -0.7176
vn -0.1949 0.1722 -0.9656
vn -0.1978 0.0266 -0.9799
vn -0.1537 0.6298 -0.7614
vn -0.5532 0.0019 -0.8330
vn -0.1737 0.9494 -0.2616
vn -0.1201 0.9494 -0.2900
vn -0.0622 0.9494 -0.3078
vn -0.1978 0.0019 -0.9802
vn -0.3827 0.0019 -0.9239
vn -0.0000 -0.9992 -0.0408
vn 0.0109 -0.9996 -0.0264
vn -0.0109 -0.9996 -0.0264
vn 0.0289 -0.9992 -0.0289
vn 0.0264 -0.9996 -0.0109
vn 0.0408 -0.9992 -0.0000
vn 0.0264 -0.9996 0.0109
vn 0.0289 -0.9992 0.0289
vn 0.0109 -0.9996 0.0264
vn -0.0000 -0.9992 0.0408
vn -0.0109 -0.9996 0.0264
vn -0.0289 -0.9992 0.0289
vn -0.0264 -0.9996 0.0109
vn -0.0408 -0.9992 -0.0000
vn -0.0264 -0.9996 -0.0109
vn -0.0289 -0.9992 -0.0289
vn -0.0000 -0.9889 -0.1486
vn 0.0293 -0.9934 -0.1110
vn -0.0293 -0.9934 -0.1110
vn 0.0388 -0.9948 -0.0938
vn -0.0388 -0.9948 -0.0938
vn 0.1051 -0.9889 -0.1051
vn 0.0992 -0.9934 -0.0578
vn 0.0578 -0.9934 -0.0992
vn 0.0938 -0.9948 -0.0388
vn 0.1486 -0.9889 -0.0000
vn 0.1110 -0.9934 0.0293
vn 0.1110 -0.9934 -0.0293
vn 0.0938 -0.9948 0.0388
vn 0.1051 -0.9889 0.1051
vn 0.0578 -0.9934 0.0992
vn 0.0992 -0.9934 0.0578
vn 0.0388 -0.9948 0.0938
vn -0.0000 -0.9889 0.1486
vn -0.0293 -0.9934 0.1110
vn 0.0293 -0.9934 0.1110
vn -0.0388 -0.9948 0.0938
vn -0.1051 -0.9889 0.1051
vn -0.0992 -0.9934 0.0578
vn -0.0578 -0.9934 0.0992
vn -0.0938 -0.9948 0.0388
vn -0.1486 -0.9889 -0.0000
vn -0.1110 -0.9934 -0.0293
vn -0.1110 -0.9934 0.0293
vn -0.0938 -0.9948 -0.0388
vn -0.1051 -0.9889 -0.1051
vn -0.0578 -0.9934 -0.0992
vn -0.0992 -0.9934 -0.0578
vn 0.0280 0.9899 -0.1390
vn 0.0543 0.9899 -0.1311
vn 0.0359 0.9956 -0.0867
vn 0.0186 0.9956 -0.0919
vn 0.0784 0.9899 -0.1181
vn 0.0519 0.9956 -0.0781
vn 0.0444 0.9932 -0.1072
vn 0.0230 0.9932 -0.1138
vn 0.0642 0.9932 -0.0967
vn -0.0000 0.9460 -0.3241
vn 0.0642 0.9459 -0.3181
vn -0.0000 0.9899 -0.1416
vn 0.1243 0.9458 -0.3001
vn 0.1796 0.9459 -0.2704
vn 0.2292 0.9460 -0.2292
vn 0.1001 0.9899 -0.1001
vn 0.0663 0.9956 -0.0663
vn 0.0820 0.9932 -0.0821
vn -0.0000 0.9932 -0.1160
vn -0.0000 0.9956 -0.0937
vn 0.1181 0.9899 -0.0784
vn 0.1311 0.9899 -0.0543
vn 0.0867 0.9956 -0.0359
vn 0.0781 0.9956 -0.0519
vn 0.1390 0.9899 -0.0280
vn 0.0919 0.9956 -0.0186
vn 0.1072 0.9932 -0.0444
vn 0.0967 0.9932 -0.0642
vn 0.1138 0.9932 -0.0230
vn 0.2703 0.9459 -0.1796
vn 0.3001 0.9458 -0.1243
vn 0.3181 0.9459 -0.0642
vn 0.3241 0.9460 -0.0000
vn 0.1416 0.9899 -0.0000
vn 0.0937 0.9956 -0.0000
vn 0.1160 0.9932 -0.0000
vn 0.1390 0.9899 0.0280
vn 0.1311 0.9899 0.0543
vn 0.0867 0.9956 0.0359
vn 0.0919 0.9956 0.0186
vn 0.1181 0.9899 0.0784
vn 0.0781 0.9956 0.0519
vn 0.1072 0.9932 0.0444
vn 0.1138 0.9932 0.0230
vn 0.0967 0.9932 0.0642
vn 0.3181 0.9459 0.0642
vn 0.3001 0.9458 0.1243
vn 0.2704 0.9459 0.1796
vn 0.2292 0.9460 0.2292
vn 0.1001 0.9899 0.1001
vn 0.0663 0.9956 0.0663
vn 0.0821 0.9932 0.0821
vn 0.0784 0.9899 0.1181
vn 0.0543 0.9899 0.1311
vn 0.0359 0.9956 0.0867
vn 0.0519 0.9956 0.0781
vn 0.0280 0.9899 0.1390
vn 0.0186 0.9956 0.0919
vn 0.0444 0.9932 0.1072
vn 0.0642 0.9932 0.0967
vn 0.0230 0.9932 0.1138
vn 0.1796 0.9459 0.2703
vn 0.1243 0.9458 0.3001
vn 0.0642 0.9459 0.3181
vn -0.0000 0.9460 0.3241
vn -0.0000 0.9899 0.1416
vn -0.0000 0.9956 0.0937
vn -0.0000 0.9932 0.1160
vn -0.0280 0.9899 0.1390
vn -0.0543 0.9899 0.1311
vn -0.0359 0.9956 0.0867
vn -0.0186 0.9956 0.0919
vn -0.0784 0.9899 0.1181
vn -0.0519 0.9956 0.0781
vn -0.0444 0.9932 0.1072
vn -0.0230 0.9932 0.1138
vn -0.0642 0.9932 0.0967
vn -0.0642 0.9459 0.3181
vn -0.1243 0.9458 0.3001
vn -0.1796 0.9459 0.2704
vn -0.2292 0.9460 0.2292
vn -0.1001 0.9899 0.1001
vn -0.0663 0.9956 0.0663
vn -0.0821 0.9932 0.0821
vn -0.1181 0.9899 0.0784
vn -0.1311 0.9899 0.0543
vn -0.0867 0.9956 0.0359
vn -0.0781 0.9956 0.0519
vn -0.1390 0.9899 0.0280
vn -0.0919 0.9956 0.0186
vn -0.1072 0.9932 0.0444
vn -0.0967 0.9932 0.0642
vn -0.1138 0.9932 0.0230
vn -0.2703 0.9459 0.1796
vn -0.3001 0.9458 0.1243
vn -0.3181 0.9459 0.0642
vn -0.3241 0.9460 -0.0000
vn -0.1416 0.9899 -0.0000
vn -0.0937 0.9956 -0.0000
vn -0.1160 0.9932 -0.0000
vn -0.1390 0.9899 -0.0280
vn -0.1311 0.9899 -0.0543
vn -0.0867 0.9956 -0.0359
vn -0.0919 0.9956 -0.0186
vn -0.1181 0.9899 -0.0784
vn -0.0781 0.9956 -0.0519
vn -0.1072 0.9932 -0.0444
vn -0.1138 0.9932 -0.0230
vn -0.0967 0.9932 -0.0642
vn -0.3181 0.9459 -0.0642
vn -0.3001 0.9458 -0.1243
vn -0.2704 0.9459 -0.1796
vn -0.2292 0.9460 -0.2292
vn -0.1001 0.9899 -0.1001
vn -0.0663 0.9956 -0.0663
vn -0.0821 0.9932 -0.0821
vn -0.0784 0.9899 -0.1181
vn -0.0543 0.9899 -0.1311
vn -0.0359 0.9956 -0.0867
vn -0.0519 0.9956 -0.0781
vn -0.0280 0.9899 -0.1390
vn -0.0186 0.9956 -0.0919
vn -0.0444 0.9932 -0.1072
vn -0.0642 0.9932 -0.0967
vn -0.0230 0.9932 -0.1138
vn -0.1796 0.9459 -0.2704
vn -0.1243 0.9458 -0.3001
vn -0.0642 0.9459 -0.3181
vn 0.0379 0.9986 -0.0379
vn 0.0143 0.9993 -0.0346
vn 0.0346 0.9993 -0.0143
vn -0.0000 0.9986 -0.0535
vn -0.0143 0.9993 -0.0346
vn -0.0379 0.9986 -0.0379
vn -0.0346 0.9993 -0.0143
vn -0.0535 0.9986 -0.0000
vn -0.0346 0.9993 0.0143
vn -0.0379 0.9986 0.0379
vn -0.0143 0.9993 0.0346
vn -0.0000 0.9986 0.0535
vn 0.0143 0.9993 0.0346
vn 0.0379 0.9986 0.0379
vn 0.0346 0.9993 0.0143
vn 0.0535 0.9986 -0.0000
vn 0.1196 0.9856 -0.1196
vn 0.0688 0.9911 -0.1142
vn 0.1142 0.9911 -0.0688
vn 0.0455 0.9929 -0.1097
vn 0.1097 0.9929 -0.0455
vn -0.0000 0.9856 -0.1691
vn -0.0321 0.9911 -0.1294
vn 0.0321 0.9911 -0.1294
vn -0.0455 0.9929 -0.1097
vn -0.1196 0.9856 -0.1196
vn -0.1142 0.9911 -0.0688
vn -0.0688 0.9911 -0.1142
vn -0.1097 0.9929 -0.0455
vn -0.1691 0.9856 -0.0000
vn -0.1294 0.9911 0.0321
vn -0.1294 0.9911 -0.0321
vn -0.1097 0.9929 0.0455
vn -0.1196 0.9856 0.1196
vn -0.0688 0.9911 0.1142
vn -0.1142 0.9911 0.0688
vn -0.0455 0.9929 0.1097
vn -0.0000 0.9856 0.1691
vn 0.0321 0.9911 0.1294
vn -0.0321 0.9911 0.1294
vn 0.0455 0.9929 0.1097
vn 0.0688 0.9911 0.1142
vn 0.1294 0.9911 -0.0321
vn 0.5451 0.1219 -0.8294
vn 0.3796 0.1275 -0.9163
vn 0.3240 0.5322 -0.7822
vn 0.4613 0.5153 -0.7223
vn 0.2010 0.1219 -0.9720
vn 0.1845 0.5153 -0.8369
vn 0.1595 0.9090 -0.3851
vn 0.2296 0.8961 -0.3798
vn 0.1061 0.8961 -0.4309
vn 0.7071 0.0092 -0.7071
vn 0.5528 0.0097 -0.8333
vn 0.7023 0.1163 -0.7023
vn 0.3827 0.0102 -0.9238
vn 0.1983 0.0097 -0.9801
vn -0.0000 0.0092 -1.0000
vn -0.0000 0.1163 -0.9932
vn -0.0000 0.4981 -0.8671
vn -0.0000 0.8814 -0.4724
vn 0.3340 0.8814 -0.3340
vn 0.6132 0.4981 -0.6132
vn -0.2010 0.1219 -0.9720
vn -0.3796 0.1275 -0.9163
vn -0.3240 0.5322 -0.7822
vn -0.1845 0.5153 -0.8369
vn -0.5451 0.1219 -0.8294
vn -0.4613 0.5153 -0.7223
vn -0.1595 0.9090 -0.3851
vn -0.1061 0.8961 -0.4309
vn -0.2296 0.8961 -0.3798
vn -0.1983 0.0097 -0.9801
vn -0.3827 0.0102 -0.9238
vn -0.5528 0.0097 -0.8333
vn -0.7071 0.0092 -0.7071
vn -0.7023 0.1163 -0.7023
vn -0.6132 0.4981 -0.6132
vn -0.3340 0.8814 -0.3340
vn -0.9720 0.1219 0.2010
vn -0.9163 0.1275 0.3796
vn -0.7822 0.5322 0.3240
vn -0.8369 0.5153 0.1845
vn -0.8294 0.1219 0.5451
vn -0.7223 0.5153 0.4613
vn -0.3851 0.9090 0.1595
vn -0.4309 0.8961 0.1062
vn -0.3798 0.8961 0.2296
vn -1.0000 0.0092 -0.0000
vn -0.9801 0.0097 0.1983
vn -0.9932 0.1163 -0.0000
vn -0.9238 0.0102 0.3827
vn -0.8333 0.0097 0.5528
vn -0.7071 0.0092 0.7071
vn -0.7023 0.1163 0.7023
vn -0.6132 0.4981 0.6132
vn -0.3340 0.8814 0.3340
vn -0.4724 0.8814 -0.0000
vn -0.8671 0.4981 -0.0000
vn 0.2010 0.1219 0.9720
vn 0.3796 0.1275 0.9163
vn 0.3240 0.5322 0.7822
vn 0.1845 0.5153 0.8369
vn 0.5451 0.1219 0.8294
vn 0.4613 0.5153 0.7223
vn 0.1595 0.9090 0.3851
vn 0.1062 0.8961 0.4309
vn 0.2296 0.8961 0.3798
vn -0.0000 0.0092 1.0000
vn 0.1983 0.0097 0.9801
vn -0.0000 0.1163 0.9932
vn 0.3827 0.0102 0.9238
vn 0.5528 0.0097 0.8333
vn -0.0000 0.8814 0.4724
vn -0.0000 0.4981 0.8671
vn 0.9720 0.1219 -0.2010
vn 0.9163 0.1275 -0.3796
vn 0.7822 0.5322 -0.3240
vn 0.8369 0.5153 -0.1845
vn 0.8294 0.1219 -0.5451
vn 0.7223 0.5153 -0.4613
vn 0.3851 0.9090 -0.1595
vn 0.4309 0.8961 -0.1061
vn 0.3798 0.8961 -0.2296
vn 0.9801 0.0097 -0.1983
vn 0.9238 0.0102 -0.3827
vn 0.8333 0.0097 -0.5528
vn -0.8294 0.1219 -0.5451
vn -0.9163 0.1275 -0.3796
vn -0.7822 0.5322 -0.3240
vn -0.7223 0.5153 -0.4613
vn -0.9720 0.1219 -0.2010
vn -0.8369 0.5153 -0.1845
vn -0.3851 0.9090 -0.1595
vn -0.3798 0.8961 -0.2296
vn -0.4309 0.8961 -0.1062
vn -0.8333 0.0097 -0.5528
vn -0.9238 0.0102 -0.3827
vn -0.9801 0.0097 -0.1983
vn -0.5451 0.1219 0.8294
vn -0.3796 0.1275 0.9163
vn -0.3240 0.5322 0.7822
vn -0.4613 0.5153 0.7223
vn -0.2010 0.1219 0.9720
vn -0.1845 0.5153 0.8369
vn -0.1595 0.9090 0.3851
vn -0.2296 0.8961 0.3798
vn -0.1062 0.8961 0.4309
vn -0.5528 0.0097 0.8333
vn -0.3827 0.0102 0.9238
vn -0.1983 0.0097 0.9801
vn -0.5532 -0.0000 -0.8330
vn -0.3827 -0.0000 -0.9239
vn -0.1978 -0.0000 -0.9802
vn -0.7071 -0.0068 -0.7071
vn -0.7071 -0.0000 -0.7071
vn -0.5528 -0.0072 -0.8333
vn -0.1983 -0.0072 -0.9801
vn -0.0000 -0.0068 -1.0000
vn -0.3827 -0.0075 -0.9239
vn -0.9802 -0.0000 -0.1978
vn -0.9239 -0.0000 -0.3827
vn -0.8330 -0.0000 -0.5532
vn -1.0000 -0.0068 -0.0000
vn -0.9801 -0.0072 -0.1983
vn -0.8333 -0.0072 -0.5528
vn -0.9239 -0.0075 -0.3827
vn -0.8330 -0.0000 0.5532
vn -0.9239 -0.0000 0.3827
vn -0.9802 -0.0000 0.1978
vn -0.7071 -0.0068 0.7071
vn -0.7071 -0.0000 0.7071
vn -0.8333 -0.0072 0.5528
vn -0.9801 -0.0072 0.1983
vn -0.9239 -0.0075 0.3827
vn -0.1978 -0.0000 0.9802
vn -0.3827 -0.0000 0.9239
vn -0.5532 -0.0000 0.8330
vn -0.0000 -0.0068 1.0000
vn -0.1983 -0.0072 0.9801
vn -0.5528 -0.0072 0.8333
vn -0.3827 -0.0075 0.9239
vn 0.5532 -0.0000 0.8330
vn 0.3827 -0.0000 0.9239
vn 0.1978 -0.0000 0.9802
vn 0.7071 -0.0068 0.7071
vn 0.7071 -0.0000 0.7071
vn 0.5528 -0.0072 0.8333
vn 0.1983 -0.0072 0.9801
vn 0.3827 -0.0075 0.9239
vn 0.9802 -0.0000 0.1978
vn 0.9239 -0.0000 0.3827
vn 0.8330 -0.0000 0.5532
vn 1.0000 -0.0068 -0.0000
vn 0.9801 -0.0072 0.1983
vn 0.8333 -0.0072 0.5528
vn 0.9239 -0.0075 0.3827
vn 0.8330 -0.0000 -0.5532
vn 0.9239 -0.0000 -0.3827
vn 0.9802 -0.0000 -0.1978
vn 0.7071 -0.0068 -0.7071
vn 0.7071 -0.0000 -0.7071
vn 0.8333 -0.0072 -0.5528
vn 0.9801 -0.0072 -0.1983
vn 0.9239 -0.0075 -0.3827
vn 0.1978 -0.0000 -0.9802
vn 0.3827 -0.0000 -0.9239
vn 0.5532 -0.0000 -0.8330
vn 0.1983 -0.0072 -0.9801
vn 0.5528 -0.0072 -0.8333
vn 0.3827 -0.0075 -0.9239
vn 0.1127 -0.8849 -0.4519
vn 0.1917 -0.4666 -0.8635
vn 0.3349 -0.4837 -0.8086
vn 0.1673 -0.8994 -0.4039
vn 0.2017 -0.0956 -0.9748
vn 0.3808 -0.1001 -0.9192
vn 0.4750 -0.4666 -0.7461
vn 0.2398 -0.8849 -0.3992
vn 0.5467 -0.0956 -0.8319
vn -0.0000 -0.8684 -0.4958
vn -0.0000 -0.4492 -0.8934
vn -0.0000 -0.0910 -0.9958
vn 0.7042 -0.0910 -0.7042
vn 0.6317 -0.4492 -0.6317
vn 0.3506 -0.8684 -0.3506
vn 0.3992 -0.8849 -0.2398
vn 0.7461 -0.4666 -0.4750
vn 0.8086 -0.4837 -0.3349
vn 0.4039 -0.8994 -0.1673
vn 0.8319 -0.0956 -0.5467
vn 0.9192 -0.1001 -0.3808
vn 0.8634 -0.4666 -0.1917
vn 0.4519 -0.8849 -0.1127
vn 0.9748 -0.0956 -0.2017
vn 0.9958 -0.0910 -0.0000
vn 0.8934 -0.4492 -0.0000
vn 0.4958 -0.8684 -0.0000
vn 0.4519 -0.8849 0.1127
vn 0.8635 -0.4666 0.1917
vn 0.8086 -0.4837 0.3349
vn 0.4039 -0.8994 0.1673
vn 0.9748 -0.0956 0.2017
vn 0.9192 -0.1001 0.3808
vn 0.7461 -0.4666 0.4750
vn 0.3992 -0.8849 0.2398
vn 0.8319 -0.0956 0.5467
vn 0.7042 -0.0910 0.7042
vn 0.6317 -0.4492 0.6317
vn 0.3506 -0.8684 0.3506
vn 0.2398 -0.8849 0.3992
vn 0.4750 -0.4666 0.7461
vn 0.3349 -0.4837 0.8086
vn 0.1673 -0.8994 0.4039
vn 0.5467 -0.0956 0.8319
vn 0.3808 -0.1001 0.9192
vn 0.1917 -0.4666 0.8634
vn 0.1127 -0.8849 0.4519
vn 0.2017 -0.0956 0.9748
vn -0.0000 -0.0910 0.9958
vn -0.0000 -0.4492 0.8934
vn -0.0000 -0.8684 0.4958
vn -0.1127 -0.8849 0.4519
vn -0.1917 -0.4666 0.8634
vn -0.3349 -0.4837 0.8086
vn -0.1673 -0.8994 0.4039
vn -0.2017 -0.0956 0.9748
vn -0.3808 -0.1001 0.9192
vn -0.4750 -0.4666 0.7461
vn -0.2398 -0.8849 0.3992
vn -0.5467 -0.0956 0.8319
vn -0.7042 -0.0910 0.7042
vn -0.6317 -0.4492 0.6317
vn -0.3506 -0.8684 0.3506
vn -0.3992 -0.8849 0.2398
vn -0.7461 -0.4666 0.4750
vn -0.8086 -0.4837 0.3349
vn -0.4039 -0.8994 0.1673
vn -0.8319 -0.0956 0.5467
vn -0.9192 -0.1001 0.3808
vn -0.8635 -0.4666 0.1917
vn -0.4519 -0.8849 0.1127
vn -0.9748 -0.0956 0.2017
vn -0.9958 -0.0910 -0.0000
vn -0.8934 -0.4492 -0.0000
vn -0.4958 -0.8684 -0.0000
vn -0.4519 -0.8849 -0.1127
vn -0.8635 -0.4666 -0.1917
vn -0.8086 -0.4837 -0.3349
vn -0.4039 -0.8994 -0.1673
vn -0.9748 -0.0956 -0.2017
vn -0.9192 -0.1001 -0.3808
vn -0.7461 -0.4666 -0.4750
vn -0.3992 -0.8849 -0.2398
vn -0.8319 -0.0956 -0.5467
vn -0.7042 -0.0910 -0.7042
vn -0.6317 -0.4492 -0.6317
vn -0.3506 -0.8684 -0.3506
vn -0.2398 -0.8849 -0.3992
vn -0.4750 -0.4666 -0.7461
vn -0.3349 -0.4837 -0.8086
vn -0.1673 -0.8994 -0.4039
vn -0.5467 -0.0956 -0.8319
vn -0.3808 -0.1001 -0.9192
vn -0.1917 -0.4666 -0.8635
vn -0.1127 -0.8849 -0.4519
vn -0.2017 -0.0956 -0.9748
vn -0.3936 0.7028 0.5926
vn -0.2724 0.7024 0.6576
vn -0.3681 0.2732 0.8887
vn -0.5321 0.2734 0.8013
vn -0.1408 0.7028 0.6974
vn -0.1903 0.2734 0.9429
vn -0.3821 0.0532 0.9226
vn -0.5525 0.0533 0.8318
vn -0.1976 0.0533 0.9788
vn -0.5027 0.7033 0.5027
vn -0.0000 0.7033 0.7109
vn -0.0000 0.2737 0.9618
vn -0.0000 0.0533 0.9986
vn -0.0000 0.0043 1.0000
vn -0.1978 0.0043 0.9802
vn -0.3827 0.0043 0.9239
vn -0.5532 0.0043 0.8330
vn -0.7061 0.0533 0.7061
vn -0.7071 0.0043 0.7071
vn -0.6801 0.2737 0.6801
vn -0.5926 0.7028 -0.3936
vn -0.6576 0.7024 -0.2724
vn -0.8887 0.2732 -0.3681
vn -0.8013 0.2734 -0.5321
vn -0.6974 0.7028 -0.1408
vn -0.9429 0.2734 -0.1903
vn -0.9226 0.0532 -0.3821
vn -0.8318 0.0533 -0.5525
vn -0.9788 0.0533 -0.1976
vn -0.5027 0.7033 -0.5027
vn -0.7109 0.7033 -0.0000
vn -0.9618 0.2737 -0.0000
vn -0.9986 0.0533 -0.0000
vn -1.0000 0.0043 -0.0000
vn -0.9802 0.0043 -0.1978
vn -0.9239 0.0043 -0.3827
vn -0.8330 0.0043 -0.5532
vn -0.7061 0.0533 -0.7061
vn -0.7071 0.0043 -0.7071
vn -0.6801 0.2737 -0.6801
vn 0.6974 0.7028 -0.1408
vn 0.6576 0.7024 -0.2724
vn 0.8887 0.2732 -0.3681
vn 0.9429 0.2734 -0.1903
vn 0.5926 0.7028 -0.3936
vn 0.8013 0.2734 -0.5321
vn 0.9226 0.0532 -0.3821
vn 0.9788 0.0533 -0.1976
vn 0.8318 0.0533 -0.5525
vn 0.7109 0.7033 -0.0000
vn 0.5027 0.7033 -0.5027
vn 0.6801 0.2737 -0.6801
vn 0.7061 0.0533 -0.7061
vn 0.7071 0.0043 -0.7071
vn 0.8330 0.0043 -0.5532
vn 0.9239 0.0043 -0.3827
vn 0.9802 0.0043 -0.1978
vn 0.9986 0.0533 -0.0000
vn 1.0000 0.0043 -0.0000
vn 0.9618 0.2737 -0.0000
vn 0.1408 0.7028 0.6974
vn 0.2724 0.7024 0.6576
vn 0.3681 0.2732 0.8887
vn 0.1903 0.2734 0.9429
vn 0.3936 0.7028 0.5926
vn 0.5321 0.2734 0.8013
vn 0.3821 0.0532 0.9226
vn 0.1976 0.0533 0.9788
vn 0.5525 0.0533 0.8318
vn 0.5027 0.7033 0.5027
vn 0.6801 0.2737 0.6801
vn 0.7061 0.0533 0.7061
vn 0.7071 0.0043 0.7071
vn 0.5532 0.0043 0.8330
vn 0.3827 0.0043 0.9239
vn 0.1978 0.0043 0.9802
vn -0.6974 0.7028 0.1408
vn -0.6576 0.7024 0.2724
vn -0.8887 0.2732 0.3681
vn -0.9429 0.2734 0.1903
vn -0.5926 0.7028 0.3936
vn -0.8013 0.2734 0.5321
vn -0.9226 0.0532 0.3821
vn -0.9788 0.0533 0.1976
vn -0.8318 0.0533 0.5525
vn -0.8330 0.0043 0.5532
vn -0.9239 0.0043 0.3827
vn -0.9802 0.0043 0.1978
vn -0.1408 0.7028 -0.6974
vn -0.2724 0.7024 -0.6576
vn -0.3681 0.2732 -0.8887
vn -0.1903 0.2734 -0.9429
vn -0.3936 0.7028 -0.5926
vn -0.5321 0.2734 -0.8013
vn -0.3821 0.0532 -0.9226
vn -0.1976 0.0533 -0.9788
vn -0.5525 0.0533 -0.8318
vn -0.0000 0.7033 -0.7109
vn -0.5532 0.0043 -0.8330
vn -0.3827 0.0043 -0.9239
vn -0.1978 0.0043 -0.9802
vn -0.0000 0.0533 -0.9986
vn -0.0000 0.0043 -1.0000
vn -0.0000 0.2737 -0.9618
vn 0.3936 0.7028 -0.5926
vn 0.2724 0.7024 -0.6576
vn 0.3681 0.2732 -0.8887
vn 0.5321 0.2734 -0.8013
vn 0.1408 0.7028 -0.6974
vn 0.1903 0.2734 -0.9429
vn 0.3821 0.0532 -0.9226
vn 0.5525 0.0533 -0.8318
vn 0.1976 0.0533 -0.9788
vn 0.1978 0.0043 -0.9802
vn 0.3827 0.0043 -0.9239
vn 0.5532 0.0043 -0.8330
vn 0.5926 0.7028 0.3936
vn 0.6576 0.7024 0.2724
vn 0.8887 0.2732 0.3681
vn 0.8013 0.2734 0.5321
vn 0.6974 0.7028 0.1408
vn 0.9429 0.2734 0.1903
vn 0.9226 0.0532 0.3821
vn 0.8318 0.0533 0.5525
vn 0.9788 0.0533 0.1976
vn 0.9802 0.0043 0.1978
vn 0.9239 0.0043 0.3827
vn 0.8330 0.0043 0.5532
vn -0.2024 -0.0480 -0.9781
vn -0.2102 -0.2822 -0.9361
vn -0.3655 -0.2962 -0.8824
vn -0.3822 -0.0503 -0.9227
vn -0.1639 -0.7520 -0.6385
vn -0.2414 -0.7760 -0.5827
vn -0.5133 -0.2822 -0.8105
vn -0.5485 -0.0480 -0.8347
vn -0.3356 -0.7520 -0.5673
vn -0.0000 -0.0034 -1.0000
vn -0.0000 -0.0457 -0.9990
vn -0.1983 -0.0035 -0.9801
vn -0.0000 -0.2682 -0.9634
vn -0.0000 -0.7255 -0.6882
vn -0.0000 -0.9634 -0.2680
vn -0.0536 -0.9782 -0.2007
vn -0.0705 -0.9829 -0.1703
vn -0.1040 -0.9782 -0.1799
vn -0.1895 -0.9634 -0.1895
vn -0.4866 -0.7255 -0.4866
vn -0.6812 -0.2682 -0.6812
vn -0.7064 -0.0457 -0.7064
vn -0.5528 -0.0035 -0.8333
vn -0.7071 -0.0034 -0.7071
vn -0.3827 -0.0037 -0.9239
vn -0.8347 -0.0480 -0.5485
vn -0.8105 -0.2822 -0.5133
vn -0.8824 -0.2962 -0.3655
vn -0.9227 -0.0503 -0.3822
vn -0.5673 -0.7520 -0.3356
vn -0.5827 -0.7760 -0.2414
vn -0.9361 -0.2822 -0.2102
vn -0.9781 -0.0480 -0.2024
vn -0.6385 -0.7520 -0.1639
vn -0.8333 -0.0035 -0.5528
vn -0.1799 -0.9782 -0.1040
vn -0.1703 -0.9829 -0.0705
vn -0.2007 -0.9782 -0.0536
vn -0.2680 -0.9634 -0.0000
vn -0.6882 -0.7255 -0.0000
vn -0.9634 -0.2682 -0.0000
vn -0.9990 -0.0457 -0.0000
vn -0.9801 -0.0035 -0.1983
vn -1.0000 -0.0034 -0.0000
vn -0.9239 -0.0037 -0.3827
vn -0.9781 -0.0480 0.2024
vn -0.9361 -0.2822 0.2102
vn -0.8824 -0.2962 0.3655
vn -0.9227 -0.0503 0.3822
vn -0.6385 -0.7520 0.1639
vn -0.5827 -0.7760 0.2414
vn -0.8105 -0.2822 0.5133
vn -0.8347 -0.0480 0.5485
vn -0.5673 -0.7520 0.3356
vn -0.9801 -0.0035 0.1983
vn -0.2007 -0.9782 0.0536
vn -0.1703 -0.9829 0.0705
vn -0.1799 -0.9782 0.1040
vn -0.1895 -0.9634 0.1895
vn -0.4866 -0.7255 0.4866
vn -0.6812 -0.2682 0.6812
vn -0.7064 -0.0457 0.7064
vn -0.8333 -0.0035 0.5528
vn -0.7071 -0.0034 0.7071
vn -0.9239 -0.0037 0.3827
vn -0.5485 -0.0480 0.8347
vn -0.5133 -0.2822 0.8105
vn -0.3655 -0.2962 0.8824
vn -0.3822 -0.0503 0.9227
vn -0.3356 -0.7520 0.5673
vn -0.2414 -0.7760 0.5827
vn -0.2102 -0.2822 0.9361
vn -0.2024 -0.0480 0.9781
vn -0.1639 -0.7520 0.6385
vn -0.5528 -0.0035 0.8333
vn -0.1040 -0.9782 0.1799
vn -0.0705 -0.9829 0.1703
vn -0.0536 -0.9782 0.2007
vn -0.0000 -0.9634 0.2680
vn -0.0000 -0.7255 0.6882
vn -0.0000 -0.2682 0.9634
vn -0.0000 -0.0457 0.9990
vn -0.1983 -0.0035 0.9801
vn -0.0000 -0.0034 1.0000
vn -0.3827 -0.0037 0.9239
vn 0.2024 -0.0480 0.9781
vn 0.2102 -0.2822 0.9361
vn 0.3655 -0.2962 0.8824
vn 0.3822 -0.0503 0.9227
vn 0.1639 -0.7520 0.6385
vn 0.2414 -0.7760 0.5827
vn 0.5133 -0.2822 0.8105
vn 0.5485 -0.0480 0.8347
vn 0.3356 -0.7520 0.5673
vn 0.1983 -0.0035 0.9801
vn 0.0536 -0.9782 0.2007
vn 0.0705 -0.9829 0.1703
vn 0.1040 -0.9782 0.1799
vn 0.1895 -0.9634 0.1895
vn 0.4866 -0.7255 0.4866
vn 0.6812 -0.2682 0.6812
vn 0.7064 -0.0457 0.7064
vn 0.5528 -0.0035 0.8333
vn 0.7071 -0.0034 0.7071
vn 0.3827 -0.0037 0.9239
vn 0.8347 -0.0480 0.5485
vn 0.8105 -0.2822 0.5133
vn 0.8824 -0.2962 0.3655
vn 0.9227 -0.0503 0.3822
vn 0.5673 -0.7520 0.3356
vn 0.5827 -0.7760 0.2414
vn 0.9361 -0.2822 0.2102
vn 0.9781 -0.0480 0.2024
vn 0.6385 -0.7520 0.1639
vn 0.8333 -0.0035 0.5528
vn 0.1799 -0.9782 0.1040
vn 0.1703 -0.9829 0.0705
vn 0.2007 -0.9782 0.0536
vn 0.2680 -0.9634 -0.0000
vn 0.6882 -0.7255 -0.0000
vn 0.9634 -0.2682 -0.0000
vn 0.9990 -0.0457 -0.0000
vn 0.9801 -0.0035 0.1983
vn 1.0000 -0.0034 -0.0000
vn 0.9239 -0.0037 0.3827
vn -0.0519 -0.9973 -0.0519
vn -0.0196 -0.9987 -0.0474
vn -0.0474 -0.9987 -0.0196
vn -0.0000 -0.9973 -0.0734
vn 0.0196 -0.9987 -0.0474
vn 0.0519 -0.9973 -0.0519
vn 0.0474 -0.9987 -0.0196
vn 0.0734 -0.9973 -0.0000
vn 0.0474 -0.9987 0.0196
vn 0.0519 -0.9973 0.0519
vn 0.0196 -0.9987 0.0474
vn -0.0000 -0.9973 0.0734
vn -0.0196 -0.9987 0.0474
vn -0.0519 -0.9973 0.0519
vn -0.0474 -0.9987 0.0196
vn -0.0734 -0.9973 -0.0000
vn 0.0536 -0.9782 -0.2007
vn 0.0705 -0.9829 -0.1703
vn 0.1895 -0.9634 -0.1895
vn 0.1799 -0.9782 -0.1040
vn 0.1040 -0.9782 -0.1799
vn 0.1703 -0.9829 -0.0705
vn 0.2007 -0.9782 -0.0536
vn 0.9781 -0.0480 -0.2024
vn 0.9361 -0.2822 -0.2102
vn 0.8824 -0.2962 -0.3655
vn 0.9227 -0.0503 -0.3822
vn 0.6385 -0.7520 -0.1639
vn 0.5827 -0.7760 -0.2414
vn 0.8105 -0.2822 -0.5133
vn 0.8347 -0.0480 -0.5485
vn 0.5673 -0.7520 -0.3356
vn 0.9801 -0.0035 -0.1983
vn 0.4866 -0.7255 -0.4866
vn 0.6812 -0.2682 -0.6812
vn 0.7064 -0.0457 -0.7064
vn 0.8333 -0.0035 -0.5528
vn 0.7071 -0.0034 -0.7071
vn 0.9239 -0.0037 -0.3827
vn 0.5485 -0.0480 -0.8347
vn 0.5133 -0.2822 -0.8105
vn 0.3655 -0.2962 -0.8824
vn 0.3822 -0.0503 -0.9227
vn 0.3356 -0.7520 -0.5673
vn 0.2414 -0.7760 -0.5827
vn 0.2102 -0.2822 -0.9361
vn 0.2024 -0.0480 -0.9781
vn 0.1639 -0.7520 -0.6385
vn 0.5528 -0.0035 -0.8333
vn 0.1983 -0.0035 -0.9801
vn 0.3827 -0.0037 -0.9239
vn -0.0000 0.9854 -0.1704
vn -0.0459 0.9928 -0.1107
vn 0.0459 0.9928 -0.1107
vn -0.1205 0.9854 -0.1205
vn -0.1107 0.9928 -0.0459
vn -0.1704 0.9854 -0.0000
vn -0.1107 0.9928 0.0459
vn -0.1205 0.9854 0.1205
vn -0.0459 0.9928 0.1107
vn -0.0000 0.9854 0.1704
vn 0.0459 0.9928 0.1107
vn 0.1205 0.9854 0.1205
vn 0.1107 0.9928 0.0459
vn 0.1704 0.9854 -0.0000
vn 0.1107 0.9928 -0.0459
vn 0.1205 0.9854 -0.1205
vn -0.0000 0.8841 -0.4673
vn -0.0896 0.9250 -0.3692
vn 0.0896 0.9250 -0.3692
vn -0.1321 0.9385 -0.3189
vn 0.1321 0.9385 -0.3189
vn -0.3304 0.8841 -0.3304
vn -0.3244 0.9250 -0.1977
vn -0.1977 0.9250 -0.3244
vn -0.3189 0.9385 -0.1321
vn -0.4673 0.8841 -0.0000
vn -0.3692 0.9250 0.0896
vn -0.3692 0.9250 -0.0896
vn -0.3189 0.9385 0.1321
vn -0.3304 0.8841 0.3304
vn -0.1977 0.9250 0.3244
vn -0.3244 0.9250 0.1977
vn -0.1321 0.9385 0.3189
vn -0.0000 0.8841 0.4673
vn 0.0896 0.9250 0.3692
vn -0.0896 0.9250 0.3692
vn 0.1321 0.9385 0.3189
vn 0.3304 0.8841 0.3304
vn 0.3244 0.9250 0.1977
vn 0.1977 0.9250 0.3244
vn 0.3189 0.9385 0.1321
vn 0.4673 0.8841 -0.0000
vn 0.3692 0.9250 -0.0896
vn 0.3692 0.9250 0.0896
vn 0.3189 0.9385 -0.1321
vn 0.3304 0.8841 -0.3304
vn 0.1977 0.9250 -0.3244
vn 0.3244 0.9250 -0.1977
vn -0.0000 0.0033 -1.0000
vn -0.1983 0.0035 -0.9801
vn -0.5528 0.0035 -0.8333
vn -0.7071 0.0033 -0.7071
vn -0.3827 0.0037 -0.9239
vn 0.7071 0.0033 -0.7071
vn 0.5528 0.0035 -0.8333
vn 0.1983 0.0035 -0.9801
vn 0.3827 0.0037 -0.9239
vn 1.0000 0.0033 -0.0000
vn 0.9801 0.0035 -0.1983
vn 0.8333 0.0035 -0.5528
vn 0.9239 0.0037 -0.3827
vn 0.7071 0.0033 0.7071
vn 0.8333 0.0035 0.5528
vn 0.9801 0.0035 0.1983
vn 0.9239 0.0037 0.3827
vn -0.0000 0.0033 1.0000
vn 0.1983 0.0035 0.9801
vn 0.5528 0.0035 0.8333
vn 0.3827 0.0037 0.9239
vn -0.7071 0.0033 0.7071
vn -0.5528 0.0035 0.8333
vn -0.1983 0.0035 0.9801
vn -0.3827 0.0037 0.9239
vn -1.0000 0.0033 -0.0000
vn -0.9801 0.0035 0.1983
vn -0.8333 0.0035 0.5528
vn -0.9239 0.0037 0.3827
vn -0.8333 0.0035 -0.5528
vn -0.9801 0.0035 -0.1983
vn -0.9239 0.0037 -0.3827
vn -0.6658 0.6329 -0.3952
vn -0.8218 0.2291 -0.5217
vn -0.8967 0.2408 -0.3714
vn -0.6928 0.6616 -0.2870
vn -0.8349 0.0437 -0.5487
vn -0.9229 0.0457 -0.3823
vn -0.9500 0.2291 -0.2122
vn -0.7502 0.6329 -0.1914
vn -0.9783 0.0437 -0.2023
vn -0.5648 0.6017 -0.5648
vn -0.6902 0.2175 -0.6902
vn -0.7065 0.0416 -0.7065
vn -0.9991 0.0416 -0.0000
vn -0.9761 0.2175 -0.0000
vn -0.7988 0.6017 -0.0000
vn -0.7502 0.6329 0.1914
vn -0.9500 0.2291 0.2122
vn -0.8967 0.2408 0.3714
vn -0.6928 0.6616 0.2870
vn -0.9783 0.0437 0.2023
vn -0.9229 0.0457 0.3823
vn -0.8218 0.2291 0.5217
vn -0.6658 0.6329 0.3952
vn -0.8349 0.0437 0.5487
vn -0.7065 0.0416 0.7065
vn -0.6902 0.2175 0.6902
vn -0.5648 0.6017 0.5648
vn -0.3952 0.6329 0.6658
vn -0.5217 0.2291 0.8218
vn -0.3714 0.2408 0.8967
vn -0.2870 0.6616 0.6928
vn -0.5487 0.0437 0.8349
vn -0.3823 0.0457 0.9229
vn -0.2122 0.2291 0.9500
vn -0.1914 0.6329 0.7502
vn -0.2023 0.0437 0.9783
vn -0.0000 0.0416 0.9991
vn -0.0000 0.2175 0.9761
vn -0.0000 0.6017 0.7988
vn 0.1914 0.6329 0.7502
vn 0.2122 0.2291 0.9500
vn 0.3714 0.2408 0.8967
vn 0.2870 0.6616 0.6928
vn 0.2023 0.0437 0.9783
vn 0.3823 0.0457 0.9229
vn 0.5217 0.2291 0.8218
vn 0.3952 0.6329 0.6658
vn 0.5487 0.0437 0.8349
vn 0.7065 0.0416 0.7065
vn 0.6902 0.2175 0.6902
vn 0.5648 0.6017 0.5648
vn 0.6658 0.6329 0.3952
vn 0.8218 0.2291 0.5217
vn 0.8967 0.2408 0.3714
vn 0.6928 0.6616 0.2870
vn 0.8349 0.0437 0.5487
vn 0.9229 0.0457 0.3823
vn 0.9500 0.2291 0.2122
vn 0.7502 0.6329 0.1914
vn 0.9783 0.0437 0.2023
vn 0.9991 0.0416 -0.0000
vn 0.9761 0.2175 -0.0000
vn 0.7988 0.6017 -0.0000
vn 0.7502 0.6329 -0.1914
vn 0.9500 0.2291 -0.2122
vn 0.8967 0.2408 -0.3714
vn 0.6928 0.6616 -0.2870
vn 0.9783 0.0437 -0.2023
vn 0.9229 0.0457 -0.3823
vn 0.8218 0.2291 -0.5217
vn 0.6658 0.6329 -0.3952
vn 0.8349 0.0437 -0.5487
vn 0.7065 0.0416 -0.7065
vn 0.6902 0.2175 -0.6902
vn 0.5648 0.6017 -0.5648
vn 0.3952 0.6329 -0.6658
vn 0.5217 0.2291 -0.8218
vn 0.3714 0.2408 -0.8967
vn 0.2870 0.6616 -0.6928
vn 0.5487 0.0437 -0.8349
vn 0.3823 0.0457 -0.9229
vn 0.2122 0.2291 -0.9500
vn 0.1914 0.6329 -0.7502
vn 0.2023 0.0437 -0.9783
vn -0.0000 0.0416 -0.9991
vn -0.0000 0.2175 -0.9761
vn -0.0000 0.6017 -0.7988
vn -0.1914 0.6329 -0.7502
vn -0.2122 0.2291 -0.9500
vn -0.3714 0.2408 -0.8967
vn -0.2870 0.6616 -0.6928
vn -0.2023 0.0437 -0.9783
vn -0.3823 0.0457 -0.9229
vn -0.5217 0.2291 -0.8218
vn -0.3952 0.6329 -0.6658
vn -0.5487 0.0437 -0.8349
vn 0.4253 -0.8507 0.3090
vn -0.1625 -0.8507 0.5000
vn 0.7236 -0.4472 0.5257
vn 0.8506 -0.5257 -0.0000
vn -0.5257 -0.8507 -0.0000
vn -0.1625 -0.8507 -0.5000
vn 0.4253 -0.8507 -0.3090
vn 0.9511 -0.0000 0.3090
vn -0.2764 -0.4472 0.8506
vn 0.2629 -0.5257 0.8090
vn -0.8944 -0.4472 -0.0000
vn -0.6882 -0.5257 0.5000
vn -0.9511 -0.0000 0.3090
vn -0.2764 -0.4472 -0.8507
vn -0.6882 -0.5257 -0.5000
vn -0.5878 -0.0000 -0.8090
vn 0.7236 -0.4472 -0.5257
vn 0.2629 -0.5257 -0.8090
vn 0.5878 -0.0000 -0.8090
vn 0.5878 -0.0000 0.8090
vn -0.5878 -0.0000 0.8090
vn -0.9511 -0.0000 -0.3090
vn 0.9511 -0.0000 -0.3090
vn 0.2764 0.4472 0.8506
vn 0.6882 0.5257 0.5000
vn 0.1625 0.8507 0.5000
vn -0.7236 0.4472 0.5257
vn -0.2629 0.5257 0.8090
vn -0.4253 0.8507 0.3090
vn -0.7236 0.4472 -0.5257
vn -0.8506 0.5257 -0.0000
vn -0.4253 0.8507 -0.3090
vn 0.2764 0.4472 -0.8506
vn -0.2629 0.5257 -0.8090
vn 0.1625 0.8507 -0.5000
vn 0.8944 0.4472 -0.0000
vn 0.6882 0.5257 -0.5000
vn 0.5257 0.8507 -0.0000
vn -0.2764 -0.4472 -0.8506
vt 0.039622 0.170019
vt 0.039622 0.187701
vt 0.034672 0.187701
vt 0.034672 0.170019
vt 0.039622 0.201555
vt 0.034672 0.201555
vt 0.029312 0.187701
vt 0.029312 0.170019
vt 0.029312 0.201555
vt 0.043957 0.146675
vt 0.043957 0.170019
vt 0.039622 0.146675
vt 0.043957 0.187701
vt 0.043957 0.201555
vt 0.043957 0.213414
vt 0.039622 0.213414
vt 0.034672 0.213414
vt 0.029312 0.213414
vt 0.023746 0.213414
vt 0.023746 0.201555
vt 0.023746 0.187701
vt 0.023746 0.170019
vt 0.029312 0.146675
vt 0.023746 0.146675
vt 0.034672 0.146675
vt 0.525220 0.374006
vt 0.525404 0.389056
vt 0.520226 0.389500
vt 0.519892 0.374320
vt 0.525994 0.400242
vt 0.521154 0.401037
vt 0.515386 0.389803
vt 0.514971 0.374770
vt 0.516446 0.400954
vt 0.530776 0.354963
vt 0.530754 0.373886
vt 0.525215 0.355064
vt 0.530741 0.388800
vt 0.530741 0.399559
vt 0.530750 0.405758
vt 0.527538 0.408025
vt 0.522922 0.409434
vt 0.517923 0.408741
vt 0.514317 0.406983
vt 0.512519 0.400918
vt 0.511186 0.390258
vt 0.510673 0.375382
vt 0.514932 0.355831
vt 0.510620 0.356465
vt 0.519865 0.355359
vt 0.018181 0.170019
vt 0.018181 0.187701
vt 0.012821 0.187701
vt 0.012821 0.170019
vt 0.018181 0.201555
vt 0.012821 0.201555
vt 0.007871 0.187701
vt 0.007871 0.170019
vt 0.007871 0.201555
vt 0.018181 0.146675
vt 0.018181 0.213414
vt 0.012821 0.213414
vt 0.007871 0.213414
vt 0.003535 0.213414
vt 0.003535 0.201555
vt 0.003535 0.187701
vt 0.003535 0.170019
vt 0.007871 0.146675
vt 0.003535 0.146675
vt 0.012821 0.146675
vt 0.039561 0.383257
vt 0.039133 0.398408
vt 0.034277 0.398553
vt 0.034623 0.383275
vt 0.038071 0.409397
vt 0.033349 0.409872
vt 0.029087 0.398408
vt 0.029284 0.383257
vt 0.028497 0.409397
vt 0.043957 0.364023
vt 0.043882 0.383238
vt 0.039622 0.364023
vt 0.043355 0.398263
vt 0.042018 0.408855
vt 0.040224 0.414693
vt 0.036610 0.416653
vt 0.031599 0.417637
vt 0.026969 0.416653
vt 0.023746 0.414693
vt 0.023746 0.408855
vt 0.023746 0.398263
vt 0.023746 0.383238
vt 0.029312 0.364023
vt 0.023746 0.364023
vt 0.034672 0.364023
vt 0.008270 0.602801
vt 0.008406 0.589022
vt 0.013330 0.587373
vt 0.013194 0.601152
vt 0.008513 0.578226
vt 0.013437 0.576578
vt 0.018675 0.586345
vt 0.018538 0.600124
vt 0.018781 0.575549
vt 0.000000 0.170019
vt 0.000000 0.146675
vt 0.000000 0.187701
vt 0.000000 0.201555
vt 0.000000 0.213414
vt 0.008604 0.568985
vt 0.013529 0.567336
vt 0.018873 0.566308
vt 0.024432 0.565954
vt 0.024341 0.575195
vt 0.024234 0.585991
vt 0.024098 0.599770
vt 0.018359 0.618314
vt 0.023918 0.617960
vt 0.013014 0.619342
vt 0.008090 0.620991
vt 0.018209 0.383257
vt 0.018405 0.398408
vt 0.013216 0.398553
vt 0.012870 0.383275
vt 0.018995 0.409397
vt 0.014144 0.409872
vt 0.008360 0.398408
vt 0.007932 0.383257
vt 0.009421 0.409397
vt 0.018181 0.364023
vt 0.020524 0.416653
vt 0.015893 0.417637
vt 0.010883 0.416653
vt 0.007268 0.414693
vt 0.005475 0.408855
vt 0.004138 0.398263
vt 0.003611 0.383238
vt 0.007871 0.364023
vt 0.003535 0.364023
vt 0.012821 0.364023
vt 0.029668 0.600124
vt 0.029804 0.586345
vt 0.035180 0.587373
vt 0.035044 0.601152
vt 0.029911 0.575549
vt 0.035287 0.576578
vt 0.040155 0.589022
vt 0.040019 0.602801
vt 0.040262 0.578226
vt 0.029488 0.618314
vt 0.030002 0.566308
vt 0.035378 0.567336
vt 0.040353 0.568985
vt 0.087915 0.201555
vt 0.087915 0.213414
vt 0.084380 0.213414
vt 0.084380 0.201555
vt 0.087915 0.187701
vt 0.084380 0.187701
vt 0.087915 0.170019
vt 0.084380 0.170019
vt 0.087915 0.146675
vt 0.084380 0.146675
vt 0.034864 0.619342
vt 0.039839 0.620991
vt 0.009975 0.436700
vt 0.010526 0.425336
vt 0.015360 0.423667
vt 0.014888 0.435049
vt 0.546885 0.766611
vt 0.545279 0.774913
vt 0.540696 0.773199
vt 0.542204 0.764413
vt 0.020531 0.422728
vt 0.020210 0.434032
vt 0.535999 0.771118
vt 0.537148 0.762629
vt 0.000101 0.383257
vt 0.000000 0.364023
vt 0.000807 0.398408
vt 0.550876 0.769417
vt 0.549049 0.777016
vt 0.546918 0.781941
vt 0.543302 0.782170
vt 0.538372 0.781219
vt 0.533957 0.778349
vt 0.530946 0.775409
vt 0.531339 0.769773
vt 0.531870 0.761644
vt 0.025865 0.422447
vt 0.025742 0.433687
vt 0.020033 0.448948
vt 0.025593 0.448594
vt 0.014689 0.449977
vt 0.009764 0.451625
vt 0.080044 0.170019
vt 0.080044 0.187701
vt 0.075094 0.187701
vt 0.075094 0.170019
vt 0.080044 0.201555
vt 0.075094 0.201555
vt 0.069734 0.187701
vt 0.069734 0.170019
vt 0.069734 0.201555
vt 0.080044 0.146675
vt 0.080044 0.213414
vt 0.075094 0.213414
vt 0.069734 0.213414
vt 0.064169 0.213414
vt 0.064169 0.201555
vt 0.064169 0.187701
vt 0.064169 0.170019
vt 0.069734 0.146675
vt 0.064169 0.146675
vt 0.075094 0.146675
vt 0.031284 0.434032
vt 0.031212 0.422728
vt 0.036418 0.423667
vt 0.036639 0.435049
vt 0.526498 0.761816
vt 0.526526 0.770395
vt 0.521548 0.771737
vt 0.521206 0.762810
vt 0.041297 0.425336
vt 0.041602 0.436700
vt 0.516714 0.772733
vt 0.516203 0.764269
vt 0.031163 0.448948
vt 0.527531 0.777858
vt 0.522712 0.780024
vt 0.517651 0.780213
vt 0.514059 0.779433
vt 0.512615 0.774235
vt 0.511777 0.766433
vt 0.087814 0.383257
vt 0.087108 0.398408
vt 0.083777 0.398263
vt 0.084304 0.383238
vt 0.087915 0.364023
vt 0.084380 0.364023
vt 0.036538 0.449977
vt 0.041514 0.451625
vt 0.058603 0.170019
vt 0.058603 0.187701
vt 0.053243 0.187701
vt 0.053243 0.170019
vt 0.058603 0.201555
vt 0.053243 0.201555
vt 0.048293 0.187701
vt 0.048293 0.170019
vt 0.048293 0.201555
vt 0.058603 0.146675
vt 0.058603 0.213414
vt 0.053243 0.213414
vt 0.048293 0.213414
vt 0.043957 0.213414
vt 0.043957 0.201555
vt 0.043957 0.187701
vt 0.043957 0.170019
vt 0.048293 0.146675
vt 0.043957 0.146675
vt 0.053243 0.146675
vt 0.079983 0.383257
vt 0.079555 0.398408
vt 0.074699 0.398553
vt 0.075045 0.383275
vt 0.078494 0.409397
vt 0.073771 0.409872
vt 0.069509 0.398408
vt 0.069706 0.383257
vt 0.068920 0.409397
vt 0.080044 0.364023
vt 0.082440 0.408855
vt 0.080647 0.414693
vt 0.077032 0.416653
vt 0.072022 0.417637
vt 0.067391 0.416653
vt 0.064169 0.414693
vt 0.064169 0.408855
vt 0.064169 0.398263
vt 0.064169 0.383238
vt 0.069734 0.364023
vt 0.064169 0.364023
vt 0.075094 0.364023
vt 0.540024 0.807264
vt 0.533303 0.808114
vt 0.528985 0.800007
vt 0.540895 0.803139
vt 0.528040 0.810120
vt 0.523242 0.807346
vt 0.516705 0.805484
vt 0.516606 0.801285
vt 0.512659 0.796073
vt 0.517282 0.793482
vt 0.518272 0.787398
vt 0.524874 0.788507
vt 0.530255 0.784542
vt 0.534935 0.789275
vt 0.541590 0.789178
vt 0.541571 0.795336
vt 0.545636 0.798589
vt 0.519125 0.413939
vt 0.513395 0.409559
vt 0.525768 0.415382
vt 0.035440 0.420891
vt 0.028792 0.422447
vt 0.533982 0.408025
vt 0.530787 0.413069
vt 0.538628 0.409434
vt 0.535859 0.415382
vt 0.547272 0.406983
vt 0.548236 0.409559
vt 0.542512 0.413939
vt 0.543650 0.408741
vt 0.051305 0.416653
vt 0.056316 0.417637
vt 0.059123 0.422447
vt 0.052475 0.420891
vt 0.064169 0.420891
vt 0.060946 0.416653
vt 0.508175 0.790542
vt 0.510896 0.787767
vt 0.512802 0.783390
vt 0.547540 0.786041
vt 0.548701 0.790653
vt 0.023746 0.420891
vt 0.550876 0.793801
vt 0.546914 0.164976
vt 0.546893 0.182372
vt 0.541925 0.181900
vt 0.541946 0.164504
vt 0.546876 0.196001
vt 0.541909 0.195529
vt 0.536555 0.181605
vt 0.536576 0.164210
vt 0.536538 0.195235
vt 0.551300 0.142647
vt 0.551272 0.165611
vt 0.546941 0.142012
vt 0.551251 0.183006
vt 0.551234 0.196635
vt 0.551220 0.208302
vt 0.546862 0.207668
vt 0.541895 0.207196
vt 0.536524 0.206901
vt 0.530955 0.206800
vt 0.530969 0.195133
vt 0.530986 0.181504
vt 0.531007 0.164108
vt 0.536603 0.141246
vt 0.531034 0.141144
vt 0.541974 0.141540
vt 0.058631 0.383257
vt 0.058828 0.398408
vt 0.053638 0.398553
vt 0.053292 0.383275
vt 0.059418 0.409397
vt 0.054566 0.409872
vt 0.048782 0.398408
vt 0.048354 0.383257
vt 0.049843 0.409397
vt 0.058603 0.364023
vt 0.047690 0.414693
vt 0.045897 0.408855
vt 0.044560 0.398263
vt 0.044033 0.383238
vt 0.048293 0.364023
vt 0.043957 0.364023
vt 0.053243 0.364023
vt 0.525445 0.164210
vt 0.525424 0.181605
vt 0.520075 0.181900
vt 0.520096 0.164504
vt 0.525408 0.195235
vt 0.520058 0.195529
vt 0.515142 0.182372
vt 0.515163 0.164976
vt 0.515125 0.196001
vt 0.525473 0.141246
vt 0.525394 0.206901
vt 0.520044 0.207196
vt 0.515111 0.207668
vt 0.510799 0.208302
vt 0.510813 0.196635
vt 0.510830 0.183006
vt 0.510851 0.165611
vt 0.515190 0.142012
vt 0.510878 0.142646
vt 0.520123 0.141540
vt 0.546600 0.374771
vt 0.546158 0.389803
vt 0.541285 0.389500
vt 0.541644 0.374320
vt 0.545096 0.400954
vt 0.540359 0.401037
vt 0.536086 0.389056
vt 0.536295 0.374007
vt 0.535496 0.400242
vt 0.551041 0.356465
vt 0.550944 0.375383
vt 0.546683 0.355831
vt 0.550402 0.390258
vt 0.549061 0.400918
vt 0.536345 0.355064
vt 0.541716 0.355359
vt 0.083633 0.450727
vt 0.078893 0.454945
vt 0.068849 0.447880
vt 0.080583 0.445009
vt 0.077345 0.461408
vt 0.071320 0.460743
vt 0.066080 0.464165
vt 0.062299 0.459007
vt 0.056437 0.457383
vt 0.057115 0.450752
vt 0.054064 0.445034
vt 0.058804 0.440816
vt 0.060353 0.434352
vt 0.066378 0.435018
vt 0.071618 0.431596
vt 0.075399 0.436754
vt 0.081261 0.438378
vt 0.089682 0.451892
vt 0.087454 0.454740
vt 0.088533 0.448393
vt 0.084483 0.458877
vt 0.087113 0.443411
vt 0.080821 0.466943
vt 0.077432 0.467249
vt 0.082269 0.463546
vt 0.072695 0.467901
vt 0.064947 0.470828
vt 0.062382 0.468413
vt 0.068144 0.469522
vt 0.058654 0.465198
vt 0.051358 0.461271
vt 0.051121 0.457549
vt 0.054432 0.462821
vt 0.050585 0.452350
vt 0.048016 0.443869
vt 0.050244 0.441021
vt 0.049165 0.447368
vt 0.053215 0.436884
vt 0.056877 0.428818
vt 0.060266 0.428512
vt 0.055428 0.432215
vt 0.065003 0.427860
vt 0.072751 0.424933
vt 0.075315 0.427348
vt 0.069554 0.426239
vt 0.079044 0.430563
vt 0.086339 0.434490
vt 0.086577 0.438212
vt 0.083266 0.432940
vt 0.525585 0.048870
vt 0.525547 0.079682
vt 0.520198 0.079976
vt 0.520235 0.049165
vt 0.525508 0.111944
vt 0.520159 0.112239
vt 0.515265 0.080448
vt 0.515302 0.049637
vt 0.515226 0.112711
vt 0.531176 0.023819
vt 0.531146 0.048769
vt 0.525615 0.023921
vt 0.531109 0.079580
vt 0.531070 0.111843
vt 0.510914 0.113345
vt 0.510953 0.081083
vt 0.510990 0.050271
vt 0.515332 0.024687
vt 0.511020 0.025322
vt 0.520265 0.024215
vt 0.547053 0.049637
vt 0.547016 0.080448
vt 0.542049 0.079976
vt 0.542086 0.049165
vt 0.546977 0.112711
vt 0.542010 0.112239
vt 0.536678 0.079682
vt 0.536715 0.048870
vt 0.536639 0.111944
vt 0.551441 0.025322
vt 0.551411 0.050271
vt 0.547083 0.024687
vt 0.551374 0.081083
vt 0.551335 0.113345
vt 0.536745 0.023921
vt 0.542116 0.024215
vt 0.058603 0.052775
vt 0.058603 0.084095
vt 0.053243 0.084095
vt 0.053243 0.052775
vt 0.058603 0.116890
vt 0.053243 0.116890
vt 0.048293 0.084095
vt 0.048293 0.052775
vt 0.048293 0.116890
vt 0.064169 0.027414
vt 0.064169 0.052775
vt 0.058603 0.027414
vt 0.064169 0.084095
vt 0.064169 0.116890
vt 0.043957 0.116890
vt 0.043957 0.084095
vt 0.043957 0.052775
vt 0.048293 0.027414
vt 0.043957 0.027414
vt 0.053243 0.027414
vt 0.080044 0.052775
vt 0.080044 0.084095
vt 0.075094 0.084095
vt 0.075094 0.052775
vt 0.080044 0.116890
vt 0.075094 0.116890
vt 0.069734 0.084095
vt 0.069734 0.052775
vt 0.069734 0.116890
vt 0.084380 0.027414
vt 0.084380 0.052775
vt 0.080044 0.027414
vt 0.084380 0.084095
vt 0.084380 0.116890
vt 0.069734 0.027414
vt 0.075094 0.027414
vt 0.028765 0.691485
vt 0.029006 0.667079
vt 0.034382 0.668107
vt 0.034140 0.692513
vt 0.029259 0.641524
vt 0.034634 0.642552
vt 0.039357 0.669755
vt 0.039115 0.694161
vt 0.039609 0.644200
vt 0.022999 0.710892
vt 0.023195 0.691130
vt 0.028569 0.711247
vt 0.023436 0.666724
vt 0.023688 0.641169
vt 0.087915 0.116890
vt 0.087915 0.084095
vt 0.087915 0.052775
vt 0.087915 0.027414
vt 0.033945 0.712275
vt 0.038920 0.713924
vt 0.007366 0.694161
vt 0.007608 0.669755
vt 0.012532 0.668107
vt 0.012291 0.692513
vt 0.007860 0.644200
vt 0.012785 0.642552
vt 0.017876 0.667079
vt 0.017635 0.691485
vt 0.018129 0.641524
vt 0.003535 0.027414
vt 0.003535 0.052775
vt 0.000000 0.052775
vt 0.000000 0.027414
vt 0.003535 0.084095
vt 0.000000 0.084095
vt 0.003535 0.116890
vt 0.000000 0.116890
vt 0.017440 0.711247
vt 0.012096 0.712275
vt 0.007171 0.713924
vt 0.018181 0.052775
vt 0.018181 0.084095
vt 0.012821 0.084095
vt 0.012821 0.052775
vt 0.018181 0.116890
vt 0.012821 0.116890
vt 0.007871 0.084095
vt 0.007871 0.052775
vt 0.007871 0.116890
vt 0.023746 0.027414
vt 0.023746 0.052775
vt 0.018181 0.027414
vt 0.023746 0.084095
vt 0.023746 0.116890
vt 0.007871 0.027414
vt 0.012821 0.027414
vt 0.039622 0.052775
vt 0.039622 0.084095
vt 0.034672 0.084095
vt 0.034672 0.052775
vt 0.039622 0.116890
vt 0.034672 0.116890
vt 0.029312 0.084095
vt 0.029312 0.052775
vt 0.029312 0.116890
vt 0.043957 0.027414
vt 0.043957 0.052775
vt 0.039622 0.027414
vt 0.043957 0.084095
vt 0.043957 0.116890
vt 0.029312 0.027414
vt 0.034672 0.027414
vt 0.546848 0.219064
vt 0.546833 0.231438
vt 0.541866 0.230966
vt 0.541881 0.218592
vt 0.546816 0.245926
vt 0.541849 0.245454
vt 0.536495 0.230671
vt 0.536510 0.218298
vt 0.536478 0.245159
vt 0.551207 0.219699
vt 0.551192 0.232072
vt 0.551174 0.246560
vt 0.551153 0.264298
vt 0.546794 0.263664
vt 0.541827 0.263192
vt 0.536456 0.262897
vt 0.530887 0.262796
vt 0.530909 0.245058
vt 0.530926 0.230570
vt 0.530941 0.218196
vt 0.058603 0.224999
vt 0.058603 0.237577
vt 0.053243 0.237577
vt 0.053243 0.224999
vt 0.058603 0.252304
vt 0.053243 0.252304
vt 0.048293 0.237577
vt 0.048293 0.224999
vt 0.048293 0.252304
vt 0.064169 0.224999
vt 0.064169 0.237577
vt 0.064169 0.252304
vt 0.064169 0.270335
vt 0.058603 0.270335
vt 0.053243 0.270335
vt 0.048293 0.270335
vt 0.043957 0.270335
vt 0.043957 0.252304
vt 0.043957 0.237577
vt 0.043957 0.224999
vt 0.080044 0.224999
vt 0.080044 0.237577
vt 0.075094 0.237577
vt 0.075094 0.224999
vt 0.080044 0.252304
vt 0.075094 0.252304
vt 0.069734 0.237577
vt 0.069734 0.224999
vt 0.069734 0.252304
vt 0.084380 0.224999
vt 0.084380 0.237577
vt 0.084380 0.252304
vt 0.084380 0.270335
vt 0.080044 0.270335
vt 0.075094 0.270335
vt 0.069734 0.270335
vt 0.030092 0.557281
vt 0.030189 0.547480
vt 0.035564 0.548508
vt 0.035467 0.558309
vt 0.030302 0.536004
vt 0.035678 0.537032
vt 0.040539 0.550157
vt 0.040442 0.559958
vt 0.040653 0.538681
vt 0.024521 0.556927
vt 0.024618 0.547125
vt 0.024732 0.535650
vt 0.024871 0.521599
vt 0.030441 0.521954
vt 0.035817 0.522982
vt 0.040792 0.524630
vt 0.087915 0.252304
vt 0.087915 0.270335
vt 0.087915 0.237577
vt 0.087915 0.224999
vt 0.008693 0.559958
vt 0.008790 0.550157
vt 0.013715 0.548508
vt 0.013618 0.558309
vt 0.008904 0.538681
vt 0.013828 0.537032
vt 0.019059 0.547480
vt 0.018962 0.557281
vt 0.019172 0.536004
vt 0.003535 0.224999
vt 0.000000 0.224999
vt 0.003535 0.237577
vt 0.000000 0.237577
vt 0.003535 0.252304
vt 0.000000 0.252304
vt 0.003535 0.270335
vt 0.000000 0.270335
vt 0.009042 0.524630
vt 0.013967 0.522982
vt 0.019311 0.521954
vt 0.018181 0.224999
vt 0.018181 0.237577
vt 0.012821 0.237577
vt 0.012821 0.224999
vt 0.018181 0.252304
vt 0.012821 0.252304
vt 0.007871 0.237577
vt 0.007871 0.224999
vt 0.007871 0.252304
vt 0.023746 0.224999
vt 0.023746 0.237577
vt 0.023746 0.252304
vt 0.023746 0.270335
vt 0.018181 0.270335
vt 0.012821 0.270335
vt 0.007871 0.270335
vt 0.039622 0.224999
vt 0.039622 0.237577
vt 0.034672 0.237577
vt 0.034672 0.224999
vt 0.039622 0.252304
vt 0.034672 0.252304
vt 0.029312 0.237577
vt 0.029312 0.224999
vt 0.029312 0.252304
vt 0.043957 0.224999
vt 0.043957 0.237577
vt 0.043957 0.252304
vt 0.043957 0.270335
vt 0.039622 0.270335
vt 0.034672 0.270335
vt 0.029312 0.270335
vt 0.525380 0.218298
vt 0.525365 0.230671
vt 0.520015 0.230966
vt 0.520030 0.218592
vt 0.525347 0.245159
vt 0.519998 0.245454
vt 0.515082 0.231438
vt 0.515097 0.219064
vt 0.515065 0.245926
vt 0.525326 0.262897
vt 0.519976 0.263192
vt 0.515043 0.263664
vt 0.510731 0.264298
vt 0.510753 0.246560
vt 0.510770 0.232072
vt 0.510785 0.219699
vt 0.038071 -0.000000
vt 0.039133 0.003046
vt 0.034277 0.003046
vt 0.033349 0.000000
vt 0.039561 0.011314
vt 0.034622 0.011314
vt 0.029087 0.003046
vt 0.028497 -0.000000
vt 0.029284 0.011314
vt 0.082305 0.469030
vt 0.078313 0.471080
vt 0.084542 0.470656
vt 0.080210 0.473210
vt 0.043355 0.003046
vt 0.043882 0.011314
vt 0.023746 0.011314
vt 0.023746 0.003046
vt 0.023746 0.000000
vt 0.069089 0.473337
vt 0.064703 0.473337
vt 0.073733 0.472373
vt 0.018995 -0.000000
vt 0.018405 0.003046
vt 0.013216 0.003046
vt 0.014144 0.000000
vt 0.018209 0.011314
vt 0.012870 0.011314
vt 0.008360 0.003046
vt 0.009421 -0.000000
vt 0.007932 0.011314
vt 0.060595 0.471702
vt 0.003611 0.011314
vt 0.004138 0.003046
vt 0.001882 0.741190
vt 0.000000 0.738152
vt 0.003291 0.735506
vt 0.004616 0.738717
vt 0.052700 0.466149
vt 0.049635 0.462740
vt 0.056564 0.469067
vt 0.008536 0.736979
vt 0.007480 0.733418
vt 0.012312 0.731862
vt 0.013238 0.735639
vt 0.007109 0.726533
vt 0.012022 0.724896
vt 0.017485 0.730810
vt 0.018071 0.734494
vt 0.017345 0.723865
vt 0.047818 0.458376
vt 0.002822 0.728733
vt 0.000101 0.011314
vt 0.022876 0.723505
vt 0.022820 0.730415
vt 0.022814 0.733973
vt 0.045876 0.448266
vt 0.045929 0.443444
vt 0.046697 0.453357
vt 0.027573 0.734494
vt 0.028166 0.730810
vt 0.033371 0.731862
vt 0.032441 0.735639
vt 0.028418 0.723865
vt 0.033773 0.724896
vt 0.038251 0.733418
vt 0.037184 0.736979
vt 0.038736 0.726533
vt 0.047467 0.438909
vt 0.087814 0.011314
vt 0.084304 0.011314
vt 0.043090 0.728733
vt 0.042504 0.735506
vt 0.041157 0.738717
vt 0.052615 0.430164
vt 0.055754 0.426754
vt 0.049913 0.434446
vt 0.078494 0.000000
vt 0.079555 0.003046
vt 0.074699 0.003046
vt 0.073771 0.000000
vt 0.079983 0.011314
vt 0.075045 0.011314
vt 0.069509 0.003046
vt 0.068920 0.000000
vt 0.069706 0.011314
vt 0.059747 0.424704
vt 0.045876 0.738152
vt 0.043967 0.741190
vt 0.083777 0.003046
vt 0.064169 0.011314
vt 0.064169 0.003046
vt 0.064169 0.000000
vt 0.068970 0.422447
vt 0.073356 0.422447
vt 0.064327 0.423411
vt 0.059418 0.000000
vt 0.058828 0.003046
vt 0.053638 0.003046
vt 0.054566 0.000000
vt 0.058631 0.011314
vt 0.053292 0.011314
vt 0.081496 0.426717
vt 0.083966 0.424751
vt 0.087892 0.428032
vt 0.085360 0.429635
vt 0.048354 0.011314
vt 0.048782 0.003046
vt 0.077465 0.424082
vt 0.044033 0.011314
vt 0.044560 0.003046
vt 0.091109 0.432039
vt 0.088424 0.433044
vt 0.090241 0.437408
vt 0.093380 0.436770
vt 0.094786 0.441979
vt 0.091362 0.442426
vt 0.546628 0.000860
vt 0.547042 0.008867
vt 0.542086 0.008398
vt 0.541756 0.000414
vt 0.095418 0.447378
vt 0.092184 0.447518
vt 0.536737 0.008103
vt 0.536556 0.000113
vt 0.550872 0.001458
vt 0.551386 0.009496
vt 0.531196 0.008000
vt 0.531211 -0.000000
vt 0.095086 0.452746
vt 0.092131 0.452340
vt 0.090593 0.456875
vt 0.093629 0.457897
vt 0.091260 0.462718
vt 0.088147 0.461338
vt 0.525874 0.000113
vt 0.525663 0.008103
vt 0.520335 0.008398
vt 0.520696 0.000414
vt 0.088227 0.467072
vt 0.085444 0.465620
vt 0.515413 0.008867
vt 0.515856 0.000860
vt 0.511115 0.009496
vt 0.511656 0.001458
vt 0.546768 0.285258
vt 0.546739 0.309185
vt 0.541772 0.308713
vt 0.541801 0.284786
vt 0.546710 0.333394
vt 0.541743 0.332922
vt 0.536401 0.308419
vt 0.536430 0.284491
vt 0.536372 0.332628
vt 0.551127 0.285892
vt 0.551098 0.309820
vt 0.551068 0.334029
vt 0.530803 0.332526
vt 0.530832 0.308317
vt 0.530861 0.284390
vt 0.058603 0.292285
vt 0.058603 0.316607
vt 0.053243 0.316607
vt 0.053243 0.292285
vt 0.058603 0.341216
vt 0.053243 0.341216
vt 0.048293 0.316607
vt 0.048293 0.292285
vt 0.048293 0.341216
vt 0.064169 0.292285
vt 0.064169 0.316607
vt 0.064169 0.341216
vt 0.043957 0.341216
vt 0.043957 0.316607
vt 0.043957 0.292285
vt 0.080044 0.292285
vt 0.080044 0.316607
vt 0.075094 0.316607
vt 0.075094 0.292285
vt 0.080044 0.341216
vt 0.075094 0.341216
vt 0.069734 0.316607
vt 0.069734 0.292285
vt 0.069734 0.341216
vt 0.084380 0.292285
vt 0.084380 0.316607
vt 0.084380 0.341216
vt 0.030610 0.504849
vt 0.030798 0.485896
vt 0.036173 0.486924
vt 0.035986 0.505877
vt 0.030987 0.466720
vt 0.036363 0.467749
vt 0.041148 0.488573
vt 0.040961 0.507526
vt 0.041338 0.469397
vt 0.025040 0.504495
vt 0.025227 0.485542
vt 0.025417 0.466366
vt 0.087915 0.341216
vt 0.087915 0.316607
vt 0.087915 0.292285
vt 0.009212 0.507526
vt 0.009399 0.488573
vt 0.014324 0.486924
vt 0.014136 0.505877
vt 0.009589 0.469397
vt 0.014513 0.467749
vt 0.019668 0.485896
vt 0.019480 0.504849
vt 0.019857 0.466720
vt 0.003535 0.292285
vt 0.000000 0.292285
vt 0.003535 0.316607
vt 0.000000 0.316607
vt 0.003535 0.341216
vt 0.000000 0.341216
vt 0.018181 0.292285
vt 0.018181 0.316607
vt 0.012821 0.316607
vt 0.012821 0.292285
vt 0.018181 0.341216
vt 0.012821 0.341216
vt 0.007871 0.316607
vt 0.007871 0.292285
vt 0.007871 0.341216
vt 0.023746 0.292285
vt 0.023746 0.316607
vt 0.023746 0.341216
vt 0.039622 0.292285
vt 0.039622 0.316607
vt 0.034672 0.316607
vt 0.034672 0.292285
vt 0.039622 0.341216
vt 0.034672 0.341216
vt 0.029312 0.316607
vt 0.029312 0.292285
vt 0.029312 0.341216
vt 0.043957 0.292285
vt 0.043957 0.316607
vt 0.043957 0.341216
vt 0.525300 0.284491
vt 0.525271 0.308419
vt 0.519921 0.308713
vt 0.519950 0.284786
vt 0.525242 0.332628
vt 0.519892 0.332922
vt 0.514988 0.309185
vt 0.515017 0.285258
vt 0.514959 0.333394
vt 0.510647 0.334028
vt 0.510676 0.309820
vt 0.510705 0.285892
vt 0.470998 0.247618
vt 0.470998 0.229936
vt 0.475948 0.229936
vt 0.475948 0.247618
vt 0.470998 0.216082
vt 0.475948 0.216082
vt 0.481308 0.229936
vt 0.481308 0.247618
vt 0.481308 0.216082
vt 0.466662 0.270962
vt 0.466662 0.247618
vt 0.470998 0.270962
vt 0.466662 0.229936
vt 0.466662 0.216082
vt 0.466662 0.204223
vt 0.470998 0.204223
vt 0.475948 0.204223
vt 0.481308 0.204223
vt 0.486874 0.204223
vt 0.486874 0.216082
vt 0.486874 0.229936
vt 0.486874 0.247618
vt 0.481308 0.270962
vt 0.486874 0.270962
vt 0.475948 0.270962
vt 0.577562 0.031690
vt 0.577389 0.016928
vt 0.582590 0.017086
vt 0.582912 0.031967
vt 0.576826 0.006492
vt 0.581690 0.006354
vt 0.587462 0.017674
vt 0.587867 0.032454
vt 0.586426 0.007204
vt 0.571998 0.050489
vt 0.572022 0.031604
vt 0.577567 0.050591
vt 0.572044 0.016958
vt 0.572069 0.006877
vt 0.572093 0.001589
vt 0.575330 0.000000
vt 0.696072 0.795687
vt 0.689795 0.797459
vt 0.687152 0.792828
vt 0.694213 0.790826
vt 0.686160 0.787750
vt 0.692463 0.786046
vt 0.686114 0.784035
vt 0.690164 0.782025
vt 0.590390 0.008235
vt 0.591705 0.018415
vt 0.592211 0.033101
vt 0.587905 0.051357
vt 0.592263 0.051992
vt 0.582938 0.050885
vt 0.492439 0.247618
vt 0.492439 0.229936
vt 0.497799 0.229936
vt 0.497799 0.247618
vt 0.492439 0.216082
vt 0.497799 0.216082
vt 0.502749 0.229936
vt 0.502749 0.247618
vt 0.502749 0.216082
vt 0.492439 0.270962
vt 0.492439 0.204223
vt 0.497799 0.204223
vt 0.502749 0.204223
vt 0.507085 0.204223
vt 0.507085 0.216082
vt 0.507085 0.229936
vt 0.507085 0.247618
vt 0.502749 0.270962
vt 0.507085 0.270962
vt 0.497799 0.270962
vt 0.471059 0.034380
vt 0.471487 0.019229
vt 0.476343 0.019083
vt 0.475997 0.034362
vt 0.472548 0.008240
vt 0.477271 0.007765
vt 0.481533 0.019229
vt 0.481336 0.034380
vt 0.482123 0.008240
vt 0.466662 0.053614
vt 0.466738 0.034399
vt 0.470998 0.053614
vt 0.467265 0.019374
vt 0.468602 0.008782
vt 0.470395 0.002944
vt 0.474010 0.000984
vt 0.479021 -0.000000
vt 0.483651 0.000984
vt 0.486874 0.002944
vt 0.486874 0.008782
vt 0.486874 0.019374
vt 0.486874 0.034399
vt 0.481308 0.053614
vt 0.486874 0.053614
vt 0.475948 0.053614
vt 0.544102 0.547592
vt 0.544303 0.561370
vt 0.539289 0.559844
vt 0.539088 0.546066
vt 0.544461 0.572165
vt 0.539447 0.570639
vt 0.533890 0.558948
vt 0.533689 0.545170
vt 0.534048 0.569743
vt 0.510620 0.247618
vt 0.510620 0.270962
vt 0.510620 0.229936
vt 0.510620 0.216082
vt 0.510620 0.204223
vt 0.544596 0.581406
vt 0.539582 0.579880
vt 0.534182 0.578984
vt 0.528605 0.578766
vt 0.528470 0.569525
vt 0.528313 0.558730
vt 0.528111 0.544952
vt 0.533423 0.526981
vt 0.527846 0.526763
vt 0.538822 0.527877
vt 0.543836 0.529403
vt 0.492411 0.034380
vt 0.492214 0.019229
vt 0.497404 0.019083
vt 0.497750 0.034362
vt 0.491625 0.008240
vt 0.496476 0.007765
vt 0.502260 0.019229
vt 0.502688 0.034380
vt 0.501199 0.008240
vt 0.492439 0.053614
vt 0.490096 0.000984
vt 0.494727 -0.000000
vt 0.499737 0.000984
vt 0.503352 0.002944
vt 0.505145 0.008782
vt 0.506482 0.019374
vt 0.507009 0.034399
vt 0.502749 0.053614
vt 0.507085 0.053614
vt 0.497799 0.053614
vt 0.522562 0.545443
vt 0.522763 0.559220
vt 0.517446 0.560379
vt 0.517245 0.546601
vt 0.522921 0.570015
vt 0.517604 0.571174
vt 0.512563 0.562148
vt 0.512362 0.548370
vt 0.512721 0.572943
vt 0.522297 0.527253
vt 0.523056 0.579256
vt 0.517739 0.580415
vt 0.512856 0.582183
vt 0.087915 0.219336
vt 0.087915 0.207477
vt 0.091450 0.207477
vt 0.091450 0.219336
vt 0.087915 0.233190
vt 0.091450 0.233190
vt 0.087915 0.250872
vt 0.091450 0.250872
vt 0.087915 0.274216
vt 0.091450 0.274216
vt 0.516979 0.528412
vt 0.512096 0.530181
vt 0.546470 0.713811
vt 0.546231 0.726070
vt 0.541317 0.724747
vt 0.541468 0.712310
vt 0.545343 0.735845
vt 0.540574 0.734991
vt 0.536086 0.723710
vt 0.536090 0.711396
vt 0.535673 0.733596
vt 0.510519 0.034380
vt 0.510620 0.053614
vt 0.550876 0.715889
vt 0.550533 0.727939
vt 0.549351 0.737062
vt 0.547669 0.742779
vt 0.544055 0.743804
vt 0.539019 0.743730
vt 0.534318 0.741538
vt 0.531027 0.738907
vt 0.530897 0.732770
vt 0.530730 0.723333
vt 0.530540 0.711158
vt 0.535896 0.696337
vt 0.530319 0.696119
vt 0.541295 0.697233
vt 0.546309 0.698759
vt 0.095785 0.250872
vt 0.095785 0.233190
vt 0.100736 0.233190
vt 0.100736 0.250872
vt 0.095785 0.219336
vt 0.100736 0.219336
vt 0.106096 0.233190
vt 0.106096 0.250872
vt 0.106096 0.219336
vt 0.095785 0.274216
vt 0.095785 0.207477
vt 0.100736 0.207477
vt 0.106096 0.207477
vt 0.111661 0.207477
vt 0.111661 0.219336
vt 0.111661 0.233190
vt 0.111661 0.250872
vt 0.106096 0.274216
vt 0.111661 0.274216
vt 0.100736 0.274216
vt 0.525020 0.711667
vt 0.525408 0.723971
vt 0.520264 0.725262
vt 0.519724 0.712843
vt 0.526175 0.733829
vt 0.521376 0.735462
vt 0.515470 0.726823
vt 0.514852 0.714585
vt 0.516703 0.736547
vt 0.524770 0.696609
vt 0.527875 0.741696
vt 0.523319 0.744115
vt 0.518337 0.744433
vt 0.514725 0.743586
vt 0.512821 0.737957
vt 0.511331 0.728900
vt 0.510620 0.716875
vt 0.087915 0.056868
vt 0.088016 0.037634
vt 0.091526 0.037653
vt 0.091450 0.056868
vt 0.519452 0.697768
vt 0.514570 0.699537
vt 0.117227 0.250872
vt 0.117227 0.233190
vt 0.122587 0.233190
vt 0.122587 0.250872
vt 0.117227 0.219336
vt 0.122587 0.219336
vt 0.127537 0.233190
vt 0.127537 0.250872
vt 0.127537 0.219336
vt 0.117227 0.274216
vt 0.117227 0.207477
vt 0.122587 0.207477
vt 0.127537 0.207477
vt 0.131872 0.207477
vt 0.131872 0.219336
vt 0.131872 0.233190
vt 0.131872 0.250872
vt 0.127537 0.274216
vt 0.131872 0.274216
vt 0.122587 0.274216
vt 0.095847 0.037634
vt 0.096275 0.022483
vt 0.101131 0.022338
vt 0.100785 0.037616
vt 0.097336 0.011494
vt 0.102059 0.011019
vt 0.106320 0.022483
vt 0.106124 0.037634
vt 0.106910 0.011494
vt 0.095785 0.056868
vt 0.092053 0.022628
vt 0.093389 0.012036
vt 0.095183 0.006198
vt 0.098798 0.004238
vt 0.103808 0.003254
vt 0.108439 0.004238
vt 0.111661 0.006198
vt 0.111661 0.012036
vt 0.111661 0.022628
vt 0.111661 0.037653
vt 0.106096 0.056868
vt 0.111661 0.056868
vt 0.100736 0.056868
vt 0.679192 0.788989
vt 0.678991 0.795708
vt 0.666788 0.800623
vt 0.672496 0.788439
vt 0.683601 0.800766
vt 0.678991 0.805787
vt 0.679192 0.812350
vt 0.672496 0.812772
vt 0.668548 0.816957
vt 0.663312 0.812572
vt 0.657905 0.811886
vt 0.656817 0.805304
vt 0.531266 0.747974
vt 0.536436 0.751792
vt 0.531727 0.761644
vt 0.526349 0.752039
vt 0.657904 0.788526
vt 0.663312 0.788239
vt 0.656817 0.795225
vt 0.668548 0.783919
vt 0.682012 0.783107
vt 0.677044 0.781515
vt 0.692326 0.800630
vt 0.689795 0.803896
vt 0.687152 0.808516
vt 0.686114 0.816954
vt 0.682012 0.817909
vt 0.686160 0.813448
vt 0.677044 0.819389
vt 0.111661 -0.000000
vt 0.114884 0.004238
vt 0.667371 0.821579
vt 0.662748 0.819077
vt 0.673237 0.821707
vt 0.519697 0.751294
vt 0.513895 0.747399
vt 0.519394 0.756682
vt 0.512494 0.751342
vt 0.548724 0.746546
vt 0.543076 0.750722
vt 0.550397 0.750414
vt 0.543746 0.756086
vt 0.671115 0.776891
vt 0.673237 0.778927
vt 0.667371 0.778799
vt 0.662748 0.781203
vt 0.555923 0.242211
vt 0.555944 0.224816
vt 0.560877 0.224344
vt 0.560856 0.241739
vt 0.555961 0.211187
vt 0.560894 0.210715
vt 0.566227 0.224050
vt 0.566206 0.241445
vt 0.566243 0.210420
vt 0.551583 0.265810
vt 0.551611 0.242846
vt 0.555895 0.265176
vt 0.551632 0.225450
vt 0.551649 0.211821
vt 0.551663 0.200154
vt 0.555975 0.199520
vt 0.560908 0.199048
vt 0.566257 0.198754
vt 0.571819 0.198652
vt 0.571805 0.210319
vt 0.571788 0.223948
vt 0.571767 0.241343
vt 0.566178 0.264409
vt 0.571739 0.264308
vt 0.560829 0.264704
vt 0.117199 0.037634
vt 0.117002 0.022483
vt 0.122191 0.022338
vt 0.122537 0.037616
vt 0.116412 0.011494
vt 0.121264 0.011019
vt 0.127048 0.022483
vt 0.127476 0.037634
vt 0.125986 0.011494
vt 0.117227 0.056868
vt 0.119514 0.003254
vt 0.124525 0.004238
vt 0.128139 0.006198
vt 0.129933 0.012036
vt 0.131270 0.022628
vt 0.131797 0.037653
vt 0.127537 0.056868
vt 0.131872 0.056868
vt 0.122587 0.056868
vt 0.577336 0.241445
vt 0.577357 0.224050
vt 0.582728 0.224344
vt 0.582707 0.241739
vt 0.577374 0.210420
vt 0.582744 0.210715
vt 0.587695 0.224816
vt 0.587674 0.242211
vt 0.587712 0.211187
vt 0.577308 0.264409
vt 0.577388 0.198754
vt 0.582759 0.199048
vt 0.587726 0.199520
vt 0.592084 0.200154
vt 0.592070 0.211821
vt 0.592053 0.225450
vt 0.592032 0.242846
vt 0.587646 0.265176
vt 0.592005 0.265810
vt 0.582679 0.264704
vt 0.556239 0.032454
vt 0.556690 0.017674
vt 0.561530 0.017086
vt 0.561160 0.031967
vt 0.557776 0.007204
vt 0.562486 0.006354
vt 0.566708 0.016928
vt 0.566488 0.031690
vt 0.567324 0.006492
vt 0.551842 0.051992
vt 0.551941 0.033101
vt 0.556154 0.051357
vt 0.552489 0.018415
vt 0.553847 0.008235
vt 0.690164 0.818527
vt 0.692463 0.814663
vt 0.694213 0.810009
vt 0.696072 0.805179
vt 0.568885 0.000000
vt 0.566437 0.050591
vt 0.561087 0.050885
vt 0.053053 0.501236
vt 0.055301 0.495625
vt 0.065627 0.498656
vt 0.057430 0.505488
vt 0.054268 0.489051
vt 0.059221 0.487538
vt 0.062138 0.482492
vt 0.066893 0.485963
vt 0.072051 0.485401
vt 0.073824 0.491824
vt 0.078202 0.496075
vt 0.075953 0.501687
vt 0.076986 0.508261
vt 0.072034 0.509774
vt 0.069117 0.514820
vt 0.064361 0.511348
vt 0.059203 0.511910
vt 0.047908 0.502292
vt 0.048665 0.498847
vt 0.050025 0.505147
vt 0.049555 0.493938
vt 0.052869 0.509289
vt 0.049621 0.485121
vt 0.052170 0.483636
vt 0.049667 0.488801
vt 0.055656 0.481351
vt 0.060710 0.475879
vt 0.063559 0.477222
vt 0.058658 0.478228
vt 0.067598 0.478900
vt 0.074679 0.479979
vt 0.076159 0.483364
vt 0.071732 0.479621
vt 0.078386 0.488022
vt 0.083346 0.495020
vt 0.082590 0.498464
vt 0.081230 0.492165
vt 0.081700 0.503373
vt 0.081634 0.512190
vt 0.079084 0.513676
vt 0.081588 0.508511
vt 0.075599 0.515961
vt 0.070545 0.521433
vt 0.067696 0.520089
vt 0.072596 0.519083
vt 0.063657 0.518411
vt 0.056575 0.517332
vt 0.055096 0.513947
vt 0.059522 0.517690
vt 0.577197 0.356785
vt 0.577234 0.325973
vt 0.582605 0.326267
vt 0.582567 0.357079
vt 0.577273 0.293711
vt 0.582644 0.294005
vt 0.587572 0.326739
vt 0.587535 0.357551
vt 0.587611 0.294477
vt 0.571598 0.381632
vt 0.571628 0.356683
vt 0.577166 0.381734
vt 0.571665 0.325871
vt 0.571704 0.293609
vt 0.591969 0.295111
vt 0.591930 0.327374
vt 0.591893 0.358185
vt 0.587505 0.382500
vt 0.591863 0.383135
vt 0.582537 0.382028
vt 0.555784 0.357551
vt 0.555821 0.326739
vt 0.560754 0.326267
vt 0.560717 0.357079
vt 0.555860 0.294477
vt 0.560793 0.294005
vt 0.566104 0.325973
vt 0.566066 0.356785
vt 0.566143 0.293711
vt 0.551441 0.383135
vt 0.551472 0.358185
vt 0.555754 0.382500
vt 0.551509 0.327374
vt 0.551548 0.295111
vt 0.566036 0.381734
vt 0.560687 0.382028
vt 0.117227 0.368116
vt 0.117227 0.336795
vt 0.122587 0.336795
vt 0.122587 0.368116
vt 0.117227 0.304001
vt 0.122587 0.304001
vt 0.127537 0.336795
vt 0.127537 0.368116
vt 0.127537 0.304001
vt 0.111661 0.393477
vt 0.111661 0.368116
vt 0.117227 0.393477
vt 0.111661 0.336795
vt 0.111661 0.304001
vt 0.131872 0.304001
vt 0.131872 0.336796
vt 0.131872 0.368116
vt 0.127537 0.393477
vt 0.131872 0.393477
vt 0.122587 0.393477
vt 0.095785 0.368116
vt 0.095785 0.336795
vt 0.100736 0.336795
vt 0.100736 0.368116
vt 0.095785 0.304001
vt 0.100736 0.304001
vt 0.106096 0.336795
vt 0.106096 0.368116
vt 0.106096 0.304001
vt 0.091450 0.393477
vt 0.091450 0.368116
vt 0.095785 0.393477
vt 0.091450 0.336796
vt 0.091450 0.304001
vt 0.106096 0.393477
vt 0.100736 0.393477
vt 0.521228 0.454087
vt 0.521585 0.478492
vt 0.516267 0.479650
vt 0.515911 0.455246
vt 0.521958 0.504045
vt 0.516640 0.505204
vt 0.511384 0.481419
vt 0.511028 0.457014
vt 0.511757 0.506972
vt 0.526489 0.433835
vt 0.526777 0.453597
vt 0.520940 0.434326
vt 0.527134 0.478001
vt 0.527507 0.503555
vt 0.087915 0.304001
vt 0.087915 0.336795
vt 0.087915 0.368116
vt 0.087915 0.393477
vt 0.515622 0.435485
vt 0.510739 0.437253
vt 0.542768 0.456237
vt 0.543124 0.480641
vt 0.538110 0.479115
vt 0.537754 0.454711
vt 0.543497 0.506195
vt 0.538483 0.504669
vt 0.532711 0.478219
vt 0.532355 0.453815
vt 0.533084 0.503773
vt 0.507085 0.390223
vt 0.507085 0.364862
vt 0.510620 0.364862
vt 0.510620 0.390223
vt 0.507085 0.333542
vt 0.510620 0.333542
vt 0.507085 0.300747
vt 0.510620 0.300747
vt 0.532066 0.434053
vt 0.537465 0.434949
vt 0.542479 0.436476
vt 0.492439 0.364862
vt 0.492439 0.333542
vt 0.497799 0.333541
vt 0.497799 0.364862
vt 0.492439 0.300747
vt 0.497799 0.300747
vt 0.502749 0.333542
vt 0.502749 0.364862
vt 0.502749 0.300747
vt 0.486874 0.390223
vt 0.486874 0.364862
vt 0.492439 0.390223
vt 0.486874 0.333542
vt 0.486874 0.300747
vt 0.502749 0.390223
vt 0.497799 0.390223
vt 0.470998 0.364862
vt 0.470998 0.333542
vt 0.475948 0.333541
vt 0.475948 0.364862
vt 0.470998 0.300747
vt 0.475948 0.300747
vt 0.481308 0.333542
vt 0.481308 0.364862
vt 0.481308 0.300747
vt 0.466662 0.390223
vt 0.466662 0.364862
vt 0.470998 0.390223
vt 0.466662 0.333542
vt 0.466662 0.300747
vt 0.481308 0.390223
vt 0.475948 0.390223
vt 0.555989 0.188124
vt 0.556004 0.175750
vt 0.560937 0.175278
vt 0.560922 0.187652
vt 0.556021 0.161262
vt 0.560954 0.160790
vt 0.566286 0.174983
vt 0.566271 0.187357
vt 0.566304 0.160496
vt 0.551677 0.188758
vt 0.551692 0.176384
vt 0.551709 0.161897
vt 0.551730 0.144158
vt 0.556043 0.143524
vt 0.560976 0.143052
vt 0.566325 0.142757
vt 0.571887 0.142656
vt 0.571865 0.160394
vt 0.571848 0.174882
vt 0.571833 0.187256
vt 0.117227 0.195892
vt 0.117227 0.183314
vt 0.122587 0.183314
vt 0.122587 0.195892
vt 0.117227 0.168587
vt 0.122587 0.168587
vt 0.127537 0.183314
vt 0.127537 0.195892
vt 0.127537 0.168587
vt 0.111661 0.195892
vt 0.111661 0.183314
vt 0.111661 0.168587
vt 0.111661 0.150556
vt 0.117227 0.150556
vt 0.122587 0.150556
vt 0.127537 0.150556
vt 0.131872 0.150556
vt 0.131872 0.168587
vt 0.131872 0.183314
vt 0.131872 0.195892
vt 0.095785 0.195892
vt 0.095785 0.183314
vt 0.100736 0.183314
vt 0.100736 0.195892
vt 0.095785 0.168587
vt 0.100736 0.168587
vt 0.106096 0.183314
vt 0.106096 0.195892
vt 0.106096 0.168587
vt 0.091450 0.195892
vt 0.091450 0.183314
vt 0.091450 0.168587
vt 0.091450 0.150556
vt 0.095785 0.150556
vt 0.100736 0.150556
vt 0.106096 0.150556
vt 0.523188 0.588283
vt 0.523331 0.598083
vt 0.518014 0.599242
vt 0.517870 0.589442
vt 0.523499 0.609559
vt 0.518181 0.610717
vt 0.513131 0.601011
vt 0.512988 0.591210
vt 0.513298 0.612486
vt 0.528737 0.587792
vt 0.528880 0.597593
vt 0.529048 0.609068
vt 0.529253 0.623118
vt 0.523704 0.623608
vt 0.518386 0.624767
vt 0.513503 0.626535
vt 0.087915 0.168587
vt 0.087915 0.150556
vt 0.087915 0.183314
vt 0.087915 0.195892
vt 0.544727 0.590433
vt 0.544870 0.600233
vt 0.539857 0.598707
vt 0.539713 0.588906
vt 0.545038 0.611708
vt 0.540024 0.610182
vt 0.534457 0.597811
vt 0.534314 0.588010
vt 0.534625 0.609286
vt 0.507085 0.192638
vt 0.510620 0.192638
vt 0.507085 0.180060
vt 0.510620 0.180060
vt 0.507085 0.165333
vt 0.510620 0.165333
vt 0.507085 0.147302
vt 0.510620 0.147302
vt 0.545243 0.625758
vt 0.540229 0.624232
vt 0.534830 0.623336
vt 0.492439 0.192638
vt 0.492439 0.180060
vt 0.497799 0.180060
vt 0.497799 0.192638
vt 0.492439 0.165333
vt 0.497799 0.165333
vt 0.502749 0.180060
vt 0.502749 0.192638
vt 0.502749 0.165333
vt 0.486874 0.192638
vt 0.486874 0.180060
vt 0.486874 0.165333
vt 0.486874 0.147302
vt 0.492439 0.147302
vt 0.497799 0.147302
vt 0.502749 0.147302
vt 0.470998 0.192638
vt 0.470998 0.180060
vt 0.475948 0.180060
vt 0.475948 0.192638
vt 0.470998 0.165333
vt 0.475948 0.165333
vt 0.481308 0.180060
vt 0.481308 0.192638
vt 0.481308 0.165333
vt 0.466662 0.192638
vt 0.466662 0.180060
vt 0.466662 0.165333
vt 0.466662 0.147302
vt 0.470998 0.147302
vt 0.475948 0.147302
vt 0.481308 0.147302
vt 0.577401 0.187357
vt 0.577416 0.174983
vt 0.582787 0.175278
vt 0.582772 0.187652
vt 0.577434 0.160496
vt 0.582805 0.160790
vt 0.587755 0.175750
vt 0.587740 0.188124
vt 0.587772 0.161262
vt 0.577455 0.142758
vt 0.582826 0.143052
vt 0.587794 0.143524
vt 0.592152 0.144158
vt 0.592130 0.161897
vt 0.592113 0.176384
vt 0.592098 0.188758
vt 0.472548 0.417637
vt 0.471487 0.414591
vt 0.476343 0.414591
vt 0.477271 0.417637
vt 0.471059 0.406323
vt 0.475997 0.406323
vt 0.481533 0.414591
vt 0.482123 0.417637
vt 0.481336 0.406323
vt 0.048146 0.483586
vt 0.050562 0.480260
vt 0.468602 0.417637
vt 0.467265 0.414591
vt 0.466738 0.406323
vt 0.486874 0.406323
vt 0.486874 0.414591
vt 0.486874 0.417637
vt 0.057005 0.474890
vt 0.060442 0.473337
vt 0.053701 0.477433
vt 0.491625 0.417637
vt 0.492214 0.414591
vt 0.497404 0.414591
vt 0.496476 0.417637
vt 0.492411 0.406323
vt 0.497750 0.406323
vt 0.502260 0.414591
vt 0.501199 0.417637
vt 0.502688 0.406323
vt 0.064230 0.473408
vt 0.507009 0.406323
vt 0.506482 0.414591
vt 0.072346 0.475790
vt 0.074624 0.473337
vt 0.078537 0.475935
vt 0.075932 0.477884
vt 0.068304 0.474437
vt 0.078873 0.481309
vt 0.081961 0.479541
vt 0.084873 0.483900
vt 0.081495 0.485591
vt 0.087486 0.477833
vt 0.090514 0.482253
vt 0.087245 0.488711
vt 0.083908 0.490048
vt 0.092892 0.487214
vt 0.510519 0.406323
vt 0.509813 0.414591
vt 0.542237 0.423995
vt 0.537236 0.422480
vt 0.531858 0.421580
vt 0.526308 0.421357
vt 0.531587 0.415645
vt 0.526233 0.415382
vt 0.088851 0.493832
vt 0.085542 0.494562
vt 0.085913 0.499335
vt 0.089499 0.499151
vt 0.089317 0.504485
vt 0.085548 0.504362
vt 0.095229 0.498039
vt 0.095104 0.503514
vt 0.088455 0.509619
vt 0.084918 0.509311
vt 0.094160 0.508748
vt 0.520787 0.421852
vt 0.520909 0.415907
vt 0.515491 0.423013
vt 0.510620 0.424769
vt 0.088016 0.409577
vt 0.091526 0.409577
vt 0.088722 0.417845
vt 0.092053 0.417845
vt 0.086813 0.514265
vt 0.083643 0.513602
vt 0.097336 0.420891
vt 0.096275 0.417845
vt 0.101131 0.417845
vt 0.102059 0.420891
vt 0.095847 0.409577
vt 0.100785 0.409577
vt 0.106320 0.417845
vt 0.106910 0.420891
vt 0.106124 0.409577
vt 0.081227 0.516927
vt 0.084305 0.518180
vt 0.111661 0.409577
vt 0.111661 0.417845
vt 0.111661 0.420891
vt 0.074784 0.522297
vt 0.071347 0.523850
vt 0.078088 0.519754
vt 0.116412 0.420891
vt 0.117002 0.417845
vt 0.122191 0.417845
vt 0.121264 0.420891
vt 0.117199 0.409577
vt 0.122537 0.409577
vt 0.127048 0.417845
vt 0.125986 0.420891
vt 0.127476 0.409577
vt 0.067559 0.523780
vt 0.131797 0.409577
vt 0.131270 0.417845
vt 0.129933 0.420891
vt 0.059443 0.521397
vt 0.055857 0.519303
vt 0.063485 0.522750
vt 0.557289 0.409954
vt 0.556219 0.406618
vt 0.561059 0.406172
vt 0.561998 0.409571
vt 0.555796 0.398357
vt 0.560718 0.397889
vt 0.566238 0.405871
vt 0.566837 0.409243
vt 0.566046 0.397593
vt 0.052916 0.515878
vt 0.553361 0.410452
vt 0.552019 0.407215
vt 0.551498 0.398987
vt 0.571579 0.397490
vt 0.571574 0.405758
vt 0.571583 0.409094
vt 0.047881 0.507140
vt 0.046247 0.502625
vt 0.050294 0.511596
vt 0.576339 0.409243
vt 0.576919 0.405871
vt 0.582119 0.406172
vt 0.581202 0.409571
vt 0.577120 0.397593
vt 0.582470 0.397889
vt 0.586991 0.406618
vt 0.585939 0.409954
vt 0.587425 0.398357
vt 0.045876 0.497852
vt 0.591769 0.398987
vt 0.591235 0.407215
vt 0.589904 0.410452
vt 0.046871 0.487876
vt 0.046241 0.492825
vt 0.556069 0.121930
vt 0.556098 0.098002
vt 0.561031 0.097530
vt 0.561002 0.121458
vt 0.556127 0.073794
vt 0.561060 0.073322
vt 0.566380 0.097236
vt 0.566351 0.121164
vt 0.566409 0.073027
vt 0.551757 0.122565
vt 0.551786 0.098637
vt 0.551815 0.074428
vt 0.571971 0.072926
vt 0.571942 0.097134
vt 0.571913 0.121062
vt 0.117227 0.128606
vt 0.117227 0.104283
vt 0.122587 0.104283
vt 0.122587 0.128606
vt 0.117227 0.079675
vt 0.122587 0.079675
vt 0.127537 0.104284
vt 0.127537 0.128606
vt 0.127537 0.079675
vt 0.111661 0.128606
vt 0.111661 0.104283
vt 0.111661 0.079675
vt 0.131872 0.079675
vt 0.131872 0.104283
vt 0.131872 0.128606
vt 0.095785 0.128606
vt 0.095785 0.104283
vt 0.100736 0.104283
vt 0.100736 0.128606
vt 0.095785 0.079675
vt 0.100736 0.079675
vt 0.106096 0.104284
vt 0.106096 0.128606
vt 0.106096 0.079675
vt 0.091450 0.128606
vt 0.091450 0.104283
vt 0.091450 0.079675
vt 0.523953 0.640712
vt 0.524230 0.659664
vt 0.518913 0.660822
vt 0.518636 0.641870
vt 0.524510 0.678838
vt 0.519193 0.679997
vt 0.514030 0.662591
vt 0.513753 0.643639
vt 0.514310 0.681765
vt 0.529503 0.640221
vt 0.529779 0.659173
vt 0.530059 0.678348
vt 0.087915 0.079675
vt 0.087915 0.104284
vt 0.087915 0.128606
vt 0.545493 0.642861
vt 0.545770 0.661813
vt 0.540756 0.660287
vt 0.540479 0.641335
vt 0.546050 0.680988
vt 0.541036 0.679462
vt 0.535357 0.659391
vt 0.535080 0.640439
vt 0.535637 0.678566
vt 0.507085 0.125352
vt 0.510620 0.125352
vt 0.507085 0.101029
vt 0.510620 0.101029
vt 0.507085 0.076421
vt 0.510620 0.076421
vt 0.492439 0.125352
vt 0.492439 0.101029
vt 0.497799 0.101029
vt 0.497799 0.125352
vt 0.492439 0.076421
vt 0.497799 0.076421
vt 0.502749 0.101030
vt 0.502749 0.125352
vt 0.502749 0.076421
vt 0.486874 0.125352
vt 0.486874 0.101029
vt 0.486874 0.076421
vt 0.470998 0.125352
vt 0.470998 0.101029
vt 0.475948 0.101029
vt 0.475948 0.125352
vt 0.470998 0.076421
vt 0.475948 0.076421
vt 0.481308 0.101030
vt 0.481308 0.125352
vt 0.481308 0.076421
vt 0.466662 0.125352
vt 0.466662 0.101029
vt 0.466662 0.076421
vt 0.577482 0.121164
vt 0.577510 0.097236
vt 0.582881 0.097530
vt 0.582852 0.121458
vt 0.577540 0.073027
vt 0.582911 0.073322
vt 0.587849 0.098002
vt 0.587820 0.121930
vt 0.587878 0.073794
vt 0.592236 0.074428
vt 0.592207 0.098637
vt 0.592178 0.122565
vt 0.680981 0.028180
vt 0.680966 0.008821
vt 0.705148 0.008802
vt 0.705350 0.028161
vt 0.680926 0.000368
vt 0.704600 0.000350
vt 0.728350 0.008753
vt 0.728731 0.028112
vt 0.727315 0.000302
vt 0.656550 0.063544
vt 0.656574 0.028167
vt 0.680984 0.063556
vt 0.656746 0.008808
vt 0.657214 0.000356
vt 0.771828 0.588324
vt 0.776307 0.585944
vt 0.788983 0.604888
vt 0.785056 0.608093
vt 0.805134 0.621040
vt 0.801911 0.624947
vt 0.824064 0.633823
vt 0.821665 0.638288
vt 0.845074 0.642664
vt 0.843590 0.647513
vt 0.748148 0.000226
vt 0.749629 0.008676
vt 0.750175 0.028034
vt 0.728785 0.063488
vt 0.750253 0.063410
vt 0.705379 0.063537
vt 0.768802 0.027928
vt 0.768113 0.008571
vt 0.783211 0.008445
vt 0.784016 0.027801
vt 0.766245 0.000124
vt 0.781025 0.000000
vt 0.551562 0.438260
vt 0.552405 0.418902
vt 0.565982 0.419157
vt 0.565244 0.438516
vt 0.554693 0.410452
vt 0.567985 0.410701
vt 0.768900 0.063304
vt 0.867432 0.647096
vt 0.866922 0.652138
vt 0.890274 0.647096
vt 0.890758 0.652138
vt 0.912699 0.642750
vt 0.914159 0.647603
vt 0.933806 0.634145
vt 0.936186 0.638623
vt 0.584836 0.410913
vt 0.583194 0.419373
vt 0.582589 0.438734
vt 0.565139 0.473891
vt 0.582503 0.474108
vt 0.551441 0.473634
vt 0.784131 0.063177
vt 0.603056 0.438903
vt 0.603504 0.419541
vt 0.626067 0.419656
vt 0.625793 0.439019
vt 0.604720 0.411077
vt 0.626809 0.411190
vt 0.649958 0.419715
vt 0.649869 0.439079
vt 0.650199 0.411248
vt 0.602992 0.474278
vt 0.952750 0.621469
vt 0.955954 0.625395
vt 0.968902 0.605318
vt 0.972809 0.608541
vt 0.981685 0.586388
vt 0.986150 0.588787
vt 0.990526 0.565378
vt 0.995375 0.566862
vt 0.673986 0.411247
vt 0.674254 0.419714
vt 0.674352 0.439078
vt 0.649856 0.474454
vt 0.674367 0.474453
vt 0.625754 0.474394
vt 0.698326 0.439016
vt 0.698044 0.419652
vt 0.720467 0.419533
vt 0.720923 0.438895
vt 0.697277 0.411186
vt 0.719230 0.411069
vt 0.740677 0.419362
vt 0.741289 0.438723
vt 0.739016 0.410902
vt 0.698367 0.474390
vt 0.994958 0.543019
vt 1.000000 0.543530
vt 0.994958 0.520178
vt 1.000000 0.519694
vt 0.990612 0.497753
vt 0.995465 0.496293
vt 0.982007 0.476646
vt 0.986485 0.474266
vt 0.314718 0.428812
vt 0.316713 0.420357
vt 0.333645 0.420562
vt 0.332013 0.429022
vt 0.313983 0.448171
vt 0.331412 0.448383
vt 0.313878 0.483546
vt 0.331326 0.483757
vt 0.720989 0.474270
vt 0.741377 0.474097
vt 0.351945 0.448547
vt 0.352389 0.429184
vt 0.374996 0.429295
vt 0.374726 0.448659
vt 0.353593 0.420721
vt 0.375726 0.420830
vt 0.398909 0.429352
vt 0.398825 0.448715
vt 0.399138 0.420885
vt 0.351881 0.483921
vt 0.969331 0.457702
vt 0.973257 0.454497
vt 0.953179 0.441550
vt 0.956402 0.437643
vt 0.934250 0.428766
vt 0.936649 0.424302
vt 0.913240 0.419926
vt 0.914724 0.415077
vt 0.422924 0.420883
vt 0.423205 0.429350
vt 0.423308 0.448713
vt 0.398813 0.484090
vt 0.423323 0.484088
vt 0.374688 0.484034
vt 0.447258 0.448651
vt 0.446970 0.429288
vt 0.469347 0.429170
vt 0.469807 0.448532
vt 0.446191 0.420822
vt 0.468099 0.420707
vt 0.489490 0.429001
vt 0.490106 0.448362
vt 0.487819 0.420542
vt 0.447299 0.484026
vt 0.890881 0.415494
vt 0.891392 0.410452
vt 0.868040 0.415494
vt 0.867555 0.410452
vt 0.845615 0.419840
vt 0.844155 0.414987
vt 0.824508 0.428445
vt 0.822128 0.423967
vt 0.132512 0.429483
vt 0.134031 0.420956
vt 0.154574 0.421530
vt 0.153495 0.430069
vt 0.131952 0.448851
vt 0.153098 0.449442
vt 0.131872 0.484192
vt 0.153041 0.484783
vt 0.469873 0.483907
vt 0.490194 0.483737
vt 0.056805 0.752094
vt 0.042887 0.752395
vt 0.043319 0.743231
vt 0.056868 0.742970
vt 0.029727 0.752654
vt 0.030402 0.743517
vt 0.182295 0.780627
vt 0.195973 0.778423
vt 0.196464 0.784561
vt 0.183378 0.786038
vt 0.209828 0.778423
vt 0.209619 0.783937
vt 0.071346 0.767132
vt 0.057140 0.767480
vt 0.070942 0.751753
vt 0.043169 0.767787
vt 0.029975 0.768041
vt 0.018097 0.768233
vt 0.017892 0.752850
vt 0.018865 0.743739
vt 0.223229 0.781075
vt 0.221752 0.785644
vt 0.219769 0.791775
vt 0.210503 0.793822
vt 0.197391 0.796137
vt 0.184078 0.795938
vt 0.171671 0.789653
vt 0.174604 0.795391
vt 0.169486 0.785378
vt 0.070525 0.742671
vt 0.176294 0.449817
vt 0.176514 0.430441
vt 0.200655 0.430592
vt 0.200622 0.449969
vt 0.177109 0.421894
vt 0.200744 0.422042
vt 0.224956 0.430521
vt 0.225111 0.449897
vt 0.224536 0.421972
vt 0.176263 0.485159
vt 0.805564 0.441121
vt 0.802359 0.437195
vt 0.789412 0.457272
vt 0.785504 0.454049
vt 0.776628 0.476202
vt 0.772164 0.473803
vt 0.767788 0.497212
vt 0.762939 0.495728
vt 0.247540 0.421683
vt 0.248454 0.430225
vt 0.248790 0.449599
vt 0.225133 0.485239
vt 0.248838 0.484941
vt 0.200617 0.485311
vt 0.270733 0.449079
vt 0.270228 0.429709
vt 0.289531 0.428999
vt 0.290185 0.448363
vt 0.268858 0.421177
vt 0.287756 0.420482
vt 0.611264 0.028048
vt 0.611784 0.008689
vt 0.633408 0.008763
vt 0.633056 0.028122
vt 0.613194 0.000240
vt 0.634365 0.000312
vt 0.270805 0.484420
vt 0.763356 0.519571
vt 0.758314 0.519060
vt 0.763356 0.542412
vt 0.758314 0.542896
vt 0.767702 0.564837
vt 0.762849 0.566297
vt 0.633005 0.063498
vt 0.611190 0.063424
vt 0.290279 0.483704
vt 0.856198 0.841267
vt 0.841038 0.816299
vt 0.878497 0.772321
vt 0.883107 0.829906
vt 0.813977 0.805305
vt 0.820913 0.776931
vt 0.809552 0.750022
vt 0.834519 0.734863
vt 0.845513 0.707802
vt 0.873887 0.714737
vt 0.900797 0.703376
vt 0.915956 0.728344
vt 0.943017 0.739338
vt 0.936081 0.767712
vt 0.947442 0.794621
vt 0.922475 0.809780
vt 0.911481 0.836841
vt 0.847074 0.869474
vt 0.836188 0.857253
vt 0.863056 0.865943
vt 0.820194 0.840772
vt 0.885672 0.861950
vt 0.787581 0.818799
vt 0.788524 0.802460
vt 0.801378 0.827603
vt 0.788869 0.779496
vt 0.781345 0.740899
vt 0.793566 0.730012
vt 0.784875 0.756880
vt 0.810047 0.714018
vt 0.832019 0.681405
vt 0.848359 0.682348
vt 0.823215 0.695202
vt 0.871322 0.682693
vt 0.909920 0.675169
vt 0.920807 0.687390
vt 0.893938 0.678700
vt 0.936800 0.703871
vt 0.969413 0.725844
vt 0.968470 0.742183
vt 0.955616 0.717040
vt 0.968125 0.765147
vt 0.975649 0.803744
vt 0.963429 0.814631
vt 0.972119 0.787763
vt 0.946947 0.830625
vt 0.924975 0.863238
vt 0.908635 0.862294
vt 0.933779 0.849441
vt 0.809993 0.587741
vt 0.822382 0.600129
vt 0.816284 0.607522
vt 0.802565 0.593803
vt 0.836901 0.609934
vt 0.832362 0.618380
vt 0.810187 0.614915
vt 0.795137 0.599865
vt 0.827824 0.626826
vt 0.807291 0.569481
vt 0.816148 0.582718
vt 0.800271 0.573211
vt 0.827434 0.594004
vt 0.840661 0.602936
vt 0.855341 0.609114
vt 0.853015 0.616715
vt 0.850207 0.625889
vt 0.847400 0.635063
vt 0.783326 0.582214
vt 0.791799 0.577712
vt 0.870164 0.620114
vt 0.887684 0.620114
vt 0.888600 0.629653
vt 0.869199 0.629653
vt 0.904883 0.616781
vt 0.907646 0.625962
vt 0.889515 0.639192
vt 0.868233 0.639192
vt 0.910409 0.635143
vt 0.870965 0.612211
vt 0.886925 0.612211
vt 0.902594 0.609174
vt 0.917343 0.603161
vt 0.921073 0.610181
vt 0.925574 0.618653
vt 0.930076 0.627125
vt 0.935603 0.600458
vt 0.947991 0.588070
vt 0.955384 0.594168
vt 0.941665 0.607886
vt 0.957796 0.573551
vt 0.966242 0.578090
vt 0.962776 0.600265
vt 0.947727 0.615314
vt 0.974688 0.582628
vt 0.930580 0.594304
vt 0.941866 0.583018
vt 0.950798 0.569791
vt 0.956976 0.555111
vt 0.964577 0.557437
vt 0.973751 0.560244
vt 0.982925 0.563052
vt 0.967976 0.540288
vt 0.967976 0.522768
vt 0.977515 0.521852
vt 0.977515 0.541253
vt 0.964643 0.505568
vt 0.973824 0.502805
vt 0.987054 0.520936
vt 0.987054 0.542219
vt 0.983005 0.500042
vt 0.960072 0.539487
vt 0.960072 0.523527
vt 0.957036 0.507858
vt 0.951023 0.493109
vt 0.958043 0.489379
vt 0.966515 0.484877
vt 0.974987 0.480376
vt 0.948320 0.474849
vt 0.935932 0.462461
vt 0.942030 0.455068
vt 0.955748 0.468787
vt 0.921413 0.452656
vt 0.925952 0.444210
vt 0.948127 0.447675
vt 0.963176 0.462725
vt 0.930490 0.435764
vt 0.942166 0.479872
vt 0.930880 0.468586
vt 0.917653 0.459654
vt 0.902972 0.453476
vt 0.905299 0.445875
vt 0.908106 0.436701
vt 0.910914 0.427527
vt 0.888149 0.442476
vt 0.870630 0.442476
vt 0.869714 0.432937
vt 0.889115 0.432937
vt 0.853430 0.445809
vt 0.850667 0.436628
vt 0.868798 0.423398
vt 0.890081 0.423398
vt 0.847904 0.427447
vt 0.887349 0.450379
vt 0.871389 0.450379
vt 0.855720 0.453416
vt 0.840971 0.459429
vt 0.837241 0.452409
vt 0.832739 0.443937
vt 0.828238 0.435465
vt 0.822711 0.462132
vt 0.810323 0.474520
vt 0.802930 0.468422
vt 0.816649 0.454703
vt 0.800518 0.489039
vt 0.792072 0.484500
vt 0.795537 0.462325
vt 0.810587 0.447275
vt 0.783626 0.479962
vt 0.827734 0.468286
vt 0.816448 0.479572
vt 0.807516 0.492799
vt 0.801338 0.507479
vt 0.793737 0.505153
vt 0.784563 0.502346
vt 0.775389 0.499538
vt 0.790338 0.522302
vt 0.790338 0.539822
vt 0.780799 0.540738
vt 0.780799 0.521337
vt 0.793671 0.557022
vt 0.784490 0.559785
vt 0.771260 0.541654
vt 0.771260 0.520371
vt 0.775309 0.562548
vt 0.798241 0.523103
vt 0.798241 0.539063
vt 0.801278 0.554732
vt 0.238957 0.828978
vt 0.234936 0.845428
vt 0.201551 0.848101
vt 0.223268 0.822604
vt 0.241523 0.861030
vt 0.227048 0.869818
vt 0.220674 0.885508
vt 0.204223 0.881487
vt 0.188622 0.888073
vt 0.179834 0.873598
vt 0.164144 0.867224
vt 0.168165 0.850774
vt 0.161579 0.835172
vt 0.176054 0.826384
vt 0.182428 0.810694
vt 0.198878 0.814716
vt 0.214479 0.808129
vt 0.254261 0.821155
vt 0.253714 0.830628
vt 0.246262 0.816050
vt 0.253515 0.843941
vt 0.235353 0.808416
vt 0.257877 0.866319
vt 0.250792 0.872631
vt 0.255830 0.857053
vt 0.241236 0.881903
vt 0.228497 0.900811
vt 0.219024 0.900265
vt 0.233602 0.892812
vt 0.205711 0.900065
vt 0.183333 0.904427
vt 0.177021 0.897342
vt 0.192598 0.902380
vt 0.167748 0.887786
vt 0.148840 0.875047
vt 0.149387 0.865574
vt 0.156840 0.880152
vt 0.149587 0.852261
vt 0.145225 0.829883
vt 0.152310 0.823571
vt 0.147272 0.839149
vt 0.161866 0.814299
vt 0.169500 0.803390
vt 0.226081 0.798860
vt 0.621517 0.786207
vt 0.607985 0.786231
vt 0.607501 0.777093
vt 0.620769 0.777099
vt 0.593892 0.786246
vt 0.593767 0.777138
vt 0.269025 0.828845
vt 0.271229 0.842523
vt 0.265091 0.843015
vt 0.263614 0.829928
vt 0.271229 0.856378
vt 0.265715 0.856169
vt 0.634070 0.801550
vt 0.621624 0.801595
vt 0.633916 0.786166
vt 0.608054 0.801624
vt 0.593910 0.801634
vt 0.579744 0.801627
vt 0.579792 0.786243
vt 0.580133 0.777165
vt 0.268576 0.869780
vt 0.264008 0.868302
vt 0.259999 0.818222
vt 0.264274 0.816036
vt 0.632838 0.777089
vt 0.566216 0.786213
vt 0.553624 0.786165
vt 0.554869 0.777029
vt 0.567072 0.777105
vt 0.878424 0.009199
vt 0.867187 0.009578
vt 0.866038 0.000406
vt 0.876889 -0.000000
vt 0.262879 0.882196
vt 0.254765 0.893427
vt 0.250077 0.889434
vt 0.258286 0.879136
vt 0.244968 0.903224
vt 0.241216 0.899177
vt 0.566094 0.801601
vt 0.553446 0.801558
vt 0.878592 0.024584
vt 0.867301 0.024959
vt 0.854564 0.025216
vt 0.854524 0.009838
vt 0.853893 0.000695
vt 0.233616 0.910824
vt 0.231430 0.906549
vt 0.889006 0.163984
vt 0.877249 0.164078
vt 0.876147 0.154930
vt 0.887731 0.154869
vt 0.864217 0.164151
vt 0.863501 0.155032
vt 0.167456 0.909429
vt 0.156225 0.901315
vt 0.160218 0.896627
vt 0.170516 0.904837
vt 0.146428 0.891518
vt 0.150475 0.887767
vt 0.799025 0.024925
vt 0.786753 0.024538
vt 0.786994 0.009159
vt 0.799192 0.009549
vt 0.889188 0.179372
vt 0.877407 0.179471
vt 0.864319 0.179540
vt 0.850419 0.179576
vt 0.850389 0.164191
vt 0.850185 0.155102
vt 0.138828 0.880166
vt 0.143103 0.877981
vt 0.181350 0.910558
vt 0.179872 0.915127
vt 0.788324 -0.000000
vt 0.800009 0.000413
vt 0.109623 0.750598
vt 0.097833 0.750982
vt 0.096517 0.741862
vt 0.108134 0.741516
vt 0.084779 0.751374
vt 0.083850 0.742275
vt 0.140223 0.814006
vt 0.148337 0.802775
vt 0.153025 0.806768
vt 0.144815 0.817066
vt 0.158133 0.792978
vt 0.161885 0.797025
vt 0.797082 0.179384
vt 0.786966 0.179261
vt 0.787204 0.163874
vt 0.797251 0.164000
vt 0.110180 0.765978
vt 0.098365 0.766366
vt 0.085255 0.766756
vt 0.139094 0.827900
vt 0.134525 0.826422
vt 0.119617 0.750232
vt 0.117925 0.741190
vt 0.007893 0.752964
vt 0.000000 0.753004
vt 0.001796 0.743821
vt 0.009342 0.743816
vt 0.653436 0.786023
vt 0.644657 0.786101
vt 0.643088 0.776997
vt 0.651506 0.776891
vt 0.235646 0.786773
vt 0.246877 0.794887
vt 0.242884 0.799575
vt 0.232586 0.791365
vt 0.256674 0.804684
vt 0.252627 0.808435
vt 0.008030 0.768353
vt 0.000087 0.768398
vt 0.653712 0.801414
vt 0.644881 0.801488
vt 0.840840 0.009956
vt 0.826673 0.009942
vt 0.826785 0.000719
vt 0.840625 0.000771
vt 0.812598 0.009808
vt 0.813021 0.000626
vt 0.220807 0.915575
vt 0.207129 0.917780
vt 0.206637 0.911641
vt 0.219724 0.910164
vt 0.193274 0.917780
vt 0.193483 0.912265
vt 0.840820 0.025339
vt 0.826607 0.025330
vt 0.812487 0.025191
vt 0.836248 0.164188
vt 0.822314 0.164151
vt 0.822959 0.155001
vt 0.836524 0.155068
vt 0.809126 0.164091
vt 0.810014 0.154973
vt 0.134076 0.867357
vt 0.131872 0.853679
vt 0.138011 0.853188
vt 0.139488 0.866274
vt 0.131872 0.839824
vt 0.137387 0.840033
vt 0.836208 0.179577
vt 0.822221 0.179544
vt 0.808999 0.179479
vt 0.798439 0.154916
vt 0.270805 0.667341
vt 0.270805 0.602729
vt 0.290279 0.602012
vt 0.290279 0.666624
vt 0.270805 0.538263
vt 0.290279 0.537546
vt 0.611190 0.246550
vt 0.611190 0.181866
vt 0.633005 0.181940
vt 0.633005 0.246625
vt 0.611190 0.117326
vt 0.633005 0.117401
vt 0.248838 0.722139
vt 0.248838 0.667861
vt 0.270805 0.721619
vt 0.248838 0.603250
vt 0.248838 0.538783
vt 0.656550 0.117446
vt 0.656550 0.181986
vt 0.656550 0.246670
vt 0.633005 0.300964
vt 0.656550 0.301009
vt 0.611190 0.300889
vt 0.290279 0.720902
vt 0.176263 0.668079
vt 0.176263 0.603468
vt 0.200617 0.603620
vt 0.200617 0.668232
vt 0.176263 0.539001
vt 0.200617 0.539154
vt 0.225133 0.603548
vt 0.225133 0.668160
vt 0.225133 0.539081
vt 0.153041 0.721982
vt 0.153041 0.667704
vt 0.176263 0.722357
vt 0.153041 0.603092
vt 0.153041 0.538626
vt 0.225133 0.722438
vt 0.200617 0.722510
vt 0.447299 0.667142
vt 0.447299 0.602461
vt 0.469873 0.602342
vt 0.469873 0.667023
vt 0.447299 0.537926
vt 0.469873 0.537807
vt 0.490194 0.602173
vt 0.490194 0.666854
vt 0.490194 0.537637
vt 0.423323 0.721541
vt 0.423323 0.667205
vt 0.447299 0.721478
vt 0.423323 0.602524
vt 0.423323 0.537988
vt 0.131872 0.538034
vt 0.131872 0.602501
vt 0.131872 0.667112
vt 0.131872 0.721390
vt 0.469873 0.721359
vt 0.490194 0.721190
vt 0.351881 0.667038
vt 0.351881 0.602357
vt 0.374688 0.602469
vt 0.374688 0.667150
vt 0.351881 0.537821
vt 0.374688 0.537934
vt 0.398813 0.602526
vt 0.398813 0.667207
vt 0.398813 0.537990
vt 0.331326 0.721210
vt 0.331326 0.666874
vt 0.351881 0.721374
vt 0.331326 0.602193
vt 0.331326 0.537657
vt 0.398813 0.721543
vt 0.374688 0.721486
vt 0.698367 0.657506
vt 0.698367 0.592826
vt 0.720989 0.592705
vt 0.720989 0.657386
vt 0.698367 0.528290
vt 0.720989 0.528170
vt 0.741377 0.592533
vt 0.741377 0.657213
vt 0.741377 0.527997
vt 0.674367 0.711905
vt 0.674367 0.657569
vt 0.698367 0.711842
vt 0.674367 0.592888
vt 0.674367 0.528353
vt 0.313878 0.537446
vt 0.313878 0.601981
vt 0.313878 0.666662
vt 0.313878 0.720999
vt 0.720989 0.711722
vt 0.741377 0.711549
vt 0.602992 0.657394
vt 0.602992 0.592713
vt 0.625754 0.592829
vt 0.625754 0.657510
vt 0.602992 0.528178
vt 0.625754 0.528294
vt 0.649856 0.592889
vt 0.649856 0.657570
vt 0.649856 0.528353
vt 0.582503 0.711560
vt 0.582503 0.657224
vt 0.602992 0.711730
vt 0.582503 0.592544
vt 0.582503 0.528008
vt 0.649856 0.711906
vt 0.625754 0.711846
vt 0.768900 0.246431
vt 0.768900 0.181746
vt 0.784131 0.181619
vt 0.784131 0.246303
vt 0.768900 0.117207
vt 0.784131 0.117080
vt 0.551441 0.656750
vt 0.551441 0.592069
vt 0.565139 0.592326
vt 0.565139 0.657006
vt 0.551441 0.527534
vt 0.565139 0.527790
vt 0.750253 0.300875
vt 0.750253 0.246536
vt 0.768900 0.300770
vt 0.750252 0.181852
vt 0.750253 0.117313
vt 0.565139 0.711342
vt 0.551441 0.711086
vt 0.784131 0.300642
vt 0.680984 0.246683
vt 0.680984 0.181998
vt 0.705379 0.181979
vt 0.705379 0.246664
vt 0.680984 0.117459
vt 0.705379 0.117440
vt 0.728785 0.181930
vt 0.728785 0.246615
vt 0.728785 0.117391
vt 0.680984 0.301022
vt 0.728785 0.300954
vt 0.705379 0.301003
vt 0.824967 0.870180
vt 0.819688 0.878101
vt 0.800318 0.864107
vt 0.807205 0.856020
vt 0.680737 0.357144
vt 0.680953 0.337080
vt 0.705260 0.337067
vt 0.704425 0.357166
vt 0.783420 0.847209
vt 0.790400 0.840738
vt 0.728601 0.337012
vt 0.727310 0.357078
vt 0.843654 0.880049
vt 0.658706 0.365928
vt 0.657220 0.357091
vt 0.679838 0.366091
vt 0.656633 0.337062
vt 0.749987 0.336929
vt 0.748128 0.356961
vt 0.770310 0.827628
vt 0.777684 0.823858
vt 0.771449 0.803667
vt 0.762115 0.805535
vt 0.758314 0.781942
vt 0.768902 0.781095
vt 0.765807 0.356901
vt 0.768514 0.336829
vt 0.783655 0.336707
vt 0.780327 0.356818
vt 0.758314 0.758045
vt 0.767825 0.758405
vt 0.555423 0.767248
vt 0.551939 0.747147
vt 0.565551 0.747398
vt 0.568434 0.767457
vt 0.582797 0.747610
vt 0.584858 0.767627
vt 0.762890 0.734930
vt 0.770770 0.737478
vt 0.780638 0.718791
vt 0.772717 0.713513
vt 0.786712 0.694142
vt 0.794798 0.701030
vt 0.604761 0.767829
vt 0.603213 0.747783
vt 0.625915 0.747904
vt 0.627046 0.767981
vt 0.803610 0.677244
vt 0.810081 0.684224
vt 0.649927 0.747959
vt 0.650420 0.768000
vt 0.674319 0.747953
vt 0.673982 0.767961
vt 0.652048 0.776891
vt 0.673129 0.776748
vt 0.826960 0.671509
vt 0.847152 0.665273
vt 0.845283 0.655940
vt 0.868876 0.652138
vt 0.869724 0.662727
vt 0.696975 0.767939
vt 0.698193 0.747896
vt 0.720719 0.747781
vt 0.718835 0.767861
vt 0.892774 0.652138
vt 0.892414 0.661650
vt 0.741064 0.747604
vt 0.738879 0.767654
vt 0.823190 0.664135
vt 0.314288 0.757054
vt 0.331619 0.757260
vt 0.758314 0.747381
vt 0.755777 0.767404
vt 0.915889 0.656714
vt 0.913340 0.664594
vt 0.932027 0.674462
vt 0.937306 0.666541
vt 0.956677 0.680536
vt 0.949789 0.688623
vt 0.353632 0.777475
vt 0.352100 0.757428
vt 0.374847 0.757545
vt 0.375959 0.777623
vt 0.973575 0.697434
vt 0.966594 0.703905
vt 0.398881 0.757597
vt 0.399357 0.777639
vt 0.333667 0.777278
vt 0.423273 0.757590
vt 0.422920 0.777599
vt 0.400939 0.786533
vt 0.422027 0.786388
vt 0.979310 0.720784
vt 0.985545 0.740976
vt 0.994879 0.739108
vt 0.998680 0.762701
vt 0.988092 0.763548
vt 0.445888 0.777577
vt 0.447122 0.757532
vt 0.469601 0.757419
vt 0.467700 0.777500
vt 0.998680 0.786598
vt 0.989169 0.786238
vt 0.489880 0.757245
vt 0.487681 0.777296
vt 0.986684 0.717015
vt 0.132192 0.757392
vt 0.153234 0.757977
vt 0.134431 0.777321
vt 0.154588 0.777862
vt 0.994105 0.809713
vt 0.986225 0.807165
vt 0.976356 0.825852
vt 0.984277 0.831130
vt 0.970282 0.850501
vt 0.962196 0.843613
vt 0.177031 0.778249
vt 0.176359 0.758354
vt 0.200637 0.758509
vt 0.200773 0.778422
vt 0.953385 0.867399
vt 0.946913 0.860418
vt 0.225072 0.758434
vt 0.224645 0.778327
vt 0.248675 0.758134
vt 0.247528 0.778015
vt 0.933804 0.880508
vt 0.930034 0.873134
vt 0.909842 0.879370
vt 0.911711 0.888703
vt 0.888118 0.892505
vt 0.887270 0.881916
vt 0.594665 0.356917
vt 0.592263 0.336847
vt 0.611497 0.336953
vt 0.613645 0.357057
vt 0.864221 0.892505
vt 0.864581 0.882993
vt 0.633216 0.337023
vt 0.634693 0.357088
vt 0.270514 0.757619
vt 0.268476 0.777541
vt 0.289892 0.756909
vt 0.841105 0.887929
vt 0.835883 0.309115
vt 0.821184 0.309080
vt 0.821914 0.303666
vt 0.836112 0.303699
vt 0.807287 0.309012
vt 0.808492 0.303600
vt 0.822183 0.293873
vt 0.836196 0.293906
vt 0.808936 0.293808
vt 0.915254 0.464118
vt 0.901488 0.458325
vt 0.927657 0.472494
vt 0.938240 0.483076
vt 0.946545 0.495489
vt 0.794762 0.308912
vt 0.796394 0.303503
vt 0.796996 0.293712
vt 0.797082 0.277815
vt 0.808999 0.277910
vt 0.822221 0.277975
vt 0.836208 0.278008
vt 0.850433 0.293904
vt 0.850419 0.278007
vt 0.850537 0.303698
vt 0.850818 0.309114
vt 0.840953 0.154869
vt 0.826015 0.154859
vt 0.826124 0.149357
vt 0.840553 0.149367
vt 0.811176 0.154713
vt 0.811792 0.149216
vt 0.826193 0.139540
vt 0.840433 0.139549
vt 0.812046 0.139401
vt 0.811980 0.495198
vt 0.806187 0.508963
vt 0.820356 0.482795
vt 0.830938 0.472212
vt 0.843350 0.463907
vt 0.797028 0.154434
vt 0.798126 0.148946
vt 0.798559 0.139134
vt 0.798672 0.123250
vt 0.812135 0.123516
vt 0.826254 0.123655
vt 0.840468 0.123664
vt 0.854203 0.139425
vt 0.854212 0.123540
vt 0.854504 0.149241
vt 0.855398 0.154739
vt 0.008347 0.897905
vt -0.000000 0.897953
vt 0.002155 0.892499
vt 0.010218 0.892453
vt 0.656817 0.930927
vt 0.647537 0.931005
vt 0.645668 0.925609
vt 0.654632 0.925534
vt 0.002759 0.882694
vt 0.010716 0.882649
vt 0.644980 0.915822
vt 0.653827 0.915748
vt 0.901134 0.604321
vt 0.914963 0.598683
vt 0.886441 0.607168
vt 0.871475 0.607168
vt 0.856825 0.604264
vt 0.636174 0.931069
vt 0.634694 0.925671
vt 0.634148 0.915883
vt 0.634070 0.899985
vt 0.644881 0.899924
vt 0.653712 0.899850
vt 0.002491 0.866799
vt 0.010434 0.866754
vt 0.020802 0.882529
vt 0.020501 0.866634
vt 0.020437 0.892332
vt 0.018927 0.897780
vt 0.115703 0.895409
vt 0.103286 0.895818
vt 0.101917 0.890437
vt 0.113910 0.890042
vt 0.089508 0.896228
vt 0.088609 0.890833
vt 0.101222 0.880658
vt 0.113059 0.880269
vt 0.088088 0.881049
vt 0.952183 0.509318
vt 0.955030 0.524011
vt 0.955030 0.538977
vt 0.952126 0.553627
vt 0.074890 0.896623
vt 0.074490 0.891215
vt 0.074152 0.881426
vt 0.073750 0.865533
vt 0.087659 0.865157
vt 0.100769 0.864767
vt 0.112583 0.864379
vt 0.786861 0.293589
vt 0.786966 0.277692
vt 0.786126 0.303379
vt 0.784131 0.308783
vt 0.891563 0.308900
vt 0.879181 0.309003
vt 0.877933 0.303591
vt 0.889892 0.303491
vt 0.865426 0.309076
vt 0.864647 0.303661
vt 0.877473 0.293799
vt 0.889276 0.293700
vt 0.864360 0.293868
vt 0.857180 0.458269
vt 0.871873 0.455421
vt 0.886839 0.455421
vt 0.864319 0.277970
vt 0.877407 0.277901
vt 0.889188 0.277803
vt 0.786264 0.138747
vt 0.786401 0.122863
vt 0.785669 0.148554
vt 0.784131 0.154027
vt 0.564734 0.931123
vt 0.551441 0.931078
vt 0.552852 0.925679
vt 0.565691 0.925723
vt 0.880651 0.154076
vt 0.868784 0.154470
vt 0.867433 0.148981
vt 0.878895 0.148600
vt 0.553372 0.915891
vt 0.566043 0.915935
vt 0.866964 0.139169
vt 0.878277 0.138793
vt 0.806131 0.553272
vt 0.811769 0.567101
vt 0.803283 0.538579
vt 0.803283 0.523613
vt 0.866948 0.123284
vt 0.878240 0.122909
vt 0.553446 0.899994
vt 0.566094 0.900037
vt 0.579719 0.915961
vt 0.579744 0.900063
vt 0.579547 0.925750
vt 0.579080 0.931151
vt 0.623094 0.931117
vt 0.608832 0.931147
vt 0.608284 0.925746
vt 0.622060 0.925717
vt 0.593968 0.931158
vt 0.593927 0.925757
vt 0.608083 0.915957
vt 0.621678 0.915929
vt 0.593912 0.915968
vt 0.843060 0.598472
vt 0.830657 0.590096
vt 0.820074 0.579514
vt 0.593910 0.900071
vt 0.608054 0.900060
vt 0.621624 0.900031
vt 0.059960 0.896988
vt 0.045278 0.897310
vt 0.045888 0.891879
vt 0.060069 0.891567
vt 0.031411 0.897578
vt 0.032494 0.892137
vt 0.045922 0.882081
vt 0.059919 0.881774
vt 0.032703 0.882337
vt 0.946334 0.567392
vt 0.937958 0.579795
vt 0.927376 0.590378
vt 0.032379 0.866442
vt 0.045573 0.866188
vt 0.059543 0.865881
vt 0.836208 0.255229
vt 0.822221 0.255196
vt 0.822221 0.228553
vt 0.836208 0.228586
vt 0.808999 0.255131
vt 0.808999 0.228488
vt 0.822221 0.202014
vt 0.836208 0.202047
vt 0.808999 0.201949
vt 0.850419 0.255228
vt 0.797082 0.255036
vt 0.797082 0.228393
vt 0.797082 0.201854
vt 0.850419 0.202046
vt 0.850419 0.228585
vt 0.840549 0.100909
vt 0.826336 0.100900
vt 0.826431 0.074287
vt 0.840645 0.074296
vt 0.812216 0.100761
vt 0.812312 0.074148
vt 0.826526 0.047776
vt 0.840740 0.047785
vt 0.812407 0.047637
vt 0.854293 0.100786
vt 0.798754 0.100495
vt 0.798849 0.073882
vt 0.798944 0.047371
vt 0.854484 0.047661
vt 0.854389 0.074172
vt 0.009877 0.843982
vt 0.001935 0.844027
vt 0.001284 0.817392
vt 0.009227 0.817347
vt 0.653712 0.877070
vt 0.644881 0.877144
vt 0.644881 0.850500
vt 0.653712 0.850426
vt 0.000636 0.790861
vt 0.008579 0.790816
vt 0.644881 0.823959
vt 0.653712 0.823885
vt 0.019944 0.843862
vt 0.634070 0.877205
vt 0.634070 0.850561
vt 0.634070 0.824021
vt 0.018646 0.790696
vt 0.019294 0.817228
vt 0.112027 0.841606
vt 0.100213 0.841995
vt 0.099562 0.815361
vt 0.111376 0.814972
vt 0.087103 0.842385
vt 0.086452 0.815751
vt 0.098914 0.788829
vt 0.110728 0.788441
vt 0.085804 0.789219
vt 0.786966 0.254913
vt 0.073193 0.842761
vt 0.072543 0.816127
vt 0.071895 0.789595
vt 0.786966 0.201731
vt 0.786966 0.228271
vt 0.889188 0.255024
vt 0.877407 0.255122
vt 0.877407 0.228480
vt 0.889188 0.228382
vt 0.864319 0.255191
vt 0.864319 0.228549
vt 0.877407 0.201940
vt 0.889188 0.201842
vt 0.864319 0.202009
vt 0.786482 0.100108
vt 0.786673 0.046984
vt 0.786578 0.073495
vt 0.566094 0.877257
vt 0.553446 0.877213
vt 0.553446 0.850569
vt 0.566094 0.850613
vt 0.878322 0.100155
vt 0.867030 0.100530
vt 0.867125 0.073916
vt 0.878417 0.073541
vt 0.553446 0.824029
vt 0.566094 0.824072
vt 0.867220 0.047405
vt 0.878512 0.047030
vt 0.579744 0.877283
vt 0.579744 0.824098
vt 0.579744 0.850639
vt 0.621624 0.877251
vt 0.608054 0.877279
vt 0.608054 0.850635
vt 0.621624 0.850607
vt 0.593910 0.877290
vt 0.593910 0.850646
vt 0.608054 0.824095
vt 0.621624 0.824066
vt 0.593910 0.824106
vt 0.058987 0.843109
vt 0.045017 0.843415
vt 0.044366 0.816781
vt 0.058336 0.816474
vt 0.031822 0.843670
vt 0.031172 0.817036
vt 0.043718 0.790249
vt 0.057688 0.789943
vt 0.030524 0.790504
vt 0.415642 0.250406
vt 0.410047 0.250423
vt 0.410047 0.233382
vt 0.415642 0.233365
vt 0.404489 0.250388
vt 0.404489 0.233347
vt 0.410047 0.219959
vt 0.415642 0.219943
vt 0.404489 0.219925
vt 0.421052 0.272888
vt 0.415642 0.272956
vt 0.421052 0.250338
vt 0.410047 0.272972
vt 0.404489 0.272937
vt 0.399189 0.272852
vt 0.399189 0.250302
vt 0.399189 0.233261
vt 0.399189 0.219839
vt 0.399189 0.208145
vt 0.404489 0.208231
vt 0.410047 0.208266
vt 0.415642 0.208249
vt 0.421052 0.219875
vt 0.421052 0.208181
vt 0.421052 0.233297
vt 0.235646 0.407100
vt 0.235983 0.416317
vt 0.231179 0.416318
vt 0.230689 0.407085
vt 0.236939 0.420363
vt 0.232494 0.420403
vt 0.226848 0.416278
vt 0.226300 0.407060
vt 0.228232 0.420326
vt 0.240971 0.390409
vt 0.240990 0.407108
vt 0.235598 0.390399
vt 0.241124 0.416310
vt 0.241464 0.420308
vt 0.046773 0.558038
vt 0.049147 0.557144
vt 0.052051 0.559493
vt 0.049225 0.562191
vt 0.055981 0.562961
vt 0.052645 0.566087
vt 0.059187 0.567108
vt 0.056311 0.569753
vt 0.061343 0.570158
vt 0.060297 0.572469
vt 0.425534 0.415762
vt 0.424248 0.419732
vt 0.420090 0.419783
vt 0.420753 0.415862
vt 0.425999 0.406583
vt 0.421015 0.406699
vt 0.426066 0.389904
vt 0.421052 0.390023
vt 0.430510 0.389740
vt 0.430422 0.406421
vt 0.230619 0.390381
vt 0.394358 0.165952
vt 0.394358 0.182865
vt 0.389720 0.182904
vt 0.389720 0.165991
vt 0.394358 0.196436
vt 0.389720 0.196474
vt 0.384568 0.182931
vt 0.384568 0.166018
vt 0.384568 0.196502
vt 0.399189 0.144065
vt 0.399189 0.165889
vt 0.394358 0.165754
vt 0.394358 0.143930
vt 0.399189 0.182784
vt 0.394358 0.182649
vt 0.399189 0.196340
vt 0.394358 0.196205
vt 0.394358 0.208010
vt 0.394358 0.208254
vt 0.389720 0.208292
vt 0.384568 0.208320
vt 0.379096 0.208334
vt 0.379096 0.196516
vt 0.379096 0.182945
vt 0.379096 0.166032
vt 0.384568 0.144171
vt 0.379096 0.144185
vt 0.389720 0.144144
vt 0.394358 0.144105
vt 0.415628 0.406769
vt 0.415531 0.415941
vt 0.410082 0.415970
vt 0.410051 0.406787
vt 0.415350 0.419891
vt 0.410166 0.419949
vt 0.404664 0.415923
vt 0.404511 0.406750
vt 0.404993 0.419874
vt 0.415642 0.390091
vt 0.065058 0.569766
vt 0.064967 0.573672
vt 0.070289 0.569439
vt 0.070140 0.574008
vt 0.075488 0.570105
vt 0.075325 0.574008
vt 0.079169 0.570737
vt 0.080063 0.573111
vt 0.400325 0.419750
vt 0.399542 0.415827
vt 0.399233 0.406663
vt 0.404489 0.390072
vt 0.399189 0.389987
vt 0.410047 0.390107
vt 0.373502 0.166033
vt 0.373502 0.182946
vt 0.367996 0.182933
vt 0.367996 0.166020
vt 0.373502 0.196516
vt 0.367996 0.196503
vt 0.362791 0.182907
vt 0.362791 0.165994
vt 0.362791 0.196478
vt 0.373502 0.144186
vt 0.373502 0.208334
vt 0.367996 0.208321
vt 0.362791 0.208296
vt 0.358100 0.208258
vt 0.358100 0.196440
vt 0.358100 0.182870
vt 0.358100 0.165957
vt 0.362791 0.144147
vt 0.358100 0.144110
vt 0.367996 0.144173
vt 0.394286 0.406990
vt 0.393784 0.416204
vt 0.389224 0.416258
vt 0.389658 0.407031
vt 0.392525 0.420241
vt 0.388060 0.420331
vt 0.384246 0.416268
vt 0.384528 0.407056
vt 0.383434 0.420302
vt 0.394431 0.406531
vt 0.394358 0.389852
vt 0.394942 0.415711
vt 0.396344 0.419686
vt 0.081519 0.567833
vt 0.084217 0.570659
vt 0.084987 0.563903
vt 0.088113 0.567239
vt 0.089134 0.560697
vt 0.091778 0.563573
vt 0.092184 0.558541
vt 0.094495 0.559587
vt 0.378800 0.420252
vt 0.379004 0.416265
vt 0.379084 0.407068
vt 0.384568 0.390356
vt 0.379096 0.390370
vt 0.389720 0.390329
vt 0.394358 0.390290
vt 0.222434 0.166079
vt 0.222434 0.182993
vt 0.217781 0.183032
vt 0.217781 0.166119
vt 0.222434 0.196563
vt 0.217781 0.196602
vt 0.212618 0.183059
vt 0.212618 0.166146
vt 0.212618 0.196630
vt 0.354118 0.165908
vt 0.354118 0.144061
vt 0.354118 0.182822
vt 0.354118 0.196392
vt 0.354118 0.208210
vt 0.222434 0.208381
vt 0.217781 0.208420
vt 0.212618 0.208448
vt 0.207141 0.208462
vt 0.207141 0.196644
vt 0.207141 0.183074
vt 0.207141 0.166160
vt 0.212618 0.144299
vt 0.207141 0.144314
vt 0.217781 0.144272
vt 0.222434 0.144233
vt 0.373518 0.407071
vt 0.373626 0.416282
vt 0.368286 0.416286
vt 0.368032 0.407060
vt 0.373987 0.420314
vt 0.368967 0.420357
vt 0.363191 0.416245
vt 0.362841 0.407032
vt 0.364041 0.420279
vt 0.373502 0.390371
vt 0.091792 0.554826
vt 0.095698 0.554917
vt 0.091465 0.549595
vt 0.096034 0.549743
vt 0.092131 0.544396
vt 0.096034 0.544559
vt 0.092763 0.540715
vt 0.095136 0.539820
vt 0.359819 0.420184
vt 0.358634 0.416192
vt 0.358167 0.406993
vt 0.362791 0.390332
vt 0.358100 0.390295
vt 0.367996 0.390358
vt 0.201547 0.166161
vt 0.201547 0.183074
vt 0.196046 0.183060
vt 0.196046 0.166147
vt 0.201547 0.196644
vt 0.196046 0.196631
vt 0.190851 0.183034
vt 0.190851 0.166121
vt 0.190851 0.196604
vt 0.201547 0.144314
vt 0.201547 0.208462
vt 0.196046 0.208449
vt 0.190851 0.208422
vt 0.186175 0.208383
vt 0.186175 0.196565
vt 0.186175 0.182995
vt 0.186175 0.166082
vt 0.190851 0.144274
vt 0.186175 0.144235
vt 0.196046 0.144300
vt 0.222363 0.407117
vt 0.221864 0.416330
vt 0.217289 0.416385
vt 0.217720 0.407158
vt 0.220613 0.420366
vt 0.216136 0.420457
vt 0.212301 0.416395
vt 0.212578 0.407183
vt 0.211498 0.420428
vt 0.354211 0.406947
vt 0.354118 0.390247
vt 0.226300 0.407065
vt 0.225721 0.416265
vt 0.224254 0.420260
vt 0.089859 0.538365
vt 0.092684 0.535667
vt 0.085928 0.534897
vt 0.089264 0.531771
vt 0.082723 0.530750
vt 0.085598 0.528106
vt 0.080567 0.527700
vt 0.081613 0.525389
vt 0.206858 0.420378
vt 0.207053 0.416392
vt 0.207130 0.407196
vt 0.212618 0.390484
vt 0.207141 0.390498
vt 0.217781 0.390456
vt 0.222434 0.390417
vt 0.266613 0.250512
vt 0.266613 0.233452
vt 0.270089 0.233423
vt 0.270089 0.250483
vt 0.266613 0.220015
vt 0.270089 0.219986
vt 0.179086 0.250477
vt 0.179086 0.233418
vt 0.182212 0.233477
vt 0.182212 0.250536
vt 0.179086 0.219981
vt 0.182212 0.220040
vt 0.262357 0.273111
vt 0.262357 0.250536
vt 0.266613 0.273087
vt 0.262357 0.233476
vt 0.262357 0.220039
vt 0.262357 0.208332
vt 0.266613 0.208308
vt 0.270089 0.208279
vt 0.179086 0.208275
vt 0.182212 0.208334
vt 0.186175 0.220090
vt 0.186175 0.233526
vt 0.186175 0.250585
vt 0.182212 0.273109
vt 0.186175 0.273159
vt 0.179086 0.273051
vt 0.270089 0.273058
vt 0.201563 0.407198
vt 0.201676 0.416409
vt 0.196341 0.416412
vt 0.196083 0.407186
vt 0.202047 0.420441
vt 0.197033 0.420482
vt 0.191255 0.416370
vt 0.190902 0.407158
vt 0.192115 0.420403
vt 0.201547 0.390498
vt 0.076852 0.528092
vt 0.076942 0.524186
vt 0.071621 0.528419
vt 0.071769 0.523850
vt 0.066422 0.527753
vt 0.066585 0.523850
vt 0.062740 0.527121
vt 0.061846 0.524748
vt 0.187904 0.420307
vt 0.186712 0.416316
vt 0.186242 0.407117
vt 0.190851 0.390458
vt 0.186175 0.390419
vt 0.196046 0.390484
vt 0.064134 0.563995
vt 0.061334 0.557944
vt 0.070955 0.548929
vt 0.070527 0.562106
vt 0.055479 0.554759
vt 0.057777 0.548501
vt 0.055889 0.542108
vt 0.061940 0.539309
vt 0.065125 0.533453
vt 0.071383 0.535752
vt 0.077776 0.533864
vt 0.080575 0.539914
vt 0.086431 0.543100
vt 0.084132 0.549357
vt 0.086020 0.555750
vt 0.079970 0.558549
vt 0.076784 0.564405
vt 0.049779 0.553462
vt 0.050445 0.548263
vt 0.049726 0.539317
vt 0.052776 0.537161
vt 0.050118 0.543032
vt 0.056923 0.533955
vt 0.060391 0.530025
vt 0.257457 0.166046
vt 0.257457 0.182960
vt 0.252115 0.182971
vt 0.252115 0.166057
vt 0.257457 0.196531
vt 0.252115 0.196542
vt 0.246548 0.182976
vt 0.246548 0.166061
vt 0.246548 0.196547
vt 0.262357 0.144180
vt 0.262357 0.166028
vt 0.257457 0.144198
vt 0.262357 0.182942
vt 0.262357 0.196513
vt 0.257457 0.208350
vt 0.252115 0.208361
vt 0.246548 0.208365
vt 0.240971 0.208362
vt 0.240971 0.196544
vt 0.240971 0.182973
vt 0.240971 0.166058
vt 0.246548 0.144213
vt 0.240971 0.144210
vt 0.252115 0.144209
vt 0.182306 0.407070
vt 0.182964 0.416285
vt 0.179995 0.416245
vt 0.179200 0.407014
vt 0.056404 0.525451
vt 0.057693 0.527199
vt 0.053797 0.530620
vt 0.052139 0.528851
vt 0.269980 0.407029
vt 0.269221 0.416263
vt 0.265907 0.416274
vt 0.266524 0.407056
vt 0.267184 0.420354
vt 0.264233 0.420324
vt 0.182212 0.390370
vt 0.184740 0.420328
vt 0.050131 0.534285
vt 0.047415 0.538271
vt 0.260797 0.420280
vt 0.261872 0.416280
vt 0.262296 0.407078
vt 0.266613 0.390354
vt 0.262357 0.390378
vt 0.270089 0.390325
vt 0.179086 0.390311
vt 0.235598 0.166048
vt 0.235598 0.182962
vt 0.230619 0.182945
vt 0.230619 0.166031
vt 0.235598 0.196534
vt 0.230619 0.196516
vt 0.430510 0.165642
vt 0.430510 0.182537
vt 0.426066 0.182701
vt 0.426066 0.165806
vt 0.430510 0.196093
vt 0.426066 0.196257
vt 0.235598 0.144200
vt 0.235598 0.208352
vt 0.230619 0.208335
vt 0.430510 0.207899
vt 0.426066 0.208062
vt 0.421052 0.196376
vt 0.421052 0.182820
vt 0.421052 0.165925
vt 0.426066 0.143982
vt 0.421052 0.144101
vt 0.430510 0.143819
vt 0.230619 0.144183
vt 0.257415 0.407098
vt 0.257121 0.416314
vt 0.251898 0.416343
vt 0.252088 0.407111
vt 0.256417 0.420360
vt 0.251387 0.420426
vt 0.246492 0.416330
vt 0.246541 0.407113
vt 0.246286 0.420374
vt 0.257457 0.390396
vt 0.046212 0.542942
vt 0.045876 0.548115
vt 0.045876 0.553299
vt 0.246548 0.390412
vt 0.252115 0.390407
vt 0.076784 0.664722
vt 0.070527 0.662423
vt 0.070955 0.649246
vt 0.079970 0.658866
vt 0.064134 0.664311
vt 0.061334 0.658261
vt 0.055479 0.655075
vt 0.057777 0.648818
vt 0.055889 0.642425
vt 0.061940 0.639626
vt 0.065125 0.633770
vt 0.071383 0.636069
vt 0.077776 0.634180
vt 0.080575 0.640231
vt 0.086431 0.643416
vt 0.084132 0.649674
vt 0.086020 0.656067
vt 0.079169 0.671054
vt 0.075488 0.670422
vt 0.081519 0.668150
vt 0.070289 0.669756
vt 0.084987 0.664220
vt 0.061343 0.670475
vt 0.059187 0.667425
vt 0.065058 0.670083
vt 0.055981 0.663278
vt 0.049147 0.657460
vt 0.049779 0.653779
vt 0.052051 0.659810
vt 0.050445 0.648580
vt 0.049726 0.639634
vt 0.052776 0.637478
vt 0.050118 0.643349
vt 0.056923 0.634272
vt 0.062740 0.627438
vt 0.066422 0.628070
vt 0.060391 0.630342
vt 0.071621 0.628736
vt 0.080567 0.628017
vt 0.082723 0.631067
vt 0.076852 0.628409
vt 0.085928 0.635214
vt 0.092763 0.641031
vt 0.092131 0.644713
vt 0.089859 0.638682
vt 0.091465 0.649912
vt 0.092184 0.658858
vt 0.089134 0.661014
vt 0.091792 0.655143
vt 0.235598 0.057212
vt 0.235598 0.086471
vt 0.230619 0.086453
vt 0.230619 0.057195
vt 0.235598 0.116719
vt 0.230619 0.116702
vt 0.430510 0.056928
vt 0.430510 0.086154
vt 0.426066 0.086318
vt 0.426066 0.057092
vt 0.430510 0.116369
vt 0.426066 0.116532
vt 0.240971 0.032710
vt 0.240971 0.057222
vt 0.235598 0.032700
vt 0.240971 0.086481
vt 0.240971 0.116729
vt 0.421052 0.116651
vt 0.421052 0.086437
vt 0.421052 0.057211
vt 0.426066 0.032607
vt 0.421052 0.032726
vt 0.430510 0.032444
vt 0.230619 0.032683
vt 0.257457 0.057209
vt 0.257457 0.086468
vt 0.252115 0.086479
vt 0.252115 0.057221
vt 0.257457 0.116717
vt 0.252115 0.116728
vt 0.246548 0.086484
vt 0.246548 0.057225
vt 0.246548 0.116732
vt 0.262357 0.032679
vt 0.262357 0.057191
vt 0.257457 0.032697
vt 0.262357 0.086450
vt 0.262357 0.116699
vt 0.246548 0.032713
vt 0.252115 0.032709
vt 0.182212 0.057202
vt 0.182212 0.086459
vt 0.179086 0.086400
vt 0.179086 0.057143
vt 0.182212 0.116706
vt 0.179086 0.116647
vt 0.270089 0.057138
vt 0.270089 0.086397
vt 0.266613 0.086426
vt 0.266613 0.057167
vt 0.270089 0.116646
vt 0.266613 0.116675
vt 0.186175 0.032741
vt 0.186175 0.057252
vt 0.182212 0.032691
vt 0.186175 0.086509
vt 0.186175 0.116756
vt 0.182212 0.144185
vt 0.179086 0.144127
vt 0.270089 0.144127
vt 0.266613 0.144156
vt 0.266613 0.032655
vt 0.270089 0.032626
vt 0.179086 0.032633
vt 0.201547 0.057330
vt 0.201547 0.086588
vt 0.196046 0.086574
vt 0.196046 0.057317
vt 0.201547 0.116834
vt 0.196046 0.116821
vt 0.190851 0.086547
vt 0.190851 0.057290
vt 0.190851 0.116794
vt 0.207141 0.032820
vt 0.207141 0.057330
vt 0.201547 0.032820
vt 0.207141 0.086587
vt 0.207141 0.116834
vt 0.190851 0.032780
vt 0.196046 0.032806
vt 0.222434 0.057249
vt 0.222434 0.086506
vt 0.217781 0.086546
vt 0.217781 0.057288
vt 0.222434 0.116753
vt 0.217781 0.116792
vt 0.212618 0.086573
vt 0.212618 0.057316
vt 0.212618 0.116820
vt 0.358100 0.032615
vt 0.358100 0.057126
vt 0.354118 0.057078
vt 0.354118 0.032567
vt 0.358100 0.086383
vt 0.354118 0.086335
vt 0.358100 0.116630
vt 0.354118 0.116582
vt 0.212618 0.032805
vt 0.217781 0.032778
vt 0.222434 0.032738
vt 0.373502 0.057202
vt 0.373502 0.086459
vt 0.367996 0.086446
vt 0.367996 0.057189
vt 0.373502 0.116706
vt 0.367996 0.116693
vt 0.362791 0.086421
vt 0.362791 0.057163
vt 0.362791 0.116668
vt 0.379096 0.032691
vt 0.379096 0.057202
vt 0.373502 0.032691
vt 0.379096 0.086459
vt 0.379096 0.116706
vt 0.362791 0.032653
vt 0.367996 0.032678
vt 0.394358 0.057121
vt 0.394358 0.086379
vt 0.389720 0.086417
vt 0.389720 0.057160
vt 0.394358 0.116625
vt 0.389720 0.116664
vt 0.384568 0.086445
vt 0.384568 0.057187
vt 0.384568 0.116691
vt 0.399189 0.032690
vt 0.399189 0.057175
vt 0.394358 0.057040
vt 0.394358 0.032555
vt 0.399189 0.086401
vt 0.394358 0.086266
vt 0.399189 0.116615
vt 0.394358 0.116480
vt 0.384568 0.032676
vt 0.389720 0.032649
vt 0.394358 0.032611
vt 0.415642 0.057279
vt 0.415642 0.086505
vt 0.410047 0.086521
vt 0.410047 0.057295
vt 0.415642 0.116719
vt 0.410047 0.116736
vt 0.404489 0.086486
vt 0.404489 0.057260
vt 0.404489 0.116701
vt 0.415642 0.032794
vt 0.415642 0.144169
vt 0.410047 0.144186
vt 0.404489 0.144151
vt 0.404489 0.032776
vt 0.410047 0.032811
vt 0.257457 0.220057
vt 0.257457 0.233494
vt 0.252115 0.233505
vt 0.252115 0.220068
vt 0.257457 0.250554
vt 0.252115 0.250566
vt 0.246548 0.233510
vt 0.246548 0.220072
vt 0.246548 0.250570
vt 0.257457 0.273129
vt 0.252115 0.273140
vt 0.246548 0.273145
vt 0.240971 0.273142
vt 0.240971 0.250567
vt 0.240971 0.233507
vt 0.240971 0.220069
vt 0.201547 0.220169
vt 0.201547 0.233605
vt 0.196046 0.233592
vt 0.196046 0.220155
vt 0.201547 0.250664
vt 0.196046 0.250651
vt 0.190851 0.233565
vt 0.190851 0.220128
vt 0.190851 0.250624
vt 0.207141 0.220168
vt 0.207141 0.233605
vt 0.207141 0.250664
vt 0.207141 0.273238
vt 0.201547 0.273238
vt 0.196046 0.273224
vt 0.190851 0.273198
vt 0.222434 0.220087
vt 0.222434 0.233524
vt 0.217781 0.233563
vt 0.217781 0.220127
vt 0.222434 0.250583
vt 0.217781 0.250622
vt 0.212618 0.233591
vt 0.212618 0.220154
vt 0.212618 0.250650
vt 0.358100 0.219965
vt 0.354118 0.219916
vt 0.358100 0.233401
vt 0.354118 0.233353
vt 0.358100 0.250461
vt 0.354118 0.250412
vt 0.358100 0.273034
vt 0.354118 0.272986
vt 0.222434 0.273157
vt 0.217781 0.273196
vt 0.212618 0.273223
vt 0.373502 0.220041
vt 0.373502 0.233477
vt 0.367996 0.233465
vt 0.367996 0.220028
vt 0.373502 0.250537
vt 0.367996 0.250524
vt 0.362791 0.233439
vt 0.362791 0.220002
vt 0.362791 0.250498
vt 0.379096 0.220040
vt 0.379096 0.233477
vt 0.379096 0.250536
vt 0.379096 0.273110
vt 0.373502 0.273110
vt 0.367996 0.273097
vt 0.362791 0.273072
vt 0.394358 0.219960
vt 0.394358 0.233397
vt 0.389720 0.233436
vt 0.389720 0.219999
vt 0.394358 0.250456
vt 0.389720 0.250495
vt 0.384568 0.233463
vt 0.384568 0.220026
vt 0.384568 0.250522
vt 0.394358 0.219704
vt 0.394358 0.233126
vt 0.394358 0.250167
vt 0.394358 0.272717
vt 0.394358 0.273030
vt 0.389720 0.273068
vt 0.384568 0.273095
vt 0.134998 0.196516
vt 0.131872 0.196457
vt 0.131872 0.182887
vt 0.134998 0.182945
vt 0.313878 0.196460
vt 0.310402 0.196489
vt 0.310402 0.182918
vt 0.313878 0.182889
vt 0.131872 0.165974
vt 0.134998 0.166032
vt 0.310402 0.166004
vt 0.313878 0.165975
vt 0.138961 0.208383
vt 0.134998 0.208334
vt 0.138961 0.196565
vt 0.131872 0.208275
vt 0.313878 0.208279
vt 0.310402 0.208308
vt 0.306146 0.208332
vt 0.306146 0.196513
vt 0.306146 0.182942
vt 0.306146 0.166028
vt 0.306146 0.144180
vt 0.310402 0.144156
vt 0.313878 0.144127
vt 0.131872 0.144127
vt 0.134998 0.144185
vt 0.138961 0.166082
vt 0.138961 0.144235
vt 0.138961 0.182995
vt 0.235598 0.220059
vt 0.235598 0.233497
vt 0.230619 0.233480
vt 0.230619 0.220042
vt 0.235598 0.250557
vt 0.230619 0.250540
vt 0.430510 0.219593
vt 0.430510 0.233015
vt 0.426066 0.233178
vt 0.426066 0.219756
vt 0.430510 0.250056
vt 0.426066 0.250219
vt 0.235598 0.273132
vt 0.230619 0.273114
vt 0.430510 0.272605
vt 0.426066 0.272769
vt 0.415350 0.000205
vt 0.415531 0.005629
vt 0.410082 0.005599
vt 0.410166 0.000068
vt 0.415628 0.015875
vt 0.410051 0.015885
vt 0.404664 0.005611
vt 0.404993 0.000188
vt 0.404511 0.015857
vt 0.060297 0.672786
vt 0.056311 0.670069
vt 0.420090 0.000319
vt 0.420753 0.005609
vt 0.421015 0.015813
vt 0.399233 0.015777
vt 0.399542 0.005574
vt 0.400325 0.000287
vt 0.049225 0.662508
vt 0.046773 0.658355
vt 0.052645 0.666404
vt 0.392525 0.000105
vt 0.393784 0.005452
vt 0.389224 0.005447
vt 0.388060 0.000000
vt 0.394286 0.015678
vt 0.389658 0.015711
vt 0.384246 0.005516
vt 0.383434 0.000166
vt 0.384528 0.015743
vt 0.045876 0.653616
vt 0.394942 0.005399
vt 0.396344 -0.000000
vt 0.394431 0.015637
vt 0.379084 0.015763
vt 0.379004 0.005573
vt 0.378800 0.000339
vt 0.046212 0.643258
vt 0.047415 0.638588
vt 0.045876 0.648432
vt 0.373987 0.000178
vt 0.373626 0.005530
vt 0.368286 0.005475
vt 0.368967 0.000025
vt 0.373518 0.015758
vt 0.368032 0.015740
vt 0.363191 0.005493
vt 0.364041 0.000143
vt 0.362841 0.015720
vt 0.050131 0.634602
vt 0.358167 0.015688
vt 0.358634 0.005499
vt 0.359819 0.000270
vt 0.057693 0.627516
vt 0.061846 0.625064
vt 0.053797 0.630936
vt 0.220613 0.000232
vt 0.221864 0.005580
vt 0.217289 0.005575
vt 0.216136 0.000128
vt 0.222363 0.015805
vt 0.217720 0.015839
vt 0.212301 0.005645
vt 0.211498 0.000294
vt 0.212578 0.015872
vt 0.066585 0.624167
vt 0.224254 0.000348
vt 0.225721 0.005574
vt 0.226300 0.015761
vt 0.354211 0.015634
vt 0.207130 0.015892
vt 0.207053 0.005701
vt 0.206858 0.000467
vt 0.076942 0.624503
vt 0.081613 0.625706
vt 0.071769 0.624167
vt 0.202047 0.000306
vt 0.201676 0.005659
vt 0.196341 0.005602
vt 0.197033 0.000153
vt 0.201563 0.015887
vt 0.196083 0.015868
vt 0.191255 0.005619
vt 0.192115 0.000269
vt 0.190902 0.015846
vt 0.085598 0.628422
vt 0.186242 0.015813
vt 0.186712 0.005625
vt 0.187904 0.000396
vt 0.092684 0.635984
vt 0.095136 0.640137
vt 0.089264 0.632088
vt 0.184740 0.000193
vt 0.182964 0.005535
vt 0.179995 0.005435
vt 0.182127 0.000000
vt 0.182306 0.015759
vt 0.179200 0.015695
vt 0.267184 -0.000000
vt 0.269221 0.005430
vt 0.265907 0.005500
vt 0.264232 0.000165
vt 0.269980 0.015688
vt 0.266524 0.015722
vt 0.096034 0.644876
vt 0.262296 0.015751
vt 0.261872 0.005566
vt 0.260797 0.000344
vt 0.095698 0.655233
vt 0.094495 0.659904
vt 0.096034 0.650060
vt 0.256417 0.000201
vt 0.257121 0.005540
vt 0.251898 0.005509
vt 0.251387 0.000072
vt 0.257415 0.015764
vt 0.252088 0.015770
vt 0.246492 0.005556
vt 0.246286 0.000215
vt 0.246541 0.015779
vt 0.091778 0.663890
vt 0.240990 0.015782
vt 0.241124 0.005595
vt 0.241464 0.000372
vt 0.084217 0.670976
vt 0.080063 0.673427
vt 0.088113 0.667555
vt 0.236939 0.000204
vt 0.235983 0.005543
vt 0.231179 0.005484
vt 0.232494 0.000050
vt 0.235646 0.015766
vt 0.230689 0.015744
vt 0.226848 0.005504
vt 0.228232 0.000167
vt 0.429805 0.005245
vt 0.430422 0.015520
vt 0.425999 0.015689
vt 0.425534 0.005449
vt 0.075325 0.674325
vt 0.424248 0.000046
vt 0.064967 0.673989
vt 0.070140 0.674325
vt 0.257457 0.302079
vt 0.257457 0.334139
vt 0.252115 0.334150
vt 0.252115 0.302091
vt 0.257457 0.365011
vt 0.252115 0.365022
vt 0.246548 0.334155
vt 0.246548 0.302095
vt 0.246548 0.365026
vt 0.262357 0.302062
vt 0.262357 0.334121
vt 0.262357 0.364993
vt 0.240971 0.365023
vt 0.240971 0.334152
vt 0.240971 0.302092
vt 0.182212 0.302058
vt 0.182212 0.334116
vt 0.179086 0.334057
vt 0.179086 0.301999
vt 0.182212 0.364985
vt 0.179086 0.364927
vt 0.270089 0.302008
vt 0.270089 0.334068
vt 0.266613 0.334097
vt 0.266613 0.302038
vt 0.270089 0.364940
vt 0.266613 0.364969
vt 0.186175 0.302108
vt 0.186175 0.334165
vt 0.186175 0.365035
vt 0.201547 0.302186
vt 0.201547 0.334244
vt 0.196046 0.334231
vt 0.196046 0.302173
vt 0.201547 0.365114
vt 0.196046 0.365100
vt 0.190851 0.334204
vt 0.190851 0.302146
vt 0.190851 0.365074
vt 0.207141 0.302186
vt 0.207141 0.334244
vt 0.207141 0.365114
vt 0.222434 0.302105
vt 0.222434 0.334163
vt 0.217781 0.334202
vt 0.217781 0.302145
vt 0.222434 0.365033
vt 0.217781 0.365072
vt 0.212618 0.334230
vt 0.212618 0.302172
vt 0.212618 0.365100
vt 0.358100 0.301983
vt 0.354118 0.301935
vt 0.358100 0.334041
vt 0.354118 0.333993
vt 0.358100 0.364911
vt 0.354118 0.364862
vt 0.373502 0.302059
vt 0.373502 0.334117
vt 0.367996 0.334104
vt 0.367996 0.302046
vt 0.373502 0.364987
vt 0.367996 0.364974
vt 0.362791 0.334078
vt 0.362791 0.302020
vt 0.362791 0.364948
vt 0.379096 0.302058
vt 0.379096 0.334116
vt 0.379096 0.364986
vt 0.394358 0.301978
vt 0.394358 0.334036
vt 0.389720 0.334075
vt 0.389720 0.302017
vt 0.394358 0.364906
vt 0.389720 0.364945
vt 0.384568 0.334102
vt 0.384568 0.302044
vt 0.384568 0.364972
vt 0.399189 0.301769
vt 0.394358 0.301634
vt 0.399189 0.333793
vt 0.394358 0.333658
vt 0.399189 0.364630
vt 0.394358 0.364495
vt 0.415642 0.301873
vt 0.415642 0.333897
vt 0.410047 0.333913
vt 0.410047 0.301890
vt 0.415642 0.364734
vt 0.410047 0.364750
vt 0.404489 0.333879
vt 0.404489 0.301855
vt 0.404489 0.364715
vt 0.421052 0.301805
vt 0.421052 0.333829
vt 0.421052 0.364666
vt 0.235598 0.302082
vt 0.235598 0.334141
vt 0.230619 0.334124
vt 0.230619 0.302065
vt 0.235598 0.365013
vt 0.230619 0.364996
vt 0.430510 0.301523
vt 0.430510 0.333547
vt 0.426066 0.333710
vt 0.426066 0.301686
vt 0.430510 0.364383
vt 0.426066 0.364547
vt 0.451795 0.250406
vt 0.446199 0.250423
vt 0.446199 0.233382
vt 0.451795 0.233365
vt 0.440641 0.250388
vt 0.440641 0.233347
vt 0.446199 0.219959
vt 0.451795 0.219943
vt 0.440641 0.219925
vt 0.457205 0.272888
vt 0.451795 0.272956
vt 0.457205 0.250338
vt 0.446199 0.272972
vt 0.440641 0.272937
vt 0.435341 0.272852
vt 0.435341 0.250302
vt 0.435341 0.233261
vt 0.435341 0.219839
vt 0.435341 0.208145
vt 0.440641 0.208231
vt 0.446199 0.208265
vt 0.451795 0.208249
vt 0.457205 0.219875
vt 0.457205 0.208181
vt 0.457205 0.233297
vt 0.279435 0.407100
vt 0.279772 0.416317
vt 0.274969 0.416318
vt 0.274478 0.407085
vt 0.280728 0.420363
vt 0.276283 0.420403
vt 0.270637 0.416278
vt 0.270089 0.407060
vt 0.272021 0.420326
vt 0.284760 0.390409
vt 0.284780 0.407108
vt 0.279387 0.390399
vt 0.284913 0.416310
vt 0.285253 0.420308
vt 0.080063 0.723586
vt 0.079169 0.721212
vt 0.081519 0.718308
vt 0.084217 0.721134
vt 0.084987 0.714378
vt 0.088113 0.717714
vt 0.089134 0.711172
vt 0.091778 0.714048
vt 0.092184 0.709016
vt 0.094494 0.710062
vt 0.461686 0.415761
vt 0.460401 0.419732
vt 0.456243 0.419783
vt 0.456906 0.415862
vt 0.462152 0.406583
vt 0.457167 0.406699
vt 0.462218 0.389904
vt 0.457205 0.390023
vt 0.466662 0.389740
vt 0.466574 0.406421
vt 0.274408 0.390381
vt 0.354118 0.165952
vt 0.354118 0.182865
vt 0.349480 0.182904
vt 0.349480 0.165991
vt 0.354118 0.196436
vt 0.349480 0.196474
vt 0.344328 0.182931
vt 0.344328 0.166018
vt 0.344328 0.196502
vt 0.435341 0.144065
vt 0.435341 0.165889
vt 0.430510 0.165754
vt 0.430510 0.143930
vt 0.435341 0.182784
vt 0.430510 0.182649
vt 0.435341 0.196340
vt 0.430510 0.196205
vt 0.430510 0.208010
vt 0.354118 0.208254
vt 0.349480 0.208292
vt 0.344328 0.208320
vt 0.338856 0.208334
vt 0.338856 0.196516
vt 0.338856 0.182945
vt 0.338856 0.166032
vt 0.344328 0.144171
vt 0.338856 0.144185
vt 0.349480 0.144144
vt 0.354118 0.144105
vt 0.451781 0.406769
vt 0.451683 0.415941
vt 0.446235 0.415970
vt 0.446204 0.406787
vt 0.451502 0.419891
vt 0.446318 0.419949
vt 0.440816 0.415923
vt 0.440663 0.406750
vt 0.441145 0.419874
vt 0.451795 0.390091
vt 0.091792 0.705301
vt 0.095698 0.705392
vt 0.091465 0.700070
vt 0.096034 0.700218
vt 0.092131 0.694871
vt 0.096034 0.695034
vt 0.092763 0.691190
vt 0.095136 0.690295
vt 0.436477 0.419750
vt 0.435694 0.415827
vt 0.435385 0.406663
vt 0.440641 0.390072
vt 0.435341 0.389987
vt 0.446199 0.390107
vt 0.333262 0.166033
vt 0.333262 0.182946
vt 0.327756 0.182933
vt 0.327756 0.166020
vt 0.333262 0.196516
vt 0.327756 0.196503
vt 0.322551 0.182907
vt 0.322551 0.165994
vt 0.322551 0.196478
vt 0.333262 0.144186
vt 0.333262 0.208334
vt 0.327756 0.208321
vt 0.322551 0.208296
vt 0.317860 0.208258
vt 0.317860 0.196440
vt 0.317860 0.182870
vt 0.317860 0.165957
vt 0.322551 0.144147
vt 0.317860 0.144110
vt 0.327756 0.144173
vt 0.354046 0.406990
vt 0.353544 0.416204
vt 0.348984 0.416258
vt 0.349418 0.407031
vt 0.352285 0.420241
vt 0.347820 0.420331
vt 0.344006 0.416268
vt 0.344288 0.407056
vt 0.343194 0.420302
vt 0.430583 0.406531
vt 0.430510 0.389852
vt 0.431094 0.415711
vt 0.432497 0.419686
vt 0.089859 0.688840
vt 0.092684 0.686142
vt 0.085928 0.685372
vt 0.089264 0.682246
vt 0.082723 0.681225
vt 0.085598 0.678580
vt 0.080567 0.678175
vt 0.081613 0.675864
vt 0.338560 0.420252
vt 0.338764 0.416265
vt 0.338845 0.407068
vt 0.344328 0.390356
vt 0.338856 0.390370
vt 0.349480 0.390329
vt 0.354118 0.390290
vt 0.175220 0.166079
vt 0.175220 0.182993
vt 0.170567 0.183032
vt 0.170567 0.166119
vt 0.175220 0.196563
vt 0.170567 0.196602
vt 0.165405 0.183059
vt 0.165405 0.166146
vt 0.165405 0.196630
vt 0.313878 0.165908
vt 0.313878 0.144061
vt 0.313878 0.182822
vt 0.313878 0.196392
vt 0.313878 0.208210
vt 0.175220 0.208381
vt 0.170567 0.208420
vt 0.165405 0.208448
vt 0.159927 0.208462
vt 0.159927 0.196644
vt 0.159927 0.183074
vt 0.159927 0.166161
vt 0.165405 0.144299
vt 0.159927 0.144314
vt 0.170567 0.144272
vt 0.175220 0.144233
vt 0.333278 0.407071
vt 0.333386 0.416282
vt 0.328046 0.416286
vt 0.327793 0.407060
vt 0.333747 0.420314
vt 0.328727 0.420357
vt 0.322951 0.416245
vt 0.322601 0.407032
vt 0.323801 0.420279
vt 0.333262 0.390371
vt 0.076852 0.678567
vt 0.076942 0.674661
vt 0.071621 0.678894
vt 0.071769 0.674325
vt 0.066422 0.678228
vt 0.066585 0.674325
vt 0.062740 0.677596
vt 0.061846 0.675223
vt 0.319579 0.420184
vt 0.318394 0.416192
vt 0.317927 0.406993
vt 0.322551 0.390332
vt 0.317860 0.390295
vt 0.327756 0.390358
vt 0.154333 0.166161
vt 0.154333 0.183074
vt 0.148832 0.183060
vt 0.148832 0.166147
vt 0.154333 0.196644
vt 0.148832 0.196631
vt 0.143638 0.183034
vt 0.143638 0.166121
vt 0.143638 0.196604
vt 0.154333 0.144314
vt 0.154333 0.208462
vt 0.148832 0.208449
vt 0.143638 0.208422
vt 0.143638 0.144274
vt 0.148832 0.144300
vt 0.175149 0.407117
vt 0.174651 0.416330
vt 0.170076 0.416385
vt 0.170506 0.407158
vt 0.173400 0.420366
vt 0.168922 0.420457
vt 0.165087 0.416395
vt 0.165365 0.407183
vt 0.164285 0.420428
vt 0.313971 0.406947
vt 0.313878 0.390247
vt 0.179086 0.407065
vt 0.178507 0.416265
vt 0.177040 0.420260
vt 0.060391 0.680500
vt 0.057693 0.677674
vt 0.056923 0.684430
vt 0.053797 0.681095
vt 0.052776 0.687636
vt 0.050131 0.684760
vt 0.049726 0.689792
vt 0.047415 0.688746
vt 0.159645 0.420378
vt 0.159839 0.416392
vt 0.159916 0.407196
vt 0.165405 0.390484
vt 0.159927 0.390498
vt 0.170567 0.390456
vt 0.175220 0.390417
vt 0.310402 0.250512
vt 0.310402 0.233452
vt 0.313878 0.233423
vt 0.313878 0.250483
vt 0.310402 0.220015
vt 0.313878 0.219986
vt 0.131872 0.250477
vt 0.131872 0.233418
vt 0.134998 0.233477
vt 0.134998 0.250536
vt 0.131872 0.219981
vt 0.134998 0.220040
vt 0.306146 0.273111
vt 0.306146 0.250536
vt 0.310402 0.273087
vt 0.306146 0.233476
vt 0.306146 0.220039
vt 0.138961 0.220090
vt 0.138961 0.233526
vt 0.138961 0.250585
vt 0.134998 0.273109
vt 0.138961 0.273159
vt 0.131872 0.273051
vt 0.313878 0.273058
vt 0.154349 0.407198
vt 0.154462 0.416409
vt 0.149127 0.416412
vt 0.148869 0.407186
vt 0.154833 0.420441
vt 0.149820 0.420482
vt 0.144041 0.416370
vt 0.143688 0.407158
vt 0.144902 0.420403
vt 0.154333 0.390498
vt 0.050118 0.693507
vt 0.046212 0.693416
vt 0.050445 0.698738
vt 0.045876 0.698590
vt 0.049779 0.703937
vt 0.045876 0.703774
vt 0.049147 0.707619
vt 0.046773 0.708513
vt 0.140691 0.420307
vt 0.139499 0.416316
vt 0.139029 0.407117
vt 0.143638 0.390458
vt 0.138961 0.390419
vt 0.148832 0.390484
vt 0.086020 0.706225
vt 0.079970 0.709024
vt 0.070955 0.699404
vt 0.084132 0.699832
vt 0.076784 0.714880
vt 0.070527 0.712581
vt 0.064134 0.714469
vt 0.061334 0.708419
vt 0.055479 0.705234
vt 0.057777 0.698976
vt 0.055889 0.692583
vt 0.061940 0.689784
vt 0.065125 0.683928
vt 0.071383 0.686227
vt 0.077776 0.684339
vt 0.080575 0.690389
vt 0.086431 0.693575
vt 0.075488 0.720580
vt 0.070289 0.719914
vt 0.061343 0.720633
vt 0.059187 0.717583
vt 0.065058 0.720241
vt 0.055981 0.713436
vt 0.052051 0.709968
vt 0.301247 0.166046
vt 0.301247 0.182960
vt 0.295905 0.182971
vt 0.295905 0.166057
vt 0.301247 0.196531
vt 0.295905 0.196542
vt 0.290337 0.182976
vt 0.290337 0.166061
vt 0.290337 0.196547
vt 0.301247 0.144198
vt 0.301247 0.208350
vt 0.295905 0.208361
vt 0.290337 0.208365
vt 0.284760 0.208362
vt 0.284760 0.196544
vt 0.284760 0.182973
vt 0.284760 0.166058
vt 0.290337 0.144213
vt 0.284760 0.144210
vt 0.295905 0.144209
vt 0.135092 0.407070
vt 0.135751 0.416285
vt 0.132781 0.416245
vt 0.131986 0.407014
vt 0.047476 0.713955
vt 0.049225 0.712666
vt 0.052645 0.716562
vt 0.050876 0.718220
vt 0.313769 0.407029
vt 0.313010 0.416263
vt 0.309696 0.416274
vt 0.310314 0.407056
vt 0.310973 0.420354
vt 0.308022 0.420324
vt 0.134998 0.390370
vt 0.137527 0.420328
vt 0.056311 0.720228
vt 0.060297 0.722944
vt 0.304586 0.420280
vt 0.305661 0.416280
vt 0.306085 0.407078
vt 0.310402 0.390354
vt 0.306146 0.390378
vt 0.313878 0.390325
vt 0.131872 0.390311
vt 0.279387 0.166048
vt 0.279387 0.182962
vt 0.274408 0.182945
vt 0.274408 0.166031
vt 0.279387 0.196534
vt 0.274408 0.196516
vt 0.466662 0.165642
vt 0.466662 0.182537
vt 0.462218 0.182701
vt 0.462218 0.165806
vt 0.466662 0.196093
vt 0.462218 0.196257
vt 0.279387 0.144200
vt 0.279387 0.208352
vt 0.274408 0.208335
vt 0.466662 0.207899
vt 0.462218 0.208062
vt 0.457205 0.196376
vt 0.457205 0.182820
vt 0.457205 0.165925
vt 0.462218 0.143982
vt 0.457205 0.144101
vt 0.466662 0.143819
vt 0.274408 0.144183
vt 0.301204 0.407098
vt 0.300910 0.416314
vt 0.295687 0.416343
vt 0.295877 0.407111
vt 0.300206 0.420360
vt 0.295176 0.420426
vt 0.290281 0.416330
vt 0.290330 0.407113
vt 0.290076 0.420374
vt 0.301247 0.390396
vt 0.064967 0.724147
vt 0.070140 0.724483
vt 0.075325 0.724483
vt 0.290337 0.390412
vt 0.295905 0.390407
vt 0.086431 0.604917
vt 0.080575 0.608103
vt 0.070955 0.599087
vt 0.084132 0.598660
vt 0.077776 0.614153
vt 0.071383 0.612265
vt 0.065125 0.614564
vt 0.061940 0.608708
vt 0.055889 0.605909
vt 0.057777 0.599515
vt 0.055479 0.593258
vt 0.061334 0.590072
vt 0.064134 0.584022
vt 0.070527 0.585910
vt 0.076784 0.583611
vt 0.079970 0.589467
vt 0.086020 0.592266
vt 0.092763 0.607302
vt 0.089859 0.609652
vt 0.092131 0.603621
vt 0.085929 0.613119
vt 0.091465 0.598422
vt 0.080567 0.620316
vt 0.076852 0.619925
vt 0.082723 0.617266
vt 0.071621 0.619598
vt 0.062740 0.620895
vt 0.060391 0.617992
vt 0.066422 0.620263
vt 0.056923 0.614061
vt 0.049726 0.608699
vt 0.050118 0.604985
vt 0.052776 0.610856
vt 0.050445 0.599753
vt 0.049147 0.590873
vt 0.052051 0.588523
vt 0.049779 0.594554
vt 0.055981 0.585056
vt 0.061343 0.577859
vt 0.065058 0.578250
vt 0.059187 0.580909
vt 0.070289 0.578577
vt 0.079169 0.577280
vt 0.081519 0.580183
vt 0.075488 0.577912
vt 0.084987 0.584114
vt 0.092184 0.589476
vt 0.091792 0.593190
vt 0.089134 0.587319
vt 0.279387 0.057212
vt 0.279387 0.086471
vt 0.274408 0.086453
vt 0.274408 0.057195
vt 0.279387 0.116719
vt 0.274408 0.116702
vt 0.466662 0.056928
vt 0.466662 0.086154
vt 0.462218 0.086318
vt 0.462218 0.057092
vt 0.466662 0.116369
vt 0.462218 0.116532
vt 0.284760 0.032710
vt 0.284760 0.057222
vt 0.279387 0.032700
vt 0.284760 0.086481
vt 0.284760 0.116729
vt 0.457205 0.116651
vt 0.457205 0.086437
vt 0.457205 0.057211
vt 0.462218 0.032607
vt 0.457205 0.032726
vt 0.466662 0.032444
vt 0.274408 0.032683
vt 0.301247 0.057209
vt 0.301247 0.086468
vt 0.295905 0.086479
vt 0.295905 0.057221
vt 0.301247 0.116717
vt 0.295905 0.116728
vt 0.290337 0.086484
vt 0.290337 0.057225
vt 0.290337 0.116732
vt 0.306146 0.032679
vt 0.306146 0.057191
vt 0.301247 0.032697
vt 0.306146 0.086450
vt 0.306146 0.116699
vt 0.290337 0.032713
vt 0.295905 0.032709
vt 0.134998 0.057202
vt 0.134998 0.086459
vt 0.131872 0.086400
vt 0.131872 0.057143
vt 0.134998 0.116706
vt 0.131872 0.116647
vt 0.313878 0.057138
vt 0.313878 0.086397
vt 0.310402 0.086426
vt 0.310402 0.057167
vt 0.313878 0.116646
vt 0.310402 0.116675
vt 0.138961 0.032741
vt 0.138961 0.057252
vt 0.134998 0.032691
vt 0.138961 0.086509
vt 0.138961 0.116756
vt 0.310402 0.032655
vt 0.313878 0.032626
vt 0.131872 0.032633
vt 0.154333 0.057330
vt 0.154333 0.086588
vt 0.148832 0.086574
vt 0.148832 0.057317
vt 0.154333 0.116834
vt 0.148832 0.116821
vt 0.143638 0.086547
vt 0.143638 0.057290
vt 0.143638 0.116794
vt 0.159927 0.032820
vt 0.159927 0.057330
vt 0.154333 0.032820
vt 0.159927 0.086587
vt 0.159927 0.116834
vt 0.143638 0.032780
vt 0.148832 0.032806
vt 0.175220 0.057249
vt 0.175220 0.086506
vt 0.170567 0.086546
vt 0.170567 0.057288
vt 0.175220 0.116753
vt 0.170567 0.116792
vt 0.165405 0.086573
vt 0.165405 0.057316
vt 0.165405 0.116820
vt 0.317860 0.032615
vt 0.317860 0.057126
vt 0.313878 0.057078
vt 0.313878 0.032567
vt 0.317860 0.086383
vt 0.313878 0.086335
vt 0.317860 0.116630
vt 0.313878 0.116582
vt 0.165405 0.032805
vt 0.170567 0.032778
vt 0.175221 0.032738
vt 0.333262 0.057202
vt 0.333262 0.086459
vt 0.327756 0.086446
vt 0.327756 0.057189
vt 0.333262 0.116706
vt 0.327756 0.116693
vt 0.322551 0.086421
vt 0.322551 0.057163
vt 0.322551 0.116668
vt 0.338856 0.032691
vt 0.338856 0.057202
vt 0.333262 0.032691
vt 0.338856 0.086459
vt 0.338856 0.116706
vt 0.322551 0.032653
vt 0.327756 0.032678
vt 0.354118 0.057121
vt 0.354118 0.086379
vt 0.349480 0.086417
vt 0.349480 0.057160
vt 0.354118 0.116625
vt 0.349480 0.116664
vt 0.344328 0.086445
vt 0.344328 0.057187
vt 0.344328 0.116691
vt 0.435341 0.032690
vt 0.435341 0.057175
vt 0.430510 0.057040
vt 0.430510 0.032555
vt 0.435341 0.086401
vt 0.430510 0.086266
vt 0.435341 0.116615
vt 0.430510 0.116480
vt 0.344328 0.032676
vt 0.349480 0.032649
vt 0.354118 0.032611
vt 0.451795 0.057279
vt 0.451795 0.086505
vt 0.446199 0.086521
vt 0.446199 0.057295
vt 0.451795 0.116719
vt 0.446199 0.116736
vt 0.440641 0.086486
vt 0.440641 0.057260
vt 0.440641 0.116701
vt 0.451795 0.032794
vt 0.451795 0.144169
vt 0.446199 0.144186
vt 0.440641 0.144151
vt 0.440641 0.032776
vt 0.446199 0.032811
vt 0.301247 0.220057
vt 0.301247 0.233494
vt 0.295905 0.233505
vt 0.295905 0.220068
vt 0.301247 0.250554
vt 0.295905 0.250566
vt 0.290337 0.233510
vt 0.290337 0.220072
vt 0.290337 0.250570
vt 0.301247 0.273129
vt 0.295905 0.273140
vt 0.290337 0.273145
vt 0.284760 0.273142
vt 0.284760 0.250567
vt 0.284760 0.233507
vt 0.284760 0.220069
vt 0.451795 0.165993
vt 0.451795 0.182888
vt 0.446199 0.182904
vt 0.446199 0.166009
vt 0.451795 0.196444
vt 0.446199 0.196460
vt 0.440641 0.182870
vt 0.440641 0.165974
vt 0.440641 0.196425
vt 0.154333 0.220169
vt 0.154333 0.233605
vt 0.148832 0.233592
vt 0.148832 0.220155
vt 0.154333 0.250664
vt 0.148832 0.250651
vt 0.143638 0.233565
vt 0.143638 0.220128
vt 0.143638 0.250624
vt 0.159927 0.220168
vt 0.159927 0.233605
vt 0.159927 0.250664
vt 0.159927 0.273238
vt 0.154333 0.273238
vt 0.148832 0.273224
vt 0.143638 0.273198
vt 0.175220 0.220087
vt 0.175220 0.233524
vt 0.170567 0.233563
vt 0.170567 0.220127
vt 0.175220 0.250583
vt 0.170567 0.250622
vt 0.165405 0.233591
vt 0.165405 0.220154
vt 0.165405 0.250650
vt 0.317860 0.219965
vt 0.313878 0.219916
vt 0.317860 0.233401
vt 0.313878 0.233353
vt 0.317860 0.250461
vt 0.313878 0.250412
vt 0.317860 0.273034
vt 0.313878 0.272986
vt 0.175220 0.273157
vt 0.170567 0.273196
vt 0.165405 0.273223
vt 0.333262 0.220041
vt 0.333262 0.233477
vt 0.327756 0.233464
vt 0.327756 0.220028
vt 0.333262 0.250537
vt 0.327756 0.250524
vt 0.322551 0.233439
vt 0.322551 0.220002
vt 0.322551 0.250498
vt 0.338856 0.220040
vt 0.338856 0.233477
vt 0.338856 0.250536
vt 0.338856 0.273110
vt 0.333262 0.273110
vt 0.327756 0.273097
vt 0.322551 0.273072
vt 0.354118 0.219960
vt 0.354118 0.233397
vt 0.349480 0.233436
vt 0.349480 0.219999
vt 0.354118 0.250456
vt 0.349480 0.250495
vt 0.344328 0.233463
vt 0.344328 0.220026
vt 0.344328 0.250522
vt 0.430510 0.219704
vt 0.430510 0.233126
vt 0.430510 0.250167
vt 0.430510 0.272717
vt 0.354118 0.273030
vt 0.349480 0.273068
vt 0.344328 0.273095
vt 0.182212 0.196516
vt 0.179086 0.196457
vt 0.179086 0.182887
vt 0.182212 0.182945
vt 0.270089 0.196460
vt 0.266613 0.196489
vt 0.266613 0.182918
vt 0.270089 0.182889
vt 0.179086 0.165974
vt 0.182212 0.166032
vt 0.266613 0.166004
vt 0.270089 0.165975
vt 0.279387 0.220059
vt 0.279387 0.233497
vt 0.274408 0.233480
vt 0.274408 0.220042
vt 0.279387 0.250557
vt 0.274408 0.250540
vt 0.466662 0.219593
vt 0.466662 0.233015
vt 0.462218 0.233178
vt 0.462218 0.219756
vt 0.466662 0.250056
vt 0.462218 0.250219
vt 0.279387 0.273132
vt 0.274408 0.273114
vt 0.466662 0.272605
vt 0.462218 0.272769
vt 0.451502 0.000205
vt 0.451683 0.005629
vt 0.446235 0.005599
vt 0.446318 0.000068
vt 0.451781 0.015875
vt 0.446204 0.015885
vt 0.440816 0.005611
vt 0.441145 0.000188
vt 0.440663 0.015857
vt 0.081613 0.622627
vt 0.076942 0.623830
vt 0.456243 0.000319
vt 0.456906 0.005609
vt 0.457167 0.015813
vt 0.435385 0.015777
vt 0.435694 0.005574
vt 0.436477 0.000287
vt 0.066585 0.624167
vt 0.061846 0.623269
vt 0.071769 0.624167
vt 0.352285 0.000105
vt 0.353544 0.005452
vt 0.348984 0.005447
vt 0.347820 0.000000
vt 0.354046 0.015678
vt 0.349418 0.015711
vt 0.344006 0.005516
vt 0.343194 0.000166
vt 0.344288 0.015743
vt 0.057693 0.620817
vt 0.431094 0.005399
vt 0.432497 -0.000000
vt 0.430583 0.015637
vt 0.338845 0.015763
vt 0.338764 0.005573
vt 0.338560 0.000339
vt 0.050131 0.613731
vt 0.047415 0.609746
vt 0.053797 0.617397
vt 0.333747 0.000178
vt 0.333387 0.005530
vt 0.328046 0.005475
vt 0.328727 0.000025
vt 0.333278 0.015758
vt 0.327793 0.015740
vt 0.322951 0.005493
vt 0.323802 0.000143
vt 0.322601 0.015720
vt 0.046212 0.605075
vt 0.317927 0.015688
vt 0.318394 0.005499
vt 0.319579 0.000270
vt 0.045876 0.594718
vt 0.046773 0.589979
vt 0.045876 0.599902
vt 0.173400 0.000232
vt 0.174651 0.005580
vt 0.170076 0.005575
vt 0.168922 0.000128
vt 0.175149 0.015805
vt 0.170506 0.015839
vt 0.165087 0.005645
vt 0.164285 0.000294
vt 0.165365 0.015872
vt 0.049225 0.585826
vt 0.177040 0.000348
vt 0.178507 0.005574
vt 0.179086 0.015761
vt 0.313972 0.015634
vt 0.159916 0.015892
vt 0.159839 0.005701
vt 0.159645 0.000467
vt 0.056311 0.578264
vt 0.060297 0.575548
vt 0.052645 0.581930
vt 0.154833 0.000306
vt 0.154462 0.005659
vt 0.149127 0.005602
vt 0.149820 0.000153
vt 0.154349 0.015886
vt 0.148869 0.015868
vt 0.144041 0.005619
vt 0.144902 0.000269
vt 0.143688 0.015846
vt 0.064967 0.574345
vt 0.139029 0.015813
vt 0.139499 0.005625
vt 0.140691 0.000396
vt 0.075325 0.574008
vt 0.080063 0.574906
vt 0.070140 0.574008
vt 0.137527 0.000193
vt 0.135751 0.005535
vt 0.132781 0.005435
vt 0.134914 0.000000
vt 0.135092 0.015759
vt 0.131986 0.015695
vt 0.310973 -0.000000
vt 0.313010 0.005430
vt 0.309696 0.005500
vt 0.308022 0.000165
vt 0.313769 0.015688
vt 0.310314 0.015722
vt 0.084217 0.577358
vt 0.306085 0.015751
vt 0.305661 0.005566
vt 0.304586 0.000344
vt 0.091778 0.584444
vt 0.094495 0.588429
vt 0.088113 0.580778
vt 0.300206 0.000201
vt 0.300910 0.005540
vt 0.295687 0.005509
vt 0.295176 0.000072
vt 0.301204 0.015764
vt 0.295877 0.015770
vt 0.290281 0.005556
vt 0.290076 0.000215
vt 0.290330 0.015779
vt 0.095698 0.593100
vt 0.284780 0.015782
vt 0.284913 0.005595
vt 0.285253 0.000372
vt 0.096034 0.603457
vt 0.095136 0.608196
vt 0.096034 0.598273
vt 0.280728 0.000204
vt 0.279772 0.005543
vt 0.274968 0.005484
vt 0.276283 0.000050
vt 0.279435 0.015766
vt 0.274478 0.015744
vt 0.270637 0.005504
vt 0.272021 0.000167
vt 0.465957 0.005245
vt 0.466574 0.015520
vt 0.462152 0.015689
vt 0.461686 0.005449
vt 0.092684 0.612349
vt 0.460401 0.000046
vt 0.085598 0.619911
vt 0.089264 0.616245
vt 0.301247 0.302079
vt 0.301247 0.334139
vt 0.295905 0.334150
vt 0.295905 0.302091
vt 0.301247 0.365011
vt 0.295905 0.365022
vt 0.290337 0.334155
vt 0.290337 0.302095
vt 0.290337 0.365026
vt 0.306146 0.302062
vt 0.306146 0.334121
vt 0.306146 0.364993
vt 0.284760 0.365023
vt 0.284760 0.334152
vt 0.284760 0.302092
vt 0.134998 0.302058
vt 0.134998 0.334116
vt 0.131872 0.334057
vt 0.131872 0.301999
vt 0.134998 0.364985
vt 0.131872 0.364927
vt 0.313878 0.302008
vt 0.313878 0.334068
vt 0.310402 0.334097
vt 0.310402 0.302038
vt 0.313878 0.364940
vt 0.310402 0.364969
vt 0.138961 0.302108
vt 0.138961 0.334165
vt 0.138961 0.365035
vt 0.154333 0.302186
vt 0.154333 0.334244
vt 0.148832 0.334231
vt 0.148832 0.302173
vt 0.154333 0.365114
vt 0.148832 0.365100
vt 0.143638 0.334204
vt 0.143638 0.302146
vt 0.143638 0.365074
vt 0.159927 0.302186
vt 0.159927 0.334244
vt 0.159927 0.365114
vt 0.175220 0.302105
vt 0.175220 0.334163
vt 0.170567 0.334202
vt 0.170567 0.302145
vt 0.175220 0.365033
vt 0.170567 0.365072
vt 0.165405 0.334230
vt 0.165405 0.302172
vt 0.165405 0.365100
vt 0.317860 0.301983
vt 0.313878 0.301935
vt 0.317860 0.334041
vt 0.313878 0.333993
vt 0.317860 0.364911
vt 0.313878 0.364862
vt 0.333262 0.302059
vt 0.333262 0.334117
vt 0.327756 0.334104
vt 0.327756 0.302046
vt 0.333262 0.364987
vt 0.327756 0.364974
vt 0.322551 0.334078
vt 0.322551 0.302020
vt 0.322551 0.364948
vt 0.338856 0.302058
vt 0.338856 0.334116
vt 0.338856 0.364986
vt 0.354118 0.301978
vt 0.354118 0.334036
vt 0.349480 0.334075
vt 0.349480 0.302017
vt 0.354118 0.364906
vt 0.349480 0.364945
vt 0.344328 0.334102
vt 0.344328 0.302044
vt 0.344328 0.364972
vt 0.435341 0.301769
vt 0.430510 0.301634
vt 0.435341 0.333793
vt 0.430510 0.333658
vt 0.435341 0.364630
vt 0.430510 0.364495
vt 0.451795 0.301873
vt 0.451795 0.333897
vt 0.446199 0.333913
vt 0.446199 0.301890
vt 0.451795 0.364734
vt 0.446199 0.364750
vt 0.440641 0.333879
vt 0.440641 0.301855
vt 0.440641 0.364715
vt 0.457205 0.301805
vt 0.457205 0.333829
vt 0.457205 0.364666
vt 0.279387 0.302082
vt 0.279387 0.334141
vt 0.274408 0.334124
vt 0.274408 0.302065
vt 0.279387 0.365013
vt 0.274408 0.364996
vt 0.466662 0.301523
vt 0.466662 0.333547
vt 0.462218 0.333710
vt 0.462218 0.301686
vt 0.466662 0.364383
vt 0.462218 0.364547
vt 0.415642 0.165993
vt 0.415642 0.182888
vt 0.410047 0.182904
vt 0.410047 0.166009
vt 0.415642 0.196444
vt 0.410047 0.196460
vt 0.404489 0.182870
vt 0.404489 0.165974
vt 0.404489 0.196425
vt 0.115706 0.469391
vt 0.105714 0.469391
vt 0.112618 0.459889
vt 0.122958 0.600353
vt 0.129498 0.604201
vt 0.119061 0.608894
vt 0.123789 0.463518
vt 0.123789 0.475264
vt 0.112618 0.478894
vt 0.112611 0.600637
vt 0.121562 0.510208
vt 0.119740 0.517608
vt 0.111382 0.512028
vt 0.129489 0.492627
vt 0.127172 0.501471
vt 0.120635 0.491721
vt 0.640407 0.392838
vt 0.631424 0.389867
vt 0.641578 0.384079
vt 0.675359 0.374602
vt 0.672015 0.383707
vt 0.666257 0.373537
vt 0.119061 0.590841
vt 0.115976 0.502055
vt 0.623133 0.383618
vt 0.622154 0.373330
vt 0.631424 0.378660
vt 0.665723 0.391905
vt 0.655523 0.392717
vt 0.660593 0.383707
vt 0.670351 0.366091
vt 0.114304 0.582513
vt 0.107524 0.590151
vt 0.105745 0.581441
vt 0.110441 0.493620
vt 0.104846 0.502278
vt 0.102626 0.492082
vt 0.640407 0.373772
vt 0.632308 0.367543
vt 0.643007 0.366091
vt 0.655927 0.374602
vt 0.649765 0.382547
vt 0.648736 0.371659
vt 0.620516 0.390709
vt 0.612200 0.396751
vt 0.614547 0.387038
vt 0.603688 0.391517
vt 0.606035 0.381805
vt 0.658929 0.366091
vt 0.596073 0.382574
vt 0.593726 0.392286
vt 0.648737 0.376311
vt 0.602225 0.372568
vt 0.592263 0.373338
vt 0.599553 0.366091
vt 0.613642 0.375327
vt 0.609832 0.366091
vt 0.618977 0.370785
vt 0.622154 0.380561
vt 0.103330 0.599179
vt 0.099294 0.591237
vt 0.107525 0.608204
vt 0.099294 0.602394
vt 0.112385 0.485558
vt 0.102626 0.510587
vt 0.124411 0.582558
vt 0.129498 0.593044
vt 0.114305 0.613225
vt 0.120701 0.484767
vt 0.110453 0.485558
vt 0.674004 0.392717
vt 0.131872 0.469391
vt 0.129458 0.479383
vt 0.622154 0.391462
vt 0.120701 0.454016
vt 0.129458 0.459400
vt 0.129498 0.511083
vt 0.102626 0.478894
vt 0.102626 0.459889
vt 0.110453 0.453225
vt 0.115706 0.437058
vt 0.105714 0.437058
vt 0.112618 0.427555
vt 0.122958 0.568569
vt 0.129498 0.572417
vt 0.119061 0.577110
vt 0.123789 0.431185
vt 0.123789 0.442931
vt 0.112618 0.446560
vt 0.112611 0.568853
vt 0.121562 0.542257
vt 0.119740 0.549657
vt 0.111382 0.544078
vt 0.129489 0.524677
vt 0.127172 0.533521
vt 0.120635 0.523771
vt 0.117547 0.670632
vt 0.108565 0.667661
vt 0.118719 0.661874
vt 0.125917 0.679143
vt 0.122573 0.688249
vt 0.116815 0.678078
vt 0.119061 0.559057
vt 0.115976 0.534105
vt 0.100273 0.661412
vt 0.099294 0.651124
vt 0.108565 0.656454
vt 0.116281 0.696446
vt 0.106081 0.697258
vt 0.111151 0.688249
vt 0.120909 0.670632
vt 0.114304 0.550729
vt 0.107524 0.558367
vt 0.105745 0.549657
vt 0.110441 0.525670
vt 0.104846 0.534328
vt 0.102626 0.524132
vt 0.117547 0.651566
vt 0.109448 0.645337
vt 0.120147 0.643885
vt 0.106485 0.679143
vt 0.100323 0.687088
vt 0.099294 0.676200
vt 0.127547 0.637843
vt 0.119231 0.643885
vt 0.121578 0.634173
vt 0.110719 0.638652
vt 0.113066 0.628940
vt 0.109487 0.670632
vt 0.103104 0.629709
vt 0.100757 0.639421
vt 0.125877 0.654105
vt 0.109256 0.619703
vt 0.099294 0.620472
vt 0.106584 0.613225
vt 0.120673 0.622462
vt 0.116864 0.613225
vt 0.126009 0.617919
vt 0.129185 0.627695
vt 0.103331 0.567395
vt 0.099294 0.559453
vt 0.107525 0.576420
vt 0.099294 0.570610
vt 0.112385 0.517608
vt 0.102626 0.542637
vt 0.124412 0.550774
vt 0.129498 0.561260
vt 0.114305 0.581441
vt 0.120701 0.452433
vt 0.110453 0.453225
vt 0.124562 0.697258
vt 0.131872 0.437058
vt 0.129458 0.447049
vt 0.099294 0.669257
vt 0.120701 0.421682
vt 0.129458 0.427066
vt 0.129498 0.543133
vt 0.102626 0.446560
vt 0.102626 0.427555
vt 0.110453 0.420891
s 1
usemtl black
f 737/1/1 738/2/1 741/3/2 740/4/2
f 738/2/1 739/5/1 742/6/2 741/3/2
f 740/4/2 741/3/2 744/7/3 743/8/3
f 741/3/2 742/6/2 745/9/3 744/7/3
f 25/10/4 235/11/4 737/1/1 278/12/1
f 235/11/4 234/13/4 738/2/1 737/1/1
f 234/13/4 233/14/4 739/5/1 738/2/1
f 233/14/4 1/15/4 116/16/1 739/5/1
f 739/5/1 116/16/1 117/17/2 742/6/2
f 742/6/2 117/17/2 118/18/3 745/9/3
f 745/9/3 118/18/3 19/19/5 236/20/5
f 744/7/3 745/9/3 236/20/5 237/21/5
f 743/8/3 744/7/3 237/21/5 238/22/5
f 280/23/3 743/8/3 238/22/5 26/24/5
f 279/25/2 740/4/2 743/8/3 280/23/3
f 278/12/1 737/1/1 740/4/2 279/25/2
f 746/26/6 747/27/7 750/28/8 749/29/9
f 747/27/7 748/30/10 751/31/11 750/28/8
f 749/29/9 750/28/8 753/32/12 752/33/13
f 750/28/8 751/31/11 754/34/14 753/32/12
f 49/35/15 131/36/16 746/26/6 422/37/17
f 131/36/16 132/38/18 747/27/7 746/26/6
f 132/38/18 133/39/19 748/30/10 747/27/7
f 133/39/19 4/40/20 130/41/21 748/30/10
f 748/30/10 130/41/21 129/42/22 751/31/11
f 751/31/11 129/42/22 128/43/23 754/34/14
f 754/34/14 128/43/23 6/44/24 398/45/25
f 753/32/12 754/34/14 398/45/25 399/46/26
f 752/33/13 753/32/12 399/46/26 400/47/27
f 424/48/28 752/33/13 400/47/27 56/49/29
f 423/50/30 749/29/9 752/33/13 424/48/28
f 422/37/17 746/26/6 749/29/9 423/50/30
f 755/51/31 756/52/31 759/53/32 758/54/32
f 756/52/31 757/55/31 760/56/32 759/53/32
f 758/54/32 759/53/32 762/57/33 761/58/33
f 759/53/32 760/56/32 763/59/33 762/57/33
f 26/24/5 238/22/5 755/51/31 275/60/31
f 238/22/5 237/21/5 756/52/31 755/51/31
f 237/21/5 236/20/5 757/55/31 756/52/31
f 236/20/5 19/19/5 137/61/31 757/55/31
f 757/55/31 137/61/31 138/62/32 760/56/32
f 760/56/32 138/62/32 139/63/33 763/59/33
f 763/59/33 139/63/33 20/64/34 239/65/34
f 762/57/33 763/59/33 239/65/34 240/66/34
f 761/58/33 762/57/33 240/66/34 241/67/34
f 277/68/33 761/58/33 241/67/34 27/69/34
f 276/70/32 758/54/32 761/58/33 277/68/33
f 275/60/31 755/51/31 758/54/32 276/70/32
f 764/71/35 765/72/36 768/73/37 767/74/38
f 765/72/36 766/75/39 769/76/40 768/73/37
f 767/74/38 768/73/37 771/77/41 770/78/42
f 768/73/37 769/76/40 772/79/43 771/77/41
f 56/80/29 400/81/27 764/71/35 419/82/44
f 400/81/27 399/83/26 765/72/36 764/71/35
f 399/83/26 398/84/25 766/75/39 765/72/36
f 398/84/25 6/85/24 148/86/45 766/75/39
f 766/75/39 148/86/45 147/87/46 769/76/40
f 769/76/40 147/87/46 146/88/47 772/79/43
f 772/79/43 146/88/47 8/89/48 395/90/49
f 771/77/41 772/79/43 395/90/49 396/91/50
f 770/78/42 771/77/41 396/91/50 397/92/51
f 421/93/52 770/78/42 397/92/51 55/94/53
f 420/95/54 767/74/38 770/78/42 421/93/52
f 419/82/44 764/71/35 767/74/38 420/95/54
f 773/96/55 774/97/55 777/98/56 776/99/56
f 774/97/55 775/100/55 778/101/56 777/98/56
f 776/99/56 777/98/56 780/102/57 779/103/57
f 777/98/56 778/101/56 781/104/57 780/102/57
f 27/69/34 241/67/34 773/105/55 272/106/55
f 241/67/34 240/66/34 774/107/55 773/105/55
f 240/66/34 239/65/34 775/108/55 774/107/55
f 239/65/34 20/64/34 152/109/55 775/108/55
f 775/100/55 152/110/55 153/111/56 778/101/56
f 778/101/56 153/111/56 154/112/57 781/104/57
f 781/104/57 154/112/57 21/113/58 242/114/58
f 780/102/57 781/104/57 242/114/58 243/115/58
f 779/103/57 780/102/57 243/115/58 244/116/58
f 274/117/57 779/103/57 244/116/58 28/118/58
f 273/119/56 776/99/56 779/103/57 274/117/57
f 272/120/55 773/96/55 776/99/56 273/119/56
f 782/121/59 783/122/60 786/123/61 785/124/62
f 783/122/60 784/125/63 787/126/64 786/123/61
f 785/124/62 786/123/61 789/127/65 788/128/66
f 786/123/61 787/126/64 790/129/67 789/127/65
f 55/94/53 397/92/51 782/121/59 416/130/68
f 397/92/51 396/91/50 783/122/60 782/121/59
f 396/91/50 395/90/49 784/125/63 783/122/60
f 395/90/49 8/89/48 163/131/69 784/125/63
f 784/125/63 163/131/69 162/132/70 787/126/64
f 787/126/64 162/132/70 161/133/71 790/129/67
f 790/129/67 161/133/71 10/134/72 392/135/73
f 789/127/65 790/129/67 392/135/73 393/136/74
f 788/128/66 789/127/65 393/136/74 394/137/75
f 418/138/76 788/128/66 394/137/75 54/139/77
f 417/140/78 785/124/62 788/128/66 418/138/76
f 416/130/68 782/121/59 785/124/62 417/140/78
f 791/141/79 792/142/79 795/143/80 794/144/80
f 792/142/79 793/145/79 796/146/80 795/143/80
f 794/144/80 795/143/80 798/147/81 797/148/81
f 795/143/80 796/146/80 799/149/81 798/147/81
f 28/118/58 244/116/58 791/141/79 269/150/79
f 244/116/58 243/115/58 792/142/79 791/141/79
f 243/115/58 242/114/58 793/145/79 792/142/79
f 242/114/58 21/113/58 167/151/79 793/145/79
f 793/145/79 167/151/79 168/152/80 796/146/80
f 796/146/80 168/152/80 169/153/81 799/149/81
f 799/154/81 169/155/81 22/156/82 245/157/82
f 798/158/81 799/154/81 245/157/82 246/159/82
f 797/160/81 798/158/81 246/159/82 247/161/82
f 271/162/81 797/160/81 247/161/82 29/163/82
f 270/164/80 794/144/80 797/148/81 271/165/81
f 269/150/79 791/141/79 794/144/80 270/164/80
f 800/166/83 801/167/84 804/168/85 803/169/86
f 801/170/84 802/171/87 805/172/88 804/173/85
f 803/169/86 804/168/85 807/174/89 806/175/90
f 804/173/85 805/172/88 808/176/91 807/177/89
f 54/139/77 394/137/75 800/178/83 413/179/92
f 394/137/75 393/136/74 801/180/84 800/178/83
f 393/181/74 392/182/73 802/171/87 801/170/84
f 392/182/73 10/183/72 178/184/93 802/171/87
f 802/171/87 178/184/93 177/185/94 805/172/88
f 805/172/88 177/185/94 176/186/95 808/176/91
f 808/176/91 176/186/95 12/187/96 389/188/97
f 807/177/89 808/176/91 389/188/97 390/189/98
f 806/175/90 807/174/89 390/190/98 391/191/99
f 415/192/100 806/175/90 391/191/99 53/193/101
f 414/194/102 803/169/86 806/175/90 415/192/100
f 413/195/92 800/166/83 803/169/86 414/194/102
f 809/196/103 810/197/103 813/198/104 812/199/104
f 810/197/103 811/200/103 814/201/104 813/198/104
f 812/199/104 813/198/104 816/202/105 815/203/105
f 813/198/104 814/201/104 817/204/105 816/202/105
f 29/163/82 247/161/82 809/196/103 266/205/103
f 247/161/82 246/159/82 810/197/103 809/196/103
f 246/159/82 245/157/82 811/200/103 810/197/103
f 245/157/82 22/156/82 182/206/103 811/200/103
f 811/200/103 182/206/103 183/207/104 814/201/104
f 814/201/104 183/207/104 184/208/105 817/204/105
f 817/204/105 184/208/105 23/209/106 248/210/106
f 816/202/105 817/204/105 248/210/106 249/211/106
f 815/203/105 816/202/105 249/211/106 250/212/106
f 268/213/105 815/203/105 250/212/106 30/214/106
f 267/215/104 812/199/104 815/203/105 268/213/105
f 266/205/103 809/196/103 812/199/104 267/215/104
f 818/216/107 819/217/108 822/218/109 821/219/110
f 819/220/108 820/221/111 823/222/112 822/223/109
f 821/219/110 822/218/109 825/224/113 824/225/114
f 822/223/109 823/222/112 826/226/115 825/227/113
f 53/193/101 391/191/99 818/216/107 410/228/116
f 391/191/99 390/190/98 819/217/108 818/216/107
f 390/189/98 389/188/97 820/221/111 819/220/108
f 389/188/97 12/187/96 193/229/117 820/221/111
f 820/221/111 193/229/117 192/230/118 823/222/112
f 823/222/112 192/230/118 191/231/119 826/226/115
f 826/226/115 191/231/119 14/232/120 386/233/121
f 825/227/113 826/226/115 386/233/121 387/234/122
f 824/235/114 825/236/113 387/237/122 388/238/123
f 412/239/124 824/235/114 388/238/123 52/240/125
f 411/241/126 821/219/110 824/225/114 412/242/124
f 410/228/116 818/216/107 821/219/110 411/241/126
f 827/243/127 828/244/127 831/245/128 830/246/128
f 828/244/127 829/247/127 832/248/128 831/245/128
f 830/246/128 831/245/128 834/249/129 833/250/129
f 831/245/128 832/248/128 835/251/129 834/249/129
f 30/214/106 250/212/106 827/243/127 263/252/127
f 250/212/106 249/211/106 828/244/127 827/243/127
f 249/211/106 248/210/106 829/247/127 828/244/127
f 248/210/106 23/209/106 197/253/127 829/247/127
f 829/247/127 197/253/127 198/254/128 832/248/128
f 832/248/128 198/254/128 199/255/129 835/251/129
f 835/251/129 199/255/129 24/256/130 254/257/130
f 834/249/129 835/251/129 254/257/130 255/258/130
f 833/250/129 834/249/129 255/258/130 256/259/130
f 265/260/129 833/250/129 256/259/130 32/261/130
f 264/262/128 830/246/128 833/250/129 265/260/129
f 263/252/127 827/243/127 830/246/128 264/262/128
f 836/263/131 837/264/132 840/265/133 839/266/134
f 837/264/132 838/267/135 841/268/136 840/265/133
f 839/266/134 840/265/133 843/269/137 842/270/138
f 840/265/133 841/268/136 844/271/139 843/269/137
f 52/240/125 388/238/123 836/263/131 407/272/140
f 388/238/123 387/237/122 837/264/132 836/263/131
f 387/237/122 386/273/121 838/267/135 837/264/132
f 386/273/121 14/274/120 208/275/141 838/267/135
f 838/267/135 208/275/141 207/276/142 841/268/136
f 841/268/136 207/276/142 206/277/143 844/271/139
f 844/271/139 206/277/143 16/278/144 383/279/145
f 843/269/137 844/271/139 383/279/145 384/280/146
f 842/270/138 843/269/137 384/280/146 385/281/147
f 409/282/148 842/270/138 385/281/147 51/283/149
f 408/284/150 839/266/134 842/270/138 409/282/148
f 407/272/140 836/263/131 839/266/134 408/284/150
f 846/285/151 847/286/152 845/287/153 861/288/154
f 848/289/155 849/290/156 845/287/153 847/286/152
f 850/291/157 851/292/158 845/287/153 849/290/156
f 852/293/159 853/294/160 845/287/153 851/292/158
f 854/295/161 855/296/162 845/287/153 853/294/160
f 856/297/163 857/298/164 845/287/153 855/296/162
f 858/299/165 859/300/166 845/287/153 857/298/164
f 860/301/167 861/288/154 845/287/153 859/300/166
f 6/44/24 128/43/23 846/302/151 148/303/45
f 128/43/23 129/42/22 847/304/152 846/302/151
f 148/86/45 846/305/151 861/306/154 147/87/46
f 4/40/20 230/307/168 848/308/155 130/41/21
f 230/307/168 231/309/169 849/310/156 848/308/155
f 130/41/21 848/308/155 847/304/152 129/42/22
f 18/311/170 221/312/171 850/313/157 232/314/172
f 221/315/171 222/316/173 851/317/158 850/318/157
f 232/314/172 850/313/157 849/310/156 231/309/169
f 16/278/144 206/277/143 852/319/159 223/320/174
f 206/321/143 207/322/142 853/294/160 852/293/159
f 223/320/174 852/319/159 851/317/158 222/316/173
f 14/232/120 191/231/119 854/295/161 208/323/141
f 191/231/119 192/230/118 855/296/162 854/295/161
f 208/323/141 854/295/161 853/294/160 207/322/142
f 12/187/96 176/186/95 856/297/163 193/229/117
f 176/186/95 177/185/94 857/298/164 856/297/163
f 193/229/117 856/297/163 855/296/162 192/230/118
f 10/183/72 161/324/71 858/299/165 178/184/93
f 161/324/71 162/325/70 859/300/166 858/299/165
f 178/184/93 858/299/165 857/298/164 177/185/94
f 8/89/48 146/88/47 860/326/167 163/131/69
f 146/88/47 147/87/46 861/306/154 860/326/167
f 163/327/69 860/301/167 859/300/166 162/325/70
f 862/328/175 863/329/175 866/330/176 865/331/176
f 863/329/175 864/332/175 867/333/176 866/330/176
f 865/331/176 866/330/176 869/334/177 868/335/177
f 866/330/176 867/333/176 870/336/177 869/334/177
f 32/337/130 256/338/130 862/328/175 260/339/175
f 256/338/130 255/340/130 863/329/175 862/328/175
f 255/340/130 254/341/130 864/332/175 863/329/175
f 254/341/130 24/342/130 212/343/175 864/332/175
f 864/332/175 212/343/175 213/344/176 867/333/176
f 867/333/176 213/344/176 214/345/177 870/336/177
f 870/336/177 214/345/177 2/346/178 220/347/178
f 869/334/177 870/336/177 220/347/178 219/348/178
f 868/335/177 869/334/177 219/348/178 218/349/178
f 262/350/177 868/335/177 218/349/178 31/351/178
f 261/352/176 865/331/176 868/335/177 262/350/177
f 260/339/175 862/328/175 865/331/176 261/352/176
f 871/353/179 872/354/180 875/355/181 874/356/182
f 872/354/180 873/357/183 876/358/184 875/355/181
f 874/356/182 875/355/181 878/359/185 877/360/186
f 875/355/181 876/358/184 879/361/187 878/359/185
f 51/283/149 385/281/147 871/353/179 404/362/188
f 385/281/147 384/280/146 872/354/180 871/353/179
f 384/280/146 383/279/145 873/357/183 872/354/180
f 383/279/145 16/278/144 223/320/174 873/357/183
f 873/357/183 223/320/174 222/316/173 876/358/184
f 876/358/184 222/316/173 221/315/171 879/361/187
f 879/361/187 221/315/171 18/363/170 380/364/189
f 878/359/185 879/361/187 380/364/189 381/365/190
f 877/360/186 878/359/185 381/365/190 382/366/191
f 406/367/192 877/360/186 382/366/191 50/368/193
f 405/369/194 874/356/182 877/360/186 406/367/192
f 404/362/188 871/353/179 874/356/182 405/369/194
f 880/370/195 881/371/195 884/372/196 883/373/196
f 881/371/195 882/374/195 885/375/196 884/372/196
f 883/373/196 884/372/196 887/376/197 886/377/197
f 884/372/196 885/375/196 888/378/197 887/376/197
f 31/351/178 218/349/178 880/370/195 257/379/195
f 218/349/178 219/348/178 881/371/195 880/370/195
f 219/348/178 220/347/178 882/374/195 881/371/195
f 220/347/178 2/346/178 113/380/195 882/374/195
f 882/374/195 113/380/195 114/381/196 885/375/196
f 885/375/196 114/381/196 115/382/197 888/378/197
f 888/378/197 115/382/197 1/383/4 233/384/4
f 887/376/197 888/378/197 233/384/4 234/385/4
f 886/377/197 887/376/197 234/385/4 235/386/4
f 259/387/197 886/377/197 235/386/4 25/388/4
f 258/389/196 883/373/196 886/377/197 259/387/197
f 257/379/195 880/370/195 883/373/196 258/389/196
f 889/390/198 890/391/199 893/392/200 892/393/201
f 890/391/199 891/394/202 894/395/203 893/392/200
f 892/393/201 893/392/200 896/396/204 895/397/205
f 893/392/200 894/395/203 897/398/206 896/396/204
f 50/399/193 382/400/191 889/390/198 401/401/207
f 382/400/191 381/402/190 890/391/199 889/390/198
f 381/402/190 380/403/189 891/394/202 890/391/199
f 380/403/189 18/311/170 232/314/172 891/394/202
f 891/394/202 232/314/172 231/309/169 894/395/203
f 894/395/203 231/309/169 230/307/168 897/398/206
f 897/398/206 230/307/168 4/40/20 133/39/19
f 896/396/204 897/398/206 133/39/19 132/38/18
f 895/397/205 896/396/204 132/38/18 131/36/16
f 403/404/208 895/397/205 131/36/16 49/35/15
f 402/405/209 892/393/201 895/397/205 403/404/208
f 401/401/207 889/390/198 892/393/201 402/405/209
f 899/406/210 900/407/210 898/408/210 914/409/210
f 901/410/210 902/411/210 898/408/210 900/407/210
f 903/412/210 904/413/210 898/408/210 902/411/210
f 905/414/210 906/415/210 898/408/210 904/413/210
f 907/416/210 908/417/210 898/408/210 906/415/210
f 909/418/210 910/419/210 898/408/210 908/417/210
f 911/420/210 912/421/210 898/408/210 910/419/210
f 913/422/210 914/409/210 898/408/210 912/421/210
f 3/423/211 119/424/212 899/406/210 229/425/213
f 119/424/212 120/426/214 900/407/210 899/406/210
f 229/425/213 899/406/210 914/409/210 228/427/215
f 5/428/216 140/429/217 901/410/210 121/430/218
f 140/429/217 141/431/219 902/411/210 901/410/210
f 121/430/218 901/410/210 900/407/210 120/426/214
f 7/432/220 155/433/221 903/412/210 142/434/222
f 155/433/221 156/435/223 904/413/210 903/412/210
f 142/434/222 903/412/210 902/411/210 141/431/219
f 9/436/224 170/437/225 905/414/210 157/438/226
f 170/437/225 171/439/227 906/415/210 905/414/210
f 157/438/226 905/414/210 904/413/210 156/435/223
f 11/440/228 185/441/229 907/416/210 172/442/230
f 185/441/229 186/443/231 908/417/210 907/416/210
f 172/442/230 907/416/210 906/415/210 171/439/227
f 13/444/232 200/445/233 909/418/210 187/446/234
f 200/445/233 201/447/235 910/419/210 909/418/210
f 187/446/234 909/418/210 908/417/210 186/443/231
f 15/448/236 215/449/237 911/420/210 202/450/238
f 215/449/237 216/451/239 912/421/210 911/420/210
f 202/450/238 911/420/210 910/419/210 201/447/235
f 17/452/240 227/453/241 913/422/210 217/454/242
f 227/453/241 228/427/215 914/409/210 913/422/210
f 217/454/242 913/422/210 912/421/210 216/451/239
f 915/455/195 916/456/195 919/457/196 918/458/196
f 916/456/195 917/459/195 920/460/196 919/457/196
f 918/458/196 919/457/196 922/461/197 921/462/197
f 919/457/196 920/460/196 923/463/197 922/461/197
f 48/464/243 251/465/178 915/455/195 374/466/244
f 251/465/178 252/467/178 916/456/195 915/455/195
f 252/467/178 253/468/178 917/459/195 916/456/195
f 253/468/178 31/351/178 257/379/195 917/459/195
f 917/459/195 257/379/195 258/389/196 920/460/196
f 920/460/196 258/389/196 259/387/197 923/463/197
f 923/463/197 259/387/197 25/388/4 329/469/4
f 922/461/197 923/463/197 329/469/4 330/470/4
f 921/462/197 922/461/197 330/470/4 331/471/4
f 376/472/245 921/462/197 331/471/4 41/473/246
f 375/474/247 918/458/196 921/462/197 376/472/245
f 374/466/244 915/455/195 918/458/196 375/474/247
f 924/475/175 925/476/175 928/477/176 927/478/176
f 925/476/175 926/479/175 929/480/176 928/477/176
f 927/478/176 928/477/176 931/481/177 930/482/177
f 928/477/176 929/480/176 932/483/177 931/481/177
f 47/484/248 349/485/130 924/475/175 371/486/249
f 349/485/130 348/487/130 925/476/175 924/475/175
f 348/487/130 347/488/130 926/479/175 925/476/175
f 347/488/130 32/337/130 260/339/175 926/479/175
f 926/479/175 260/339/175 261/352/176 929/480/176
f 929/480/176 261/352/176 262/350/177 932/483/177
f 932/483/177 262/350/177 31/351/178 253/468/178
f 931/481/177 932/483/177 253/468/178 252/467/178
f 930/482/177 931/481/177 252/467/178 251/465/178
f 373/489/250 930/482/177 251/465/178 48/464/243
f 372/490/251 927/478/176 930/482/177 373/489/250
f 371/486/249 924/475/175 927/478/176 372/490/251
f 933/491/127 934/492/127 937/493/128 936/494/128
f 934/492/127 935/495/127 938/496/128 937/493/128
f 936/494/128 937/493/128 940/497/129 939/498/129
f 937/493/128 938/496/128 941/499/129 940/497/129
f 46/500/252 346/501/106 933/491/127 368/502/253
f 346/501/106 345/503/106 934/492/127 933/491/127
f 345/503/106 344/504/106 935/495/127 934/492/127
f 344/504/106 30/214/106 263/252/127 935/495/127
f 935/495/127 263/252/127 264/262/128 938/496/128
f 938/496/128 264/262/128 265/260/129 941/499/129
f 941/499/129 265/260/129 32/261/130 347/505/130
f 940/497/129 941/499/129 347/505/130 348/506/130
f 939/498/129 940/497/129 348/506/130 349/507/130
f 370/508/254 939/498/129 349/507/130 47/509/248
f 369/510/255 936/494/128 939/498/129 370/508/254
f 368/502/253 933/491/127 936/494/128 369/510/255
f 942/511/103 943/512/103 946/513/104 945/514/104
f 943/512/103 944/515/103 947/516/104 946/513/104
f 945/514/104 946/513/104 949/517/105 948/518/105
f 946/513/104 947/516/104 950/519/105 949/517/105
f 45/520/256 343/521/82 942/511/103 365/522/257
f 343/521/82 342/523/82 943/512/103 942/511/103
f 342/523/82 341/524/82 944/515/103 943/512/103
f 341/524/82 29/163/82 266/205/103 944/515/103
f 944/515/103 266/205/103 267/215/104 947/516/104
f 947/516/104 267/215/104 268/213/105 950/519/105
f 950/519/105 268/213/105 30/214/106 344/504/106
f 949/517/105 950/519/105 344/504/106 345/503/106
f 948/518/105 949/517/105 345/503/106 346/501/106
f 367/525/258 948/518/105 346/501/106 46/500/252
f 366/526/259 945/514/104 948/518/105 367/525/258
f 365/522/257 942/511/103 945/514/104 366/526/259
f 951/527/79 952/528/79 955/529/80 954/530/80
f 952/528/79 953/531/79 956/532/80 955/529/80
f 954/530/80 955/529/80 958/533/81 957/534/81
f 955/529/80 956/532/80 959/535/81 958/533/81
f 44/536/260 340/537/58 951/527/79 362/538/261
f 340/537/58 339/539/58 952/528/79 951/527/79
f 339/539/58 338/540/58 953/531/79 952/528/79
f 338/540/58 28/118/58 269/150/79 953/531/79
f 953/531/79 269/150/79 270/164/80 956/532/80
f 956/532/80 270/164/80 271/165/81 959/535/81
f 959/541/81 271/162/81 29/163/82 341/524/82
f 958/542/81 959/541/81 341/524/82 342/523/82
f 957/543/81 958/542/81 342/523/82 343/521/82
f 364/544/262 957/543/81 343/521/82 45/520/256
f 363/545/263 954/530/80 957/534/81 364/546/262
f 362/538/261 951/527/79 954/530/80 363/545/263
f 960/547/55 961/548/55 964/549/56 963/550/56
f 961/548/55 962/551/55 965/552/56 964/549/56
f 963/550/56 964/549/56 967/553/57 966/554/57
f 964/549/56 965/552/56 968/555/57 967/553/57
f 43/556/264 337/557/34 960/558/55 359/559/265
f 337/557/34 336/560/34 961/561/55 960/558/55
f 336/560/34 335/562/34 962/563/55 961/561/55
f 335/562/34 27/69/34 272/106/55 962/563/55
f 962/551/55 272/120/55 273/119/56 965/552/56
f 965/552/56 273/119/56 274/117/57 968/555/57
f 968/555/57 274/117/57 28/118/58 338/540/58
f 967/553/57 968/555/57 338/540/58 339/539/58
f 966/554/57 967/553/57 339/539/58 340/537/58
f 361/564/266 966/554/57 340/537/58 44/536/260
f 360/565/267 963/550/56 966/554/57 361/564/266
f 359/566/265 960/547/55 963/550/56 360/565/267
f 969/567/31 970/568/31 973/569/32 972/570/32
f 970/568/31 971/571/31 974/572/32 973/569/32
f 972/570/32 973/569/32 976/573/33 975/574/33
f 973/569/32 974/572/32 977/575/33 976/573/33
f 42/576/268 334/577/5 969/567/31 356/578/269
f 334/577/5 333/579/5 970/568/31 969/567/31
f 333/579/5 332/580/5 971/571/31 970/568/31
f 332/580/5 26/24/5 275/60/31 971/571/31
f 971/571/31 275/60/31 276/70/32 974/572/32
f 974/572/32 276/70/32 277/68/33 977/575/33
f 977/575/33 277/68/33 27/69/34 335/562/34
f 976/573/33 977/575/33 335/562/34 336/560/34
f 975/574/33 976/573/33 336/560/34 337/557/34
f 358/581/270 975/574/33 337/557/34 43/556/264
f 357/582/271 972/570/32 975/574/33 358/581/270
f 356/578/269 969/567/31 972/570/32 357/582/271
f 978/583/1 979/584/1 982/585/2 981/586/2
f 979/584/1 980/587/1 983/588/2 982/585/2
f 981/586/2 982/585/2 985/589/3 984/590/3
f 982/585/2 983/588/2 986/591/3 985/589/3
f 41/592/246 331/593/4 978/583/1 353/594/272
f 331/593/4 330/595/4 979/584/1 978/583/1
f 330/595/4 329/596/4 980/587/1 979/584/1
f 329/596/4 25/10/4 278/12/1 980/587/1
f 980/587/1 278/12/1 279/25/2 983/588/2
f 983/588/2 279/25/2 280/23/3 986/591/3
f 986/591/3 280/23/3 26/24/5 332/580/5
f 985/589/3 986/591/3 332/580/5 333/579/5
f 984/590/3 985/589/3 333/579/5 334/577/5
f 355/597/273 984/590/3 334/577/5 42/576/268
f 354/598/274 981/586/2 984/590/3 355/597/273
f 353/594/272 978/583/1 981/586/2 354/598/274
f 987/599/175 988/600/175 991/601/176 990/602/176
f 988/600/175 989/603/175 992/604/176 991/601/176
f 990/602/176 991/601/176 994/605/177 993/606/177
f 991/601/176 992/604/176 995/607/177 994/605/177
f 24/342/130 124/608/130 987/599/175 212/343/175
f 124/608/130 123/609/130 988/600/175 987/599/175
f 123/609/130 122/610/130 989/603/175 988/600/175
f 122/610/130 33/611/130 305/612/175 989/603/175
f 989/603/175 305/612/175 306/613/176 992/604/176
f 992/604/176 306/613/176 307/614/177 995/607/177
f 995/607/177 307/614/177 35/615/178 289/616/178
f 994/605/177 995/607/177 289/616/178 288/617/178
f 993/606/177 994/605/177 288/617/178 287/618/178
f 214/345/177 993/606/177 287/618/178 2/346/178
f 213/344/176 990/602/176 993/606/177 214/345/177
f 212/343/175 987/599/175 990/602/176 213/344/176
f 996/619/127 997/620/127 1000/621/128 999/622/128
f 997/620/127 998/623/127 1001/624/128 1000/621/128
f 999/622/128 1000/621/128 1003/625/129 1002/626/129
f 1000/621/128 1001/624/128 1004/627/129 1003/625/129
f 23/209/106 127/628/106 996/619/127 197/253/127
f 127/628/106 126/629/106 997/620/127 996/619/127
f 126/629/106 125/630/106 998/623/127 997/620/127
f 125/630/106 34/631/106 308/632/127 998/623/127
f 998/623/127 308/632/127 309/633/128 1001/624/128
f 1001/624/128 309/633/128 310/634/129 1004/627/129
f 1004/627/129 310/634/129 33/635/130 122/636/130
f 1003/625/129 1004/627/129 122/636/130 123/637/130
f 1002/626/129 1003/625/129 123/637/130 124/638/130
f 199/255/129 1002/626/129 124/638/130 24/256/130
f 198/254/128 999/622/128 1002/626/129 199/255/129
f 197/253/127 996/619/127 999/622/128 198/254/128
f 1005/639/103 1006/640/103 1009/641/104 1008/642/104
f 1006/640/103 1007/643/103 1010/644/104 1009/641/104
f 1008/642/104 1009/641/104 1012/645/105 1011/646/105
f 1009/641/104 1010/644/104 1013/647/105 1012/645/105
f 22/156/82 145/648/82 1005/639/103 182/206/103
f 145/648/82 144/649/82 1006/640/103 1005/639/103
f 144/649/82 143/650/82 1007/643/103 1006/640/103
f 143/650/82 36/651/82 311/652/103 1007/643/103
f 1007/643/103 311/652/103 312/653/104 1010/644/104
f 1010/644/104 312/653/104 313/654/105 1013/647/105
f 1013/647/105 313/654/105 34/631/106 125/630/106
f 1012/645/105 1013/647/105 125/630/106 126/629/106
f 1011/646/105 1012/645/105 126/629/106 127/628/106
f 184/208/105 1011/646/105 127/628/106 23/209/106
f 183/207/104 1008/642/104 1011/646/105 184/208/105
f 182/206/103 1005/639/103 1008/642/104 183/207/104
f 1014/655/79 1015/656/79 1018/657/80 1017/658/80
f 1015/656/79 1016/659/79 1019/660/80 1018/657/80
f 1017/658/80 1018/657/80 1021/661/81 1020/662/81
f 1018/657/80 1019/660/80 1022/663/81 1021/661/81
f 21/113/58 160/664/58 1014/655/79 167/151/79
f 160/664/58 159/665/58 1015/656/79 1014/655/79
f 159/665/58 158/666/58 1016/659/79 1015/656/79
f 158/666/58 37/667/58 314/668/79 1016/659/79
f 1016/659/79 314/668/79 315/669/80 1019/660/80
f 1019/660/80 315/669/80 316/670/81 1022/663/81
f 1022/671/81 316/672/81 36/651/82 143/650/82
f 1021/673/81 1022/671/81 143/650/82 144/649/82
f 1020/674/81 1021/673/81 144/649/82 145/648/82
f 169/155/81 1020/674/81 145/648/82 22/156/82
f 168/152/80 1017/658/80 1020/662/81 169/153/81
f 167/151/79 1014/655/79 1017/658/80 168/152/80
f 1023/675/55 1024/676/55 1027/677/56 1026/678/56
f 1024/676/55 1025/679/55 1028/680/56 1027/677/56
f 1026/678/56 1027/677/56 1030/681/57 1029/682/57
f 1027/677/56 1028/680/56 1031/683/57 1030/681/57
f 20/64/34 175/684/34 1023/685/55 152/109/55
f 175/684/34 174/686/34 1024/687/55 1023/685/55
f 174/686/34 173/688/34 1025/689/55 1024/687/55
f 173/688/34 38/690/34 317/691/55 1025/689/55
f 1025/679/55 317/692/55 318/693/56 1028/680/56
f 1028/680/56 318/693/56 319/694/57 1031/683/57
f 1031/683/57 319/694/57 37/667/58 158/666/58
f 1030/681/57 1031/683/57 158/666/58 159/665/58
f 1029/682/57 1030/681/57 159/665/58 160/664/58
f 154/112/57 1029/682/57 160/664/58 21/113/58
f 153/111/56 1026/678/56 1029/682/57 154/112/57
f 152/110/55 1023/675/55 1026/678/56 153/111/56
f 1032/695/31 1033/696/31 1036/697/32 1035/698/32
f 1033/696/31 1034/699/31 1037/700/32 1036/697/32
f 1035/698/32 1036/697/32 1039/701/33 1038/702/33
f 1036/697/32 1037/700/32 1040/703/33 1039/701/33
f 19/19/5 190/704/5 1032/695/31 137/61/31
f 190/704/5 189/705/5 1033/696/31 1032/695/31
f 189/705/5 188/706/5 1034/699/31 1033/696/31
f 188/706/5 39/707/5 320/708/31 1034/699/31
f 1034/699/31 320/708/31 321/709/32 1037/700/32
f 1037/700/32 321/709/32 322/710/33 1040/703/33
f 1040/703/33 322/710/33 38/690/34 173/688/34
f 1039/701/33 1040/703/33 173/688/34 174/686/34
f 1038/702/33 1039/701/33 174/686/34 175/684/34
f 139/63/33 1038/702/33 175/684/34 20/64/34
f 138/62/32 1035/698/32 1038/702/33 139/63/33
f 137/61/31 1032/695/31 1035/698/32 138/62/32
f 1041/711/1 1042/712/1 1045/713/2 1044/714/2
f 1042/712/1 1043/715/1 1046/716/2 1045/713/2
f 1044/714/2 1045/713/2 1048/717/3 1047/718/3
f 1045/713/2 1046/716/2 1049/719/3 1048/717/3
f 1/15/4 205/720/4 1041/711/1 116/16/1
f 205/720/4 204/721/4 1042/712/1 1041/711/1
f 204/721/4 203/722/4 1043/715/1 1042/712/1
f 203/722/4 40/723/4 323/724/1 1043/715/1
f 1043/715/1 323/724/1 324/725/2 1046/716/2
f 1046/716/2 324/725/2 325/726/3 1049/719/3
f 1049/719/3 325/726/3 39/707/5 188/706/5
f 1048/717/3 1049/719/3 188/706/5 189/705/5
f 1047/718/3 1048/717/3 189/705/5 190/704/5
f 118/18/3 1047/718/3 190/704/5 19/19/5
f 117/17/2 1044/714/2 1047/718/3 118/18/3
f 116/16/1 1041/711/1 1044/714/2 117/17/2
f 1050/727/195 1051/728/195 1054/729/196 1053/730/196
f 1051/728/195 1052/731/195 1055/732/196 1054/729/196
f 1053/730/196 1054/729/196 1057/733/197 1056/734/197
f 1054/729/196 1055/732/196 1058/735/197 1057/733/197
f 2/346/178 287/618/178 1050/727/195 113/380/195
f 287/618/178 288/617/178 1051/728/195 1050/727/195
f 288/617/178 289/616/178 1052/731/195 1051/728/195
f 289/616/178 35/615/178 326/736/195 1052/731/195
f 1052/731/195 326/736/195 327/737/196 1055/732/196
f 1055/732/196 327/737/196 328/738/197 1058/735/197
f 1058/735/197 328/738/197 40/739/4 203/740/4
f 1057/733/197 1058/735/197 203/740/4 204/741/4
f 1056/734/197 1057/733/197 204/741/4 205/742/4
f 115/382/197 1056/734/197 205/742/4 1/383/4
f 114/381/196 1053/730/196 1056/734/197 115/382/197
f 113/380/195 1050/727/195 1053/730/196 114/381/196
f 1059/743/275 1060/744/276 1063/745/277 1062/746/278
f 1060/744/276 1061/747/279 1064/748/280 1063/745/277
f 1062/746/278 1063/745/277 1066/749/281 1065/750/282
f 1063/745/277 1064/748/280 1067/751/283 1066/749/281
f 5/428/216 136/752/284 1059/753/275 140/429/217
f 136/752/284 135/754/285 1060/755/276 1059/753/275
f 135/756/285 134/757/286 1061/747/279 1060/744/276
f 134/757/286 41/592/246 353/594/272 1061/747/279
f 1061/747/279 353/594/272 354/598/274 1064/748/280
f 1064/748/280 354/598/274 355/597/273 1067/751/283
f 1067/751/283 355/597/273 42/576/268 149/758/287
f 1066/749/281 1067/751/283 149/758/287 150/759/288
f 1065/750/282 1066/749/281 150/759/288 151/760/289
f 142/434/222 1065/761/282 151/762/289 7/432/220
f 141/431/219 1062/763/278 1065/761/282 142/434/222
f 140/429/217 1059/753/275 1062/763/278 141/431/219
f 1068/764/290 1069/765/291 1072/766/292 1071/767/293
f 1069/765/291 1070/768/294 1073/769/295 1072/766/292
f 1071/767/293 1072/766/292 1075/770/296 1074/771/297
f 1072/766/292 1073/769/295 1076/772/298 1075/770/296
f 7/432/220 151/762/289 1068/773/290 155/433/221
f 151/760/289 150/759/288 1069/765/291 1068/764/290
f 150/759/288 149/758/287 1070/768/294 1069/765/291
f 149/758/287 42/576/268 356/578/269 1070/768/294
f 1070/768/294 356/578/269 357/582/271 1073/769/295
f 1073/769/295 357/582/271 358/581/270 1076/772/298
f 1076/772/298 358/581/270 43/556/264 164/774/299
f 1075/770/296 1076/772/298 164/774/299 165/775/300
f 1074/776/297 1075/777/296 165/778/300 166/779/301
f 157/438/226 1074/780/297 166/781/301 9/436/224
f 156/435/223 1071/782/293 1074/780/297 157/438/226
f 155/433/221 1068/773/290 1071/782/293 156/435/223
f 1077/783/302 1078/784/303 1081/785/304 1080/786/305
f 1078/784/303 1079/787/306 1082/788/307 1081/785/304
f 1080/786/305 1081/785/304 1084/789/308 1083/790/309
f 1081/785/304 1082/788/307 1085/791/310 1084/789/308
f 9/436/224 166/781/301 1077/792/302 170/437/225
f 166/779/301 165/778/300 1078/784/303 1077/783/302
f 165/778/300 164/793/299 1079/787/306 1078/784/303
f 164/774/299 43/556/264 359/559/265 1079/794/306
f 1079/787/306 359/566/265 360/565/267 1082/788/307
f 1082/788/307 360/565/267 361/564/266 1085/791/310
f 1085/791/310 361/564/266 44/536/260 179/795/311
f 1084/789/308 1085/791/310 179/795/311 180/796/312
f 1083/790/309 1084/789/308 180/796/312 181/797/313
f 172/442/230 1083/798/309 181/799/313 11/440/228
f 171/439/227 1080/800/305 1083/798/309 172/442/230
f 170/437/225 1077/792/302 1080/800/305 171/439/227
f 1086/801/314 1087/802/315 1090/803/316 1089/804/317
f 1087/802/315 1088/805/318 1091/806/319 1090/803/316
f 1089/804/317 1090/803/316 1093/807/320 1092/808/321
f 1090/803/316 1091/806/319 1094/809/322 1093/807/320
f 11/440/228 181/799/313 1086/810/314 185/441/229
f 181/797/313 180/796/312 1087/802/315 1086/801/314
f 180/796/312 179/795/311 1088/805/318 1087/802/315
f 179/795/311 44/536/260 362/538/261 1088/805/318
f 1088/805/318 362/538/261 363/545/263 1091/806/319
f 1091/806/319 363/545/263 364/546/262 1094/809/322
f 1094/811/322 364/544/262 45/520/256 194/812/323
f 1093/807/320 1094/809/322 194/813/323 195/814/324
f 1092/808/321 1093/807/320 195/814/324 196/815/325
f 187/446/234 1092/816/321 196/817/325 13/444/232
f 186/443/231 1089/818/317 1092/816/321 187/446/234
f 185/441/229 1086/810/314 1089/818/317 186/443/231
f 1095/819/326 1096/820/327 1099/821/328 1098/822/329
f 1096/820/327 1097/823/330 1100/824/331 1099/821/328
f 1098/822/329 1099/821/328 1102/825/332 1101/826/333
f 1099/821/328 1100/824/331 1103/827/334 1102/825/332
f 13/444/232 196/817/325 1095/828/326 200/445/233
f 196/815/325 195/814/324 1096/829/327 1095/830/326
f 195/831/324 194/812/323 1097/823/330 1096/820/327
f 194/812/323 45/520/256 365/522/257 1097/823/330
f 1097/823/330 365/522/257 366/526/259 1100/824/331
f 1100/824/331 366/526/259 367/525/258 1103/827/334
f 1103/827/334 367/525/258 46/500/252 209/832/335
f 1102/825/332 1103/827/334 209/832/335 210/833/336
f 1101/826/333 1102/825/332 210/833/336 211/834/337
f 202/450/238 1101/835/333 211/836/337 15/448/236
f 201/447/235 1098/837/329 1101/835/333 202/450/238
f 200/445/233 1095/828/326 1098/837/329 201/447/235
f 1104/838/338 1105/839/339 1108/840/340 1107/841/341
f 1105/839/339 1106/842/342 1109/843/343 1108/840/340
f 1107/844/341 1108/845/340 1111/846/344 1110/847/345
f 1108/840/340 1109/843/343 1112/848/346 1111/849/344
f 15/448/236 211/836/337 1104/850/338 215/449/237
f 211/834/337 210/833/336 1105/839/339 1104/838/338
f 210/833/336 209/832/335 1106/842/342 1105/839/339
f 209/832/335 46/500/252 368/502/253 1106/842/342
f 1106/842/342 368/502/253 369/510/255 1109/843/343
f 1109/843/343 369/510/255 370/508/254 1112/848/346
f 1112/848/346 370/508/254 47/509/248 224/851/347
f 1111/849/344 1112/848/346 224/851/347 225/852/348
f 1110/847/345 1111/846/344 225/853/348 226/854/349
f 217/454/242 1110/847/345 226/854/349 17/452/240
f 216/451/239 1107/844/341 1110/847/345 217/454/242
f 215/449/237 1104/850/338 1107/844/341 216/451/239
f 1113/855/350 1114/856/351 1117/857/352 1116/858/353
f 1114/859/351 1115/860/354 1118/861/355 1117/862/352
f 1116/858/353 1117/857/352 1120/863/356 1119/864/357
f 1117/862/352 1118/861/355 1121/865/358 1120/866/356
f 17/452/240 226/854/349 1113/855/350 227/453/241
f 226/854/349 225/853/348 1114/856/351 1113/855/350
f 225/867/348 224/868/347 1115/860/354 1114/859/351
f 224/868/347 47/484/248 371/486/249 1115/860/354
f 1115/860/354 371/486/249 372/490/251 1118/861/355
f 1118/861/355 372/490/251 373/489/250 1121/865/358
f 1121/865/358 373/489/250 48/464/243 352/869/359
f 1120/866/356 1121/865/358 352/869/359 351/870/360
f 1119/864/357 1120/863/356 351/871/360 350/872/361
f 229/425/213 1119/864/357 350/872/361 3/423/211
f 228/427/215 1116/858/353 1119/864/357 229/425/213
f 227/453/241 1113/855/350 1116/858/353 228/427/215
f 1122/873/362 1123/874/363 1126/875/364 1125/876/365
f 1123/877/363 1124/878/366 1127/879/367 1126/880/364
f 1125/876/365 1126/875/364 1129/881/368 1128/882/369
f 1126/880/364 1127/879/367 1130/883/370 1129/884/368
f 3/423/211 350/872/361 1122/873/362 119/424/212
f 350/872/361 351/871/360 1123/874/363 1122/873/362
f 351/870/360 352/869/359 1124/878/366 1123/877/363
f 352/869/359 48/464/243 374/466/244 1124/878/366
f 1124/878/366 374/466/244 375/474/247 1127/879/367
f 1127/879/367 375/474/247 376/472/245 1130/883/370
f 1130/883/370 376/472/245 41/473/246 134/885/286
f 1129/884/368 1130/883/370 134/885/286 135/886/285
f 1128/882/369 1129/881/368 135/754/285 136/752/284
f 121/430/218 1128/882/369 136/752/284 5/428/216
f 120/426/214 1125/876/365 1128/882/369 121/430/218
f 119/424/212 1122/873/362 1125/876/365 120/426/214
f 1131/887/175 1132/888/175 1135/889/176 1134/890/176
f 1132/888/175 1133/891/175 1136/892/176 1135/889/176
f 1134/890/176 1135/889/176 1138/893/177 1137/894/177
f 1135/889/176 1136/892/176 1139/895/177 1138/893/177
f 33/611/130 283/896/130 1131/887/175 305/612/175
f 283/896/130 282/897/130 1132/888/175 1131/887/175
f 282/897/130 281/898/130 1133/891/175 1132/888/175
f 281/898/130 50/399/193 401/401/207 1133/891/175
f 1133/891/175 401/401/207 402/405/209 1136/892/176
f 1136/892/176 402/405/209 403/404/208 1139/895/177
f 1139/895/177 403/404/208 49/35/15 379/899/178
f 1138/893/177 1139/895/177 379/899/178 378/900/178
f 1137/894/177 1138/893/177 378/900/178 377/901/178
f 307/614/177 1137/894/177 377/901/178 35/615/178
f 306/613/176 1134/890/176 1137/894/177 307/614/177
f 305/612/175 1131/887/175 1134/890/176 306/613/176
f 1140/902/127 1141/903/127 1144/904/128 1143/905/128
f 1141/903/127 1142/906/127 1145/907/128 1144/904/128
f 1143/905/128 1144/904/128 1147/908/129 1146/909/129
f 1144/904/128 1145/907/128 1148/910/129 1147/908/129
f 34/631/106 286/911/106 1140/902/127 308/632/127
f 286/911/106 285/912/106 1141/903/127 1140/902/127
f 285/912/106 284/913/106 1142/906/127 1141/903/127
f 284/913/106 51/283/149 404/362/188 1142/906/127
f 1142/906/127 404/362/188 405/369/194 1145/907/128
f 1145/907/128 405/369/194 406/367/192 1148/910/129
f 1148/910/129 406/367/192 50/368/193 281/914/130
f 1147/908/129 1148/910/129 281/914/130 282/915/130
f 1146/909/129 1147/908/129 282/915/130 283/916/130
f 310/634/129 1146/909/129 283/916/130 33/635/130
f 309/633/128 1143/905/128 1146/909/129 310/634/129
f 308/632/127 1140/902/127 1143/905/128 309/633/128
f 1149/917/103 1150/918/103 1153/919/104 1152/920/104
f 1150/918/103 1151/921/103 1154/922/104 1153/919/104
f 1152/920/104 1153/919/104 1156/923/105 1155/924/105
f 1153/919/104 1154/922/104 1157/925/105 1156/923/105
f 36/651/82 292/926/82 1149/917/103 311/652/103
f 292/926/82 291/927/82 1150/918/103 1149/917/103
f 291/927/82 290/928/82 1151/921/103 1150/918/103
f 290/928/82 52/240/125 407/272/140 1151/921/103
f 1151/921/103 407/272/140 408/284/150 1154/922/104
f 1154/922/104 408/284/150 409/282/148 1157/925/105
f 1157/925/105 409/282/148 51/283/149 284/913/106
f 1156/923/105 1157/925/105 284/913/106 285/912/106
f 1155/924/105 1156/923/105 285/912/106 286/911/106
f 313/654/105 1155/924/105 286/911/106 34/631/106
f 312/653/104 1152/920/104 1155/924/105 313/654/105
f 311/652/103 1149/917/103 1152/920/104 312/653/104
f 1158/929/79 1159/930/79 1162/931/80 1161/932/80
f 1159/930/79 1160/933/79 1163/934/80 1162/931/80
f 1161/932/80 1162/931/80 1165/935/81 1164/936/81
f 1162/931/80 1163/934/80 1166/937/81 1165/935/81
f 37/667/58 295/938/58 1158/929/79 314/668/79
f 295/938/58 294/939/58 1159/930/79 1158/929/79
f 294/939/58 293/940/58 1160/933/79 1159/930/79
f 293/940/58 53/193/101 410/228/116 1160/933/79
f 1160/933/79 410/228/116 411/241/126 1163/934/80
f 1163/934/80 411/241/126 412/242/124 1166/937/81
f 1166/941/81 412/239/124 52/240/125 290/928/82
f 1165/942/81 1166/941/81 290/928/82 291/927/82
f 1164/943/81 1165/942/81 291/927/82 292/926/82
f 316/672/81 1164/943/81 292/926/82 36/651/82
f 315/669/80 1161/932/80 1164/936/81 316/670/81
f 314/668/79 1158/929/79 1161/932/80 315/669/80
f 1167/944/55 1168/945/55 1171/946/56 1170/947/56
f 1168/945/55 1169/948/55 1172/949/56 1171/946/56
f 1170/947/56 1171/946/56 1174/950/57 1173/951/57
f 1171/946/56 1172/949/56 1175/952/57 1174/950/57
f 38/690/34 298/953/34 1167/954/55 317/691/55
f 298/953/34 297/955/34 1168/956/55 1167/954/55
f 297/955/34 296/957/34 1169/958/55 1168/956/55
f 296/957/34 54/139/77 413/179/92 1169/958/55
f 1169/948/55 413/195/92 414/194/102 1172/949/56
f 1172/949/56 414/194/102 415/192/100 1175/952/57
f 1175/952/57 415/192/100 53/193/101 293/940/58
f 1174/950/57 1175/952/57 293/940/58 294/939/58
f 1173/951/57 1174/950/57 294/939/58 295/938/58
f 319/694/57 1173/951/57 295/938/58 37/667/58
f 318/693/56 1170/947/56 1173/951/57 319/694/57
f 317/692/55 1167/944/55 1170/947/56 318/693/56
f 1176/959/31 1177/960/31 1180/961/32 1179/962/32
f 1177/960/31 1178/963/31 1181/964/32 1180/961/32
f 1179/962/32 1180/961/32 1183/965/33 1182/966/33
f 1180/961/32 1181/964/32 1184/967/33 1183/965/33
f 39/707/5 301/968/5 1176/959/31 320/708/31
f 301/968/5 300/969/5 1177/960/31 1176/959/31
f 300/969/5 299/970/5 1178/963/31 1177/960/31
f 299/970/5 55/94/53 416/130/68 1178/963/31
f 1178/963/31 416/130/68 417/140/78 1181/964/32
f 1181/964/32 417/140/78 418/138/76 1184/967/33
f 1184/967/33 418/138/76 54/139/77 296/957/34
f 1183/965/33 1184/967/33 296/957/34 297/955/34
f 1182/966/33 1183/965/33 297/955/34 298/953/34
f 322/710/33 1182/966/33 298/953/34 38/690/34
f 321/709/32 1179/962/32 1182/966/33 322/710/33
f 320/708/31 1176/959/31 1179/962/32 321/709/32
f 1185/971/1 1186/972/1 1189/973/2 1188/974/2
f 1186/972/1 1187/975/1 1190/976/2 1189/973/2
f 1188/974/2 1189/973/2 1192/977/3 1191/978/3
f 1189/973/2 1190/976/2 1193/979/3 1192/977/3
f 40/723/4 304/980/4 1185/971/1 323/724/1
f 304/980/4 303/981/4 1186/972/1 1185/971/1
f 303/981/4 302/982/4 1187/975/1 1186/972/1
f 302/982/4 56/80/29 419/82/44 1187/975/1
f 1187/975/1 419/82/44 420/95/54 1190/976/2
f 1190/976/2 420/95/54 421/93/52 1193/979/3
f 1193/979/3 421/93/52 55/94/53 299/970/5
f 1192/977/3 1193/979/3 299/970/5 300/969/5
f 1191/978/3 1192/977/3 300/969/5 301/968/5
f 325/726/3 1191/978/3 301/968/5 39/707/5
f 324/725/2 1188/974/2 1191/978/3 325/726/3
f 323/724/1 1185/971/1 1188/974/2 324/725/2
f 1194/983/195 1195/984/195 1198/985/196 1197/986/196
f 1195/984/195 1196/987/195 1199/988/196 1198/985/196
f 1197/986/196 1198/985/196 1201/989/197 1200/990/197
f 1198/985/196 1199/988/196 1202/991/197 1201/989/197
f 35/615/178 377/901/178 1194/983/195 326/736/195
f 377/901/178 378/900/178 1195/984/195 1194/983/195
f 378/900/178 379/899/178 1196/987/195 1195/984/195
f 379/899/178 49/35/15 422/37/17 1196/987/195
f 1196/987/195 422/37/17 423/50/30 1199/988/196
f 1199/988/196 423/50/30 424/48/28 1202/991/197
f 1202/991/197 424/48/28 56/49/29 302/992/4
f 1201/989/197 1202/991/197 302/992/4 303/993/4
f 1200/990/197 1201/989/197 303/993/4 304/994/4
f 328/738/197 1200/990/197 304/994/4 40/739/4
f 327/737/196 1197/986/196 1200/990/197 328/738/197
f 326/736/195 1194/983/195 1197/986/196 327/737/196
f 1203/995/129 1204/996/129 1207/997/128 1206/998/128
f 1204/996/129 1205/999/129 1208/1000/128 1207/997/128
f 1206/998/128 1207/997/128 1210/1001/127 1209/1002/127
f 1207/997/128 1208/1000/128 1211/1003/127 1210/1001/127
f 81/1004/130 547/1005/130 1203/995/129 590/1006/129
f 547/1005/130 546/1007/130 1204/996/129 1203/995/129
f 546/1007/130 545/1008/130 1205/999/129 1204/996/129
f 545/1008/130 57/1009/130 428/1010/129 1205/999/129
f 1205/999/129 428/1010/129 429/1011/128 1208/1000/128
f 1208/1000/128 429/1011/128 430/1012/127 1211/1003/127
f 1211/1003/127 430/1012/127 75/1013/106 548/1014/106
f 1210/1001/127 1211/1003/127 548/1014/106 549/1015/106
f 1209/1002/127 1210/1001/127 549/1015/106 550/1016/106
f 592/1017/127 1209/1002/127 550/1016/106 82/1018/106
f 591/1019/128 1206/998/128 1209/1002/127 592/1017/127
f 590/1006/129 1203/995/129 1206/998/128 591/1019/128
f 1212/1020/371 1213/1021/372 1216/1022/373 1215/1023/374
f 1213/1021/372 1214/1024/375 1217/1025/376 1216/1022/373
f 1215/1023/374 1216/1022/373 1219/1026/377 1218/1027/378
f 1216/1022/373 1217/1025/376 1220/1028/379 1219/1026/377
f 105/1029/380 443/1030/381 1212/1020/371 734/1031/382
f 443/1030/381 444/1032/383 1213/1021/372 1212/1020/371
f 444/1032/383 445/1033/384 1214/1024/375 1213/1021/372
f 445/1033/384 60/1034/385 442/1035/386 1214/1024/375
f 1214/1036/375 442/1037/386 441/1038/387 1217/1039/376
f 1217/1039/376 441/1038/387 440/1040/388 1220/1041/379
f 1220/1041/379 440/1040/388 62/1042/389 710/1043/390
f 1219/1026/377 1220/1028/379 710/1044/390 711/1045/391
f 1218/1027/378 1219/1026/377 711/1045/391 712/1046/392
f 736/1047/393 1218/1027/378 712/1046/392 112/1048/394
f 735/1049/395 1215/1023/374 1218/1027/378 736/1047/393
f 734/1031/382 1212/1020/371 1215/1023/374 735/1049/395
f 1221/1050/105 1222/1051/105 1225/1052/104 1224/1053/104
f 1222/1051/105 1223/1054/105 1226/1055/104 1225/1052/104
f 1224/1053/104 1225/1052/104 1228/1056/103 1227/1057/103
f 1225/1052/104 1226/1055/104 1229/1058/103 1228/1056/103
f 82/1018/106 550/1016/106 1221/1050/105 587/1059/105
f 550/1016/106 549/1015/106 1222/1051/105 1221/1050/105
f 549/1015/106 548/1014/106 1223/1054/105 1222/1051/105
f 548/1014/106 75/1013/106 449/1060/105 1223/1054/105
f 1223/1054/105 449/1060/105 450/1061/104 1226/1055/104
f 1226/1055/104 450/1061/104 451/1062/103 1229/1058/103
f 1229/1058/103 451/1062/103 76/1063/82 551/1064/82
f 1228/1056/103 1229/1058/103 551/1064/82 552/1065/82
f 1227/1057/103 1228/1056/103 552/1065/82 553/1066/82
f 589/1067/103 1227/1057/103 553/1066/82 83/1068/82
f 588/1069/104 1224/1053/104 1227/1057/103 589/1067/103
f 587/1059/105 1221/1050/105 1224/1053/104 588/1069/104
f 1230/1070/396 1231/1071/397 1234/1072/398 1233/1073/399
f 1231/1071/397 1232/1074/400 1235/1075/401 1234/1072/398
f 1233/1073/399 1234/1072/398 1237/1076/402 1236/1077/403
f 1234/1072/398 1235/1075/401 1238/1078/404 1237/1076/402
f 112/1079/394 712/1080/392 1230/1070/396 731/1081/405
f 712/1080/392 711/1082/391 1231/1071/397 1230/1070/396
f 711/1082/391 710/1083/390 1232/1074/400 1231/1071/397
f 710/1083/390 62/1084/389 460/1085/406 1232/1074/400
f 1232/1074/400 460/1085/406 459/1086/407 1235/1075/401
f 1235/1075/401 459/1086/407 458/1087/408 1238/1078/404
f 1238/1078/404 458/1087/408 64/1088/409 707/1089/410
f 1237/1076/402 1238/1078/404 707/1089/410 708/1090/411
f 1236/1077/403 1237/1076/402 708/1090/411 709/1091/412
f 733/1092/413 1236/1077/403 709/1091/412 111/1093/414
f 732/1094/415 1233/1073/399 1236/1077/403 733/1092/413
f 731/1081/405 1230/1070/396 1233/1073/399 732/1094/415
f 1239/1095/81 1240/1096/81 1243/1097/80 1242/1098/80
f 1240/1096/81 1241/1099/81 1244/1100/80 1243/1097/80
f 1242/1098/80 1243/1097/80 1246/1101/79 1245/1102/79
f 1243/1097/80 1244/1100/80 1247/1103/79 1246/1101/79
f 83/1068/82 553/1066/82 1239/1104/81 584/1105/81
f 553/1066/82 552/1065/82 1240/1106/81 1239/1104/81
f 552/1065/82 551/1064/82 1241/1107/81 1240/1106/81
f 551/1064/82 76/1063/82 464/1108/81 1241/1107/81
f 1241/1099/81 464/1109/81 465/1110/80 1244/1100/80
f 1244/1100/80 465/1110/80 466/1111/79 1247/1103/79
f 1247/1103/79 466/1111/79 77/1112/58 554/1113/58
f 1246/1101/79 1247/1103/79 554/1113/58 555/1114/58
f 1245/1102/79 1246/1101/79 555/1114/58 556/1115/58
f 586/1116/79 1245/1102/79 556/1115/58 84/1117/58
f 585/1118/80 1242/1098/80 1245/1102/79 586/1116/79
f 584/1119/81 1239/1095/81 1242/1098/80 585/1118/80
f 1248/1120/416 1249/1121/417 1252/1122/418 1251/1123/419
f 1249/1121/417 1250/1124/420 1253/1125/421 1252/1122/418
f 1251/1123/419 1252/1122/418 1255/1126/422 1254/1127/423
f 1252/1122/418 1253/1125/421 1256/1128/424 1255/1126/422
f 111/1093/414 709/1091/412 1248/1120/416 728/1129/425
f 709/1091/412 708/1090/411 1249/1121/417 1248/1120/416
f 708/1090/411 707/1089/410 1250/1124/420 1249/1121/417
f 707/1089/410 64/1088/409 475/1130/426 1250/1124/420
f 1250/1124/420 475/1130/426 474/1131/427 1253/1125/421
f 1253/1125/421 474/1131/427 473/1132/428 1256/1128/424
f 1256/1128/424 473/1132/428 66/1133/429 704/1134/430
f 1255/1126/422 1256/1128/424 704/1134/430 705/1135/431
f 1254/1127/423 1255/1126/422 705/1135/431 706/1136/432
f 730/1137/433 1254/1127/423 706/1136/432 110/1138/434
f 729/1139/435 1251/1123/419 1254/1127/423 730/1137/433
f 728/1129/425 1248/1120/416 1251/1123/419 729/1139/435
f 1257/1140/57 1258/1141/57 1261/1142/56 1260/1143/56
f 1258/1141/57 1259/1144/57 1262/1145/56 1261/1142/56
f 1260/1143/56 1261/1142/56 1264/1146/55 1263/1147/55
f 1261/1142/56 1262/1145/56 1265/1148/55 1264/1146/55
f 84/1117/58 556/1115/58 1257/1140/57 581/1149/57
f 556/1115/58 555/1114/58 1258/1141/57 1257/1140/57
f 555/1114/58 554/1113/58 1259/1144/57 1258/1141/57
f 554/1113/58 77/1112/58 479/1150/57 1259/1144/57
f 1259/1144/57 479/1150/57 480/1151/56 1262/1145/56
f 1262/1145/56 480/1151/56 481/1152/55 1265/1148/55
f 1265/1153/55 481/1154/55 78/1155/34 557/1156/34
f 1264/1157/55 1265/1153/55 557/1156/34 558/1158/34
f 1263/1159/55 1264/1157/55 558/1158/34 559/1160/34
f 583/1161/55 1263/1159/55 559/1160/34 85/1162/34
f 582/1163/56 1260/1143/56 1263/1147/55 583/1164/55
f 581/1149/57 1257/1140/57 1260/1143/56 582/1163/56
f 1266/1165/436 1267/1166/437 1270/1167/438 1269/1168/439
f 1267/1166/437 1268/1169/440 1271/1170/441 1270/1167/438
f 1269/1168/439 1270/1167/438 1273/1171/442 1272/1172/443
f 1270/1167/438 1271/1170/441 1274/1173/444 1273/1171/442
f 110/1138/434 706/1136/432 1266/1174/436 725/1175/445
f 706/1176/432 705/1177/431 1267/1166/437 1266/1165/436
f 705/1177/431 704/1178/430 1268/1169/440 1267/1166/437
f 704/1178/430 66/1179/429 490/1180/446 1268/1169/440
f 1268/1169/440 490/1180/446 489/1181/447 1271/1170/441
f 1271/1170/441 489/1181/447 488/1182/448 1274/1173/444
f 1274/1173/444 488/1182/448 68/1183/449 701/1184/450
f 1273/1171/442 1274/1173/444 701/1184/450 702/1185/451
f 1272/1172/443 1273/1171/442 702/1185/451 703/1186/452
f 727/1187/453 1272/1172/443 703/1186/452 109/1188/454
f 726/1189/455 1269/1168/439 1272/1172/443 727/1187/453
f 725/1190/445 1266/1165/436 1269/1168/439 726/1189/455
f 1275/1191/33 1276/1192/33 1279/1193/32 1278/1194/32
f 1276/1192/33 1277/1195/33 1280/1196/32 1279/1193/32
f 1278/1194/32 1279/1193/32 1282/1197/31 1281/1198/31
f 1279/1193/32 1280/1196/32 1283/1199/31 1282/1197/31
f 85/1162/34 559/1160/34 1275/1191/33 578/1200/33
f 559/1160/34 558/1158/34 1276/1192/33 1275/1191/33
f 558/1158/34 557/1156/34 1277/1195/33 1276/1192/33
f 557/1156/34 78/1155/34 494/1201/33 1277/1195/33
f 1277/1195/33 494/1201/33 495/1202/32 1280/1196/32
f 1280/1196/32 495/1202/32 496/1203/31 1283/1199/31
f 1283/1199/31 496/1203/31 79/1204/5 560/1205/5
f 1282/1197/31 1283/1199/31 560/1205/5 561/1206/5
f 1281/1198/31 1282/1197/31 561/1206/5 562/1207/5
f 580/1208/31 1281/1198/31 562/1207/5 86/1209/5
f 579/1210/32 1278/1194/32 1281/1198/31 580/1208/31
f 578/1200/33 1275/1191/33 1278/1194/32 579/1210/32
f 1284/1211/456 1285/1212/457 1288/1213/458 1287/1214/459
f 1285/1212/457 1286/1215/460 1289/1216/461 1288/1213/458
f 1287/1214/459 1288/1213/458 1291/1217/462 1290/1218/463
f 1288/1213/458 1289/1216/461 1292/1219/464 1291/1217/462
f 109/1188/454 703/1186/452 1284/1211/456 722/1220/465
f 703/1186/452 702/1185/451 1285/1212/457 1284/1211/456
f 702/1185/451 701/1184/450 1286/1215/460 1285/1212/457
f 701/1184/450 68/1183/449 505/1221/466 1286/1215/460
f 1286/1215/460 505/1221/466 504/1222/467 1289/1216/461
f 1289/1216/461 504/1222/467 503/1223/468 1292/1219/464
f 1292/1219/464 503/1223/468 70/1224/469 698/1225/470
f 1291/1217/462 1292/1219/464 698/1225/470 699/1226/471
f 1290/1218/463 1291/1217/462 699/1226/471 700/1227/472
f 724/1228/473 1290/1229/463 700/1230/472 108/1231/474
f 723/1232/475 1287/1214/459 1290/1218/463 724/1233/473
f 722/1220/465 1284/1211/456 1287/1214/459 723/1232/475
f 1293/1234/3 1294/1235/3 1297/1236/2 1296/1237/2
f 1294/1235/3 1295/1238/3 1298/1239/2 1297/1236/2
f 1296/1237/2 1297/1236/2 1300/1240/1 1299/1241/1
f 1297/1236/2 1298/1239/2 1301/1242/1 1300/1240/1
f 86/1209/5 562/1207/5 1293/1234/3 575/1243/3
f 562/1207/5 561/1206/5 1294/1235/3 1293/1234/3
f 561/1206/5 560/1205/5 1295/1238/3 1294/1235/3
f 560/1205/5 79/1204/5 509/1244/3 1295/1238/3
f 1295/1238/3 509/1244/3 510/1245/2 1298/1239/2
f 1298/1239/2 510/1245/2 511/1246/1 1301/1242/1
f 1301/1242/1 511/1246/1 80/1247/4 566/1248/4
f 1300/1240/1 1301/1242/1 566/1248/4 567/1249/4
f 1299/1241/1 1300/1240/1 567/1249/4 568/1250/4
f 577/1251/1 1299/1241/1 568/1250/4 88/1252/4
f 576/1253/2 1296/1237/2 1299/1241/1 577/1251/1
f 575/1243/3 1293/1234/3 1296/1237/2 576/1253/2
f 1302/1254/476 1303/1255/477 1306/1256/478 1305/1257/479
f 1303/1255/477 1304/1258/480 1307/1259/481 1306/1256/478
f 1305/1257/479 1306/1256/478 1309/1260/482 1308/1261/483
f 1306/1256/478 1307/1259/481 1310/1262/484 1309/1260/482
f 108/1231/474 700/1230/472 1302/1254/476 719/1263/485
f 700/1230/472 699/1264/471 1303/1255/477 1302/1254/476
f 699/1264/471 698/1265/470 1304/1258/480 1303/1255/477
f 698/1265/470 70/1266/469 520/1267/486 1304/1258/480
f 1304/1258/480 520/1267/486 519/1268/487 1307/1259/481
f 1307/1259/481 519/1268/487 518/1269/488 1310/1262/484
f 1310/1262/484 518/1269/488 72/1270/489 695/1271/490
f 1309/1260/482 1310/1262/484 695/1271/490 696/1272/491
f 1308/1261/483 1309/1260/482 696/1272/491 697/1273/492
f 721/1274/493 1308/1261/483 697/1273/492 107/1275/494
f 720/1276/495 1305/1257/479 1308/1261/483 721/1274/493
f 719/1263/485 1302/1254/476 1305/1257/479 720/1276/495
f 1312/1277/496 1313/1278/497 1311/1279/210 1327/1280/498
f 1314/1281/499 1315/1282/500 1311/1279/210 1313/1278/497
f 1316/1283/501 1317/1284/502 1311/1279/210 1315/1282/500
f 1318/1285/503 1319/1286/504 1311/1279/210 1317/1284/502
f 1320/1287/505 1321/1288/506 1311/1279/210 1319/1286/504
f 1322/1289/507 1323/1290/508 1311/1291/210 1321/1292/506
f 1324/1293/509 1325/1294/510 1311/1279/210 1323/1295/508
f 1326/1296/511 1327/1280/498 1311/1279/210 1325/1294/510
f 62/1042/389 440/1040/388 1312/1277/496 460/1297/406
f 440/1040/388 441/1038/387 1313/1278/497 1312/1277/496
f 460/1297/406 1312/1277/496 1327/1280/498 459/1298/407
f 60/1299/385 542/1300/512 1314/1281/499 442/1037/386
f 542/1300/512 543/1301/513 1315/1282/500 1314/1281/499
f 442/1037/386 1314/1281/499 1313/1278/497 441/1038/387
f 74/1302/514 533/1303/515 1316/1283/501 544/1304/516
f 533/1303/515 534/1305/517 1317/1284/502 1316/1283/501
f 544/1304/516 1316/1283/501 1315/1282/500 543/1301/513
f 72/1270/489 518/1269/488 1318/1306/503 535/1307/518
f 518/1308/488 519/1309/487 1319/1286/504 1318/1285/503
f 535/1310/518 1318/1285/503 1317/1284/502 534/1305/517
f 70/1224/469 503/1223/468 1320/1311/505 520/1312/486
f 503/1223/468 504/1222/467 1321/1292/506 1320/1311/505
f 520/1312/486 1320/1311/505 1319/1313/504 519/1314/487
f 68/1183/449 488/1182/448 1322/1289/507 505/1221/466
f 488/1182/448 489/1181/447 1323/1290/508 1322/1289/507
f 505/1221/466 1322/1289/507 1321/1292/506 504/1222/467
f 66/1179/429 473/1315/428 1324/1316/509 490/1180/446
f 473/1315/428 474/1317/427 1325/1318/510 1324/1316/509
f 490/1180/446 1324/1316/509 1323/1290/508 489/1181/447
f 64/1319/409 458/1320/408 1326/1296/511 475/1321/426
f 458/1320/408 459/1298/407 1327/1280/498 1326/1296/511
f 475/1321/426 1326/1296/511 1325/1294/510 474/1322/427
f 1328/1323/197 1329/1324/197 1332/1325/196 1331/1326/196
f 1329/1324/197 1330/1327/197 1333/1328/196 1332/1325/196
f 1331/1326/196 1332/1325/196 1335/1329/195 1334/1330/195
f 1332/1325/196 1333/1328/196 1336/1331/195 1335/1329/195
f 88/1332/4 568/1333/4 1328/1323/197 572/1334/197
f 568/1333/4 567/1335/4 1329/1324/197 1328/1323/197
f 567/1335/4 566/1336/4 1330/1327/197 1329/1324/197
f 566/1336/4 80/1337/4 524/1338/197 1330/1327/197
f 1330/1327/197 524/1338/197 525/1339/196 1333/1328/196
f 1333/1328/196 525/1339/196 526/1340/195 1336/1331/195
f 1336/1331/195 526/1340/195 58/1341/178 532/1342/178
f 1335/1329/195 1336/1331/195 532/1342/178 531/1343/178
f 1334/1330/195 1335/1329/195 531/1343/178 530/1344/178
f 574/1345/195 1334/1330/195 530/1344/178 87/1346/178
f 573/1347/196 1331/1326/196 1334/1330/195 574/1345/195
f 572/1334/197 1328/1323/197 1331/1326/196 573/1347/196
f 1337/1348/519 1338/1349/520 1341/1350/521 1340/1351/522
f 1338/1349/520 1339/1352/523 1342/1353/524 1341/1350/521
f 1340/1351/522 1341/1350/521 1344/1354/525 1343/1355/526
f 1341/1350/521 1342/1353/524 1345/1356/527 1344/1354/525
f 107/1275/494 697/1273/492 1337/1348/519 716/1357/528
f 697/1273/492 696/1272/491 1338/1349/520 1337/1348/519
f 696/1272/491 695/1271/490 1339/1352/523 1338/1349/520
f 695/1271/490 72/1270/489 535/1307/518 1339/1352/523
f 1339/1352/523 535/1307/518 534/1358/517 1342/1353/524
f 1342/1353/524 534/1358/517 533/1359/515 1345/1356/527
f 1345/1356/527 533/1359/515 74/1360/514 692/1361/529
f 1344/1354/525 1345/1356/527 692/1361/529 693/1362/530
f 1343/1355/526 1344/1354/525 693/1362/530 694/1363/531
f 718/1364/532 1343/1355/526 694/1363/531 106/1365/533
f 717/1366/534 1340/1351/522 1343/1355/526 718/1364/532
f 716/1357/528 1337/1348/519 1340/1351/522 717/1366/534
f 1346/1367/177 1347/1368/177 1350/1369/176 1349/1370/176
f 1347/1368/177 1348/1371/177 1351/1372/176 1350/1369/176
f 1349/1370/176 1350/1369/176 1353/1373/175 1352/1374/175
f 1350/1369/176 1351/1372/176 1354/1375/175 1353/1373/175
f 87/1346/178 530/1344/178 1346/1367/177 569/1376/177
f 530/1344/178 531/1343/178 1347/1368/177 1346/1367/177
f 531/1343/178 532/1342/178 1348/1371/177 1347/1368/177
f 532/1342/178 58/1341/178 425/1377/177 1348/1371/177
f 1348/1371/177 425/1377/177 426/1378/176 1351/1372/176
f 1351/1372/176 426/1378/176 427/1379/175 1354/1375/175
f 1354/1375/175 427/1379/175 57/1380/130 545/1381/130
f 1353/1373/175 1354/1375/175 545/1381/130 546/1382/130
f 1352/1374/175 1353/1373/175 546/1382/130 547/1383/130
f 571/1384/175 1352/1374/175 547/1383/130 81/1385/130
f 570/1386/176 1349/1370/176 1352/1374/175 571/1384/175
f 569/1376/177 1346/1367/177 1349/1370/176 570/1386/176
f 1355/1387/535 1356/1388/536 1359/1389/537 1358/1390/538
f 1356/1388/536 1357/1391/539 1360/1392/540 1359/1389/537
f 1358/1390/538 1359/1389/537 1362/1393/541 1361/1394/542
f 1359/1389/537 1360/1392/540 1363/1395/543 1362/1393/541
f 106/1396/533 694/1397/531 1355/1387/535 713/1398/544
f 694/1397/531 693/1399/530 1356/1388/536 1355/1387/535
f 693/1399/530 692/1400/529 1357/1391/539 1356/1388/536
f 692/1401/529 74/1302/514 544/1304/516 1357/1402/539
f 1357/1402/539 544/1304/516 543/1301/513 1360/1403/540
f 1360/1403/540 543/1301/513 542/1300/512 1363/1404/543
f 1363/1395/543 542/1405/512 60/1034/385 445/1033/384
f 1362/1393/541 1363/1395/543 445/1033/384 444/1032/383
f 1361/1394/542 1362/1393/541 444/1032/383 443/1030/381
f 715/1406/545 1361/1394/542 443/1030/381 105/1029/380
f 714/1407/546 1358/1390/538 1361/1394/542 715/1406/545
f 713/1398/544 1355/1387/535 1358/1390/538 714/1407/546
f 1365/1408/153 1366/1409/153 1364/1410/153 1380/1411/153
f 1367/1412/153 1368/1413/153 1364/1410/153 1366/1409/153
f 1369/1414/153 1370/1415/153 1364/1410/153 1368/1413/153
f 1371/1416/153 1372/1417/153 1364/1410/153 1370/1415/153
f 1373/1418/153 1374/1419/153 1364/1410/153 1372/1417/153
f 1375/1420/153 1376/1421/153 1364/1410/153 1374/1419/153
f 1377/1422/153 1378/1423/153 1364/1410/153 1376/1421/153
f 1379/1424/153 1380/1411/153 1364/1410/153 1378/1423/153
f 59/1425/547 431/1426/548 1365/1408/153 541/1427/549
f 431/1426/548 432/1428/550 1366/1409/153 1365/1408/153
f 541/1427/549 1365/1408/153 1380/1411/153 540/1429/551
f 61/1430/552 452/1431/553 1367/1412/153 433/1432/554
f 452/1431/553 453/1433/555 1368/1413/153 1367/1412/153
f 433/1432/554 1367/1412/153 1366/1409/153 432/1428/550
f 63/1434/556 467/1435/557 1369/1414/153 454/1436/558
f 467/1435/557 468/1437/559 1370/1415/153 1369/1414/153
f 454/1436/558 1369/1414/153 1368/1413/153 453/1433/555
f 65/1438/560 482/1439/561 1371/1416/153 469/1440/562
f 482/1439/561 483/1441/563 1372/1417/153 1371/1416/153
f 469/1440/562 1371/1416/153 1370/1415/153 468/1437/559
f 67/1442/564 497/1443/565 1373/1418/153 484/1444/566
f 497/1443/565 498/1445/567 1374/1419/153 1373/1418/153
f 484/1444/566 1373/1418/153 1372/1417/153 483/1441/563
f 69/1446/568 512/1447/569 1375/1420/153 499/1448/570
f 512/1447/569 513/1449/571 1376/1421/153 1375/1420/153
f 499/1448/570 1375/1420/153 1374/1419/153 498/1445/567
f 71/1450/572 527/1451/573 1377/1422/153 514/1452/574
f 527/1451/573 528/1453/575 1378/1423/153 1377/1422/153
f 514/1452/574 1377/1422/153 1376/1421/153 513/1449/571
f 73/1454/576 539/1455/577 1379/1424/153 529/1456/578
f 539/1455/577 540/1429/551 1380/1411/153 1379/1424/153
f 529/1456/578 1379/1424/153 1378/1423/153 528/1453/575
f 1381/1457/177 1382/1458/177 1385/1459/176 1384/1460/176
f 1382/1458/177 1383/1461/177 1386/1462/176 1385/1459/176
f 1384/1460/176 1385/1459/176 1388/1463/175 1387/1464/175
f 1385/1459/176 1386/1462/176 1389/1465/175 1388/1463/175
f 104/1466/579 563/1467/178 1381/1457/177 686/1468/580
f 563/1467/178 564/1469/178 1382/1458/177 1381/1457/177
f 564/1469/178 565/1470/178 1383/1461/177 1382/1458/177
f 565/1470/178 87/1346/178 569/1376/177 1383/1461/177
f 1383/1461/177 569/1376/177 570/1386/176 1386/1462/176
f 1386/1462/176 570/1386/176 571/1384/175 1389/1465/175
f 1389/1465/175 571/1384/175 81/1385/130 641/1471/130
f 1388/1463/175 1389/1465/175 641/1471/130 642/1472/130
f 1387/1464/175 1388/1463/175 642/1472/130 643/1473/130
f 688/1474/581 1387/1464/175 643/1473/130 97/1475/582
f 687/1476/583 1384/1460/176 1387/1464/175 688/1474/581
f 686/1468/580 1381/1457/177 1384/1460/176 687/1476/583
f 1390/1477/197 1391/1478/197 1394/1479/196 1393/1480/196
f 1391/1478/197 1392/1481/197 1395/1482/196 1394/1479/196
f 1393/1480/196 1394/1479/196 1397/1483/195 1396/1484/195
f 1394/1479/196 1395/1482/196 1398/1485/195 1397/1483/195
f 103/1486/584 661/1487/4 1390/1477/197 683/1488/585
f 661/1487/4 660/1489/4 1391/1478/197 1390/1477/197
f 660/1489/4 659/1490/4 1392/1481/197 1391/1478/197
f 659/1490/4 88/1332/4 572/1334/197 1392/1481/197
f 1392/1481/197 572/1334/197 573/1347/196 1395/1482/196
f 1395/1482/196 573/1347/196 574/1345/195 1398/1485/195
f 1398/1485/195 574/1345/195 87/1346/178 565/1470/178
f 1397/1483/195 1398/1485/195 565/1470/178 564/1469/178
f 1396/1484/195 1397/1483/195 564/1469/178 563/1467/178
f 685/1491/586 1396/1484/195 563/1467/178 104/1466/579
f 684/1492/587 1393/1480/196 1396/1484/195 685/1491/586
f 683/1488/585 1390/1477/197 1393/1480/196 684/1492/587
f 1399/1493/3 1400/1494/3 1403/1495/2 1402/1496/2
f 1400/1494/3 1401/1497/3 1404/1498/2 1403/1495/2
f 1402/1496/2 1403/1495/2 1406/1499/1 1405/1500/1
f 1403/1495/2 1404/1498/2 1407/1501/1 1406/1499/1
f 102/1502/588 658/1503/5 1399/1493/3 680/1504/589
f 658/1503/5 657/1505/5 1400/1494/3 1399/1493/3
f 657/1505/5 656/1506/5 1401/1497/3 1400/1494/3
f 656/1506/5 86/1209/5 575/1243/3 1401/1497/3
f 1401/1497/3 575/1243/3 576/1253/2 1404/1498/2
f 1404/1498/2 576/1253/2 577/1251/1 1407/1501/1
f 1407/1501/1 577/1251/1 88/1252/4 659/1507/4
f 1406/1499/1 1407/1501/1 659/1507/4 660/1508/4
f 1405/1500/1 1406/1499/1 660/1508/4 661/1509/4
f 682/1510/590 1405/1500/1 661/1509/4 103/1511/584
f 681/1512/591 1402/1496/2 1405/1500/1 682/1510/590
f 680/1504/589 1399/1493/3 1402/1496/2 681/1512/591
f 1408/1513/33 1409/1514/33 1412/1515/32 1411/1516/32
f 1409/1514/33 1410/1517/33 1413/1518/32 1412/1515/32
f 1411/1516/32 1412/1515/32 1415/1519/31 1414/1520/31
f 1412/1515/32 1413/1518/32 1416/1521/31 1415/1519/31
f 101/1522/592 655/1523/34 1408/1513/33 677/1524/593
f 655/1523/34 654/1525/34 1409/1514/33 1408/1513/33
f 654/1525/34 653/1526/34 1410/1517/33 1409/1514/33
f 653/1526/34 85/1162/34 578/1200/33 1410/1517/33
f 1410/1517/33 578/1200/33 579/1210/32 1413/1518/32
f 1413/1518/32 579/1210/32 580/1208/31 1416/1521/31
f 1416/1521/31 580/1208/31 86/1209/5 656/1506/5
f 1415/1519/31 1416/1521/31 656/1506/5 657/1505/5
f 1414/1520/31 1415/1519/31 657/1505/5 658/1503/5
f 679/1527/594 1414/1520/31 658/1503/5 102/1502/588
f 678/1528/595 1411/1516/32 1414/1520/31 679/1527/594
f 677/1524/593 1408/1513/33 1411/1516/32 678/1528/595
f 1417/1529/57 1418/1530/57 1421/1531/56 1420/1532/56
f 1418/1530/57 1419/1533/57 1422/1534/56 1421/1531/56
f 1420/1532/56 1421/1531/56 1424/1535/55 1423/1536/55
f 1421/1531/56 1422/1534/56 1425/1537/55 1424/1535/55
f 100/1538/596 652/1539/58 1417/1529/57 674/1540/597
f 652/1539/58 651/1541/58 1418/1530/57 1417/1529/57
f 651/1541/58 650/1542/58 1419/1533/57 1418/1530/57
f 650/1542/58 84/1117/58 581/1149/57 1419/1533/57
f 1419/1533/57 581/1149/57 582/1163/56 1422/1534/56
f 1422/1534/56 582/1163/56 583/1164/55 1425/1537/55
f 1425/1543/55 583/1161/55 85/1162/34 653/1526/34
f 1424/1544/55 1425/1543/55 653/1526/34 654/1525/34
f 1423/1545/55 1424/1544/55 654/1525/34 655/1523/34
f 676/1546/598 1423/1545/55 655/1523/34 101/1522/592
f 675/1547/599 1420/1532/56 1423/1536/55 676/1548/598
f 674/1540/597 1417/1529/57 1420/1532/56 675/1547/599
f 1426/1549/81 1427/1550/81 1430/1551/80 1429/1552/80
f 1427/1550/81 1428/1553/81 1431/1554/80 1430/1551/80
f 1429/1552/80 1430/1551/80 1433/1555/79 1432/1556/79
f 1430/1551/80 1431/1554/80 1434/1557/79 1433/1555/79
f 99/1558/600 649/1559/82 1426/1560/81 671/1561/601
f 649/1559/82 648/1562/82 1427/1563/81 1426/1560/81
f 648/1562/82 647/1564/82 1428/1565/81 1427/1563/81
f 647/1564/82 83/1068/82 584/1105/81 1428/1565/81
f 1428/1553/81 584/1119/81 585/1118/80 1431/1554/80
f 1431/1554/80 585/1118/80 586/1116/79 1434/1557/79
f 1434/1557/79 586/1116/79 84/1117/58 650/1542/58
f 1433/1555/79 1434/1557/79 650/1542/58 651/1541/58
f 1432/1556/79 1433/1555/79 651/1541/58 652/1539/58
f 673/1566/602 1432/1556/79 652/1539/58 100/1538/596
f 672/1567/603 1429/1552/80 1432/1556/79 673/1566/602
f 671/1568/601 1426/1549/81 1429/1552/80 672/1567/603
f 1435/1569/105 1436/1570/105 1439/1571/104 1438/1572/104
f 1436/1570/105 1437/1573/105 1440/1574/104 1439/1571/104
f 1438/1572/104 1439/1571/104 1442/1575/103 1441/1576/103
f 1439/1571/104 1440/1574/104 1443/1577/103 1442/1575/103
f 98/1578/604 646/1579/106 1435/1569/105 668/1580/605
f 646/1579/106 645/1581/106 1436/1570/105 1435/1569/105
f 645/1581/106 644/1582/106 1437/1573/105 1436/1570/105
f 644/1582/106 82/1018/106 587/1059/105 1437/1573/105
f 1437/1573/105 587/1059/105 588/1069/104 1440/1574/104
f 1440/1574/104 588/1069/104 589/1067/103 1443/1577/103
f 1443/1577/103 589/1067/103 83/1068/82 647/1564/82
f 1442/1575/103 1443/1577/103 647/1564/82 648/1562/82
f 1441/1576/103 1442/1575/103 648/1562/82 649/1559/82
f 670/1583/606 1441/1576/103 649/1559/82 99/1558/600
f 669/1584/607 1438/1572/104 1441/1576/103 670/1583/606
f 668/1580/605 1435/1569/105 1438/1572/104 669/1584/607
f 1444/1585/129 1445/1586/129 1448/1587/128 1447/1588/128
f 1445/1586/129 1446/1589/129 1449/1590/128 1448/1587/128
f 1447/1588/128 1448/1587/128 1451/1591/127 1450/1592/127
f 1448/1587/128 1449/1590/128 1452/1593/127 1451/1591/127
f 97/1594/582 643/1595/130 1444/1585/129 665/1596/608
f 643/1595/130 642/1597/130 1445/1586/129 1444/1585/129
f 642/1597/130 641/1598/130 1446/1589/129 1445/1586/129
f 641/1598/130 81/1004/130 590/1006/129 1446/1589/129
f 1446/1589/129 590/1006/129 591/1019/128 1449/1590/128
f 1449/1590/128 591/1019/128 592/1017/127 1452/1593/127
f 1452/1593/127 592/1017/127 82/1018/106 644/1582/106
f 1451/1591/127 1452/1593/127 644/1582/106 645/1581/106
f 1450/1592/127 1451/1591/127 645/1581/106 646/1579/106
f 667/1599/609 1450/1592/127 646/1579/106 98/1578/604
f 666/1600/610 1447/1588/128 1450/1592/127 667/1599/609
f 665/1596/608 1444/1585/129 1447/1588/128 666/1600/610
f 1453/1601/197 1454/1602/197 1457/1603/196 1456/1604/196
f 1454/1602/197 1455/1605/197 1458/1606/196 1457/1603/196
f 1456/1604/196 1457/1603/196 1460/1607/195 1459/1608/195
f 1457/1603/196 1458/1606/196 1461/1609/195 1460/1607/195
f 80/1337/4 436/1610/4 1453/1601/197 524/1338/197
f 436/1610/4 435/1611/4 1454/1602/197 1453/1601/197
f 435/1611/4 434/1612/4 1455/1605/197 1454/1602/197
f 434/1612/4 89/1613/4 617/1614/197 1455/1605/197
f 1455/1605/197 617/1614/197 618/1615/196 1458/1606/196
f 1458/1606/196 618/1615/196 619/1616/195 1461/1609/195
f 1461/1609/195 619/1616/195 91/1617/178 601/1618/178
f 1460/1607/195 1461/1609/195 601/1618/178 600/1619/178
f 1459/1608/195 1460/1607/195 600/1619/178 599/1620/178
f 526/1340/195 1459/1608/195 599/1620/178 58/1341/178
f 525/1339/196 1456/1604/196 1459/1608/195 526/1340/195
f 524/1338/197 1453/1601/197 1456/1604/196 525/1339/196
f 1462/1621/3 1463/1622/3 1466/1623/2 1465/1624/2
f 1463/1622/3 1464/1625/3 1467/1626/2 1466/1623/2
f 1465/1624/2 1466/1623/2 1469/1627/1 1468/1628/1
f 1466/1623/2 1467/1626/2 1470/1629/1 1469/1627/1
f 79/1204/5 439/1630/5 1462/1621/3 509/1244/3
f 439/1630/5 438/1631/5 1463/1622/3 1462/1621/3
f 438/1631/5 437/1632/5 1464/1625/3 1463/1622/3
f 437/1632/5 90/1633/5 620/1634/3 1464/1625/3
f 1464/1625/3 620/1634/3 621/1635/2 1467/1626/2
f 1467/1626/2 621/1635/2 622/1636/1 1470/1629/1
f 1470/1629/1 622/1636/1 89/1637/4 434/1638/4
f 1469/1627/1 1470/1629/1 434/1638/4 435/1639/4
f 1468/1628/1 1469/1627/1 435/1639/4 436/1640/4
f 511/1246/1 1468/1628/1 436/1640/4 80/1247/4
f 510/1245/2 1465/1624/2 1468/1628/1 511/1246/1
f 509/1244/3 1462/1621/3 1465/1624/2 510/1245/2
f 1471/1641/33 1472/1642/33 1475/1643/32 1474/1644/32
f 1472/1642/33 1473/1645/33 1476/1646/32 1475/1643/32
f 1474/1644/32 1475/1643/32 1478/1647/31 1477/1648/31
f 1475/1643/32 1476/1646/32 1479/1649/31 1478/1647/31
f 78/1155/34 457/1650/34 1471/1641/33 494/1201/33
f 457/1650/34 456/1651/34 1472/1642/33 1471/1641/33
f 456/1651/34 455/1652/34 1473/1645/33 1472/1642/33
f 455/1652/34 92/1653/34 623/1654/33 1473/1645/33
f 1473/1645/33 623/1654/33 624/1655/32 1476/1646/32
f 1476/1646/32 624/1655/32 625/1656/31 1479/1649/31
f 1479/1649/31 625/1656/31 90/1633/5 437/1632/5
f 1478/1647/31 1479/1649/31 437/1632/5 438/1631/5
f 1477/1648/31 1478/1647/31 438/1631/5 439/1630/5
f 496/1203/31 1477/1648/31 439/1630/5 79/1204/5
f 495/1202/32 1474/1644/32 1477/1648/31 496/1203/31
f 494/1201/33 1471/1641/33 1474/1644/32 495/1202/32
f 1480/1657/57 1481/1658/57 1484/1659/56 1483/1660/56
f 1481/1658/57 1482/1661/57 1485/1662/56 1484/1659/56
f 1483/1660/56 1484/1659/56 1487/1663/55 1486/1664/55
f 1484/1659/56 1485/1662/56 1488/1665/55 1487/1663/55
f 77/1112/58 472/1666/58 1480/1657/57 479/1150/57
f 472/1666/58 471/1667/58 1481/1658/57 1480/1657/57
f 471/1667/58 470/1668/58 1482/1661/57 1481/1658/57
f 470/1668/58 93/1669/58 626/1670/57 1482/1661/57
f 1482/1661/57 626/1670/57 627/1671/56 1485/1662/56
f 1485/1662/56 627/1671/56 628/1672/55 1488/1665/55
f 1488/1673/55 628/1674/55 92/1653/34 455/1652/34
f 1487/1675/55 1488/1673/55 455/1652/34 456/1651/34
f 1486/1676/55 1487/1675/55 456/1651/34 457/1650/34
f 481/1154/55 1486/1676/55 457/1650/34 78/1155/34
f 480/1151/56 1483/1660/56 1486/1664/55 481/1152/55
f 479/1150/57 1480/1657/57 1483/1660/56 480/1151/56
f 1489/1677/81 1490/1678/81 1493/1679/80 1492/1680/80
f 1490/1678/81 1491/1681/81 1494/1682/80 1493/1679/80
f 1492/1680/80 1493/1679/80 1496/1683/79 1495/1684/79
f 1493/1679/80 1494/1682/80 1497/1685/79 1496/1683/79
f 76/1063/82 487/1686/82 1489/1687/81 464/1108/81
f 487/1686/82 486/1688/82 1490/1689/81 1489/1687/81
f 486/1688/82 485/1690/82 1491/1691/81 1490/1689/81
f 485/1690/82 94/1692/82 629/1693/81 1491/1691/81
f 1491/1681/81 629/1694/81 630/1695/80 1494/1682/80
f 1494/1682/80 630/1695/80 631/1696/79 1497/1685/79
f 1497/1685/79 631/1696/79 93/1669/58 470/1668/58
f 1496/1683/79 1497/1685/79 470/1668/58 471/1667/58
f 1495/1684/79 1496/1683/79 471/1667/58 472/1666/58
f 466/1111/79 1495/1684/79 472/1666/58 77/1112/58
f 465/1110/80 1492/1680/80 1495/1684/79 466/1111/79
f 464/1109/81 1489/1677/81 1492/1680/80 465/1110/80
f 1498/1697/105 1499/1698/105 1502/1699/104 1501/1700/104
f 1499/1698/105 1500/1701/105 1503/1702/104 1502/1699/104
f 1501/1700/104 1502/1699/104 1505/1703/103 1504/1704/103
f 1502/1699/104 1503/1702/104 1506/1705/103 1505/1703/103
f 75/1013/106 502/1706/106 1498/1697/105 449/1060/105
f 502/1706/106 501/1707/106 1499/1698/105 1498/1697/105
f 501/1707/106 500/1708/106 1500/1701/105 1499/1698/105
f 500/1708/106 95/1709/106 632/1710/105 1500/1701/105
f 1500/1701/105 632/1710/105 633/1711/104 1503/1702/104
f 1503/1702/104 633/1711/104 634/1712/103 1506/1705/103
f 1506/1705/103 634/1712/103 94/1692/82 485/1690/82
f 1505/1703/103 1506/1705/103 485/1690/82 486/1688/82
f 1504/1704/103 1505/1703/103 486/1688/82 487/1686/82
f 451/1062/103 1504/1704/103 487/1686/82 76/1063/82
f 450/1061/104 1501/1700/104 1504/1704/103 451/1062/103
f 449/1060/105 1498/1697/105 1501/1700/104 450/1061/104
f 1507/1713/129 1508/1714/129 1511/1715/128 1510/1716/128
f 1508/1714/129 1509/1717/129 1512/1718/128 1511/1715/128
f 1510/1716/128 1511/1715/128 1514/1719/127 1513/1720/127
f 1511/1715/128 1512/1718/128 1515/1721/127 1514/1719/127
f 57/1009/130 517/1722/130 1507/1713/129 428/1010/129
f 517/1722/130 516/1723/130 1508/1714/129 1507/1713/129
f 516/1723/130 515/1724/130 1509/1717/129 1508/1714/129
f 515/1724/130 96/1725/130 635/1726/129 1509/1717/129
f 1509/1717/129 635/1726/129 636/1727/128 1512/1718/128
f 1512/1718/128 636/1727/128 637/1728/127 1515/1721/127
f 1515/1721/127 637/1728/127 95/1709/106 500/1708/106
f 1514/1719/127 1515/1721/127 500/1708/106 501/1707/106
f 1513/1720/127 1514/1719/127 501/1707/106 502/1706/106
f 430/1012/127 1513/1720/127 502/1706/106 75/1013/106
f 429/1011/128 1510/1716/128 1513/1720/127 430/1012/127
f 428/1010/129 1507/1713/129 1510/1716/128 429/1011/128
f 1516/1729/177 1517/1730/177 1520/1731/176 1519/1732/176
f 1517/1730/177 1518/1733/177 1521/1734/176 1520/1731/176
f 1519/1732/176 1520/1731/176 1523/1735/175 1522/1736/175
f 1520/1731/176 1521/1734/176 1524/1737/175 1523/1735/175
f 58/1341/178 599/1620/178 1516/1729/177 425/1377/177
f 599/1620/178 600/1619/178 1517/1730/177 1516/1729/177
f 600/1619/178 601/1618/178 1518/1733/177 1517/1730/177
f 601/1618/178 91/1617/178 638/1738/177 1518/1733/177
f 1518/1733/177 638/1738/177 639/1739/176 1521/1734/176
f 1521/1734/176 639/1739/176 640/1740/175 1524/1737/175
f 1524/1737/175 640/1740/175 96/1741/130 515/1742/130
f 1523/1735/175 1524/1737/175 515/1742/130 516/1743/130
f 1522/1736/175 1523/1735/175 516/1743/130 517/1744/130
f 427/1379/175 1522/1736/175 517/1744/130 57/1380/130
f 426/1378/176 1519/1732/176 1522/1736/175 427/1379/175
f 425/1377/177 1516/1729/177 1519/1732/176 426/1378/176
f 1525/1745/611 1526/1746/612 1529/1747/613 1528/1748/614
f 1526/1746/612 1527/1749/615 1530/1750/616 1529/1747/613
f 1528/1748/614 1529/1747/613 1532/1751/617 1531/1752/618
f 1529/1747/613 1530/1750/616 1533/1753/619 1532/1751/617
f 61/1430/552 448/1754/620 1525/1755/611 452/1431/553
f 448/1756/620 447/1757/621 1526/1746/612 1525/1745/611
f 447/1757/621 446/1758/622 1527/1749/615 1526/1746/612
f 446/1758/622 97/1594/582 665/1596/608 1527/1749/615
f 1527/1749/615 665/1596/608 666/1600/610 1530/1750/616
f 1530/1750/616 666/1600/610 667/1599/609 1533/1753/619
f 1533/1753/619 667/1599/609 98/1578/604 461/1759/623
f 1532/1751/617 1533/1753/619 461/1759/623 462/1760/624
f 1531/1752/618 1532/1751/617 462/1760/624 463/1761/625
f 454/1436/558 1531/1762/618 463/1763/625 63/1434/556
f 453/1433/555 1528/1764/614 1531/1762/618 454/1436/558
f 452/1431/553 1525/1755/611 1528/1764/614 453/1433/555
f 1534/1765/626 1535/1766/627 1538/1767/628 1537/1768/629
f 1535/1766/627 1536/1769/630 1539/1770/631 1538/1767/628
f 1537/1768/629 1538/1767/628 1541/1771/632 1540/1772/633
f 1538/1767/628 1539/1770/631 1542/1773/634 1541/1771/632
f 63/1434/556 463/1763/625 1534/1774/626 467/1435/557
f 463/1761/625 462/1760/624 1535/1766/627 1534/1765/626
f 462/1760/624 461/1759/623 1536/1769/630 1535/1766/627
f 461/1759/623 98/1578/604 668/1580/605 1536/1769/630
f 1536/1769/630 668/1580/605 669/1584/607 1539/1770/631
f 1539/1770/631 669/1584/607 670/1583/606 1542/1773/634
f 1542/1773/634 670/1583/606 99/1558/600 476/1775/635
f 1541/1771/632 1542/1773/634 476/1775/635 477/1776/636
f 1540/1777/633 1541/1778/632 477/1779/636 478/1780/637
f 469/1440/562 1540/1777/633 478/1780/637 65/1438/560
f 468/1437/559 1537/1781/629 1540/1777/633 469/1440/562
f 467/1435/557 1534/1774/626 1537/1781/629 468/1437/559
f 1543/1782/638 1544/1783/639 1547/1784/640 1546/1785/641
f 1544/1783/639 1545/1786/642 1548/1787/643 1547/1784/640
f 1546/1785/641 1547/1784/640 1550/1788/644 1549/1789/645
f 1547/1784/640 1548/1787/643 1551/1790/646 1550/1788/644
f 65/1438/560 478/1780/637 1543/1782/638 482/1439/561
f 478/1780/637 477/1779/636 1544/1783/639 1543/1782/638
f 477/1776/636 476/1775/635 1545/1791/642 1544/1792/639
f 476/1775/635 99/1558/600 671/1561/601 1545/1791/642
f 1545/1793/642 671/1568/601 672/1567/603 1548/1794/643
f 1548/1794/643 672/1567/603 673/1566/602 1551/1795/646
f 1551/1795/646 673/1566/602 100/1538/596 491/1796/647
f 1550/1797/644 1551/1795/646 491/1796/647 492/1798/648
f 1549/1789/645 1550/1788/644 492/1799/648 493/1800/649
f 484/1444/566 1549/1789/645 493/1800/649 67/1442/564
f 483/1441/563 1546/1785/641 1549/1789/645 484/1444/566
f 482/1439/561 1543/1782/638 1546/1785/641 483/1441/563
f 1552/1801/650 1553/1802/651 1556/1803/652 1555/1804/653
f 1553/1802/651 1554/1805/654 1557/1806/655 1556/1803/652
f 1555/1804/653 1556/1803/652 1559/1807/656 1558/1808/657
f 1556/1803/652 1557/1806/655 1560/1809/658 1559/1807/656
f 67/1442/564 493/1800/649 1552/1801/650 497/1443/565
f 493/1800/649 492/1799/648 1553/1802/651 1552/1801/650
f 492/1798/648 491/1796/647 1554/1810/654 1553/1811/651
f 491/1796/647 100/1538/596 674/1540/597 1554/1810/654
f 1554/1810/654 674/1540/597 675/1547/599 1557/1812/655
f 1557/1812/655 675/1547/599 676/1548/598 1560/1813/658
f 1560/1814/658 676/1546/598 101/1522/592 506/1815/659
f 1559/1816/656 1560/1814/658 506/1815/659 507/1817/660
f 1558/1808/657 1559/1807/656 507/1818/660 508/1819/661
f 499/1448/570 1558/1808/657 508/1819/661 69/1446/568
f 498/1445/567 1555/1804/653 1558/1808/657 499/1448/570
f 497/1443/565 1552/1801/650 1555/1804/653 498/1445/567
f 1561/1820/662 1562/1821/663 1565/1822/664 1564/1823/665
f 1562/1821/663 1563/1824/666 1566/1825/667 1565/1822/664
f 1564/1823/665 1565/1822/664 1568/1826/668 1567/1827/669
f 1565/1822/664 1566/1825/667 1569/1828/670 1568/1826/668
f 69/1446/568 508/1819/661 1561/1829/662 512/1447/569
f 508/1819/661 507/1818/660 1562/1830/663 1561/1829/662
f 507/1817/660 506/1815/659 1563/1824/666 1562/1821/663
f 506/1815/659 101/1522/592 677/1524/593 1563/1824/666
f 1563/1824/666 677/1524/593 678/1528/595 1566/1825/667
f 1566/1825/667 678/1528/595 679/1527/594 1569/1828/670
f 1569/1828/670 679/1527/594 102/1502/588 521/1831/671
f 1568/1826/668 1569/1828/670 521/1831/671 522/1832/672
f 1567/1827/669 1568/1826/668 522/1832/672 523/1833/673
f 514/1452/574 1567/1834/669 523/1835/673 71/1450/572
f 513/1449/571 1564/1836/665 1567/1834/669 514/1452/574
f 512/1447/569 1561/1829/662 1564/1836/665 513/1449/571
f 1570/1837/674 1571/1838/675 1574/1839/676 1573/1840/677
f 1571/1838/675 1572/1841/678 1575/1842/679 1574/1839/676
f 1573/1840/677 1574/1839/676 1577/1843/680 1576/1844/681
f 1574/1839/676 1575/1842/679 1578/1845/682 1577/1843/680
f 71/1450/572 523/1835/673 1570/1846/674 527/1451/573
f 523/1833/673 522/1832/672 1571/1838/675 1570/1837/674
f 522/1832/672 521/1831/671 1572/1841/678 1571/1838/675
f 521/1831/671 102/1502/588 680/1504/589 1572/1841/678
f 1572/1841/678 680/1504/589 681/1512/591 1575/1842/679
f 1575/1842/679 681/1512/591 682/1510/590 1578/1845/682
f 1578/1845/682 682/1510/590 103/1511/584 536/1847/683
f 1577/1843/680 1578/1845/682 536/1847/683 537/1848/684
f 1576/1844/681 1577/1843/680 537/1848/684 538/1849/685
f 529/1456/578 1576/1850/681 538/1851/685 73/1454/576
f 528/1453/575 1573/1852/677 1576/1850/681 529/1456/578
f 527/1451/573 1570/1846/674 1573/1852/677 528/1453/575
f 1579/1853/686 1580/1854/687 1583/1855/688 1582/1856/689
f 1580/1854/687 1581/1857/690 1584/1858/691 1583/1855/688
f 1582/1856/689 1583/1855/688 1586/1859/692 1585/1860/693
f 1583/1855/688 1584/1858/691 1587/1861/694 1586/1859/692
f 73/1454/576 538/1851/685 1579/1862/686 539/1455/577
f 538/1863/685 537/1864/684 1580/1854/687 1579/1853/686
f 537/1864/684 536/1865/683 1581/1857/690 1580/1854/687
f 536/1865/683 103/1486/584 683/1488/585 1581/1857/690
f 1581/1857/690 683/1488/585 684/1492/587 1584/1858/691
f 1584/1858/691 684/1492/587 685/1491/586 1587/1861/694
f 1587/1861/694 685/1491/586 104/1466/579 664/1866/695
f 1586/1859/692 1587/1861/694 664/1866/695 663/1867/696
f 1585/1860/693 1586/1859/692 663/1867/696 662/1868/697
f 541/1427/549 1585/1869/693 662/1870/697 59/1425/547
f 540/1429/551 1582/1871/689 1585/1869/693 541/1427/549
f 539/1455/577 1579/1862/686 1582/1871/689 540/1429/551
f 1588/1872/698 1589/1873/699 1592/1874/700 1591/1875/701
f 1589/1873/699 1590/1876/702 1593/1877/703 1592/1874/700
f 1591/1875/701 1592/1874/700 1595/1878/704 1594/1879/705
f 1592/1874/700 1593/1877/703 1596/1880/706 1595/1878/704
f 59/1425/547 662/1870/697 1588/1881/698 431/1426/548
f 662/1868/697 663/1867/696 1589/1873/699 1588/1872/698
f 663/1867/696 664/1866/695 1590/1876/702 1589/1873/699
f 664/1866/695 104/1466/579 686/1468/580 1590/1876/702
f 1590/1876/702 686/1468/580 687/1476/583 1593/1877/703
f 1593/1877/703 687/1476/583 688/1474/581 1596/1880/706
f 1596/1880/706 688/1474/581 97/1475/582 446/1882/622
f 1595/1878/704 1596/1880/706 446/1882/622 447/1883/621
f 1594/1879/705 1595/1878/704 447/1883/621 448/1884/620
f 433/1432/554 1594/1885/705 448/1754/620 61/1430/552
f 432/1428/550 1591/1886/701 1594/1885/705 433/1432/554
f 431/1426/548 1588/1881/698 1591/1886/701 432/1428/550
f 1597/1887/197 1598/1888/197 1601/1889/196 1600/1890/196
f 1598/1888/197 1599/1891/197 1602/1892/196 1601/1889/196
f 1600/1890/196 1601/1889/196 1604/1893/195 1603/1894/195
f 1601/1889/196 1602/1892/196 1605/1895/195 1604/1893/195
f 89/1613/4 595/1896/4 1597/1887/197 617/1614/197
f 595/1896/4 594/1897/4 1598/1888/197 1597/1887/197
f 594/1897/4 593/1898/4 1599/1891/197 1598/1888/197
f 593/1898/4 106/1396/533 713/1398/544 1599/1891/197
f 1599/1891/197 713/1398/544 714/1407/546 1602/1892/196
f 1602/1892/196 714/1407/546 715/1406/545 1605/1895/195
f 1605/1895/195 715/1406/545 105/1029/380 691/1899/178
f 1604/1893/195 1605/1895/195 691/1899/178 690/1900/178
f 1603/1894/195 1604/1893/195 690/1900/178 689/1901/178
f 619/1616/195 1603/1894/195 689/1901/178 91/1617/178
f 618/1615/196 1600/1890/196 1603/1894/195 619/1616/195
f 617/1614/197 1597/1887/197 1600/1890/196 618/1615/196
f 1606/1902/3 1607/1903/3 1610/1904/2 1609/1905/2
f 1607/1903/3 1608/1906/3 1611/1907/2 1610/1904/2
f 1609/1905/2 1610/1904/2 1613/1908/1 1612/1909/1
f 1610/1904/2 1611/1907/2 1614/1910/1 1613/1908/1
f 90/1633/5 598/1911/5 1606/1902/3 620/1634/3
f 598/1911/5 597/1912/5 1607/1903/3 1606/1902/3
f 597/1912/5 596/1913/5 1608/1906/3 1607/1903/3
f 596/1913/5 107/1275/494 716/1357/528 1608/1906/3
f 1608/1906/3 716/1357/528 717/1366/534 1611/1907/2
f 1611/1907/2 717/1366/534 718/1364/532 1614/1910/1
f 1614/1910/1 718/1364/532 106/1365/533 593/1914/4
f 1613/1908/1 1614/1910/1 593/1914/4 594/1915/4
f 1612/1909/1 1613/1908/1 594/1915/4 595/1916/4
f 622/1636/1 1612/1909/1 595/1916/4 89/1637/4
f 621/1635/2 1609/1905/2 1612/1909/1 622/1636/1
f 620/1634/3 1606/1902/3 1609/1905/2 621/1635/2
f 1615/1917/33 1616/1918/33 1619/1919/32 1618/1920/32
f 1616/1918/33 1617/1921/33 1620/1922/32 1619/1919/32
f 1618/1920/32 1619/1919/32 1622/1923/31 1621/1924/31
f 1619/1919/32 1620/1922/32 1623/1925/31 1622/1923/31
f 92/1653/34 604/1926/34 1615/1917/33 623/1654/33
f 604/1926/34 603/1927/34 1616/1918/33 1615/1917/33
f 603/1927/34 602/1928/34 1617/1921/33 1616/1918/33
f 602/1928/34 108/1231/474 719/1263/485 1617/1921/33
f 1617/1921/33 719/1263/485 720/1276/495 1620/1922/32
f 1620/1922/32 720/1276/495 721/1274/493 1623/1925/31
f 1623/1925/31 721/1274/493 107/1275/494 596/1913/5
f 1622/1923/31 1623/1925/31 596/1913/5 597/1912/5
f 1621/1924/31 1622/1923/31 597/1912/5 598/1911/5
f 625/1656/31 1621/1924/31 598/1911/5 90/1633/5
f 624/1655/32 1618/1920/32 1621/1924/31 625/1656/31
f 623/1654/33 1615/1917/33 1618/1920/32 624/1655/32
f 1624/1929/57 1625/1930/57 1628/1931/56 1627/1932/56
f 1625/1930/57 1626/1933/57 1629/1934/56 1628/1931/56
f 1627/1932/56 1628/1931/56 1631/1935/55 1630/1936/55
f 1628/1931/56 1629/1934/56 1632/1937/55 1631/1935/55
f 93/1669/58 607/1938/58 1624/1929/57 626/1670/57
f 607/1938/58 606/1939/58 1625/1930/57 1624/1929/57
f 606/1939/58 605/1940/58 1626/1933/57 1625/1930/57
f 605/1940/58 109/1188/454 722/1220/465 1626/1933/57
f 1626/1933/57 722/1220/465 723/1232/475 1629/1934/56
f 1629/1934/56 723/1232/475 724/1233/473 1632/1937/55
f 1632/1941/55 724/1228/473 108/1231/474 602/1928/34
f 1631/1942/55 1632/1941/55 602/1928/34 603/1927/34
f 1630/1943/55 1631/1942/55 603/1927/34 604/1926/34
f 628/1674/55 1630/1943/55 604/1926/34 92/1653/34
f 627/1671/56 1627/1932/56 1630/1936/55 628/1672/55
f 626/1670/57 1624/1929/57 1627/1932/56 627/1671/56
f 1633/1944/81 1634/1945/81 1637/1946/80 1636/1947/80
f 1634/1945/81 1635/1948/81 1638/1949/80 1637/1946/80
f 1636/1947/80 1637/1946/80 1640/1950/79 1639/1951/79
f 1637/1946/80 1638/1949/80 1641/1952/79 1640/1950/79
f 94/1692/82 610/1953/82 1633/1954/81 629/1693/81
f 610/1953/82 609/1955/82 1634/1956/81 1633/1954/81
f 609/1955/82 608/1957/82 1635/1958/81 1634/1956/81
f 608/1957/82 110/1138/434 725/1175/445 1635/1958/81
f 1635/1948/81 725/1190/445 726/1189/455 1638/1949/80
f 1638/1949/80 726/1189/455 727/1187/453 1641/1952/79
f 1641/1952/79 727/1187/453 109/1188/454 605/1940/58
f 1640/1950/79 1641/1952/79 605/1940/58 606/1939/58
f 1639/1951/79 1640/1950/79 606/1939/58 607/1938/58
f 631/1696/79 1639/1951/79 607/1938/58 93/1669/58
f 630/1695/80 1636/1947/80 1639/1951/79 631/1696/79
f 629/1694/81 1633/1944/81 1636/1947/80 630/1695/80
f 1642/1959/105 1643/1960/105 1646/1961/104 1645/1962/104
f 1643/1960/105 1644/1963/105 1647/1964/104 1646/1961/104
f 1645/1962/104 1646/1961/104 1649/1965/103 1648/1966/103
f 1646/1961/104 1647/1964/104 1650/1967/103 1649/1965/103
f 95/1709/106 613/1968/106 1642/1959/105 632/1710/105
f 613/1968/106 612/1969/106 1643/1960/105 1642/1959/105
f 612/1969/106 611/1970/106 1644/1963/105 1643/1960/105
f 611/1970/106 111/1093/414 728/1129/425 1644/1963/105
f 1644/1963/105 728/1129/425 729/1139/435 1647/1964/104
f 1647/1964/104 729/1139/435 730/1137/433 1650/1967/103
f 1650/1967/103 730/1137/433 110/1138/434 608/1957/82
f 1649/1965/103 1650/1967/103 608/1957/82 609/1955/82
f 1648/1966/103 1649/1965/103 609/1955/82 610/1953/82
f 634/1712/103 1648/1966/103 610/1953/82 94/1692/82
f 633/1711/104 1645/1962/104 1648/1966/103 634/1712/103
f 632/1710/105 1642/1959/105 1645/1962/104 633/1711/104
f 1651/1971/129 1652/1972/129 1655/1973/128 1654/1974/128
f 1652/1972/129 1653/1975/129 1656/1976/128 1655/1973/128
f 1654/1974/128 1655/1973/128 1658/1977/127 1657/1978/127
f 1655/1973/128 1656/1976/128 1659/1979/127 1658/1977/127
f 96/1725/130 616/1980/130 1651/1971/129 635/1726/129
f 616/1980/130 615/1981/130 1652/1972/129 1651/1971/129
f 615/1981/130 614/1982/130 1653/1975/129 1652/1972/129
f 614/1982/130 112/1079/394 731/1081/405 1653/1975/129
f 1653/1975/129 731/1081/405 732/1094/415 1656/1976/128
f 1656/1976/128 732/1094/415 733/1092/413 1659/1979/127
f 1659/1979/127 733/1092/413 111/1093/414 611/1970/106
f 1658/1977/127 1659/1979/127 611/1970/106 612/1969/106
f 1657/1978/127 1658/1977/127 612/1969/106 613/1968/106
f 637/1728/127 1657/1978/127 613/1968/106 95/1709/106
f 636/1727/128 1654/1974/128 1657/1978/127 637/1728/127
f 635/1726/129 1651/1971/129 1654/1974/128 636/1727/128
f 1660/1983/177 1661/1984/177 1664/1985/176 1663/1986/176
f 1661/1984/177 1662/1987/177 1665/1988/176 1664/1985/176
f 1663/1986/176 1664/1985/176 1667/1989/175 1666/1990/175
f 1664/1985/176 1665/1988/176 1668/1991/175 1667/1989/175
f 91/1617/178 689/1901/178 1660/1983/177 638/1738/177
f 689/1901/178 690/1900/178 1661/1984/177 1660/1983/177
f 690/1900/178 691/1899/178 1662/1987/177 1661/1984/177
f 691/1899/178 105/1029/380 734/1031/382 1662/1987/177
f 1662/1987/177 734/1031/382 735/1049/395 1665/1988/176
f 1665/1988/176 735/1049/395 736/1047/393 1668/1991/175
f 1668/1991/175 736/1047/393 112/1048/394 614/1992/130
f 1667/1989/175 1668/1991/175 614/1992/130 615/1993/130
f 1666/1990/175 1667/1989/175 615/1993/130 616/1994/130
f 640/1740/175 1666/1990/175 616/1994/130 96/1741/130
f 639/1739/176 1663/1986/176 1666/1990/175 640/1740/175
f 638/1738/177 1660/1983/177 1663/1986/176 639/1739/176
f 3367/3174/1230 3368/3175/1229 3371/3176/1229 3370/3177/1230
f 3368/3175/1229 3369/3178/1228 3372/3179/1228 3371/3176/1229
f 3370/3177/1230 3371/3176/1229 3374/3180/1229 3373/3181/1230
f 3371/3176/1229 3372/3179/1228 3375/3182/1228 3374/3180/1229
f 2670/3183/1223 2953/3184/1230 3367/3174/1230 2833/3185/1223
f 2953/3184/1230 2954/3186/1229 3368/3175/1229 3367/3174/1230
f 2954/3186/1229 2955/3187/1228 3369/3178/1228 3368/3175/1229
f 2955/3187/1228 2669/3188/210 2818/3189/210 3369/3178/1228
f 3369/3178/1228 2818/3189/210 2819/3190/210 3372/3179/1228
f 3372/3179/1228 2819/3190/210 2820/3191/210 3375/3182/1228
f 3375/3182/1228 2820/3191/210 2649/3192/210 2748/3193/1228
f 3374/3180/1229 3375/3182/1228 2748/3193/1228 2747/3194/1229
f 3373/3181/1230 3374/3180/1229 2747/3194/1229 2746/3195/1230
f 2835/3196/1223 3373/3181/1230 2746/3195/1230 2631/3197/1223
f 2834/3198/1223 3370/3177/1230 3373/3181/1230 2835/3196/1223
f 2833/3185/1223 3367/3174/1230 3370/3177/1230 2834/3198/1223
f 3376/3199/1503 3377/3200/1504 3380/3201/1505 3379/3202/1506
f 3377/3200/1504 3378/3203/1507 3381/3204/1508 3380/3201/1505
f 3379/3202/1506 3380/3201/1505 3383/3205/1509 3382/3206/1510
f 3380/3201/1505 3381/3204/1508 3384/3207/1511 3383/3205/1509
f 2679/3208/1512 2761/3209/1513 3376/3199/1503 3052/3210/1514
f 2761/3209/1513 2762/3211/1515 3377/3200/1504 3376/3199/1503
f 2762/3211/1515 2763/3212/1516 3378/3203/1507 3377/3200/1504
f 2763/3213/1516 2634/3214/1517 2760/3215/1518 3378/3216/1507
f 3378/3216/1507 2760/3215/1518 2759/3217/1519 3381/3218/1508
f 3381/3218/1508 2759/3217/1519 2758/3219/1520 3384/3220/1511
f 3384/3220/1511 2758/3219/1520 2636/3221/1521 3028/3222/1522
f 3383/3223/1509 3384/3224/1511 3028/3225/1522 3029/3226/1523
f 3382/3227/1510 3383/3223/1509 3029/3226/1523 3030/3228/1524
f 3054/3229/1525 3382/3227/1510 3030/3228/1524 2686/3230/1526
f 3053/3231/1527 3379/3232/1506 3382/3227/1510 3054/3229/1525
f 3052/3210/1514 3376/3199/1503 3379/3202/1506 3053/3233/1527
f 3385/3234/1237 3386/3235/1237 3389/3236/1236 3388/3237/1236
f 3386/3235/1237 3387/3238/1237 3390/3239/1236 3389/3236/1236
f 3388/3237/1236 3389/3236/1236 3392/3240/1235 3391/3241/1235
f 3389/3236/1236 3390/3239/1236 3393/3242/1235 3392/3240/1235
f 2656/3243/210 2868/3244/210 3385/3245/1237 2905/3246/1237
f 2868/3244/210 2867/3247/210 3386/3248/1237 3385/3245/1237
f 2867/3247/210 2866/3249/210 3387/3250/1237 3386/3248/1237
f 2866/3249/210 2649/3192/210 2767/3251/1237 3387/3250/1237
f 3387/3238/1237 2767/3252/1237 2768/3253/1236 3390/3239/1236
f 3390/3239/1236 2768/3253/1236 2769/3254/1235 3393/3242/1235
f 3393/3242/1235 2769/3254/1235 2650/3255/1239 2869/3256/1239
f 3392/3240/1235 3393/3242/1235 2869/3256/1239 2870/3257/1239
f 3391/3241/1235 3392/3240/1235 2870/3257/1239 2871/3258/1239
f 2907/3259/1235 3391/3241/1235 2871/3258/1239 2657/3260/1239
f 2906/3261/1236 3388/3237/1236 3391/3241/1235 2907/3259/1235
f 2905/3262/1237 3385/3234/1237 3388/3237/1236 2906/3261/1236
f 3394/3263/1528 3395/3264/1529 3398/3265/1530 3397/3266/1531
f 3395/3264/1529 3396/3267/1532 3399/3268/1533 3398/3265/1530
f 3397/3266/1531 3398/3265/1530 3401/3269/1534 3400/3270/1535
f 3398/3265/1530 3399/3268/1533 3402/3271/1536 3401/3269/1534
f 2686/3230/1526 3030/3228/1524 3394/3263/1528 3049/3272/1537
f 3030/3228/1524 3029/3226/1523 3395/3264/1529 3394/3263/1528
f 3029/3226/1523 3028/3225/1522 3396/3267/1532 3395/3264/1529
f 3028/3222/1522 2636/3221/1521 2778/3273/1538 3396/3274/1532
f 3396/3274/1532 2778/3273/1538 2777/3275/1539 3399/3276/1533
f 3399/3276/1533 2777/3275/1539 2776/3277/1540 3402/3278/1536
f 3402/3278/1536 2776/3277/1540 2638/3279/1541 3025/3280/1542
f 3401/3269/1534 3402/3271/1536 3025/3281/1542 3026/3282/1543
f 3400/3270/1535 3401/3269/1534 3026/3282/1543 3027/3283/1544
f 3051/3284/1545 3400/3270/1535 3027/3283/1544 2685/3285/1546
f 3050/3286/1547 3397/3266/1531 3400/3270/1535 3051/3284/1545
f 3049/3272/1537 3394/3263/1528 3397/3266/1531 3050/3286/1547
f 3403/3287/1245 3404/3288/1245 3407/3289/1244 3406/3290/1244
f 3404/3288/1245 3405/3291/1245 3408/3292/1244 3407/3289/1244
f 3406/3290/1244 3407/3289/1244 3410/3293/1243 3409/3294/1243
f 3407/3289/1244 3408/3292/1244 3411/3295/1243 3410/3293/1243
f 2657/3260/1239 2871/3258/1239 3403/3287/1245 2902/3296/1245
f 2871/3258/1239 2870/3257/1239 3404/3288/1245 3403/3287/1245
f 2870/3257/1239 2869/3256/1239 3405/3291/1245 3404/3288/1245
f 2869/3256/1239 2650/3255/1239 2782/3297/1245 3405/3291/1245
f 3405/3291/1245 2782/3297/1245 2783/3298/1244 3408/3292/1244
f 3408/3292/1244 2783/3298/1244 2784/3299/1243 3411/3295/1243
f 3411/3295/1243 2784/3299/1243 2651/3300/58 2872/3301/58
f 3410/3293/1243 3411/3295/1243 2872/3301/58 2873/3302/58
f 3409/3294/1243 3410/3293/1243 2873/3302/58 2874/3303/58
f 2904/3304/1243 3409/3294/1243 2874/3303/58 2658/3305/58
f 2903/3306/1244 3406/3290/1244 3409/3294/1243 2904/3304/1243
f 2902/3296/1245 3403/3287/1245 3406/3290/1244 2903/3306/1244
f 3412/3307/1548 3413/3308/1549 3416/3309/1550 3415/3310/1551
f 3413/3308/1549 3414/3311/1552 3417/3312/1553 3416/3309/1550
f 3415/3310/1551 3416/3309/1550 3419/3313/1554 3418/3314/1555
f 3416/3309/1550 3417/3312/1553 3420/3315/1556 3419/3313/1554
f 2685/3285/1546 3027/3283/1544 3412/3316/1548 3046/3317/1557
f 3027/3283/1544 3026/3282/1543 3413/3318/1549 3412/3316/1548
f 3026/3282/1543 3025/3281/1542 3414/3319/1552 3413/3318/1549
f 3025/3280/1542 2638/3279/1541 2793/3320/1558 3414/3321/1552
f 3414/3321/1552 2793/3320/1558 2792/3322/1559 3417/3323/1553
f 3417/3323/1553 2792/3322/1559 2791/3324/1560 3420/3325/1556
f 3420/3325/1556 2791/3324/1560 2640/3326/1561 3022/3327/1562
f 3419/3313/1554 3420/3315/1556 3022/3328/1562 3023/3329/1563
f 3418/3314/1555 3419/3313/1554 3023/3329/1563 3024/3330/1564
f 3048/3331/1565 3418/3314/1555 3024/3330/1564 2684/3332/1566
f 3047/3333/1567 3415/3310/1551 3418/3314/1555 3048/3331/1565
f 3046/3334/1557 3412/3307/1548 3415/3310/1551 3047/3333/1567
f 3421/3335/1252 3422/3336/1252 3425/3337/1251 3424/3338/1251
f 3422/3336/1252 3423/3339/1252 3426/3340/1251 3425/3337/1251
f 3424/3338/1251 3425/3337/1251 3428/3341/1250 3427/3342/1250
f 3425/3337/1251 3426/3340/1251 3429/3343/1250 3428/3341/1250
f 2658/3305/58 2874/3303/58 3421/3344/1252 2899/3345/1252
f 2874/3303/58 2873/3302/58 3422/3346/1252 3421/3344/1252
f 2873/3302/58 2872/3301/58 3423/3347/1252 3422/3346/1252
f 2872/3301/58 2651/3300/58 2797/3348/1252 3423/3347/1252
f 3423/3339/1252 2797/3349/1252 2798/3350/1251 3426/3340/1251
f 3426/3340/1251 2798/3350/1251 2799/3351/1250 3429/3343/1250
f 3429/3343/1250 2799/3351/1250 2652/3352/1254 2875/3353/1254
f 3428/3341/1250 3429/3343/1250 2875/3353/1254 2876/3354/1254
f 3427/3342/1250 3428/3341/1250 2876/3354/1254 2877/3355/1254
f 2901/3356/1250 3427/3342/1250 2877/3355/1254 2659/3357/1254
f 2900/3358/1251 3424/3338/1251 3427/3342/1250 2901/3356/1250
f 2899/3359/1252 3421/3335/1252 3424/3338/1251 2900/3358/1251
f 3430/3360/1568 3431/3361/1569 3434/3362/1570 3433/3363/1571
f 3431/3361/1569 3432/3364/1572 3435/3365/1573 3434/3362/1570
f 3433/3363/1571 3434/3362/1570 3437/3366/1574 3436/3367/1575
f 3434/3362/1570 3435/3365/1573 3438/3368/1576 3437/3366/1574
f 2684/3332/1566 3024/3330/1564 3430/3360/1568 3043/3369/1577
f 3024/3330/1564 3023/3329/1563 3431/3361/1569 3430/3360/1568
f 3023/3329/1563 3022/3328/1562 3432/3364/1572 3431/3361/1569
f 3022/3327/1562 2640/3326/1561 2808/3370/1578 3432/3371/1572
f 3432/3371/1572 2808/3370/1578 2807/3372/1579 3435/3373/1573
f 3435/3373/1573 2807/3372/1579 2806/3374/1580 3438/3375/1576
f 3438/3375/1576 2806/3374/1580 2642/3376/1581 3019/3377/1582
f 3437/3366/1574 3438/3368/1576 3019/3378/1582 3020/3379/1583
f 3436/3367/1575 3437/3366/1574 3020/3379/1583 3021/3380/1584
f 3045/3381/1585 3436/3367/1575 3021/3380/1584 2683/3382/1586
f 3044/3383/1587 3433/3363/1571 3436/3367/1575 3045/3381/1585
f 3043/3369/1577 3430/3360/1568 3433/3363/1571 3044/3383/1587
f 3439/3384/1260 3440/3385/1260 3443/3386/1259 3442/3387/1259
f 3440/3385/1260 3441/3388/1260 3444/3389/1259 3443/3386/1259
f 3442/3387/1259 3443/3386/1259 3446/3390/1258 3445/3391/1258
f 3443/3386/1259 3444/3389/1259 3447/3392/1258 3446/3390/1258
f 2659/3357/1254 2877/3355/1254 3439/3384/1260 2896/3393/1260
f 2877/3355/1254 2876/3354/1254 3440/3385/1260 3439/3384/1260
f 2876/3354/1254 2875/3353/1254 3441/3388/1260 3440/3385/1260
f 2875/3353/1254 2652/3352/1254 2812/3394/1260 3441/3388/1260
f 3441/3388/1260 2812/3394/1260 2813/3395/1259 3444/3389/1259
f 3444/3389/1259 2813/3395/1259 2814/3396/1258 3447/3392/1258
f 3447/3392/1258 2814/3396/1258 2653/3397/153 2878/3398/153
f 3446/3390/1258 3447/3392/1258 2878/3398/153 2879/3399/153
f 3445/3391/1258 3446/3390/1258 2879/3399/153 2880/3400/153
f 2898/3401/1258 3445/3391/1258 2880/3400/153 2660/3402/153
f 2897/3403/1259 3442/3387/1259 3445/3391/1258 2898/3401/1258
f 2896/3393/1260 3439/3384/1260 3442/3387/1259 2897/3403/1259
f 3448/3404/1588 3449/3405/1589 3452/3406/1590 3451/3407/1591
f 3449/3405/1589 3450/3408/1592 3453/3409/1593 3452/3406/1590
f 3451/3407/1591 3452/3406/1590 3455/3410/1594 3454/3411/1595
f 3452/3406/1590 3453/3409/1593 3456/3412/1596 3455/3410/1594
f 2683/3382/1586 3021/3380/1584 3448/3413/1588 3040/3414/1597
f 3021/3415/1584 3020/3416/1583 3449/3405/1589 3448/3404/1588
f 3020/3416/1583 3019/3417/1582 3450/3408/1592 3449/3405/1589
f 3019/3377/1582 2642/3376/1581 2823/3418/1598 3450/3419/1592
f 3450/3419/1592 2823/3418/1598 2822/3420/1599 3453/3421/1593
f 3453/3421/1593 2822/3420/1599 2821/3422/1600 3456/3423/1596
f 3456/3423/1596 2821/3422/1600 2644/3424/1601 3016/3425/1602
f 3455/3410/1594 3456/3412/1596 3016/3426/1602 3017/3427/1603
f 3454/3411/1595 3455/3410/1594 3017/3427/1603 3018/3428/1604
f 3042/3429/1605 3454/3411/1595 3018/3428/1604 2682/3430/1606
f 3041/3431/1607 3451/3407/1591 3454/3411/1595 3042/3429/1605
f 3040/3432/1597 3448/3404/1588 3451/3407/1591 3041/3431/1607
f 3457/3433/1265 3458/3434/1265 3461/3435/1266 3460/3436/1266
f 3458/3434/1265 3459/3437/1265 3462/3438/1266 3461/3435/1266
f 3460/3439/1266 3461/3440/1266 3464/3441/1267 3463/3442/1267
f 3461/3440/1266 3462/3443/1266 3465/3444/1267 3464/3441/1267
f 2663/3445/1269 2752/3446/1269 3457/3433/1265 2940/3447/1265
f 2752/3446/1269 2753/3448/1269 3458/3434/1265 3457/3433/1265
f 2753/3448/1269 2754/3449/1269 3459/3437/1265 3458/3434/1265
f 2754/3449/1269 2654/3450/1269 2829/3451/1265 3459/3437/1265
f 3459/3437/1265 2829/3451/1265 2828/3452/1266 3462/3438/1266
f 3462/3443/1266 2828/3453/1266 2827/3454/1267 3465/3444/1267
f 3465/3444/1267 2827/3454/1267 2653/3397/153 2757/3455/153
f 3464/3441/1267 3465/3444/1267 2757/3455/153 2756/3456/153
f 3463/3442/1267 3464/3441/1267 2756/3456/153 2755/3457/153
f 2938/3458/1267 3463/3442/1267 2755/3457/153 2664/3459/153
f 2939/3460/1266 3460/3439/1266 3463/3442/1267 2938/3458/1267
f 2940/3447/1265 3457/3433/1265 3460/3436/1266 2939/3461/1266
f 3466/3462/1608 3467/3463/1609 3470/3464/1610 3469/3465/1611
f 3467/3463/1609 3468/3466/1612 3471/3467/1613 3470/3464/1610
f 3469/3465/1611 3470/3464/1610 3473/3468/1614 3472/3469/1615
f 3470/3464/1610 3471/3467/1613 3474/3470/1616 3473/3468/1614
f 2682/3430/1606 3018/3428/1604 3466/3462/1608 3037/3471/1617
f 3018/3428/1604 3017/3427/1603 3467/3463/1609 3466/3462/1608
f 3017/3427/1603 3016/3426/1602 3468/3466/1612 3467/3463/1609
f 3016/3425/1602 2644/3424/1601 2838/3472/1618 3468/3473/1612
f 3468/3473/1612 2838/3472/1618 2837/3474/1619 3471/3475/1613
f 3471/3475/1613 2837/3474/1619 2836/3476/1620 3474/3477/1616
f 3474/3477/1616 2836/3476/1620 2646/3478/1621 3013/3479/1622
f 3473/3468/1614 3474/3470/1616 3013/3480/1622 3014/3481/1623
f 3472/3469/1615 3473/3468/1614 3014/3481/1623 3015/3482/1624
f 3039/3483/1625 3472/3469/1615 3015/3482/1624 2681/3484/1626
f 3038/3485/1627 3469/3465/1611 3472/3469/1615 3039/3483/1625
f 3037/3471/1617 3466/3462/1608 3469/3465/1611 3038/3485/1627
f 3476/3486/1628 3477/3487/1629 3475/3488/5 3491/3489/1630
f 3478/3490/1631 3479/3491/1632 3475/3488/5 3477/3487/1629
f 3480/3492/1633 3481/3493/1634 3475/3488/5 3479/3491/1632
f 3482/3494/1635 3483/3495/1636 3475/3488/5 3481/3493/1634
f 3484/3496/1637 3485/3497/1638 3475/3488/5 3483/3495/1636
f 3486/3498/1639 3487/3499/1640 3475/3488/5 3485/3497/1638
f 3488/3500/1641 3489/3501/1642 3475/3488/5 3487/3499/1640
f 3490/3502/1643 3491/3489/1630 3475/3488/5 3489/3501/1642
f 2636/3221/1521 2758/3219/1520 3476/3486/1628 2778/3273/1538
f 2758/3219/1520 2759/3217/1519 3477/3487/1629 3476/3486/1628
f 2778/3273/1538 3476/3486/1628 3491/3489/1630 2777/3275/1539
f 2634/3214/1517 2860/3503/1644 3478/3490/1631 2760/3215/1518
f 2860/3503/1644 2861/3504/1645 3479/3491/1632 3478/3490/1631
f 2760/3215/1518 3478/3490/1631 3477/3487/1629 2759/3217/1519
f 2648/3505/1646 2851/3506/1647 3480/3492/1633 2862/3507/1648
f 2851/3506/1647 2852/3508/1649 3481/3493/1634 3480/3492/1633
f 2862/3507/1648 3480/3492/1633 3479/3491/1632 2861/3504/1645
f 2646/3478/1621 2836/3476/1620 3482/3494/1635 2853/3509/1650
f 2836/3476/1620 2837/3474/1619 3483/3495/1636 3482/3494/1635
f 2853/3509/1650 3482/3494/1635 3481/3493/1634 2852/3508/1649
f 2644/3424/1601 2821/3422/1600 3484/3496/1637 2838/3472/1618
f 2821/3422/1600 2822/3420/1599 3485/3497/1638 3484/3496/1637
f 2838/3472/1618 3484/3496/1637 3483/3495/1636 2837/3474/1619
f 2642/3376/1581 2806/3374/1580 3486/3498/1639 2823/3418/1598
f 2806/3374/1580 2807/3372/1579 3487/3499/1640 3486/3498/1639
f 2823/3418/1598 3486/3498/1639 3485/3497/1638 2822/3420/1599
f 2640/3326/1561 2791/3324/1560 3488/3500/1641 2808/3370/1578
f 2791/3324/1560 2792/3322/1559 3489/3501/1642 3488/3500/1641
f 2808/3370/1578 3488/3500/1641 3487/3499/1640 2807/3372/1579
f 2638/3279/1541 2776/3277/1540 3490/3502/1643 2793/3320/1558
f 2776/3277/1540 2777/3275/1539 3491/3489/1630 3490/3502/1643
f 2793/3320/1558 3490/3502/1643 3489/3501/1642 2792/3322/1559
f 3492/3510/1275 3493/3511/1275 3496/3512/1274 3495/3513/1274
f 3493/3511/1275 3494/3514/1275 3497/3515/1274 3496/3512/1274
f 3495/3513/1274 3496/3512/1274 3499/3516/1273 3498/3517/1273
f 3496/3512/1274 3497/3515/1274 3500/3518/1273 3499/3516/1273
f 2662/3519/1269 2886/3520/1269 3492/3510/1275 2890/3521/1275
f 2886/3520/1269 2885/3522/1269 3493/3511/1275 3492/3510/1275
f 2885/3522/1269 2884/3523/1269 3494/3514/1275 3493/3511/1275
f 2884/3523/1269 2654/3450/1269 2842/3524/1275 3494/3514/1275
f 3494/3514/1275 2842/3524/1275 2843/3525/1274 3497/3515/1274
f 3497/3515/1274 2843/3525/1274 2844/3526/1273 3500/3518/1273
f 3500/3518/1273 2844/3526/1273 2632/3527/178 2850/3528/178
f 3499/3516/1273 3500/3518/1273 2850/3528/178 2849/3529/178
f 3498/3517/1273 3499/3516/1273 2849/3529/178 2848/3530/178
f 2892/3531/1273 3498/3517/1273 2848/3530/178 2661/3532/178
f 2891/3533/1274 3495/3513/1274 3498/3517/1273 2892/3531/1273
f 2890/3521/1275 3492/3510/1275 3495/3513/1274 2891/3533/1274
f 3501/3534/1651 3502/3535/1652 3505/3536/1653 3504/3537/1654
f 3502/3538/1652 3503/3539/1655 3506/3540/1656 3505/3541/1653
f 3504/3542/1654 3505/3543/1653 3508/3544/1657 3507/3545/1658
f 3505/3543/1653 3506/3546/1656 3509/3547/1659 3508/3544/1657
f 2681/3484/1626 3015/3482/1624 3501/3534/1651 3034/3548/1660
f 3015/3482/1624 3014/3481/1623 3502/3535/1652 3501/3534/1651
f 3014/3481/1623 3013/3480/1622 3503/3549/1655 3502/3535/1652
f 3013/3479/1622 2646/3478/1621 2853/3509/1650 3503/3539/1655
f 3503/3539/1655 2853/3509/1650 2852/3508/1649 3506/3540/1656
f 3506/3540/1656 2852/3508/1649 2851/3506/1647 3509/3550/1659
f 3509/3550/1659 2851/3506/1647 2648/3505/1646 3010/3551/1661
f 3508/3544/1657 3509/3547/1659 3010/3552/1661 3011/3553/1662
f 3507/3545/1658 3508/3544/1657 3011/3553/1662 3012/3554/1663
f 3036/3555/1664 3507/3545/1658 3012/3554/1663 2680/3556/1665
f 3035/3557/1666 3504/3542/1654 3507/3545/1658 3036/3555/1664
f 3034/3548/1660 3501/3534/1651 3504/3537/1654 3035/3558/1666
f 3510/3559/1221 3511/3560/1221 3514/3561/1220 3513/3562/1220
f 3511/3560/1221 3512/3563/1221 3515/3564/1220 3514/3561/1220
f 3513/3565/1220 3514/3566/1220 3517/3567/1219 3516/3568/1219
f 3514/3566/1220 3515/3569/1220 3518/3570/1219 3517/3567/1219
f 2661/3532/178 2848/3530/178 3510/3559/1221 2887/3571/1221
f 2848/3530/178 2849/3529/178 3511/3560/1221 3510/3559/1221
f 2849/3529/178 2850/3528/178 3512/3563/1221 3511/3560/1221
f 2850/3528/178 2632/3527/178 2743/3572/1221 3512/3563/1221
f 3512/3563/1221 2743/3572/1221 2744/3573/1220 3515/3564/1220
f 3515/3569/1220 2744/3574/1220 2745/3575/1219 3518/3570/1219
f 3518/3570/1219 2745/3575/1219 2631/3197/1223 2863/3576/1223
f 3517/3567/1219 3518/3570/1219 2863/3576/1223 2864/3577/1223
f 3516/3568/1219 3517/3567/1219 2864/3577/1223 2865/3578/1223
f 2889/3579/1219 3516/3568/1219 2865/3578/1223 2655/3580/1223
f 2888/3581/1220 3513/3565/1220 3516/3568/1219 2889/3579/1219
f 2887/3571/1221 3510/3559/1221 3513/3562/1220 2888/3582/1220
f 3519/3583/1667 3520/3584/1668 3523/3585/1669 3522/3586/1670
f 3520/3584/1668 3521/3587/1671 3524/3588/1672 3523/3585/1669
f 3522/3586/1670 3523/3585/1669 3526/3589/1673 3525/3590/1674
f 3523/3585/1669 3524/3588/1672 3527/3591/1675 3526/3589/1673
f 2680/3556/1665 3012/3554/1663 3519/3583/1667 3031/3592/1676
f 3012/3554/1663 3011/3553/1662 3520/3584/1668 3519/3583/1667
f 3011/3553/1662 3010/3552/1661 3521/3587/1671 3520/3584/1668
f 3010/3551/1661 2648/3505/1646 2862/3507/1648 3521/3593/1671
f 3521/3593/1671 2862/3507/1648 2861/3504/1645 3524/3594/1672
f 3524/3594/1672 2861/3504/1645 2860/3503/1644 3527/3595/1675
f 3527/3595/1675 2860/3503/1644 2634/3214/1517 2763/3213/1516
f 3526/3589/1673 3527/3591/1675 2763/3212/1516 2762/3211/1515
f 3525/3590/1674 3526/3589/1673 2762/3211/1515 2761/3209/1513
f 3033/3596/1677 3525/3590/1674 2761/3209/1513 2679/3208/1512
f 3032/3597/1678 3522/3586/1670 3525/3590/1674 3033/3596/1677
f 3031/3592/1676 3519/3583/1667 3522/3586/1670 3032/3597/1678
f 3529/3598/1679 3530/3599/1680 3528/3600/106 3544/3601/1681
f 3531/3602/1682 3532/3603/1683 3528/3600/106 3530/3599/1680
f 3533/3604/1684 3534/3605/1685 3528/3600/106 3532/3603/1683
f 3535/3606/1686 3536/3607/1687 3528/3600/106 3534/3605/1685
f 3537/3608/1688 3538/3609/1689 3528/3600/106 3536/3607/1687
f 3539/3610/1690 3540/3611/1691 3528/3600/106 3538/3609/1689
f 3541/3612/1692 3542/3613/1693 3528/3600/106 3540/3611/1691
f 3543/3614/1694 3544/3601/1681 3528/3600/106 3542/3613/1693
f 2633/3615/1695 2749/3616/1696 3529/3598/1679 2859/3617/1697
f 2749/3616/1696 2750/3618/1698 3530/3599/1680 3529/3598/1679
f 2859/3617/1697 3529/3598/1679 3544/3601/1681 2858/3619/1699
f 2635/3620/1700 2770/3621/1701 3531/3602/1682 2751/3622/1702
f 2770/3621/1701 2771/3623/1703 3532/3603/1683 3531/3602/1682
f 2751/3622/1702 3531/3602/1682 3530/3599/1680 2750/3618/1698
f 2637/3624/1704 2785/3625/1705 3533/3604/1684 2772/3626/1706
f 2785/3625/1705 2786/3627/1707 3534/3605/1685 3533/3604/1684
f 2772/3626/1706 3533/3604/1684 3532/3603/1683 2771/3623/1703
f 2639/3628/1708 2800/3629/1709 3535/3606/1686 2787/3630/1710
f 2800/3629/1709 2801/3631/1711 3536/3607/1687 3535/3606/1686
f 2787/3630/1710 3535/3606/1686 3534/3605/1685 2786/3627/1707
f 2641/3632/1712 2815/3633/1713 3537/3608/1688 2802/3634/1714
f 2815/3633/1713 2816/3635/1715 3538/3609/1689 3537/3608/1688
f 2802/3634/1714 3537/3608/1688 3536/3607/1687 2801/3631/1711
f 2643/3636/1716 2830/3637/1717 3539/3610/1690 2817/3638/1718
f 2830/3637/1717 2831/3639/1719 3540/3611/1691 3539/3610/1690
f 2817/3638/1718 3539/3610/1690 3538/3609/1689 2816/3635/1715
f 2645/3640/1720 2845/3641/1721 3541/3612/1692 2832/3642/1722
f 2845/3641/1721 2846/3643/1723 3542/3613/1693 3541/3612/1692
f 2832/3642/1722 3541/3612/1692 3540/3611/1691 2831/3639/1719
f 2647/3644/1724 2857/3645/1725 3543/3614/1694 2847/3646/1726
f 2857/3645/1725 2858/3619/1699 3544/3601/1681 3543/3614/1694
f 2847/3646/1726 3543/3614/1694 3542/3613/1693 2846/3643/1723
f 3545/3647/1221 3546/3648/1221 3549/3649/1220 3548/3650/1220
f 3546/3648/1221 3547/3651/1221 3550/3652/1220 3549/3649/1220
f 3548/3653/1220 3549/3654/1220 3552/3655/1219 3551/3656/1219
f 3549/3654/1220 3550/3657/1220 3553/3658/1219 3552/3655/1219
f 2678/3659/1727 2881/3660/178 3545/3647/1221 3004/3661/1728
f 2881/3660/178 2882/3662/178 3546/3648/1221 3545/3647/1221
f 2882/3662/178 2883/3663/178 3547/3651/1221 3546/3648/1221
f 2883/3663/178 2661/3532/178 2887/3571/1221 3547/3651/1221
f 3547/3651/1221 2887/3571/1221 2888/3582/1220 3550/3652/1220
f 3550/3657/1220 2888/3581/1220 2889/3579/1219 3553/3658/1219
f 3553/3658/1219 2889/3579/1219 2655/3580/1223 2959/3664/1223
f 3552/3655/1219 3553/3658/1219 2959/3664/1223 2960/3665/1223
f 3551/3656/1219 3552/3655/1219 2960/3665/1223 2961/3666/1223
f 3006/3667/1729 3551/3656/1219 2961/3666/1223 2671/3668/1730
f 3005/3669/1731 3548/3653/1220 3551/3656/1219 3006/3667/1729
f 3004/3661/1728 3545/3647/1221 3548/3650/1220 3005/3670/1731
f 3554/3671/1275 3555/3672/1275 3558/3673/1274 3557/3674/1274
f 3555/3672/1275 3556/3675/1275 3559/3676/1274 3558/3673/1274
f 3557/3674/1274 3558/3673/1274 3561/3677/1273 3560/3678/1273
f 3558/3673/1274 3559/3676/1274 3562/3679/1273 3561/3677/1273
f 2677/3680/1732 2979/3681/1269 3554/3671/1275 3001/3682/1733
f 2979/3681/1269 2978/3683/1269 3555/3672/1275 3554/3671/1275
f 2978/3683/1269 2977/3684/1269 3556/3675/1275 3555/3672/1275
f 2977/3684/1269 2662/3519/1269 2890/3521/1275 3556/3675/1275
f 3556/3675/1275 2890/3521/1275 2891/3533/1274 3559/3676/1274
f 3559/3676/1274 2891/3533/1274 2892/3531/1273 3562/3679/1273
f 3562/3679/1273 2892/3531/1273 2661/3532/178 2883/3663/178
f 3561/3677/1273 3562/3679/1273 2883/3663/178 2882/3662/178
f 3560/3678/1273 3561/3677/1273 2882/3662/178 2881/3660/178
f 3003/3685/1734 3560/3678/1273 2881/3660/178 2678/3659/1727
f 3002/3686/1735 3557/3674/1274 3560/3678/1273 3003/3685/1734
f 3001/3682/1733 3554/3671/1275 3557/3674/1274 3002/3686/1735
f 3563/3687/1267 3564/3688/1267 3567/3689/1266 3566/3690/1266
f 3564/3688/1267 3565/3691/1267 3568/3692/1266 3567/3689/1266
f 3566/3693/1266 3567/3694/1266 3570/3695/1265 3569/3696/1265
f 3567/3694/1266 3568/3697/1266 3571/3698/1265 3570/3695/1265
f 2676/3699/1736 2976/3700/153 3563/3687/1267 2998/3701/1737
f 2976/3700/153 2975/3702/153 3564/3688/1267 3563/3687/1267
f 2975/3702/153 2974/3703/153 3565/3691/1267 3564/3688/1267
f 2974/3703/153 2660/3402/153 2893/3704/1267 3565/3691/1267
f 3565/3691/1267 2893/3704/1267 2894/3705/1266 3568/3692/1266
f 3568/3697/1266 2894/3706/1266 2895/3707/1265 3571/3698/1265
f 3571/3698/1265 2895/3707/1265 2662/3519/1269 2977/3684/1269
f 3570/3695/1265 3571/3698/1265 2977/3684/1269 2978/3683/1269
f 3569/3696/1265 3570/3695/1265 2978/3683/1269 2979/3681/1269
f 3000/3708/1738 3569/3696/1265 2979/3681/1269 2677/3680/1732
f 2999/3709/1739 3566/3693/1266 3569/3696/1265 3000/3708/1738
f 2998/3701/1737 3563/3687/1267 3566/3690/1266 2999/3710/1739
f 3572/3711/1260 3573/3712/1260 3576/3713/1259 3575/3714/1259
f 3573/3712/1260 3574/3715/1260 3577/3716/1259 3576/3713/1259
f 3575/3714/1259 3576/3713/1259 3579/3717/1258 3578/3718/1258
f 3576/3713/1259 3577/3716/1259 3580/3719/1258 3579/3717/1258
f 2675/3720/1740 2973/3721/1254 3572/3711/1260 2995/3722/1741
f 2973/3721/1254 2972/3723/1254 3573/3712/1260 3572/3711/1260
f 2972/3723/1254 2971/3724/1254 3574/3715/1260 3573/3712/1260
f 2971/3724/1254 2659/3357/1254 2896/3393/1260 3574/3715/1260
f 3574/3715/1260 2896/3393/1260 2897/3403/1259 3577/3716/1259
f 3577/3716/1259 2897/3403/1259 2898/3401/1258 3580/3719/1258
f 3580/3719/1258 2898/3401/1258 2660/3402/153 2974/3703/153
f 3579/3717/1258 3580/3719/1258 2974/3703/153 2975/3702/153
f 3578/3718/1258 3579/3717/1258 2975/3702/153 2976/3700/153
f 2997/3725/1742 3578/3718/1258 2976/3700/153 2676/3699/1736
f 2996/3726/1743 3575/3714/1259 3578/3718/1258 2997/3725/1742
f 2995/3722/1741 3572/3711/1260 3575/3714/1259 2996/3726/1743
f 3581/3727/1252 3582/3728/1252 3585/3729/1251 3584/3730/1251
f 3582/3728/1252 3583/3731/1252 3586/3732/1251 3585/3729/1251
f 3584/3730/1251 3585/3729/1251 3588/3733/1250 3587/3734/1250
f 3585/3729/1251 3586/3732/1251 3589/3735/1250 3588/3733/1250
f 2674/3736/1744 2970/3737/58 3581/3738/1252 2992/3739/1745
f 2970/3737/58 2969/3740/58 3582/3741/1252 3581/3738/1252
f 2969/3740/58 2968/3742/58 3583/3743/1252 3582/3741/1252
f 2968/3742/58 2658/3305/58 2899/3345/1252 3583/3743/1252
f 3583/3731/1252 2899/3359/1252 2900/3358/1251 3586/3732/1251
f 3586/3732/1251 2900/3358/1251 2901/3356/1250 3589/3735/1250
f 3589/3735/1250 2901/3356/1250 2659/3357/1254 2971/3724/1254
f 3588/3733/1250 3589/3735/1250 2971/3724/1254 2972/3723/1254
f 3587/3734/1250 3588/3733/1250 2972/3723/1254 2973/3721/1254
f 2994/3744/1746 3587/3734/1250 2973/3721/1254 2675/3720/1740
f 2993/3745/1747 3584/3730/1251 3587/3734/1250 2994/3744/1746
f 2992/3746/1745 3581/3727/1252 3584/3730/1251 2993/3745/1747
f 3590/3747/1245 3591/3748/1245 3594/3749/1244 3593/3750/1244
f 3591/3748/1245 3592/3751/1245 3595/3752/1244 3594/3749/1244
f 3593/3750/1244 3594/3749/1244 3597/3753/1243 3596/3754/1243
f 3594/3749/1244 3595/3752/1244 3598/3755/1243 3597/3753/1243
f 2673/3756/1748 2967/3757/1239 3590/3747/1245 2989/3758/1749
f 2967/3757/1239 2966/3759/1239 3591/3748/1245 3590/3747/1245
f 2966/3759/1239 2965/3760/1239 3592/3751/1245 3591/3748/1245
f 2965/3760/1239 2657/3260/1239 2902/3296/1245 3592/3751/1245
f 3592/3751/1245 2902/3296/1245 2903/3306/1244 3595/3752/1244
f 3595/3752/1244 2903/3306/1244 2904/3304/1243 3598/3755/1243
f 3598/3755/1243 2904/3304/1243 2658/3305/58 2968/3742/58
f 3597/3753/1243 3598/3755/1243 2968/3742/58 2969/3740/58
f 3596/3754/1243 3597/3753/1243 2969/3740/58 2970/3737/58
f 2991/3761/1750 3596/3754/1243 2970/3737/58 2674/3736/1744
f 2990/3762/1751 3593/3750/1244 3596/3754/1243 2991/3761/1750
f 2989/3758/1749 3590/3747/1245 3593/3750/1244 2990/3762/1751
f 3599/3763/1237 3600/3764/1237 3603/3765/1236 3602/3766/1236
f 3600/3764/1237 3601/3767/1237 3604/3768/1236 3603/3765/1236
f 3602/3766/1236 3603/3765/1236 3606/3769/1235 3605/3770/1235
f 3603/3765/1236 3604/3768/1236 3607/3771/1235 3606/3769/1235
f 2672/3772/1752 2964/3773/210 3599/3774/1237 2986/3775/1753
f 2964/3773/210 2963/3776/210 3600/3777/1237 3599/3774/1237
f 2963/3776/210 2962/3778/210 3601/3779/1237 3600/3777/1237
f 2962/3778/210 2656/3243/210 2905/3246/1237 3601/3779/1237
f 3601/3767/1237 2905/3262/1237 2906/3261/1236 3604/3768/1236
f 3604/3768/1236 2906/3261/1236 2907/3259/1235 3607/3771/1235
f 3607/3771/1235 2907/3259/1235 2657/3260/1239 2965/3760/1239
f 3606/3769/1235 3607/3771/1235 2965/3760/1239 2966/3759/1239
f 3605/3770/1235 3606/3769/1235 2966/3759/1239 2967/3757/1239
f 2988/3780/1754 3605/3770/1235 2967/3757/1239 2673/3756/1748
f 2987/3781/1755 3602/3766/1236 3605/3770/1235 2988/3780/1754
f 2986/3782/1753 3599/3763/1237 3602/3766/1236 2987/3781/1755
f 3608/3783/1230 3609/3784/1230 3612/3785/1229 3611/3786/1229
f 3609/3784/1230 3610/3787/1230 3613/3788/1229 3612/3785/1229
f 3611/3786/1229 3612/3785/1229 3615/3789/1228 3614/3790/1228
f 3612/3785/1229 3613/3788/1229 3616/3791/1228 3615/3789/1228
f 2671/3668/1730 2961/3666/1223 3608/3783/1230 2983/3792/1756
f 2961/3666/1223 2960/3665/1223 3609/3784/1230 3608/3783/1230
f 2960/3665/1223 2959/3664/1223 3610/3787/1230 3609/3784/1230
f 2959/3664/1223 2655/3580/1223 2908/3793/1230 3610/3787/1230
f 3610/3787/1230 2908/3793/1230 2909/3794/1229 3613/3788/1229
f 3613/3788/1229 2909/3794/1229 2910/3795/1228 3616/3791/1228
f 3616/3791/1228 2910/3795/1228 2656/3243/210 2962/3778/210
f 3615/3789/1228 3616/3791/1228 2962/3778/210 2963/3776/210
f 3614/3790/1228 3615/3789/1228 2963/3776/210 2964/3773/210
f 2985/3796/1757 3614/3790/1228 2964/3773/210 2672/3772/1752
f 2984/3797/1758 3611/3786/1229 3614/3790/1228 2985/3796/1757
f 2983/3792/1756 3608/3783/1230 3611/3786/1229 2984/3797/1758
f 3617/3798/1275 3618/3799/1275 3621/3800/1274 3620/3801/1274
f 3618/3799/1275 3619/3802/1275 3622/3803/1274 3621/3800/1274
f 3620/3801/1274 3621/3800/1274 3624/3804/1273 3623/3805/1273
f 3621/3800/1274 3622/3803/1274 3625/3806/1273 3624/3804/1273
f 2654/3450/1269 2754/3449/1269 3617/3798/1275 2842/3524/1275
f 2754/3449/1269 2753/3448/1269 3618/3799/1275 3617/3798/1275
f 2753/3448/1269 2752/3446/1269 3619/3802/1275 3618/3799/1275
f 2752/3446/1269 2663/3445/1269 2935/3807/1275 3619/3802/1275
f 3619/3802/1275 2935/3807/1275 2936/3808/1274 3622/3803/1274
f 3622/3803/1274 2936/3808/1274 2937/3809/1273 3625/3806/1273
f 3625/3806/1273 2937/3809/1273 2665/3810/178 2919/3811/178
f 3624/3804/1273 3625/3806/1273 2919/3811/178 2918/3812/178
f 3623/3805/1273 3624/3804/1273 2918/3812/178 2917/3813/178
f 2844/3526/1273 3623/3805/1273 2917/3813/178 2632/3527/178
f 2843/3525/1274 3620/3801/1274 3623/3805/1273 2844/3526/1273
f 2842/3524/1275 3617/3798/1275 3620/3801/1274 2843/3525/1274
f 3626/3814/1260 3627/3815/1260 3630/3816/1259 3629/3817/1259
f 3627/3815/1260 3628/3818/1260 3631/3819/1259 3630/3816/1259
f 3629/3817/1259 3630/3816/1259 3633/3820/1258 3632/3821/1258
f 3630/3816/1259 3631/3819/1259 3634/3822/1258 3633/3820/1258
f 2652/3352/1254 2775/3823/1254 3626/3814/1260 2812/3394/1260
f 2775/3823/1254 2774/3824/1254 3627/3815/1260 3626/3814/1260
f 2774/3824/1254 2773/3825/1254 3628/3818/1260 3627/3815/1260
f 2773/3825/1254 2666/3826/1254 2941/3827/1260 3628/3818/1260
f 3628/3818/1260 2941/3827/1260 2942/3828/1259 3631/3819/1259
f 3631/3819/1259 2942/3828/1259 2943/3829/1258 3634/3822/1258
f 3634/3822/1258 2943/3829/1258 2664/3459/153 2755/3457/153
f 3633/3820/1258 3634/3822/1258 2755/3457/153 2756/3456/153
f 3632/3821/1258 3633/3820/1258 2756/3456/153 2757/3455/153
f 2814/3396/1258 3632/3821/1258 2757/3455/153 2653/3397/153
f 2813/3395/1259 3629/3817/1259 3632/3821/1258 2814/3396/1258
f 2812/3394/1260 3626/3814/1260 3629/3817/1259 2813/3395/1259
f 3635/3830/1252 3636/3831/1252 3639/3832/1251 3638/3833/1251
f 3636/3831/1252 3637/3834/1252 3640/3835/1251 3639/3832/1251
f 3638/3833/1251 3639/3832/1251 3642/3836/1250 3641/3837/1250
f 3639/3832/1251 3640/3835/1251 3643/3838/1250 3642/3836/1250
f 2651/3300/58 2790/3839/58 3635/3840/1252 2797/3348/1252
f 2790/3839/58 2789/3841/58 3636/3842/1252 3635/3840/1252
f 2789/3841/58 2788/3843/58 3637/3844/1252 3636/3842/1252
f 2788/3843/58 2667/3845/58 2944/3846/1252 3637/3844/1252
f 3637/3834/1252 2944/3847/1252 2945/3848/1251 3640/3835/1251
f 3640/3835/1251 2945/3848/1251 2946/3849/1250 3643/3838/1250
f 3643/3838/1250 2946/3849/1250 2666/3826/1254 2773/3825/1254
f 3642/3836/1250 3643/3838/1250 2773/3825/1254 2774/3824/1254
f 3641/3837/1250 3642/3836/1250 2774/3824/1254 2775/3823/1254
f 2799/3351/1250 3641/3837/1250 2775/3823/1254 2652/3352/1254
f 2798/3350/1251 3638/3833/1251 3641/3837/1250 2799/3351/1250
f 2797/3349/1252 3635/3830/1252 3638/3833/1251 2798/3350/1251
f 3644/3850/1245 3645/3851/1245 3648/3852/1244 3647/3853/1244
f 3645/3851/1245 3646/3854/1245 3649/3855/1244 3648/3852/1244
f 3647/3853/1244 3648/3852/1244 3651/3856/1243 3650/3857/1243
f 3648/3852/1244 3649/3855/1244 3652/3858/1243 3651/3856/1243
f 2650/3255/1239 2805/3859/1239 3644/3850/1245 2782/3297/1245
f 2805/3859/1239 2804/3860/1239 3645/3851/1245 3644/3850/1245
f 2804/3860/1239 2803/3861/1239 3646/3854/1245 3645/3851/1245
f 2803/3861/1239 2668/3862/1239 2947/3863/1245 3646/3854/1245
f 3646/3854/1245 2947/3863/1245 2948/3864/1244 3649/3855/1244
f 3649/3855/1244 2948/3864/1244 2949/3865/1243 3652/3858/1243
f 3652/3858/1243 2949/3865/1243 2667/3845/58 2788/3843/58
f 3651/3856/1243 3652/3858/1243 2788/3843/58 2789/3841/58
f 3650/3857/1243 3651/3856/1243 2789/3841/58 2790/3839/58
f 2784/3299/1243 3650/3857/1243 2790/3839/58 2651/3300/58
f 2783/3298/1244 3647/3853/1244 3650/3857/1243 2784/3299/1243
f 2782/3297/1245 3644/3850/1245 3647/3853/1244 2783/3298/1244
f 3653/3866/1237 3654/3867/1237 3657/3868/1236 3656/3869/1236
f 3654/3867/1237 3655/3870/1237 3658/3871/1236 3657/3868/1236
f 3656/3869/1236 3657/3868/1236 3660/3872/1235 3659/3873/1235
f 3657/3868/1236 3658/3871/1236 3661/3874/1235 3660/3872/1235
f 2649/3192/210 2820/3191/210 3653/3875/1237 2767/3251/1237
f 2820/3191/210 2819/3190/210 3654/3876/1237 3653/3875/1237
f 2819/3190/210 2818/3189/210 3655/3877/1237 3654/3876/1237
f 2818/3189/210 2669/3188/210 2950/3878/1237 3655/3877/1237
f 3655/3870/1237 2950/3879/1237 2951/3880/1236 3658/3871/1236
f 3658/3871/1236 2951/3880/1236 2952/3881/1235 3661/3874/1235
f 3661/3874/1235 2952/3881/1235 2668/3862/1239 2803/3861/1239
f 3660/3872/1235 3661/3874/1235 2803/3861/1239 2804/3860/1239
f 3659/3873/1235 3660/3872/1235 2804/3860/1239 2805/3859/1239
f 2769/3254/1235 3659/3873/1235 2805/3859/1239 2650/3255/1239
f 2768/3253/1236 3656/3869/1236 3659/3873/1235 2769/3254/1235
f 2767/3252/1237 3653/3866/1237 3656/3869/1236 2768/3253/1236
f 3662/3882/1267 3663/3883/1266 3666/3884/1266 3665/3885/1267
f 3663/3886/1266 3664/3887/1265 3667/3888/1265 3666/3889/1266
f 3665/3885/1267 3666/3884/1266 3669/3890/1266 3668/3891/1267
f 3666/3889/1266 3667/3888/1265 3670/3892/1265 3669/3893/1266
f 2709/3894/153 3139/3895/1267 3662/3882/1267 3190/3896/153
f 3139/3895/1267 3140/3897/1266 3663/3883/1266 3662/3882/1267
f 3140/3898/1266 3141/3899/1265 3664/3887/1265 3663/3886/1266
f 3141/3899/1265 2710/3900/1269 3196/3901/1269 3664/3887/1265
f 3664/3887/1265 3196/3901/1269 3197/3902/1269 3667/3888/1265
f 3667/3888/1265 3197/3902/1269 3198/3903/1269 3670/3892/1265
f 3670/3892/1265 3198/3903/1269 2718/3904/1269 3207/3905/1265
f 3669/3893/1266 3670/3892/1265 3207/3905/1265 3206/3906/1266
f 3668/3891/1267 3669/3890/1266 3206/3907/1266 3205/3908/1267
f 3192/3909/153 3668/3891/1267 3205/3908/1267 2716/3910/153
f 3191/3911/153 3665/3885/1267 3668/3891/1267 3192/3909/153
f 3190/3896/153 3662/3882/1267 3665/3885/1267 3191/3911/153
f 3671/3912/1221 3672/3913/1221 3675/3914/1220 3674/3915/1220
f 3672/3913/1221 3673/3916/1221 3676/3917/1220 3675/3914/1220
f 3674/3918/1220 3675/3919/1220 3678/3920/1219 3677/3921/1219
f 3675/3919/1220 3676/3922/1220 3679/3923/1219 3678/3920/1219
f 2632/3527/178 2917/3813/178 3671/3912/1221 2743/3572/1221
f 2917/3813/178 2918/3812/178 3672/3913/1221 3671/3912/1221
f 2918/3812/178 2919/3811/178 3673/3916/1221 3672/3913/1221
f 2919/3811/178 2665/3810/178 2956/3924/1221 3673/3916/1221
f 3673/3916/1221 2956/3924/1221 2957/3925/1220 3676/3917/1220
f 3676/3922/1220 2957/3926/1220 2958/3927/1219 3679/3923/1219
f 3679/3923/1219 2958/3927/1219 2670/3183/1223 2833/3185/1223
f 3678/3920/1219 3679/3923/1219 2833/3185/1223 2834/3198/1223
f 3677/3921/1219 3678/3920/1219 2834/3198/1223 2835/3196/1223
f 2745/3575/1219 3677/3921/1219 2835/3196/1223 2631/3197/1223
f 2744/3574/1220 3674/3918/1220 3677/3921/1219 2745/3575/1219
f 2743/3572/1221 3671/3912/1221 3674/3915/1220 2744/3573/1220
f 3680/3928/1759 3681/3929/1760 3684/3930/1761 3683/3931/1762
f 3681/3929/1760 3682/3932/1763 3685/3933/1764 3684/3930/1761
f 3683/3931/1762 3684/3930/1761 3687/3934/1765 3686/3935/1766
f 3684/3930/1761 3685/3933/1764 3688/3936/1767 3687/3934/1765
f 2635/3620/1700 2766/3937/1768 3680/3938/1759 2770/3621/1701
f 2766/3939/1768 2765/3940/1769 3681/3929/1760 3680/3928/1759
f 2765/3940/1769 2764/3941/1770 3682/3932/1763 3681/3929/1760
f 2764/3941/1770 2671/3668/1730 2983/3792/1756 3682/3932/1763
f 3682/3932/1763 2983/3792/1756 2984/3797/1758 3685/3933/1764
f 3685/3933/1764 2984/3797/1758 2985/3796/1757 3688/3936/1767
f 3688/3936/1767 2985/3796/1757 2672/3772/1752 2779/3942/1771
f 3687/3934/1765 3688/3936/1767 2779/3942/1771 2780/3943/1772
f 3686/3935/1766 3687/3934/1765 2780/3943/1772 2781/3944/1773
f 2772/3626/1706 3686/3945/1766 2781/3946/1773 2637/3624/1704
f 2771/3623/1703 3683/3947/1762 3686/3945/1766 2772/3626/1706
f 2770/3621/1701 3680/3938/1759 3683/3947/1762 2771/3623/1703
f 3689/3948/1774 3690/3949/1775 3693/3950/1776 3692/3951/1777
f 3690/3949/1775 3691/3952/1778 3694/3953/1779 3693/3950/1776
f 3692/3951/1777 3693/3950/1776 3696/3954/1780 3695/3955/1781
f 3693/3950/1776 3694/3953/1779 3697/3956/1782 3696/3954/1780
f 2637/3624/1704 2781/3946/1773 3689/3957/1774 2785/3625/1705
f 2781/3944/1773 2780/3943/1772 3690/3958/1775 3689/3959/1774
f 2780/3943/1772 2779/3942/1771 3691/3960/1778 3690/3958/1775
f 2779/3942/1771 2672/3772/1752 2986/3775/1753 3691/3960/1778
f 3691/3952/1778 2986/3782/1753 2987/3781/1755 3694/3953/1779
f 3694/3953/1779 2987/3781/1755 2988/3780/1754 3697/3956/1782
f 3697/3956/1782 2988/3780/1754 2673/3756/1748 2794/3961/1783
f 3696/3954/1780 3697/3956/1782 2794/3961/1783 2795/3962/1784
f 3695/3955/1781 3696/3954/1780 2795/3962/1784 2796/3963/1785
f 2787/3630/1710 3695/3964/1781 2796/3965/1785 2639/3628/1708
f 2786/3627/1707 3692/3966/1777 3695/3964/1781 2787/3630/1710
f 2785/3625/1705 3689/3957/1774 3692/3966/1777 2786/3627/1707
f 3698/3967/1786 3699/3968/1787 3702/3969/1788 3701/3970/1789
f 3699/3968/1787 3700/3971/1790 3703/3972/1791 3702/3969/1788
f 3701/3970/1789 3702/3969/1788 3705/3973/1792 3704/3974/1793
f 3702/3969/1788 3703/3972/1791 3706/3975/1794 3705/3973/1792
f 2639/3628/1708 2796/3965/1785 3698/3976/1786 2800/3629/1709
f 2796/3963/1785 2795/3962/1784 3699/3968/1787 3698/3967/1786
f 2795/3962/1784 2794/3961/1783 3700/3971/1790 3699/3968/1787
f 2794/3961/1783 2673/3756/1748 2989/3758/1749 3700/3971/1790
f 3700/3971/1790 2989/3758/1749 2990/3762/1751 3703/3972/1791
f 3703/3972/1791 2990/3762/1751 2991/3761/1750 3706/3975/1794
f 3706/3975/1794 2991/3761/1750 2674/3736/1744 2809/3977/1795
f 3705/3973/1792 3706/3975/1794 2809/3977/1795 2810/3978/1796
f 3704/3974/1793 3705/3973/1792 2810/3978/1796 2811/3979/1797
f 2802/3634/1714 3704/3980/1793 2811/3981/1797 2641/3632/1712
f 2801/3631/1711 3701/3982/1789 3704/3980/1793 2802/3634/1714
f 2800/3629/1709 3698/3976/1786 3701/3982/1789 2801/3631/1711
f 3707/3983/1798 3708/3984/1799 3711/3985/1800 3710/3986/1801
f 3708/3984/1799 3709/3987/1802 3712/3988/1803 3711/3985/1800
f 3710/3986/1801 3711/3985/1800 3714/3989/1804 3713/3990/1805
f 3711/3985/1800 3712/3988/1803 3715/3991/1806 3714/3989/1804
f 2641/3632/1712 2811/3981/1797 3707/3992/1798 2815/3633/1713
f 2811/3993/1797 2810/3994/1796 3708/3984/1799 3707/3983/1798
f 2810/3994/1796 2809/3995/1795 3709/3987/1802 3708/3984/1799
f 2809/3977/1795 2674/3736/1744 2992/3739/1745 3709/3996/1802
f 3709/3987/1802 2992/3746/1745 2993/3745/1747 3712/3988/1803
f 3712/3988/1803 2993/3745/1747 2994/3744/1746 3715/3991/1806
f 3715/3991/1806 2994/3744/1746 2675/3720/1740 2824/3997/1807
f 3714/3989/1804 3715/3991/1806 2824/3997/1807 2825/3998/1808
f 3713/3990/1805 3714/3989/1804 2825/3998/1808 2826/3999/1809
f 2817/3638/1718 3713/4000/1805 2826/4001/1809 2643/3636/1716
f 2816/3635/1715 3710/4002/1801 3713/4000/1805 2817/3638/1718
f 2815/3633/1713 3707/3992/1798 3710/4002/1801 2816/3635/1715
f 3716/4003/1810 3717/4004/1811 3720/4005/1812 3719/4006/1813
f 3717/4004/1811 3718/4007/1814 3721/4008/1815 3720/4005/1812
f 3719/4006/1813 3720/4005/1812 3723/4009/1816 3722/4010/1817
f 3720/4005/1812 3721/4008/1815 3724/4011/1818 3723/4009/1816
f 2643/3636/1716 2826/4001/1809 3716/4012/1810 2830/3637/1717
f 2826/3999/1809 2825/3998/1808 3717/4004/1811 3716/4003/1810
f 2825/3998/1808 2824/3997/1807 3718/4007/1814 3717/4004/1811
f 2824/3997/1807 2675/3720/1740 2995/3722/1741 3718/4007/1814
f 3718/4007/1814 2995/3722/1741 2996/3726/1743 3721/4008/1815
f 3721/4008/1815 2996/3726/1743 2997/3725/1742 3724/4011/1818
f 3724/4011/1818 2997/3725/1742 2676/3699/1736 2839/4013/1819
f 3723/4009/1816 3724/4011/1818 2839/4013/1819 2840/4014/1820
f 3722/4010/1817 3723/4009/1816 2840/4014/1820 2841/4015/1821
f 2832/3642/1722 3722/4016/1817 2841/4017/1821 2645/3640/1720
f 2831/3639/1719 3719/4018/1813 3722/4016/1817 2832/3642/1722
f 2830/3637/1717 3716/4012/1810 3719/4018/1813 2831/3639/1719
f 3725/4019/1822 3726/4020/1823 3729/4021/1824 3728/4022/1825
f 3726/4020/1823 3727/4023/1826 3730/4024/1827 3729/4021/1824
f 3728/4025/1825 3729/4026/1824 3732/4027/1828 3731/4028/1829
f 3729/4026/1824 3730/4029/1827 3733/4030/1830 3732/4027/1828
f 2645/3640/1720 2841/4017/1821 3725/4031/1822 2845/3641/1721
f 2841/4015/1821 2840/4014/1820 3726/4020/1823 3725/4019/1822
f 2840/4014/1820 2839/4013/1819 3727/4023/1826 3726/4020/1823
f 2839/4013/1819 2676/3699/1736 2998/3701/1737 3727/4023/1826
f 3727/4023/1826 2998/3701/1737 2999/3710/1739 3730/4024/1827
f 3730/4029/1827 2999/3709/1739 3000/3708/1738 3733/4030/1830
f 3733/4030/1830 3000/3708/1738 2677/3680/1732 2854/4032/1831
f 3732/4027/1828 3733/4030/1830 2854/4032/1831 2855/4033/1832
f 3731/4028/1829 3732/4027/1828 2855/4033/1832 2856/4034/1833
f 2847/3646/1726 3731/4035/1829 2856/4036/1833 2647/3644/1724
f 2846/3643/1723 3728/4037/1825 3731/4035/1829 2847/3646/1726
f 2845/3641/1721 3725/4031/1822 3728/4037/1825 2846/3643/1723
f 3734/4038/1834 3735/4039/1835 3738/4040/1836 3737/4041/1837
f 3735/4039/1835 3736/4042/1838 3739/4043/1839 3738/4040/1836
f 3737/4041/1837 3738/4040/1836 3741/4044/1840 3740/4045/1841
f 3738/4040/1836 3739/4043/1839 3742/4046/1842 3741/4044/1840
f 2647/3644/1724 2856/4036/1833 3734/4047/1834 2857/3645/1725
f 2856/4034/1833 2855/4033/1832 3735/4039/1835 3734/4038/1834
f 2855/4033/1832 2854/4032/1831 3736/4042/1838 3735/4039/1835
f 2854/4032/1831 2677/3680/1732 3001/3682/1733 3736/4042/1838
f 3736/4042/1838 3001/3682/1733 3002/3686/1735 3739/4043/1839
f 3739/4043/1839 3002/3686/1735 3003/3685/1734 3742/4046/1842
f 3742/4046/1842 3003/3685/1734 2678/3659/1727 2982/4048/1843
f 3741/4044/1840 3742/4046/1842 2982/4048/1843 2981/4049/1844
f 3740/4045/1841 3741/4044/1840 2981/4049/1844 2980/4050/1845
f 2859/3617/1697 3740/4051/1841 2980/4052/1845 2633/3615/1695
f 2858/3619/1699 3737/4053/1837 3740/4051/1841 2859/3617/1697
f 2857/3645/1725 3734/4047/1834 3737/4053/1837 2858/3619/1699
f 3743/4054/1846 3744/4055/1847 3747/4056/1848 3746/4057/1849
f 3744/4055/1847 3745/4058/1850 3748/4059/1851 3747/4056/1848
f 3746/4057/1849 3747/4056/1848 3750/4060/1852 3749/4061/1853
f 3747/4062/1848 3748/4063/1851 3751/4064/1854 3750/4065/1852
f 2633/3615/1695 2980/4052/1845 3743/4066/1846 2749/3616/1696
f 2980/4050/1845 2981/4049/1844 3744/4055/1847 3743/4054/1846
f 2981/4049/1844 2982/4048/1843 3745/4058/1850 3744/4055/1847
f 2982/4048/1843 2678/3659/1727 3004/3661/1728 3745/4058/1850
f 3745/4058/1850 3004/3661/1728 3005/3670/1731 3748/4059/1851
f 3748/4063/1851 3005/3669/1731 3006/3667/1729 3751/4064/1854
f 3751/4064/1854 3006/3667/1729 2671/3668/1730 2764/3941/1770
f 3750/4065/1852 3751/4064/1854 2764/3941/1770 2765/3940/1769
f 3749/4067/1853 3750/4065/1852 2765/3940/1769 2766/3939/1768
f 2751/3622/1702 3749/4068/1853 2766/3937/1768 2635/3620/1700
f 2750/3618/1698 3746/4069/1849 3749/4068/1853 2751/3622/1702
f 2749/3616/1696 3743/4066/1846 3746/4069/1849 2750/3618/1698
f 3752/4070/1275 3753/4071/1275 3756/4072/1274 3755/4073/1274
f 3753/4071/1275 3754/4074/1275 3757/4075/1274 3756/4072/1274
f 3755/4073/1274 3756/4072/1274 3759/4076/1273 3758/4077/1273
f 3756/4072/1274 3757/4075/1274 3760/4078/1273 3759/4076/1273
f 2663/3445/1269 2913/4079/1269 3752/4070/1275 2935/3807/1275
f 2913/4079/1269 2912/4080/1269 3753/4071/1275 3752/4070/1275
f 2912/4080/1269 2911/4081/1269 3754/4074/1275 3753/4071/1275
f 2911/4081/1269 2680/3556/1665 3031/3592/1676 3754/4074/1275
f 3754/4074/1275 3031/3592/1676 3032/3597/1678 3757/4075/1274
f 3757/4075/1274 3032/3597/1678 3033/3596/1677 3760/4078/1273
f 3760/4078/1273 3033/3596/1677 2679/3208/1512 3009/4082/178
f 3759/4076/1273 3760/4078/1273 3009/4082/178 3008/4083/178
f 3758/4077/1273 3759/4076/1273 3008/4083/178 3007/4084/178
f 2937/3809/1273 3758/4077/1273 3007/4084/178 2665/3810/178
f 2936/3808/1274 3755/4073/1274 3758/4077/1273 2937/3809/1273
f 2935/3807/1275 3752/4070/1275 3755/4073/1274 2936/3808/1274
f 3761/4085/1267 3762/4086/1267 3765/4087/1266 3764/4088/1266
f 3762/4086/1267 3763/4089/1267 3766/4090/1266 3765/4087/1266
f 3764/4091/1266 3765/4092/1266 3768/4093/1265 3767/4094/1265
f 3765/4092/1266 3766/4095/1266 3769/4096/1265 3768/4093/1265
f 2664/3459/153 2916/4097/153 3761/4085/1267 2938/3458/1267
f 2916/4097/153 2915/4098/153 3762/4086/1267 3761/4085/1267
f 2915/4098/153 2914/4099/153 3763/4089/1267 3762/4086/1267
f 2914/4099/153 2681/3484/1626 3034/3548/1660 3763/4089/1267
f 3763/4089/1267 3034/3548/1660 3035/3558/1666 3766/4090/1266
f 3766/4095/1266 3035/3557/1666 3036/3555/1664 3769/4096/1265
f 3769/4096/1265 3036/3555/1664 2680/3556/1665 2911/4081/1269
f 3768/4093/1265 3769/4096/1265 2911/4081/1269 2912/4080/1269
f 3767/4094/1265 3768/4093/1265 2912/4080/1269 2913/4079/1269
f 2940/3447/1265 3767/4094/1265 2913/4079/1269 2663/3445/1269
f 2939/3461/1266 3764/4091/1266 3767/4094/1265 2940/3447/1265
f 2938/3458/1267 3761/4085/1267 3764/4088/1266 2939/3460/1266
f 3770/4100/1260 3771/4101/1260 3774/4102/1259 3773/4103/1259
f 3771/4101/1260 3772/4104/1260 3775/4105/1259 3774/4102/1259
f 3773/4103/1259 3774/4102/1259 3777/4106/1258 3776/4107/1258
f 3774/4102/1259 3775/4105/1259 3778/4108/1258 3777/4106/1258
f 2666/3826/1254 2922/4109/1254 3770/4100/1260 2941/3827/1260
f 2922/4109/1254 2921/4110/1254 3771/4101/1260 3770/4100/1260
f 2921/4110/1254 2920/4111/1254 3772/4104/1260 3771/4101/1260
f 2920/4111/1254 2682/3430/1606 3037/3471/1617 3772/4104/1260
f 3772/4104/1260 3037/3471/1617 3038/3485/1627 3775/4105/1259
f 3775/4105/1259 3038/3485/1627 3039/3483/1625 3778/4108/1258
f 3778/4108/1258 3039/3483/1625 2681/3484/1626 2914/4099/153
f 3777/4106/1258 3778/4108/1258 2914/4099/153 2915/4098/153
f 3776/4107/1258 3777/4106/1258 2915/4098/153 2916/4097/153
f 2943/3829/1258 3776/4107/1258 2916/4097/153 2664/3459/153
f 2942/3828/1259 3773/4103/1259 3776/4107/1258 2943/3829/1258
f 2941/3827/1260 3770/4100/1260 3773/4103/1259 2942/3828/1259
f 3779/4112/1252 3780/4113/1252 3783/4114/1251 3782/4115/1251
f 3780/4113/1252 3781/4116/1252 3784/4117/1251 3783/4114/1251
f 3782/4115/1251 3783/4114/1251 3786/4118/1250 3785/4119/1250
f 3783/4114/1251 3784/4117/1251 3787/4120/1250 3786/4118/1250
f 2667/3845/58 2925/4121/58 3779/4122/1252 2944/3846/1252
f 2925/4121/58 2924/4123/58 3780/4124/1252 3779/4122/1252
f 2924/4123/58 2923/4125/58 3781/4126/1252 3780/4124/1252
f 2923/4125/58 2683/3382/1586 3040/3414/1597 3781/4126/1252
f 3781/4116/1252 3040/3432/1597 3041/3431/1607 3784/4117/1251
f 3784/4117/1251 3041/3431/1607 3042/3429/1605 3787/4120/1250
f 3787/4120/1250 3042/3429/1605 2682/3430/1606 2920/4111/1254
f 3786/4118/1250 3787/4120/1250 2920/4111/1254 2921/4110/1254
f 3785/4119/1250 3786/4118/1250 2921/4110/1254 2922/4109/1254
f 2946/3849/1250 3785/4119/1250 2922/4109/1254 2666/3826/1254
f 2945/3848/1251 3782/4115/1251 3785/4119/1250 2946/3849/1250
f 2944/3847/1252 3779/4112/1252 3782/4115/1251 2945/3848/1251
f 3788/4127/1245 3789/4128/1245 3792/4129/1244 3791/4130/1244
f 3789/4128/1245 3790/4131/1245 3793/4132/1244 3792/4129/1244
f 3791/4130/1244 3792/4129/1244 3795/4133/1243 3794/4134/1243
f 3792/4129/1244 3793/4132/1244 3796/4135/1243 3795/4133/1243
f 2668/3862/1239 2928/4136/1239 3788/4127/1245 2947/3863/1245
f 2928/4136/1239 2927/4137/1239 3789/4128/1245 3788/4127/1245
f 2927/4137/1239 2926/4138/1239 3790/4131/1245 3789/4128/1245
f 2926/4138/1239 2684/3332/1566 3043/3369/1577 3790/4131/1245
f 3790/4131/1245 3043/3369/1577 3044/3383/1587 3793/4132/1244
f 3793/4132/1244 3044/3383/1587 3045/3381/1585 3796/4135/1243
f 3796/4135/1243 3045/3381/1585 2683/3382/1586 2923/4125/58
f 3795/4133/1243 3796/4135/1243 2923/4125/58 2924/4123/58
f 3794/4134/1243 3795/4133/1243 2924/4123/58 2925/4121/58
f 2949/3865/1243 3794/4134/1243 2925/4121/58 2667/3845/58
f 2948/3864/1244 3791/4130/1244 3794/4134/1243 2949/3865/1243
f 2947/3863/1245 3788/4127/1245 3791/4130/1244 2948/3864/1244
f 3797/4139/1237 3798/4140/1237 3801/4141/1236 3800/4142/1236
f 3798/4140/1237 3799/4143/1237 3802/4144/1236 3801/4141/1236
f 3800/4142/1236 3801/4141/1236 3804/4145/1235 3803/4146/1235
f 3801/4141/1236 3802/4144/1236 3805/4147/1235 3804/4145/1235
f 2669/3188/210 2931/4148/210 3797/4149/1237 2950/3878/1237
f 2931/4148/210 2930/4150/210 3798/4151/1237 3797/4149/1237
f 2930/4150/210 2929/4152/210 3799/4153/1237 3798/4151/1237
f 2929/4152/210 2685/3285/1546 3046/3317/1557 3799/4153/1237
f 3799/4143/1237 3046/3334/1557 3047/3333/1567 3802/4144/1236
f 3802/4144/1236 3047/3333/1567 3048/3331/1565 3805/4147/1235
f 3805/4147/1235 3048/3331/1565 2684/3332/1566 2926/4138/1239
f 3804/4145/1235 3805/4147/1235 2926/4138/1239 2927/4137/1239
f 3803/4146/1235 3804/4145/1235 2927/4137/1239 2928/4136/1239
f 2952/3881/1235 3803/4146/1235 2928/4136/1239 2668/3862/1239
f 2951/3880/1236 3800/4142/1236 3803/4146/1235 2952/3881/1235
f 2950/3879/1237 3797/4139/1237 3800/4142/1236 2951/3880/1236
f 3806/4154/1230 3807/4155/1230 3810/4156/1229 3809/4157/1229
f 3807/4155/1230 3808/4158/1230 3811/4159/1229 3810/4156/1229
f 3809/4157/1229 3810/4156/1229 3813/4160/1228 3812/4161/1228
f 3810/4156/1229 3811/4159/1229 3814/4162/1228 3813/4160/1228
f 2670/3183/1223 2934/4163/1223 3806/4154/1230 2953/3184/1230
f 2934/4163/1223 2933/4164/1223 3807/4155/1230 3806/4154/1230
f 2933/4164/1223 2932/4165/1223 3808/4158/1230 3807/4155/1230
f 2932/4165/1223 2686/3230/1526 3049/3272/1537 3808/4158/1230
f 3808/4158/1230 3049/3272/1537 3050/3286/1547 3811/4159/1229
f 3811/4159/1229 3050/3286/1547 3051/3284/1545 3814/4162/1228
f 3814/4162/1228 3051/3284/1545 2685/3285/1546 2929/4152/210
f 3813/4160/1228 3814/4162/1228 2929/4152/210 2930/4150/210
f 3812/4161/1228 3813/4160/1228 2930/4150/210 2931/4148/210
f 2955/3187/1228 3812/4161/1228 2931/4148/210 2669/3188/210
f 2954/3186/1229 3809/4157/1229 3812/4161/1228 2955/3187/1228
f 2953/3184/1230 3806/4154/1230 3809/4157/1229 2954/3186/1229
f 3815/4166/1221 3816/4167/1221 3819/4168/1220 3818/4169/1220
f 3816/4167/1221 3817/4170/1221 3820/4171/1220 3819/4168/1220
f 3818/4172/1220 3819/4173/1220 3822/4174/1219 3821/4175/1219
f 3819/4173/1220 3820/4176/1220 3823/4177/1219 3822/4174/1219
f 2665/3810/178 3007/4084/178 3815/4166/1221 2956/3924/1221
f 3007/4084/178 3008/4083/178 3816/4167/1221 3815/4166/1221
f 3008/4083/178 3009/4082/178 3817/4170/1221 3816/4167/1221
f 3009/4082/178 2679/3208/1512 3052/3210/1514 3817/4170/1221
f 3817/4170/1221 3052/3210/1514 3053/3233/1527 3820/4171/1220
f 3820/4176/1220 3053/3231/1527 3054/3229/1525 3823/4177/1219
f 3823/4177/1219 3054/3229/1525 2686/3230/1526 2932/4165/1223
f 3822/4174/1219 3823/4177/1219 2932/4165/1223 2933/4164/1223
f 3821/4175/1219 3822/4174/1219 2933/4164/1223 2934/4163/1223
f 2958/3927/1219 3821/4175/1219 2934/4163/1223 2670/3183/1223
f 2957/3926/1220 3818/4172/1220 3821/4175/1219 2958/3927/1219
f 2956/3924/1221 3815/4166/1221 3818/4169/1220 2957/3925/1220
f 3824/4178/1230 3825/4179/1229 3828/4180/1229 3827/4181/1230
f 3825/4179/1229 3826/4182/1228 3829/4183/1228 3828/4180/1229
f 3827/4181/1230 3828/4180/1229 3831/4184/1229 3830/4185/1230
f 3828/4180/1229 3829/4183/1228 3832/4186/1228 3831/4184/1229
f 2726/4187/1223 3265/4188/1230 3824/4178/1230 3145/4189/1223
f 3265/4188/1230 3266/4190/1229 3825/4179/1229 3824/4178/1230
f 3266/4190/1229 3267/4191/1228 3826/4182/1228 3825/4179/1229
f 3267/4191/1228 2725/4192/210 3130/4193/210 3826/4182/1228
f 3826/4182/1228 3130/4193/210 3131/4194/210 3829/4183/1228
f 3829/4183/1228 3131/4194/210 3132/4195/210 3832/4186/1228
f 3832/4186/1228 3132/4195/210 2705/4196/210 3060/4197/1228
f 3831/4184/1229 3832/4186/1228 3060/4197/1228 3059/4198/1229
f 3830/4185/1230 3831/4184/1229 3059/4198/1229 3058/4199/1230
f 3147/4200/1223 3830/4185/1230 3058/4199/1230 2687/4201/1223
f 3146/4202/1223 3827/4181/1230 3830/4185/1230 3147/4200/1223
f 3145/4189/1223 3824/4178/1230 3827/4181/1230 3146/4202/1223
f 3833/4203/1503 3834/4204/1504 3837/4205/1505 3836/4206/1506
f 3834/4204/1504 3835/4207/1507 3838/4208/1508 3837/4205/1505
f 3836/4206/1506 3837/4205/1505 3840/4209/1509 3839/4210/1510
f 3837/4205/1505 3838/4208/1508 3841/4211/1511 3840/4209/1509
f 2735/4212/1512 3073/4213/1513 3833/4203/1503 3364/4214/1514
f 3073/4213/1513 3074/4215/1515 3834/4204/1504 3833/4203/1503
f 3074/4215/1515 3075/4216/1516 3835/4207/1507 3834/4204/1504
f 3075/4217/1516 2690/4218/1517 3072/4219/1518 3835/4220/1507
f 3835/4220/1507 3072/4219/1518 3071/4221/1519 3838/4222/1508
f 3838/4222/1508 3071/4221/1519 3070/4223/1520 3841/4224/1511
f 3841/4224/1511 3070/4223/1520 2692/4225/1521 3340/4226/1522
f 3840/4227/1509 3841/4228/1511 3340/4229/1522 3341/4230/1523
f 3839/4231/1510 3840/4227/1509 3341/4230/1523 3342/4232/1524
f 3366/4233/1525 3839/4231/1510 3342/4232/1524 2742/4234/1526
f 3365/4235/1527 3836/4236/1506 3839/4231/1510 3366/4233/1525
f 3364/4214/1514 3833/4203/1503 3836/4206/1506 3365/4237/1527
f 3842/4238/1237 3843/4239/1237 3846/4240/1236 3845/4241/1236
f 3843/4239/1237 3844/4242/1237 3847/4243/1236 3846/4240/1236
f 3845/4241/1236 3846/4240/1236 3849/4244/1235 3848/4245/1235
f 3846/4240/1236 3847/4243/1236 3850/4246/1235 3849/4244/1235
f 2712/4247/210 3180/4248/210 3842/4249/1237 3217/4250/1237
f 3180/4248/210 3179/4251/210 3843/4252/1237 3842/4249/1237
f 3179/4251/210 3178/4253/210 3844/4254/1237 3843/4252/1237
f 3178/4253/210 2705/4196/210 3079/4255/1237 3844/4254/1237
f 3844/4242/1237 3079/4256/1237 3080/4257/1236 3847/4243/1236
f 3847/4243/1236 3080/4257/1236 3081/4258/1235 3850/4246/1235
f 3850/4246/1235 3081/4258/1235 2706/4259/1239 3181/4260/1239
f 3849/4244/1235 3850/4246/1235 3181/4260/1239 3182/4261/1239
f 3848/4245/1235 3849/4244/1235 3182/4261/1239 3183/4262/1239
f 3219/4263/1235 3848/4245/1235 3183/4262/1239 2713/4264/1239
f 3218/4265/1236 3845/4241/1236 3848/4245/1235 3219/4263/1235
f 3217/4266/1237 3842/4238/1237 3845/4241/1236 3218/4265/1236
f 3851/4267/1528 3852/4268/1529 3855/4269/1530 3854/4270/1531
f 3852/4268/1529 3853/4271/1532 3856/4272/1533 3855/4269/1530
f 3854/4270/1531 3855/4269/1530 3858/4273/1534 3857/4274/1535
f 3855/4269/1530 3856/4272/1533 3859/4275/1536 3858/4273/1534
f 2742/4234/1526 3342/4232/1524 3851/4267/1528 3361/4276/1537
f 3342/4232/1524 3341/4230/1523 3852/4268/1529 3851/4267/1528
f 3341/4230/1523 3340/4229/1522 3853/4271/1532 3852/4268/1529
f 3340/4226/1522 2692/4225/1521 3090/4277/1538 3853/4278/1532
f 3853/4278/1532 3090/4277/1538 3089/4279/1539 3856/4280/1533
f 3856/4280/1533 3089/4279/1539 3088/4281/1540 3859/4282/1536
f 3859/4282/1536 3088/4281/1540 2694/4283/1541 3337/4284/1542
f 3858/4273/1534 3859/4275/1536 3337/4285/1542 3338/4286/1543
f 3857/4274/1535 3858/4273/1534 3338/4286/1543 3339/4287/1544
f 3363/4288/1545 3857/4274/1535 3339/4287/1544 2741/4289/1546
f 3362/4290/1547 3854/4270/1531 3857/4274/1535 3363/4288/1545
f 3361/4276/1537 3851/4267/1528 3854/4270/1531 3362/4290/1547
f 3860/4291/1245 3861/4292/1245 3864/4293/1244 3863/4294/1244
f 3861/4292/1245 3862/4295/1245 3865/4296/1244 3864/4293/1244
f 3863/4294/1244 3864/4293/1244 3867/4297/1243 3866/4298/1243
f 3864/4293/1244 3865/4296/1244 3868/4299/1243 3867/4297/1243
f 2713/4264/1239 3183/4262/1239 3860/4291/1245 3214/4300/1245
f 3183/4262/1239 3182/4261/1239 3861/4292/1245 3860/4291/1245
f 3182/4261/1239 3181/4260/1239 3862/4295/1245 3861/4292/1245
f 3181/4260/1239 2706/4259/1239 3094/4301/1245 3862/4295/1245
f 3862/4295/1245 3094/4301/1245 3095/4302/1244 3865/4296/1244
f 3865/4296/1244 3095/4302/1244 3096/4303/1243 3868/4299/1243
f 3868/4299/1243 3096/4303/1243 2707/4304/58 3184/4305/58
f 3867/4297/1243 3868/4299/1243 3184/4305/58 3185/4306/58
f 3866/4298/1243 3867/4297/1243 3185/4306/58 3186/4307/58
f 3216/4308/1243 3866/4298/1243 3186/4307/58 2714/4309/58
f 3215/4310/1244 3863/4294/1244 3866/4298/1243 3216/4308/1243
f 3214/4300/1245 3860/4291/1245 3863/4294/1244 3215/4310/1244
f 3869/4311/1548 3870/4312/1549 3873/4313/1550 3872/4314/1551
f 3870/4312/1549 3871/4315/1552 3874/4316/1553 3873/4313/1550
f 3872/4314/1551 3873/4313/1550 3876/4317/1554 3875/4318/1555
f 3873/4313/1550 3874/4316/1553 3877/4319/1556 3876/4317/1554
f 2741/4289/1546 3339/4287/1544 3869/4320/1548 3358/4321/1557
f 3339/4287/1544 3338/4286/1543 3870/4322/1549 3869/4320/1548
f 3338/4286/1543 3337/4285/1542 3871/4323/1552 3870/4322/1549
f 3337/4284/1542 2694/4283/1541 3105/4324/1558 3871/4325/1552
f 3871/4325/1552 3105/4324/1558 3104/4326/1559 3874/4327/1553
f 3874/4327/1553 3104/4326/1559 3103/4328/1560 3877/4329/1556
f 3877/4329/1556 3103/4328/1560 2696/4330/1561 3334/4331/1562
f 3876/4317/1554 3877/4319/1556 3334/4332/1562 3335/4333/1563
f 3875/4318/1555 3876/4317/1554 3335/4333/1563 3336/4334/1564
f 3360/4335/1565 3875/4318/1555 3336/4334/1564 2740/4336/1566
f 3359/4337/1567 3872/4314/1551 3875/4318/1555 3360/4335/1565
f 3358/4338/1557 3869/4311/1548 3872/4314/1551 3359/4337/1567
f 3878/4339/1252 3879/4340/1252 3882/4341/1251 3881/4342/1251
f 3879/4340/1252 3880/4343/1252 3883/4344/1251 3882/4341/1251
f 3881/4342/1251 3882/4341/1251 3885/4345/1250 3884/4346/1250
f 3882/4341/1251 3883/4344/1251 3886/4347/1250 3885/4345/1250
f 2714/4309/58 3186/4307/58 3878/4348/1252 3211/4349/1252
f 3186/4307/58 3185/4306/58 3879/4350/1252 3878/4348/1252
f 3185/4306/58 3184/4305/58 3880/4351/1252 3879/4350/1252
f 3184/4305/58 2707/4304/58 3109/4352/1252 3880/4351/1252
f 3880/4343/1252 3109/4353/1252 3110/4354/1251 3883/4344/1251
f 3883/4344/1251 3110/4354/1251 3111/4355/1250 3886/4347/1250
f 3886/4347/1250 3111/4355/1250 2708/4356/1254 3187/4357/1254
f 3885/4345/1250 3886/4347/1250 3187/4357/1254 3188/4358/1254
f 3884/4346/1250 3885/4345/1250 3188/4358/1254 3189/4359/1254
f 3213/4360/1250 3884/4346/1250 3189/4359/1254 2715/4361/1254
f 3212/4362/1251 3881/4342/1251 3884/4346/1250 3213/4360/1250
f 3211/4363/1252 3878/4339/1252 3881/4342/1251 3212/4362/1251
f 3887/4364/1568 3888/4365/1569 3891/4366/1570 3890/4367/1571
f 3888/4365/1569 3889/4368/1572 3892/4369/1573 3891/4366/1570
f 3890/4367/1571 3891/4366/1570 3894/4370/1574 3893/4371/1575
f 3891/4366/1570 3892/4369/1573 3895/4372/1576 3894/4370/1574
f 2740/4336/1566 3336/4334/1564 3887/4364/1568 3355/4373/1577
f 3336/4334/1564 3335/4333/1563 3888/4365/1569 3887/4364/1568
f 3335/4333/1563 3334/4332/1562 3889/4368/1572 3888/4365/1569
f 3334/4331/1562 2696/4330/1561 3120/4374/1578 3889/4375/1572
f 3889/4375/1572 3120/4374/1578 3119/4376/1579 3892/4377/1573
f 3892/4377/1573 3119/4376/1579 3118/4378/1580 3895/4379/1576
f 3895/4379/1576 3118/4378/1580 2698/4380/1581 3331/4381/1582
f 3894/4370/1574 3895/4372/1576 3331/4382/1582 3332/4383/1583
f 3893/4371/1575 3894/4370/1574 3332/4383/1583 3333/4384/1584
f 3357/4385/1585 3893/4371/1575 3333/4384/1584 2739/4386/1586
f 3356/4387/1587 3890/4367/1571 3893/4371/1575 3357/4385/1585
f 3355/4373/1577 3887/4364/1568 3890/4367/1571 3356/4387/1587
f 3896/4388/1260 3897/4389/1260 3900/4390/1259 3899/4391/1259
f 3897/4389/1260 3898/4392/1260 3901/4393/1259 3900/4390/1259
f 3899/4391/1259 3900/4390/1259 3903/4394/1258 3902/4395/1258
f 3900/4390/1259 3901/4393/1259 3904/4396/1258 3903/4394/1258
f 2715/4361/1254 3189/4359/1254 3896/4388/1260 3208/4397/1260
f 3189/4359/1254 3188/4358/1254 3897/4389/1260 3896/4388/1260
f 3188/4358/1254 3187/4357/1254 3898/4392/1260 3897/4389/1260
f 3187/4357/1254 2708/4356/1254 3124/4398/1260 3898/4392/1260
f 3898/4392/1260 3124/4398/1260 3125/4399/1259 3901/4393/1259
f 3901/4393/1259 3125/4399/1259 3126/4400/1258 3904/4396/1258
f 3904/4396/1258 3126/4400/1258 2709/3894/153 3190/3896/153
f 3903/4394/1258 3904/4396/1258 3190/3896/153 3191/3911/153
f 3902/4395/1258 3903/4394/1258 3191/3911/153 3192/3909/153
f 3210/4401/1258 3902/4395/1258 3192/3909/153 2716/3910/153
f 3209/4402/1259 3899/4391/1259 3902/4395/1258 3210/4401/1258
f 3208/4397/1260 3896/4388/1260 3899/4391/1259 3209/4402/1259
f 3905/4403/1588 3906/4404/1589 3909/4405/1590 3908/4406/1591
f 3906/4404/1589 3907/4407/1592 3910/4408/1593 3909/4405/1590
f 3908/4406/1591 3909/4405/1590 3912/4409/1594 3911/4410/1595
f 3909/4405/1590 3910/4408/1593 3913/4411/1596 3912/4409/1594
f 2739/4386/1586 3333/4384/1584 3905/4412/1588 3352/4413/1597
f 3333/4414/1584 3332/4415/1583 3906/4404/1589 3905/4403/1588
f 3332/4415/1583 3331/4416/1582 3907/4407/1592 3906/4404/1589
f 3331/4381/1582 2698/4380/1581 3135/4417/1598 3907/4418/1592
f 3907/4418/1592 3135/4417/1598 3134/4419/1599 3910/4420/1593
f 3910/4420/1593 3134/4419/1599 3133/4421/1600 3913/4422/1596
f 3913/4422/1596 3133/4421/1600 2700/4423/1601 3328/4424/1602
f 3912/4409/1594 3913/4411/1596 3328/4425/1602 3329/4426/1603
f 3911/4410/1595 3912/4409/1594 3329/4426/1603 3330/4427/1604
f 3354/4428/1605 3911/4410/1595 3330/4427/1604 2738/4429/1606
f 3353/4430/1607 3908/4406/1591 3911/4410/1595 3354/4428/1605
f 3352/4431/1597 3905/4403/1588 3908/4406/1591 3353/4430/1607
f 3914/4432/1265 3915/4433/1265 3918/4434/1266 3917/4435/1266
f 3915/4433/1265 3916/4436/1265 3919/4437/1266 3918/4434/1266
f 3917/4438/1266 3918/4439/1266 3921/4440/1267 3920/4441/1267
f 3918/4439/1266 3919/4442/1266 3922/4443/1267 3921/4440/1267
f 2719/4444/1269 3064/4445/1269 3914/4432/1265 3252/4446/1265
f 3064/4445/1269 3065/4447/1269 3915/4433/1265 3914/4432/1265
f 3065/4447/1269 3066/4448/1269 3916/4436/1265 3915/4433/1265
f 3066/4448/1269 2710/3900/1269 3141/3899/1265 3916/4436/1265
f 3916/4436/1265 3141/3899/1265 3140/3898/1266 3919/4437/1266
f 3919/4442/1266 3140/3897/1266 3139/3895/1267 3922/4443/1267
f 3922/4443/1267 3139/3895/1267 2709/3894/153 3069/4449/153
f 3921/4440/1267 3922/4443/1267 3069/4449/153 3068/4450/153
f 3920/4441/1267 3921/4440/1267 3068/4450/153 3067/4451/153
f 3250/4452/1267 3920/4441/1267 3067/4451/153 2720/4453/153
f 3251/4454/1266 3917/4438/1266 3920/4441/1267 3250/4452/1267
f 3252/4446/1265 3914/4432/1265 3917/4435/1266 3251/4455/1266
f 3923/4456/1608 3924/4457/1609 3927/4458/1610 3926/4459/1611
f 3924/4457/1609 3925/4460/1612 3928/4461/1613 3927/4458/1610
f 3926/4459/1611 3927/4458/1610 3930/4462/1614 3929/4463/1615
f 3927/4458/1610 3928/4461/1613 3931/4464/1616 3930/4462/1614
f 2738/4429/1606 3330/4427/1604 3923/4456/1608 3349/4465/1617
f 3330/4427/1604 3329/4426/1603 3924/4457/1609 3923/4456/1608
f 3329/4426/1603 3328/4425/1602 3925/4460/1612 3924/4457/1609
f 3328/4424/1602 2700/4423/1601 3150/4466/1618 3925/4467/1612
f 3925/4467/1612 3150/4466/1618 3149/4468/1619 3928/4469/1613
f 3928/4469/1613 3149/4468/1619 3148/4470/1620 3931/4471/1616
f 3931/4471/1616 3148/4470/1620 2702/4472/1621 3325/4473/1622
f 3930/4462/1614 3931/4464/1616 3325/4474/1622 3326/4475/1623
f 3929/4463/1615 3930/4462/1614 3326/4475/1623 3327/4476/1624
f 3351/4477/1625 3929/4463/1615 3327/4476/1624 2737/4478/1626
f 3350/4479/1627 3926/4459/1611 3929/4463/1615 3351/4477/1625
f 3349/4465/1617 3923/4456/1608 3926/4459/1611 3350/4479/1627
f 3933/4480/1628 3934/4481/1629 3932/4482/5 3948/4483/1630
f 3935/4484/1631 3936/4485/1632 3932/4482/5 3934/4481/1629
f 3937/4486/1633 3938/4487/1634 3932/4482/5 3936/4485/1632
f 3939/4488/1635 3940/4489/1636 3932/4482/5 3938/4487/1634
f 3941/4490/1637 3942/4491/1638 3932/4482/5 3940/4489/1636
f 3943/4492/1639 3944/4493/1640 3932/4482/5 3942/4491/1638
f 3945/4494/1641 3946/4495/1642 3932/4482/5 3944/4493/1640
f 3947/4496/1643 3948/4483/1630 3932/4482/5 3946/4495/1642
f 2692/4225/1521 3070/4223/1520 3933/4480/1628 3090/4277/1538
f 3070/4223/1520 3071/4221/1519 3934/4481/1629 3933/4480/1628
f 3090/4277/1538 3933/4480/1628 3948/4483/1630 3089/4279/1539
f 2690/4218/1517 3172/4497/1644 3935/4484/1631 3072/4219/1518
f 3172/4497/1644 3173/4498/1645 3936/4485/1632 3935/4484/1631
f 3072/4219/1518 3935/4484/1631 3934/4481/1629 3071/4221/1519
f 2704/4499/1646 3163/4500/1647 3937/4486/1633 3174/4501/1648
f 3163/4500/1647 3164/4502/1649 3938/4487/1634 3937/4486/1633
f 3174/4501/1648 3937/4486/1633 3936/4485/1632 3173/4498/1645
f 2702/4472/1621 3148/4470/1620 3939/4488/1635 3165/4503/1650
f 3148/4470/1620 3149/4468/1619 3940/4489/1636 3939/4488/1635
f 3165/4503/1650 3939/4488/1635 3938/4487/1634 3164/4502/1649
f 2700/4423/1601 3133/4421/1600 3941/4490/1637 3150/4466/1618
f 3133/4421/1600 3134/4419/1599 3942/4491/1638 3941/4490/1637
f 3150/4466/1618 3941/4490/1637 3940/4489/1636 3149/4468/1619
f 2698/4380/1581 3118/4378/1580 3943/4492/1639 3135/4417/1598
f 3118/4378/1580 3119/4376/1579 3944/4493/1640 3943/4492/1639
f 3135/4417/1598 3943/4492/1639 3942/4491/1638 3134/4419/1599
f 2696/4330/1561 3103/4328/1560 3945/4494/1641 3120/4374/1578
f 3103/4328/1560 3104/4326/1559 3946/4495/1642 3945/4494/1641
f 3120/4374/1578 3945/4494/1641 3944/4493/1640 3119/4376/1579
f 2694/4283/1541 3088/4281/1540 3947/4496/1643 3105/4324/1558
f 3088/4281/1540 3089/4279/1539 3948/4483/1630 3947/4496/1643
f 3105/4324/1558 3947/4496/1643 3946/4495/1642 3104/4326/1559
f 3949/4504/1275 3950/4505/1275 3953/4506/1274 3952/4507/1274
f 3950/4505/1275 3951/4508/1275 3954/4509/1274 3953/4506/1274
f 3952/4507/1274 3953/4506/1274 3956/4510/1273 3955/4511/1273
f 3953/4506/1274 3954/4509/1274 3957/4512/1273 3956/4510/1273
f 2718/3904/1269 3198/3903/1269 3949/4504/1275 3202/4513/1275
f 3198/3903/1269 3197/3902/1269 3950/4505/1275 3949/4504/1275
f 3197/3902/1269 3196/3901/1269 3951/4508/1275 3950/4505/1275
f 3196/3901/1269 2710/3900/1269 3154/4514/1275 3951/4508/1275
f 3951/4508/1275 3154/4514/1275 3155/4515/1274 3954/4509/1274
f 3954/4509/1274 3155/4515/1274 3156/4516/1273 3957/4512/1273
f 3957/4512/1273 3156/4516/1273 2688/4517/178 3162/4518/178
f 3956/4510/1273 3957/4512/1273 3162/4518/178 3161/4519/178
f 3955/4511/1273 3956/4510/1273 3161/4519/178 3160/4520/178
f 3204/4521/1273 3955/4511/1273 3160/4520/178 2717/4522/178
f 3203/4523/1274 3952/4507/1274 3955/4511/1273 3204/4521/1273
f 3202/4513/1275 3949/4504/1275 3952/4507/1274 3203/4523/1274
f 3958/4524/1651 3959/4525/1652 3962/4526/1653 3961/4527/1654
f 3959/4528/1652 3960/4529/1655 3963/4530/1656 3962/4531/1653
f 3961/4532/1654 3962/4533/1653 3965/4534/1657 3964/4535/1658
f 3962/4533/1653 3963/4536/1656 3966/4537/1659 3965/4534/1657
f 2737/4478/1626 3327/4476/1624 3958/4524/1651 3346/4538/1660
f 3327/4476/1624 3326/4475/1623 3959/4525/1652 3958/4524/1651
f 3326/4475/1623 3325/4474/1622 3960/4539/1655 3959/4525/1652
f 3325/4473/1622 2702/4472/1621 3165/4503/1650 3960/4529/1655
f 3960/4529/1655 3165/4503/1650 3164/4502/1649 3963/4530/1656
f 3963/4530/1656 3164/4502/1649 3163/4500/1647 3966/4540/1659
f 3966/4540/1659 3163/4500/1647 2704/4499/1646 3322/4541/1661
f 3965/4534/1657 3966/4537/1659 3322/4542/1661 3323/4543/1662
f 3964/4535/1658 3965/4534/1657 3323/4543/1662 3324/4544/1663
f 3348/4545/1664 3964/4535/1658 3324/4544/1663 2736/4546/1665
f 3347/4547/1666 3961/4532/1654 3964/4535/1658 3348/4545/1664
f 3346/4538/1660 3958/4524/1651 3961/4527/1654 3347/4548/1666
f 3967/4549/1221 3968/4550/1221 3971/4551/1220 3970/4552/1220
f 3968/4550/1221 3969/4553/1221 3972/4554/1220 3971/4551/1220
f 3970/4555/1220 3971/4556/1220 3974/4557/1219 3973/4558/1219
f 3971/4556/1220 3972/4559/1220 3975/4560/1219 3974/4557/1219
f 2717/4522/178 3160/4520/178 3967/4549/1221 3199/4561/1221
f 3160/4520/178 3161/4519/178 3968/4550/1221 3967/4549/1221
f 3161/4519/178 3162/4518/178 3969/4553/1221 3968/4550/1221
f 3162/4518/178 2688/4517/178 3055/4562/1221 3969/4553/1221
f 3969/4553/1221 3055/4562/1221 3056/4563/1220 3972/4554/1220
f 3972/4559/1220 3056/4564/1220 3057/4565/1219 3975/4560/1219
f 3975/4560/1219 3057/4565/1219 2687/4201/1223 3175/4566/1223
f 3974/4557/1219 3975/4560/1219 3175/4566/1223 3176/4567/1223
f 3973/4558/1219 3974/4557/1219 3176/4567/1223 3177/4568/1223
f 3201/4569/1219 3973/4558/1219 3177/4568/1223 2711/4570/1223
f 3200/4571/1220 3970/4555/1220 3973/4558/1219 3201/4569/1219
f 3199/4561/1221 3967/4549/1221 3970/4552/1220 3200/4572/1220
f 3976/4573/1667 3977/4574/1668 3980/4575/1669 3979/4576/1670
f 3977/4574/1668 3978/4577/1671 3981/4578/1672 3980/4575/1669
f 3979/4576/1670 3980/4575/1669 3983/4579/1673 3982/4580/1674
f 3980/4575/1669 3981/4578/1672 3984/4581/1675 3983/4579/1673
f 2736/4546/1665 3324/4544/1663 3976/4573/1667 3343/4582/1676
f 3324/4544/1663 3323/4543/1662 3977/4574/1668 3976/4573/1667
f 3323/4543/1662 3322/4542/1661 3978/4577/1671 3977/4574/1668
f 3322/4541/1661 2704/4499/1646 3174/4501/1648 3978/4583/1671
f 3978/4583/1671 3174/4501/1648 3173/4498/1645 3981/4584/1672
f 3981/4584/1672 3173/4498/1645 3172/4497/1644 3984/4585/1675
f 3984/4585/1675 3172/4497/1644 2690/4218/1517 3075/4217/1516
f 3983/4579/1673 3984/4581/1675 3075/4216/1516 3074/4215/1515
f 3982/4580/1674 3983/4579/1673 3074/4215/1515 3073/4213/1513
f 3345/4586/1677 3982/4580/1674 3073/4213/1513 2735/4212/1512
f 3344/4587/1678 3979/4576/1670 3982/4580/1674 3345/4586/1677
f 3343/4582/1676 3976/4573/1667 3979/4576/1670 3344/4587/1678
f 3986/4588/1679 3987/4589/1680 3985/4590/106 4001/4591/1681
f 3988/4592/1682 3989/4593/1683 3985/4590/106 3987/4589/1680
f 3990/4594/1684 3991/4595/1685 3985/4590/106 3989/4593/1683
f 3992/4596/1686 3993/4597/1687 3985/4590/106 3991/4595/1685
f 3994/4598/1688 3995/4599/1689 3985/4590/106 3993/4597/1687
f 3996/4600/1690 3997/4601/1691 3985/4590/106 3995/4599/1689
f 3998/4602/1692 3999/4603/1693 3985/4590/106 3997/4601/1691
f 4000/4604/1694 4001/4591/1681 3985/4590/106 3999/4603/1693
f 2689/4605/1695 3061/4606/1696 3986/4588/1679 3171/4607/1697
f 3061/4606/1696 3062/4608/1698 3987/4589/1680 3986/4588/1679
f 3171/4607/1697 3986/4588/1679 4001/4591/1681 3170/4609/1699
f 2691/4610/1700 3082/4611/1701 3988/4592/1682 3063/4612/1702
f 3082/4611/1701 3083/4613/1703 3989/4593/1683 3988/4592/1682
f 3063/4612/1702 3988/4592/1682 3987/4589/1680 3062/4608/1698
f 2693/4614/1704 3097/4615/1705 3990/4594/1684 3084/4616/1706
f 3097/4615/1705 3098/4617/1707 3991/4595/1685 3990/4594/1684
f 3084/4616/1706 3990/4594/1684 3989/4593/1683 3083/4613/1703
f 2695/4618/1708 3112/4619/1709 3992/4596/1686 3099/4620/1710
f 3112/4619/1709 3113/4621/1711 3993/4597/1687 3992/4596/1686
f 3099/4620/1710 3992/4596/1686 3991/4595/1685 3098/4617/1707
f 2697/4622/1712 3127/4623/1713 3994/4598/1688 3114/4624/1714
f 3127/4623/1713 3128/4625/1715 3995/4599/1689 3994/4598/1688
f 3114/4624/1714 3994/4598/1688 3993/4597/1687 3113/4621/1711
f 2699/4626/1716 3142/4627/1717 3996/4600/1690 3129/4628/1718
f 3142/4627/1717 3143/4629/1719 3997/4601/1691 3996/4600/1690
f 3129/4628/1718 3996/4600/1690 3995/4599/1689 3128/4625/1715
f 2701/4630/1720 3157/4631/1721 3998/4602/1692 3144/4632/1722
f 3157/4631/1721 3158/4633/1723 3999/4603/1693 3998/4602/1692
f 3144/4632/1722 3998/4602/1692 3997/4601/1691 3143/4629/1719
f 2703/4634/1724 3169/4635/1725 4000/4604/1694 3159/4636/1726
f 3169/4635/1725 3170/4609/1699 4001/4591/1681 4000/4604/1694
f 3159/4636/1726 4000/4604/1694 3999/4603/1693 3158/4633/1723
f 4002/4637/1221 4003/4638/1221 4006/4639/1220 4005/4640/1220
f 4003/4638/1221 4004/4641/1221 4007/4642/1220 4006/4639/1220
f 4005/4643/1220 4006/4644/1220 4009/4645/1219 4008/4646/1219
f 4006/4644/1220 4007/4647/1220 4010/4648/1219 4009/4645/1219
f 2734/4649/1727 3193/4650/178 4002/4637/1221 3316/4651/1728
f 3193/4650/178 3194/4652/178 4003/4638/1221 4002/4637/1221
f 3194/4652/178 3195/4653/178 4004/4641/1221 4003/4638/1221
f 3195/4653/178 2717/4522/178 3199/4561/1221 4004/4641/1221
f 4004/4641/1221 3199/4561/1221 3200/4572/1220 4007/4642/1220
f 4007/4647/1220 3200/4571/1220 3201/4569/1219 4010/4648/1219
f 4010/4648/1219 3201/4569/1219 2711/4570/1223 3271/4654/1223
f 4009/4645/1219 4010/4648/1219 3271/4654/1223 3272/4655/1223
f 4008/4646/1219 4009/4645/1219 3272/4655/1223 3273/4656/1223
f 3318/4657/1729 4008/4646/1219 3273/4656/1223 2727/4658/1730
f 3317/4659/1731 4005/4643/1220 4008/4646/1219 3318/4657/1729
f 3316/4651/1728 4002/4637/1221 4005/4640/1220 3317/4660/1731
f 4011/4661/1275 4012/4662/1275 4015/4663/1274 4014/4664/1274
f 4012/4662/1275 4013/4665/1275 4016/4666/1274 4015/4663/1274
f 4014/4664/1274 4015/4663/1274 4018/4667/1273 4017/4668/1273
f 4015/4663/1274 4016/4666/1274 4019/4669/1273 4018/4667/1273
f 2733/4670/1732 3291/4671/1269 4011/4661/1275 3313/4672/1733
f 3291/4671/1269 3290/4673/1269 4012/4662/1275 4011/4661/1275
f 3290/4673/1269 3289/4674/1269 4013/4665/1275 4012/4662/1275
f 3289/4674/1269 2718/3904/1269 3202/4513/1275 4013/4665/1275
f 4013/4665/1275 3202/4513/1275 3203/4523/1274 4016/4666/1274
f 4016/4666/1274 3203/4523/1274 3204/4521/1273 4019/4669/1273
f 4019/4669/1273 3204/4521/1273 2717/4522/178 3195/4653/178
f 4018/4667/1273 4019/4669/1273 3195/4653/178 3194/4652/178
f 4017/4668/1273 4018/4667/1273 3194/4652/178 3193/4650/178
f 3315/4675/1734 4017/4668/1273 3193/4650/178 2734/4649/1727
f 3314/4676/1735 4014/4664/1274 4017/4668/1273 3315/4675/1734
f 3313/4672/1733 4011/4661/1275 4014/4664/1274 3314/4676/1735
f 4020/4677/1267 4021/4678/1267 4024/4679/1266 4023/4680/1266
f 4021/4678/1267 4022/4681/1267 4025/4682/1266 4024/4679/1266
f 4023/4683/1266 4024/4684/1266 4027/4685/1265 4026/4686/1265
f 4024/4684/1266 4025/4687/1266 4028/4688/1265 4027/4685/1265
f 2732/4689/1736 3288/4690/153 4020/4677/1267 3310/4691/1737
f 3288/4690/153 3287/4692/153 4021/4678/1267 4020/4677/1267
f 3287/4692/153 3286/4693/153 4022/4681/1267 4021/4678/1267
f 3286/4693/153 2716/3910/153 3205/3908/1267 4022/4681/1267
f 4022/4681/1267 3205/3908/1267 3206/3907/1266 4025/4682/1266
f 4025/4687/1266 3206/3906/1266 3207/3905/1265 4028/4688/1265
f 4028/4688/1265 3207/3905/1265 2718/3904/1269 3289/4674/1269
f 4027/4685/1265 4028/4688/1265 3289/4674/1269 3290/4673/1269
f 4026/4686/1265 4027/4685/1265 3290/4673/1269 3291/4671/1269
f 3312/4694/1738 4026/4686/1265 3291/4671/1269 2733/4670/1732
f 3311/4695/1739 4023/4683/1266 4026/4686/1265 3312/4694/1738
f 3310/4691/1737 4020/4677/1267 4023/4680/1266 3311/4696/1739
f 4029/4697/1260 4030/4698/1260 4033/4699/1259 4032/4700/1259
f 4030/4698/1260 4031/4701/1260 4034/4702/1259 4033/4699/1259
f 4032/4700/1259 4033/4699/1259 4036/4703/1258 4035/4704/1258
f 4033/4699/1259 4034/4702/1259 4037/4705/1258 4036/4703/1258
f 2731/4706/1740 3285/4707/1254 4029/4697/1260 3307/4708/1741
f 3285/4707/1254 3284/4709/1254 4030/4698/1260 4029/4697/1260
f 3284/4709/1254 3283/4710/1254 4031/4701/1260 4030/4698/1260
f 3283/4710/1254 2715/4361/1254 3208/4397/1260 4031/4701/1260
f 4031/4701/1260 3208/4397/1260 3209/4402/1259 4034/4702/1259
f 4034/4702/1259 3209/4402/1259 3210/4401/1258 4037/4705/1258
f 4037/4705/1258 3210/4401/1258 2716/3910/153 3286/4693/153
f 4036/4703/1258 4037/4705/1258 3286/4693/153 3287/4692/153
f 4035/4704/1258 4036/4703/1258 3287/4692/153 3288/4690/153
f 3309/4711/1742 4035/4704/1258 3288/4690/153 2732/4689/1736
f 3308/4712/1743 4032/4700/1259 4035/4704/1258 3309/4711/1742
f 3307/4708/1741 4029/4697/1260 4032/4700/1259 3308/4712/1743
f 4038/4713/1252 4039/4714/1252 4042/4715/1251 4041/4716/1251
f 4039/4714/1252 4040/4717/1252 4043/4718/1251 4042/4715/1251
f 4041/4716/1251 4042/4715/1251 4045/4719/1250 4044/4720/1250
f 4042/4715/1251 4043/4718/1251 4046/4721/1250 4045/4719/1250
f 2730/4722/1744 3282/4723/58 4038/4724/1252 3304/4725/1745
f 3282/4723/58 3281/4726/58 4039/4727/1252 4038/4724/1252
f 3281/4726/58 3280/4728/58 4040/4729/1252 4039/4727/1252
f 3280/4728/58 2714/4309/58 3211/4349/1252 4040/4729/1252
f 4040/4717/1252 3211/4363/1252 3212/4362/1251 4043/4718/1251
f 4043/4718/1251 3212/4362/1251 3213/4360/1250 4046/4721/1250
f 4046/4721/1250 3213/4360/1250 2715/4361/1254 3283/4710/1254
f 4045/4719/1250 4046/4721/1250 3283/4710/1254 3284/4709/1254
f 4044/4720/1250 4045/4719/1250 3284/4709/1254 3285/4707/1254
f 3306/4730/1746 4044/4720/1250 3285/4707/1254 2731/4706/1740
f 3305/4731/1747 4041/4716/1251 4044/4720/1250 3306/4730/1746
f 3304/4732/1745 4038/4713/1252 4041/4716/1251 3305/4731/1747
f 4047/4733/1245 4048/4734/1245 4051/4735/1244 4050/4736/1244
f 4048/4734/1245 4049/4737/1245 4052/4738/1244 4051/4735/1244
f 4050/4736/1244 4051/4735/1244 4054/4739/1243 4053/4740/1243
f 4051/4735/1244 4052/4738/1244 4055/4741/1243 4054/4739/1243
f 2729/4742/1748 3279/4743/1239 4047/4733/1245 3301/4744/1749
f 3279/4743/1239 3278/4745/1239 4048/4734/1245 4047/4733/1245
f 3278/4745/1239 3277/4746/1239 4049/4737/1245 4048/4734/1245
f 3277/4746/1239 2713/4264/1239 3214/4300/1245 4049/4737/1245
f 4049/4737/1245 3214/4300/1245 3215/4310/1244 4052/4738/1244
f 4052/4738/1244 3215/4310/1244 3216/4308/1243 4055/4741/1243
f 4055/4741/1243 3216/4308/1243 2714/4309/58 3280/4728/58
f 4054/4739/1243 4055/4741/1243 3280/4728/58 3281/4726/58
f 4053/4740/1243 4054/4739/1243 3281/4726/58 3282/4723/58
f 3303/4747/1750 4053/4740/1243 3282/4723/58 2730/4722/1744
f 3302/4748/1751 4050/4736/1244 4053/4740/1243 3303/4747/1750
f 3301/4744/1749 4047/4733/1245 4050/4736/1244 3302/4748/1751
f 4056/4749/1237 4057/4750/1237 4060/4751/1236 4059/4752/1236
f 4057/4750/1237 4058/4753/1237 4061/4754/1236 4060/4751/1236
f 4059/4752/1236 4060/4751/1236 4063/4755/1235 4062/4756/1235
f 4060/4751/1236 4061/4754/1236 4064/4757/1235 4063/4755/1235
f 2728/4758/1752 3276/4759/210 4056/4760/1237 3298/4761/1753
f 3276/4759/210 3275/4762/210 4057/4763/1237 4056/4760/1237
f 3275/4762/210 3274/4764/210 4058/4765/1237 4057/4763/1237
f 3274/4764/210 2712/4247/210 3217/4250/1237 4058/4765/1237
f 4058/4753/1237 3217/4266/1237 3218/4265/1236 4061/4754/1236
f 4061/4754/1236 3218/4265/1236 3219/4263/1235 4064/4757/1235
f 4064/4757/1235 3219/4263/1235 2713/4264/1239 3277/4746/1239
f 4063/4755/1235 4064/4757/1235 3277/4746/1239 3278/4745/1239
f 4062/4756/1235 4063/4755/1235 3278/4745/1239 3279/4743/1239
f 3300/4766/1754 4062/4756/1235 3279/4743/1239 2729/4742/1748
f 3299/4767/1755 4059/4752/1236 4062/4756/1235 3300/4766/1754
f 3298/4768/1753 4056/4749/1237 4059/4752/1236 3299/4767/1755
f 4065/4769/1230 4066/4770/1230 4069/4771/1229 4068/4772/1229
f 4066/4770/1230 4067/4773/1230 4070/4774/1229 4069/4771/1229
f 4068/4772/1229 4069/4771/1229 4072/4775/1228 4071/4776/1228
f 4069/4771/1229 4070/4774/1229 4073/4777/1228 4072/4775/1228
f 2727/4658/1730 3273/4656/1223 4065/4769/1230 3295/4778/1756
f 3273/4656/1223 3272/4655/1223 4066/4770/1230 4065/4769/1230
f 3272/4655/1223 3271/4654/1223 4067/4773/1230 4066/4770/1230
f 3271/4654/1223 2711/4570/1223 3220/4779/1230 4067/4773/1230
f 4067/4773/1230 3220/4779/1230 3221/4780/1229 4070/4774/1229
f 4070/4774/1229 3221/4780/1229 3222/4781/1228 4073/4777/1228
f 4073/4777/1228 3222/4781/1228 2712/4247/210 3274/4764/210
f 4072/4775/1228 4073/4777/1228 3274/4764/210 3275/4762/210
f 4071/4776/1228 4072/4775/1228 3275/4762/210 3276/4759/210
f 3297/4782/1757 4071/4776/1228 3276/4759/210 2728/4758/1752
f 3296/4783/1758 4068/4772/1229 4071/4776/1228 3297/4782/1757
f 3295/4778/1756 4065/4769/1230 4068/4772/1229 3296/4783/1758
f 4074/4784/1275 4075/4785/1275 4078/4786/1274 4077/4787/1274
f 4075/4785/1275 4076/4788/1275 4079/4789/1274 4078/4786/1274
f 4077/4787/1274 4078/4786/1274 4081/4790/1273 4080/4791/1273
f 4078/4786/1274 4079/4789/1274 4082/4792/1273 4081/4790/1273
f 2710/3900/1269 3066/4448/1269 4074/4784/1275 3154/4514/1275
f 3066/4448/1269 3065/4447/1269 4075/4785/1275 4074/4784/1275
f 3065/4447/1269 3064/4445/1269 4076/4788/1275 4075/4785/1275
f 3064/4445/1269 2719/4444/1269 3247/4793/1275 4076/4788/1275
f 4076/4788/1275 3247/4793/1275 3248/4794/1274 4079/4789/1274
f 4079/4789/1274 3248/4794/1274 3249/4795/1273 4082/4792/1273
f 4082/4792/1273 3249/4795/1273 2721/4796/178 3231/4797/178
f 4081/4790/1273 4082/4792/1273 3231/4797/178 3230/4798/178
f 4080/4791/1273 4081/4790/1273 3230/4798/178 3229/4799/178
f 3156/4516/1273 4080/4791/1273 3229/4799/178 2688/4517/178
f 3155/4515/1274 4077/4787/1274 4080/4791/1273 3156/4516/1273
f 3154/4514/1275 4074/4784/1275 4077/4787/1274 3155/4515/1274
f 4083/4800/1230 4084/4801/1230 4087/4802/1229 4086/4803/1229
f 4084/4801/1230 4085/4804/1230 4088/4805/1229 4087/4802/1229
f 4086/4803/1229 4087/4802/1229 4090/4806/1228 4089/4807/1228
f 4087/4802/1229 4088/4805/1229 4091/4808/1228 4090/4806/1228
f 2711/4570/1223 3177/4568/1223 4083/4800/1230 3220/4779/1230
f 3177/4568/1223 3176/4567/1223 4084/4801/1230 4083/4800/1230
f 3176/4567/1223 3175/4566/1223 4085/4804/1230 4084/4801/1230
f 3175/4566/1223 2687/4201/1223 3058/4199/1230 4085/4804/1230
f 4085/4804/1230 3058/4199/1230 3059/4198/1229 4088/4805/1229
f 4088/4805/1229 3059/4198/1229 3060/4197/1228 4091/4808/1228
f 4091/4808/1228 3060/4197/1228 2705/4196/210 3178/4253/210
f 4090/4806/1228 4091/4808/1228 3178/4253/210 3179/4251/210
f 4089/4807/1228 4090/4806/1228 3179/4251/210 3180/4248/210
f 3222/4781/1228 4089/4807/1228 3180/4248/210 2712/4247/210
f 3221/4780/1229 4086/4803/1229 4089/4807/1228 3222/4781/1228
f 3220/4779/1230 4083/4800/1230 4086/4803/1229 3221/4780/1229
f 4092/4809/1260 4093/4810/1260 4096/4811/1259 4095/4812/1259
f 4093/4810/1260 4094/4813/1260 4097/4814/1259 4096/4811/1259
f 4095/4812/1259 4096/4811/1259 4099/4815/1258 4098/4816/1258
f 4096/4811/1259 4097/4814/1259 4100/4817/1258 4099/4815/1258
f 2708/4356/1254 3087/4818/1254 4092/4809/1260 3124/4398/1260
f 3087/4818/1254 3086/4819/1254 4093/4810/1260 4092/4809/1260
f 3086/4819/1254 3085/4820/1254 4094/4813/1260 4093/4810/1260
f 3085/4820/1254 2722/4821/1254 3253/4822/1260 4094/4813/1260
f 4094/4813/1260 3253/4822/1260 3254/4823/1259 4097/4814/1259
f 4097/4814/1259 3254/4823/1259 3255/4824/1258 4100/4817/1258
f 4100/4817/1258 3255/4824/1258 2720/4453/153 3067/4451/153
f 4099/4815/1258 4100/4817/1258 3067/4451/153 3068/4450/153
f 4098/4816/1258 4099/4815/1258 3068/4450/153 3069/4449/153
f 3126/4400/1258 4098/4816/1258 3069/4449/153 2709/3894/153
f 3125/4399/1259 4095/4812/1259 4098/4816/1258 3126/4400/1258
f 3124/4398/1260 4092/4809/1260 4095/4812/1259 3125/4399/1259
f 4101/4825/1252 4102/4826/1252 4105/4827/1251 4104/4828/1251
f 4102/4826/1252 4103/4829/1252 4106/4830/1251 4105/4827/1251
f 4104/4828/1251 4105/4827/1251 4108/4831/1250 4107/4832/1250
f 4105/4827/1251 4106/4830/1251 4109/4833/1250 4108/4831/1250
f 2707/4304/58 3102/4834/58 4101/4835/1252 3109/4352/1252
f 3102/4834/58 3101/4836/58 4102/4837/1252 4101/4835/1252
f 3101/4836/58 3100/4838/58 4103/4839/1252 4102/4837/1252
f 3100/4838/58 2723/4840/58 3256/4841/1252 4103/4839/1252
f 4103/4829/1252 3256/4842/1252 3257/4843/1251 4106/4830/1251
f 4106/4830/1251 3257/4843/1251 3258/4844/1250 4109/4833/1250
f 4109/4833/1250 3258/4844/1250 2722/4821/1254 3085/4820/1254
f 4108/4831/1250 4109/4833/1250 3085/4820/1254 3086/4819/1254
f 4107/4832/1250 4108/4831/1250 3086/4819/1254 3087/4818/1254
f 3111/4355/1250 4107/4832/1250 3087/4818/1254 2708/4356/1254
f 3110/4354/1251 4104/4828/1251 4107/4832/1250 3111/4355/1250
f 3109/4353/1252 4101/4825/1252 4104/4828/1251 3110/4354/1251
f 4110/4845/1245 4111/4846/1245 4114/4847/1244 4113/4848/1244
f 4111/4846/1245 4112/4849/1245 4115/4850/1244 4114/4847/1244
f 4113/4848/1244 4114/4847/1244 4117/4851/1243 4116/4852/1243
f 4114/4847/1244 4115/4850/1244 4118/4853/1243 4117/4851/1243
f 2706/4259/1239 3117/4854/1239 4110/4845/1245 3094/4301/1245
f 3117/4854/1239 3116/4855/1239 4111/4846/1245 4110/4845/1245
f 3116/4855/1239 3115/4856/1239 4112/4849/1245 4111/4846/1245
f 3115/4856/1239 2724/4857/1239 3259/4858/1245 4112/4849/1245
f 4112/4849/1245 3259/4858/1245 3260/4859/1244 4115/4850/1244
f 4115/4850/1244 3260/4859/1244 3261/4860/1243 4118/4853/1243
f 4118/4853/1243 3261/4860/1243 2723/4840/58 3100/4838/58
f 4117/4851/1243 4118/4853/1243 3100/4838/58 3101/4836/58
f 4116/4852/1243 4117/4851/1243 3101/4836/58 3102/4834/58
f 3096/4303/1243 4116/4852/1243 3102/4834/58 2707/4304/58
f 3095/4302/1244 4113/4848/1244 4116/4852/1243 3096/4303/1243
f 3094/4301/1245 4110/4845/1245 4113/4848/1244 3095/4302/1244
f 4119/4861/1237 4120/4862/1237 4123/4863/1236 4122/4864/1236
f 4120/4862/1237 4121/4865/1237 4124/4866/1236 4123/4863/1236
f 4122/4864/1236 4123/4863/1236 4126/4867/1235 4125/4868/1235
f 4123/4863/1236 4124/4866/1236 4127/4869/1235 4126/4867/1235
f 2705/4196/210 3132/4195/210 4119/4870/1237 3079/4255/1237
f 3132/4195/210 3131/4194/210 4120/4871/1237 4119/4870/1237
f 3131/4194/210 3130/4193/210 4121/4872/1237 4120/4871/1237
f 3130/4193/210 2725/4192/210 3262/4873/1237 4121/4872/1237
f 4121/4865/1237 3262/4874/1237 3263/4875/1236 4124/4866/1236
f 4124/4866/1236 3263/4875/1236 3264/4876/1235 4127/4869/1235
f 4127/4869/1235 3264/4876/1235 2724/4857/1239 3115/4856/1239
f 4126/4867/1235 4127/4869/1235 3115/4856/1239 3116/4855/1239
f 4125/4868/1235 4126/4867/1235 3116/4855/1239 3117/4854/1239
f 3081/4258/1235 4125/4868/1235 3117/4854/1239 2706/4259/1239
f 3080/4257/1236 4122/4864/1236 4125/4868/1235 3081/4258/1235
f 3079/4256/1237 4119/4861/1237 4122/4864/1236 3080/4257/1236
f 4128/4877/1267 4129/4878/1266 4132/4879/1266 4131/4880/1267
f 4129/4881/1266 4130/4882/1265 4133/4883/1265 4132/4884/1266
f 4131/4880/1267 4132/4879/1266 4135/4885/1266 4134/4886/1267
f 4132/4884/1266 4133/4883/1265 4136/4887/1265 4135/4888/1266
f 2653/3397/153 2827/3454/1267 4128/4877/1267 2878/3398/153
f 2827/3454/1267 2828/3453/1266 4129/4878/1266 4128/4877/1267
f 2828/3452/1266 2829/3451/1265 4130/4882/1265 4129/4881/1266
f 2829/3451/1265 2654/3450/1269 2884/3523/1269 4130/4882/1265
f 4130/4882/1265 2884/3523/1269 2885/3522/1269 4133/4883/1265
f 4133/4883/1265 2885/3522/1269 2886/3520/1269 4136/4887/1265
f 4136/4887/1265 2886/3520/1269 2662/3519/1269 2895/3707/1265
f 4135/4888/1266 4136/4887/1265 2895/3707/1265 2894/3706/1266
f 4134/4886/1267 4135/4885/1266 2894/3705/1266 2893/3704/1267
f 2880/3400/153 4134/4886/1267 2893/3704/1267 2660/3402/153
f 2879/3399/153 4131/4880/1267 4134/4886/1267 2880/3400/153
f 2878/3398/153 4128/4877/1267 4131/4880/1267 2879/3399/153
f 4137/4889/1221 4138/4890/1221 4141/4891/1220 4140/4892/1220
f 4138/4890/1221 4139/4893/1221 4142/4894/1220 4141/4891/1220
f 4140/4895/1220 4141/4896/1220 4144/4897/1219 4143/4898/1219
f 4141/4896/1220 4142/4899/1220 4145/4900/1219 4144/4897/1219
f 2688/4517/178 3229/4799/178 4137/4889/1221 3055/4562/1221
f 3229/4799/178 3230/4798/178 4138/4890/1221 4137/4889/1221
f 3230/4798/178 3231/4797/178 4139/4893/1221 4138/4890/1221
f 3231/4797/178 2721/4796/178 3268/4901/1221 4139/4893/1221
f 4139/4893/1221 3268/4901/1221 3269/4902/1220 4142/4894/1220
f 4142/4899/1220 3269/4903/1220 3270/4904/1219 4145/4900/1219
f 4145/4900/1219 3270/4904/1219 2726/4187/1223 3145/4189/1223
f 4144/4897/1219 4145/4900/1219 3145/4189/1223 3146/4202/1223
f 4143/4898/1219 4144/4897/1219 3146/4202/1223 3147/4200/1223
f 3057/4565/1219 4143/4898/1219 3147/4200/1223 2687/4201/1223
f 3056/4564/1220 4140/4895/1220 4143/4898/1219 3057/4565/1219
f 3055/4562/1221 4137/4889/1221 4140/4892/1220 3056/4563/1220
f 4146/4905/1759 4147/4906/1760 4150/4907/1761 4149/4908/1762
f 4147/4906/1760 4148/4909/1763 4151/4910/1764 4150/4907/1761
f 4149/4908/1762 4150/4907/1761 4153/4911/1765 4152/4912/1766
f 4150/4907/1761 4151/4910/1764 4154/4913/1767 4153/4911/1765
f 2691/4610/1700 3078/4914/1768 4146/4915/1759 3082/4611/1701
f 3078/4916/1768 3077/4917/1769 4147/4906/1760 4146/4905/1759
f 3077/4917/1769 3076/4918/1770 4148/4909/1763 4147/4906/1760
f 3076/4918/1770 2727/4658/1730 3295/4778/1756 4148/4909/1763
f 4148/4909/1763 3295/4778/1756 3296/4783/1758 4151/4910/1764
f 4151/4910/1764 3296/4783/1758 3297/4782/1757 4154/4913/1767
f 4154/4913/1767 3297/4782/1757 2728/4758/1752 3091/4919/1771
f 4153/4911/1765 4154/4913/1767 3091/4919/1771 3092/4920/1772
f 4152/4912/1766 4153/4911/1765 3092/4920/1772 3093/4921/1773
f 3084/4616/1706 4152/4922/1766 3093/4923/1773 2693/4614/1704
f 3083/4613/1703 4149/4924/1762 4152/4922/1766 3084/4616/1706
f 3082/4611/1701 4146/4915/1759 4149/4924/1762 3083/4613/1703
f 4155/4925/1774 4156/4926/1775 4159/4927/1776 4158/4928/1777
f 4156/4926/1775 4157/4929/1778 4160/4930/1779 4159/4927/1776
f 4158/4928/1777 4159/4927/1776 4162/4931/1780 4161/4932/1781
f 4159/4927/1776 4160/4930/1779 4163/4933/1782 4162/4931/1780
f 2693/4614/1704 3093/4923/1773 4155/4934/1774 3097/4615/1705
f 3093/4921/1773 3092/4920/1772 4156/4935/1775 4155/4936/1774
f 3092/4920/1772 3091/4919/1771 4157/4937/1778 4156/4935/1775
f 3091/4919/1771 2728/4758/1752 3298/4761/1753 4157/4937/1778
f 4157/4929/1778 3298/4768/1753 3299/4767/1755 4160/4930/1779
f 4160/4930/1779 3299/4767/1755 3300/4766/1754 4163/4933/1782
f 4163/4933/1782 3300/4766/1754 2729/4742/1748 3106/4938/1783
f 4162/4931/1780 4163/4933/1782 3106/4938/1783 3107/4939/1784
f 4161/4932/1781 4162/4931/1780 3107/4939/1784 3108/4940/1785
f 3099/4620/1710 4161/4941/1781 3108/4942/1785 2695/4618/1708
f 3098/4617/1707 4158/4943/1777 4161/4941/1781 3099/4620/1710
f 3097/4615/1705 4155/4934/1774 4158/4943/1777 3098/4617/1707
f 4164/4944/1786 4165/4945/1787 4168/4946/1788 4167/4947/1789
f 4165/4945/1787 4166/4948/1790 4169/4949/1791 4168/4946/1788
f 4167/4947/1789 4168/4946/1788 4171/4950/1792 4170/4951/1793
f 4168/4946/1788 4169/4949/1791 4172/4952/1794 4171/4950/1792
f 2695/4618/1708 3108/4942/1785 4164/4953/1786 3112/4619/1709
f 3108/4940/1785 3107/4939/1784 4165/4945/1787 4164/4944/1786
f 3107/4939/1784 3106/4938/1783 4166/4948/1790 4165/4945/1787
f 3106/4938/1783 2729/4742/1748 3301/4744/1749 4166/4948/1790
f 4166/4948/1790 3301/4744/1749 3302/4748/1751 4169/4949/1791
f 4169/4949/1791 3302/4748/1751 3303/4747/1750 4172/4952/1794
f 4172/4952/1794 3303/4747/1750 2730/4722/1744 3121/4954/1795
f 4171/4950/1792 4172/4952/1794 3121/4954/1795 3122/4955/1796
f 4170/4951/1793 4171/4950/1792 3122/4955/1796 3123/4956/1797
f 3114/4624/1714 4170/4957/1793 3123/4958/1797 2697/4622/1712
f 3113/4621/1711 4167/4959/1789 4170/4957/1793 3114/4624/1714
f 3112/4619/1709 4164/4953/1786 4167/4959/1789 3113/4621/1711
f 4173/4960/1798 4174/4961/1799 4177/4962/1800 4176/4963/1801
f 4174/4961/1799 4175/4964/1802 4178/4965/1803 4177/4962/1800
f 4176/4963/1801 4177/4962/1800 4180/4966/1804 4179/4967/1805
f 4177/4962/1800 4178/4965/1803 4181/4968/1806 4180/4966/1804
f 2697/4622/1712 3123/4958/1797 4173/4969/1798 3127/4623/1713
f 3123/4970/1797 3122/4971/1796 4174/4961/1799 4173/4960/1798
f 3122/4971/1796 3121/4972/1795 4175/4964/1802 4174/4961/1799
f 3121/4954/1795 2730/4722/1744 3304/4725/1745 4175/4973/1802
f 4175/4964/1802 3304/4732/1745 3305/4731/1747 4178/4965/1803
f 4178/4965/1803 3305/4731/1747 3306/4730/1746 4181/4968/1806
f 4181/4968/1806 3306/4730/1746 2731/4706/1740 3136/4974/1807
f 4180/4966/1804 4181/4968/1806 3136/4974/1807 3137/4975/1808
f 4179/4967/1805 4180/4966/1804 3137/4975/1808 3138/4976/1809
f 3129/4628/1718 4179/4977/1805 3138/4978/1809 2699/4626/1716
f 3128/4625/1715 4176/4979/1801 4179/4977/1805 3129/4628/1718
f 3127/4623/1713 4173/4969/1798 4176/4979/1801 3128/4625/1715
f 4182/4980/1810 4183/4981/1811 4186/4982/1812 4185/4983/1813
f 4183/4981/1811 4184/4984/1814 4187/4985/1815 4186/4982/1812
f 4185/4983/1813 4186/4982/1812 4189/4986/1816 4188/4987/1817
f 4186/4982/1812 4187/4985/1815 4190/4988/1818 4189/4986/1816
f 2699/4626/1716 3138/4978/1809 4182/4989/1810 3142/4627/1717
f 3138/4976/1809 3137/4975/1808 4183/4981/1811 4182/4980/1810
f 3137/4975/1808 3136/4974/1807 4184/4984/1814 4183/4981/1811
f 3136/4974/1807 2731/4706/1740 3307/4708/1741 4184/4984/1814
f 4184/4984/1814 3307/4708/1741 3308/4712/1743 4187/4985/1815
f 4187/4985/1815 3308/4712/1743 3309/4711/1742 4190/4988/1818
f 4190/4988/1818 3309/4711/1742 2732/4689/1736 3151/4990/1819
f 4189/4986/1816 4190/4988/1818 3151/4990/1819 3152/4991/1820
f 4188/4987/1817 4189/4986/1816 3152/4991/1820 3153/4992/1821
f 3144/4632/1722 4188/4993/1817 3153/4994/1821 2701/4630/1720
f 3143/4629/1719 4185/4995/1813 4188/4993/1817 3144/4632/1722
f 3142/4627/1717 4182/4989/1810 4185/4995/1813 3143/4629/1719
f 4191/4996/1822 4192/4997/1823 4195/4998/1824 4194/4999/1825
f 4192/4997/1823 4193/5000/1826 4196/5001/1827 4195/4998/1824
f 4194/5002/1825 4195/5003/1824 4198/5004/1828 4197/5005/1829
f 4195/5003/1824 4196/5006/1827 4199/5007/1830 4198/5004/1828
f 2701/4630/1720 3153/4994/1821 4191/5008/1822 3157/4631/1721
f 3153/4992/1821 3152/4991/1820 4192/4997/1823 4191/4996/1822
f 3152/4991/1820 3151/4990/1819 4193/5000/1826 4192/4997/1823
f 3151/4990/1819 2732/4689/1736 3310/4691/1737 4193/5000/1826
f 4193/5000/1826 3310/4691/1737 3311/4696/1739 4196/5001/1827
f 4196/5006/1827 3311/4695/1739 3312/4694/1738 4199/5007/1830
f 4199/5007/1830 3312/4694/1738 2733/4670/1732 3166/5009/1831
f 4198/5004/1828 4199/5007/1830 3166/5009/1831 3167/5010/1832
f 4197/5005/1829 4198/5004/1828 3167/5010/1832 3168/5011/1833
f 3159/4636/1726 4197/5012/1829 3168/5013/1833 2703/4634/1724
f 3158/4633/1723 4194/5014/1825 4197/5012/1829 3159/4636/1726
f 3157/4631/1721 4191/5008/1822 4194/5014/1825 3158/4633/1723
f 4200/5015/1834 4201/5016/1835 4204/5017/1836 4203/5018/1837
f 4201/5016/1835 4202/5019/1838 4205/5020/1839 4204/5017/1836
f 4203/5018/1837 4204/5017/1836 4207/5021/1840 4206/5022/1841
f 4204/5017/1836 4205/5020/1839 4208/5023/1842 4207/5021/1840
f 2703/4634/1724 3168/5013/1833 4200/5024/1834 3169/4635/1725
f 3168/5011/1833 3167/5010/1832 4201/5016/1835 4200/5015/1834
f 3167/5010/1832 3166/5009/1831 4202/5019/1838 4201/5016/1835
f 3166/5009/1831 2733/4670/1732 3313/4672/1733 4202/5019/1838
f 4202/5019/1838 3313/4672/1733 3314/4676/1735 4205/5020/1839
f 4205/5020/1839 3314/4676/1735 3315/4675/1734 4208/5023/1842
f 4208/5023/1842 3315/4675/1734 2734/4649/1727 3294/5025/1843
f 4207/5021/1840 4208/5023/1842 3294/5025/1843 3293/5026/1844
f 4206/5022/1841 4207/5021/1840 3293/5026/1844 3292/5027/1845
f 3171/4607/1697 4206/5028/1841 3292/5029/1845 2689/4605/1695
f 3170/4609/1699 4203/5030/1837 4206/5028/1841 3171/4607/1697
f 3169/4635/1725 4200/5024/1834 4203/5030/1837 3170/4609/1699
f 4209/5031/1846 4210/5032/1847 4213/5033/1848 4212/5034/1849
f 4210/5032/1847 4211/5035/1850 4214/5036/1851 4213/5033/1848
f 4212/5034/1849 4213/5033/1848 4216/5037/1852 4215/5038/1853
f 4213/5039/1848 4214/5040/1851 4217/5041/1854 4216/5042/1852
f 2689/4605/1695 3292/5029/1845 4209/5043/1846 3061/4606/1696
f 3292/5027/1845 3293/5026/1844 4210/5032/1847 4209/5031/1846
f 3293/5026/1844 3294/5025/1843 4211/5035/1850 4210/5032/1847
f 3294/5025/1843 2734/4649/1727 3316/4651/1728 4211/5035/1850
f 4211/5035/1850 3316/4651/1728 3317/4660/1731 4214/5036/1851
f 4214/5040/1851 3317/4659/1731 3318/4657/1729 4217/5041/1854
f 4217/5041/1854 3318/4657/1729 2727/4658/1730 3076/4918/1770
f 4216/5042/1852 4217/5041/1854 3076/4918/1770 3077/4917/1769
f 4215/5044/1853 4216/5042/1852 3077/4917/1769 3078/4916/1768
f 3063/4612/1702 4215/5045/1853 3078/4914/1768 2691/4610/1700
f 3062/4608/1698 4212/5046/1849 4215/5045/1853 3063/4612/1702
f 3061/4606/1696 4209/5043/1846 4212/5046/1849 3062/4608/1698
f 4218/5047/1275 4219/5048/1275 4222/5049/1274 4221/5050/1274
f 4219/5048/1275 4220/5051/1275 4223/5052/1274 4222/5049/1274
f 4221/5050/1274 4222/5049/1274 4225/5053/1273 4224/5054/1273
f 4222/5049/1274 4223/5052/1274 4226/5055/1273 4225/5053/1273
f 2719/4444/1269 3225/5056/1269 4218/5047/1275 3247/4793/1275
f 3225/5056/1269 3224/5057/1269 4219/5048/1275 4218/5047/1275
f 3224/5057/1269 3223/5058/1269 4220/5051/1275 4219/5048/1275
f 3223/5058/1269 2736/4546/1665 3343/4582/1676 4220/5051/1275
f 4220/5051/1275 3343/4582/1676 3344/4587/1678 4223/5052/1274
f 4223/5052/1274 3344/4587/1678 3345/4586/1677 4226/5055/1273
f 4226/5055/1273 3345/4586/1677 2735/4212/1512 3321/5059/178
f 4225/5053/1273 4226/5055/1273 3321/5059/178 3320/5060/178
f 4224/5054/1273 4225/5053/1273 3320/5060/178 3319/5061/178
f 3249/4795/1273 4224/5054/1273 3319/5061/178 2721/4796/178
f 3248/4794/1274 4221/5050/1274 4224/5054/1273 3249/4795/1273
f 3247/4793/1275 4218/5047/1275 4221/5050/1274 3248/4794/1274
f 4227/5062/1267 4228/5063/1267 4231/5064/1266 4230/5065/1266
f 4228/5063/1267 4229/5066/1267 4232/5067/1266 4231/5064/1266
f 4230/5068/1266 4231/5069/1266 4234/5070/1265 4233/5071/1265
f 4231/5069/1266 4232/5072/1266 4235/5073/1265 4234/5070/1265
f 2720/4453/153 3228/5074/153 4227/5062/1267 3250/4452/1267
f 3228/5074/153 3227/5075/153 4228/5063/1267 4227/5062/1267
f 3227/5075/153 3226/5076/153 4229/5066/1267 4228/5063/1267
f 3226/5076/153 2737/4478/1626 3346/4538/1660 4229/5066/1267
f 4229/5066/1267 3346/4538/1660 3347/4548/1666 4232/5067/1266
f 4232/5072/1266 3347/4547/1666 3348/4545/1664 4235/5073/1265
f 4235/5073/1265 3348/4545/1664 2736/4546/1665 3223/5058/1269
f 4234/5070/1265 4235/5073/1265 3223/5058/1269 3224/5057/1269
f 4233/5071/1265 4234/5070/1265 3224/5057/1269 3225/5056/1269
f 3252/4446/1265 4233/5071/1265 3225/5056/1269 2719/4444/1269
f 3251/4455/1266 4230/5068/1266 4233/5071/1265 3252/4446/1265
f 3250/4452/1267 4227/5062/1267 4230/5065/1266 3251/4454/1266
f 4236/5077/1260 4237/5078/1260 4240/5079/1259 4239/5080/1259
f 4237/5078/1260 4238/5081/1260 4241/5082/1259 4240/5079/1259
f 4239/5080/1259 4240/5079/1259 4243/5083/1258 4242/5084/1258
f 4240/5079/1259 4241/5082/1259 4244/5085/1258 4243/5083/1258
f 2722/4821/1254 3234/5086/1254 4236/5077/1260 3253/4822/1260
f 3234/5086/1254 3233/5087/1254 4237/5078/1260 4236/5077/1260
f 3233/5087/1254 3232/5088/1254 4238/5081/1260 4237/5078/1260
f 3232/5088/1254 2738/4429/1606 3349/4465/1617 4238/5081/1260
f 4238/5081/1260 3349/4465/1617 3350/4479/1627 4241/5082/1259
f 4241/5082/1259 3350/4479/1627 3351/4477/1625 4244/5085/1258
f 4244/5085/1258 3351/4477/1625 2737/4478/1626 3226/5076/153
f 4243/5083/1258 4244/5085/1258 3226/5076/153 3227/5075/153
f 4242/5084/1258 4243/5083/1258 3227/5075/153 3228/5074/153
f 3255/4824/1258 4242/5084/1258 3228/5074/153 2720/4453/153
f 3254/4823/1259 4239/5080/1259 4242/5084/1258 3255/4824/1258
f 3253/4822/1260 4236/5077/1260 4239/5080/1259 3254/4823/1259
f 4245/5089/1252 4246/5090/1252 4249/5091/1251 4248/5092/1251
f 4246/5090/1252 4247/5093/1252 4250/5094/1251 4249/5091/1251
f 4248/5092/1251 4249/5091/1251 4252/5095/1250 4251/5096/1250
f 4249/5091/1251 4250/5094/1251 4253/5097/1250 4252/5095/1250
f 2723/4840/58 3237/5098/58 4245/5099/1252 3256/4841/1252
f 3237/5098/58 3236/5100/58 4246/5101/1252 4245/5099/1252
f 3236/5100/58 3235/5102/58 4247/5103/1252 4246/5101/1252
f 3235/5102/58 2739/4386/1586 3352/4413/1597 4247/5103/1252
f 4247/5093/1252 3352/4431/1597 3353/4430/1607 4250/5094/1251
f 4250/5094/1251 3353/4430/1607 3354/4428/1605 4253/5097/1250
f 4253/5097/1250 3354/4428/1605 2738/4429/1606 3232/5088/1254
f 4252/5095/1250 4253/5097/1250 3232/5088/1254 3233/5087/1254
f 4251/5096/1250 4252/5095/1250 3233/5087/1254 3234/5086/1254
f 3258/4844/1250 4251/5096/1250 3234/5086/1254 2722/4821/1254
f 3257/4843/1251 4248/5092/1251 4251/5096/1250 3258/4844/1250
f 3256/4842/1252 4245/5089/1252 4248/5092/1251 3257/4843/1251
f 4254/5104/1245 4255/5105/1245 4258/5106/1244 4257/5107/1244
f 4255/5105/1245 4256/5108/1245 4259/5109/1244 4258/5106/1244
f 4257/5107/1244 4258/5106/1244 4261/5110/1243 4260/5111/1243
f 4258/5106/1244 4259/5109/1244 4262/5112/1243 4261/5110/1243
f 2724/4857/1239 3240/5113/1239 4254/5104/1245 3259/4858/1245
f 3240/5113/1239 3239/5114/1239 4255/5105/1245 4254/5104/1245
f 3239/5114/1239 3238/5115/1239 4256/5108/1245 4255/5105/1245
f 3238/5115/1239 2740/4336/1566 3355/4373/1577 4256/5108/1245
f 4256/5108/1245 3355/4373/1577 3356/4387/1587 4259/5109/1244
f 4259/5109/1244 3356/4387/1587 3357/4385/1585 4262/5112/1243
f 4262/5112/1243 3357/4385/1585 2739/4386/1586 3235/5102/58
f 4261/5110/1243 4262/5112/1243 3235/5102/58 3236/5100/58
f 4260/5111/1243 4261/5110/1243 3236/5100/58 3237/5098/58
f 3261/4860/1243 4260/5111/1243 3237/5098/58 2723/4840/58
f 3260/4859/1244 4257/5107/1244 4260/5111/1243 3261/4860/1243
f 3259/4858/1245 4254/5104/1245 4257/5107/1244 3260/4859/1244
f 4263/5116/1237 4264/5117/1237 4267/5118/1236 4266/5119/1236
f 4264/5117/1237 4265/5120/1237 4268/5121/1236 4267/5118/1236
f 4266/5119/1236 4267/5118/1236 4270/5122/1235 4269/5123/1235
f 4267/5118/1236 4268/5121/1236 4271/5124/1235 4270/5122/1235
f 2725/4192/210 3243/5125/210 4263/5126/1237 3262/4873/1237
f 3243/5125/210 3242/5127/210 4264/5128/1237 4263/5126/1237
f 3242/5127/210 3241/5129/210 4265/5130/1237 4264/5128/1237
f 3241/5129/210 2741/4289/1546 3358/4321/1557 4265/5130/1237
f 4265/5120/1237 3358/4338/1557 3359/4337/1567 4268/5121/1236
f 4268/5121/1236 3359/4337/1567 3360/4335/1565 4271/5124/1235
f 4271/5124/1235 3360/4335/1565 2740/4336/1566 3238/5115/1239
f 4270/5122/1235 4271/5124/1235 3238/5115/1239 3239/5114/1239
f 4269/5123/1235 4270/5122/1235 3239/5114/1239 3240/5113/1239
f 3264/4876/1235 4269/5123/1235 3240/5113/1239 2724/4857/1239
f 3263/4875/1236 4266/5119/1236 4269/5123/1235 3264/4876/1235
f 3262/4874/1237 4263/5116/1237 4266/5119/1236 3263/4875/1236
f 4272/5131/1230 4273/5132/1230 4276/5133/1229 4275/5134/1229
f 4273/5132/1230 4274/5135/1230 4277/5136/1229 4276/5133/1229
f 4275/5134/1229 4276/5133/1229 4279/5137/1228 4278/5138/1228
f 4276/5133/1229 4277/5136/1229 4280/5139/1228 4279/5137/1228
f 2726/4187/1223 3246/5140/1223 4272/5131/1230 3265/4188/1230
f 3246/5140/1223 3245/5141/1223 4273/5132/1230 4272/5131/1230
f 3245/5141/1223 3244/5142/1223 4274/5135/1230 4273/5132/1230
f 3244/5142/1223 2742/4234/1526 3361/4276/1537 4274/5135/1230
f 4274/5135/1230 3361/4276/1537 3362/4290/1547 4277/5136/1229
f 4277/5136/1229 3362/4290/1547 3363/4288/1545 4280/5139/1228
f 4280/5139/1228 3363/4288/1545 2741/4289/1546 3241/5129/210
f 4279/5137/1228 4280/5139/1228 3241/5129/210 3242/5127/210
f 4278/5138/1228 4279/5137/1228 3242/5127/210 3243/5125/210
f 3267/4191/1228 4278/5138/1228 3243/5125/210 2725/4192/210
f 3266/4190/1229 4275/5134/1229 4278/5138/1228 3267/4191/1228
f 3265/4188/1230 4272/5131/1230 4275/5134/1229 3266/4190/1229
f 4281/5143/1221 4282/5144/1221 4285/5145/1220 4284/5146/1220
f 4282/5144/1221 4283/5147/1221 4286/5148/1220 4285/5145/1220
f 4284/5149/1220 4285/5150/1220 4288/5151/1219 4287/5152/1219
f 4285/5150/1220 4286/5153/1220 4289/5154/1219 4288/5151/1219
f 2721/4796/178 3319/5061/178 4281/5143/1221 3268/4901/1221
f 3319/5061/178 3320/5060/178 4282/5144/1221 4281/5143/1221
f 3320/5060/178 3321/5059/178 4283/5147/1221 4282/5144/1221
f 3321/5059/178 2735/4212/1512 3364/4214/1514 4283/5147/1221
f 4283/5147/1221 3364/4214/1514 3365/4237/1527 4286/5148/1220
f 4286/5153/1220 3365/4235/1527 3366/4233/1525 4289/5154/1219
f 4289/5154/1219 3366/4233/1525 2742/4234/1526 3244/5142/1223
f 4288/5151/1219 4289/5154/1219 3244/5142/1223 3245/5141/1223
f 4287/5152/1219 4288/5151/1219 3245/5141/1223 3246/5140/1223
f 3270/4904/1219 4287/5152/1219 3246/5140/1223 2726/4187/1223
f 3269/4903/1220 4284/5149/1220 4287/5152/1219 3270/4904/1219
f 3268/4901/1221 4281/5143/1221 4284/5146/1220 3269/4902/1220
f 4290/5155/1230 4291/5156/1230 4294/5157/1229 4293/5158/1229
f 4291/5156/1230 4292/5159/1230 4295/5160/1229 4294/5157/1229
f 4293/5158/1229 4294/5157/1229 4297/5161/1228 4296/5162/1228
f 4294/5157/1229 4295/5160/1229 4298/5163/1228 4297/5161/1228
f 2655/3580/1223 2865/3578/1223 4290/5155/1230 2908/3793/1230
f 2865/3578/1223 2864/3577/1223 4291/5156/1230 4290/5155/1230
f 2864/3577/1223 2863/3576/1223 4292/5159/1230 4291/5156/1230
f 2863/3576/1223 2631/3197/1223 2746/3195/1230 4292/5159/1230
f 4292/5159/1230 2746/3195/1230 2747/3194/1229 4295/5160/1229
f 4295/5160/1229 2747/3194/1229 2748/3193/1228 4298/5163/1228
f 4298/5163/1228 2748/3193/1228 2649/3192/210 2866/3249/210
f 4297/5161/1228 4298/5163/1228 2866/3249/210 2867/3247/210
f 4296/5162/1228 4297/5161/1228 2867/3247/210 2868/3244/210
f 2910/3795/1228 4296/5162/1228 2868/3244/210 2656/3243/210
f 2909/3794/1229 4293/5158/1229 4296/5162/1228 2910/3795/1228
f 2908/3793/1230 4290/5155/1230 4293/5158/1229 2909/3794/1229
f 4299/5164/5 4312/5165/1855 4311/5166/1856
f 4300/5167/1857 4312/5168/1855 4314/5169/1858
f 4299/5164/5 4311/5166/1856 4316/5170/1859
f 4299/5164/5 4316/5170/1859 4318/5171/1860
f 4299/5164/5 4318/5171/1860 4315/5172/1861
f 4300/5167/1857 4314/5169/1858 4321/5173/1862
f 4301/5174/1863 4313/5175/1864 4323/5176/58
f 4302/5177/1865 4317/5178/1866 4325/5179/1867
f 4303/5180/1868 4319/5181/1869 4327/5182/1870
f 4304/5183/1871 4320/5184/1872 4329/5185/1873
f 4300/5167/1857 4321/5173/1862 4324/5186/1874
f 4301/5174/1863 4323/5176/58 4326/5187/1875
f 4302/5188/1865 4325/5189/1867 4328/5190/1876
f 4303/5191/1868 4327/5192/1870 4330/5193/178
f 4304/5183/1871 4329/5185/1873 4322/5194/1877
f 4305/5195/1878 4331/5196/1879 4336/5197/1880
f 4306/5198/1881 4332/5199/1882 4338/5200/1883
f 4307/5201/1884 4333/5202/1885 4339/5203/1886
f 4308/5204/1887 4334/5205/1888 4340/5206/1889
f 4309/5207/1890 4335/5208/1891 4337/5209/1892
f 4337/5209/1892 4340/5210/1889 4310/5211/106
f 4337/5209/1892 4335/5208/1891 4340/5210/1889
f 4335/5212/1891 4308/5204/1887 4340/5206/1889
f 4340/5210/1889 4339/5213/1886 4310/5211/106
f 4340/5210/1889 4334/5214/1888 4339/5213/1886
f 4334/5215/1888 4307/5201/1884 4339/5203/1886
f 4339/5213/1886 4338/5216/1883 4310/5211/106
f 4339/5213/1886 4333/5217/1885 4338/5216/1883
f 4333/5217/1885 4306/5218/1881 4338/5216/1883
f 4338/5216/1883 4336/5219/1880 4310/5211/106
f 4338/5216/1883 4332/5220/1882 4336/5219/1880
f 4332/5220/1882 4305/5221/1878 4336/5219/1880
f 4336/5219/1880 4337/5209/1892 4310/5211/106
f 4336/5219/1880 4331/5222/1879 4337/5209/1892
f 4331/5196/1879 4309/5223/1890 4337/5224/1892
f 4322/5225/1877 4335/5226/1891 4309/5223/1890
f 4322/5194/1877 4329/5185/1873 4335/5212/1891
f 4329/5185/1873 4308/5204/1887 4335/5212/1891
f 4330/5193/178 4334/5205/1888 4308/5204/1887
f 4330/5193/178 4327/5192/1870 4334/5205/1888
f 4327/5182/1870 4307/5201/1884 4334/5215/1888
f 4328/5190/1876 4333/5202/1885 4307/5201/1884
f 4328/5190/1876 4325/5189/1867 4333/5202/1885
f 4325/5179/1867 4306/5198/1881 4333/5227/1885
f 4326/5187/1875 4332/5199/1882 4306/5198/1881
f 4326/5187/1875 4323/5176/58 4332/5199/1882
f 4323/5176/58 4305/5228/1878 4332/5199/1882
f 4324/5186/1874 4331/5196/1879 4305/5195/1878
f 4324/5186/1874 4321/5173/1862 4331/5196/1879
f 4321/5173/1862 4309/5223/1890 4331/5196/1879
f 4329/5185/1873 4330/5193/178 4308/5204/1887
f 4329/5185/1873 4320/5184/1872 4330/5193/178
f 4320/5184/1872 4303/5191/1868 4330/5193/178
f 4327/5182/1870 4328/5190/1876 4307/5201/1884
f 4327/5182/1870 4319/5181/1869 4328/5190/1876
f 4319/5181/1869 4302/5188/1865 4328/5190/1876
f 4325/5179/1867 4326/5187/1875 4306/5198/1881
f 4325/5179/1867 4317/5178/1866 4326/5187/1875
f 4317/5178/1866 4301/5174/1863 4326/5187/1875
f 4323/5229/58 4324/5186/1874 4305/5195/1878
f 4323/5229/58 4313/5230/1864 4324/5186/1874
f 4313/5230/1864 4300/5167/1857 4324/5186/1874
f 4321/5173/1862 4322/5225/1877 4309/5223/1890
f 4321/5173/1862 4314/5169/1858 4322/5225/1877
f 4314/5169/1858 4304/5231/1871 4322/5225/1877
f 4315/5172/1861 4320/5232/1872 4304/5233/1871
f 4315/5172/1861 4318/5171/1860 4320/5232/1872
f 4318/5234/1860 4303/5191/1868 4320/5184/1872
f 4318/5171/1860 4319/5235/1869 4303/5236/1868
f 4318/5171/1860 4316/5170/1859 4319/5235/1869
f 4316/5237/1859 4302/5188/1865 4319/5181/1869
f 4316/5170/1859 4317/5238/1866 4302/5239/1865
f 4316/5170/1859 4311/5166/1856 4317/5238/1866
f 4311/5240/1856 4301/5174/1863 4317/5178/1866
f 4314/5241/1858 4315/5172/1861 4304/5233/1871
f 4314/5241/1858 4312/5165/1855 4315/5172/1861
f 4312/5165/1855 4299/5164/5 4315/5172/1861
f 4311/5166/1856 4313/5242/1864 4301/5243/1863
f 4311/5166/1856 4312/5165/1855 4313/5242/1864
f 4312/5168/1855 4300/5167/1857 4313/5230/1864
f 4341/5244/5 4354/5245/1855 4353/5246/1856
f 4342/5247/1857 4354/5248/1855 4356/5249/1858
f 4341/5244/5 4353/5246/1856 4358/5250/1859
f 4341/5244/5 4358/5250/1859 4360/5251/1860
f 4341/5244/5 4360/5251/1860 4357/5252/1861
f 4342/5247/1857 4356/5249/1858 4363/5253/1862
f 4343/5254/1863 4355/5255/1864 4365/5256/58
f 4344/5257/1865 4359/5258/1866 4367/5259/1867
f 4345/5260/1893 4361/5261/1869 4369/5262/1870
f 4346/5263/1871 4362/5264/1872 4371/5265/1873
f 4342/5247/1857 4363/5253/1862 4366/5266/1874
f 4343/5254/1863 4365/5256/58 4368/5267/1875
f 4344/5268/1865 4367/5269/1867 4370/5270/1876
f 4345/5271/1893 4369/5272/1870 4372/5273/178
f 4346/5263/1871 4371/5265/1873 4364/5274/1877
f 4347/5275/1878 4373/5276/1879 4378/5277/1880
f 4348/5278/1881 4374/5279/1882 4380/5280/1883
f 4349/5281/1884 4375/5282/1885 4381/5283/1886
f 4350/5284/1887 4376/5285/1888 4382/5286/1889
f 4351/5287/1890 4377/5288/1891 4379/5289/1892
f 4379/5289/1892 4382/5290/1889 4352/5291/106
f 4379/5289/1892 4377/5288/1891 4382/5290/1889
f 4377/5292/1891 4350/5284/1887 4382/5286/1889
f 4382/5290/1889 4381/5293/1886 4352/5291/106
f 4382/5290/1889 4376/5294/1888 4381/5293/1886
f 4376/5295/1888 4349/5281/1884 4381/5283/1886
f 4381/5293/1886 4380/5296/1883 4352/5291/106
f 4381/5293/1886 4375/5297/1885 4380/5296/1883
f 4375/5297/1885 4348/5298/1881 4380/5296/1883
f 4380/5296/1883 4378/5299/1880 4352/5291/106
f 4380/5296/1883 4374/5300/1882 4378/5299/1880
f 4374/5300/1882 4347/5301/1878 4378/5299/1880
f 4378/5299/1880 4379/5289/1892 4352/5291/106
f 4378/5299/1880 4373/5302/1879 4379/5289/1892
f 4373/5276/1879 4351/5303/1890 4379/5304/1892
f 4364/5305/1877 4377/5306/1891 4351/5303/1890
f 4364/5274/1877 4371/5265/1873 4377/5292/1891
f 4371/5265/1873 4350/5284/1887 4377/5292/1891
f 4372/5273/178 4376/5285/1888 4350/5284/1887
f 4372/5273/178 4369/5272/1870 4376/5285/1888
f 4369/5262/1870 4349/5281/1884 4376/5295/1888
f 4370/5270/1876 4375/5282/1885 4349/5281/1884
f 4370/5270/1876 4367/5269/1867 4375/5282/1885
f 4367/5259/1867 4348/5278/1881 4375/5307/1885
f 4368/5267/1875 4374/5279/1882 4348/5278/1881
f 4368/5267/1875 4365/5256/58 4374/5279/1882
f 4365/5256/58 4347/5308/1878 4374/5279/1882
f 4366/5266/1874 4373/5276/1879 4347/5275/1878
f 4366/5266/1874 4363/5253/1862 4373/5276/1879
f 4363/5253/1862 4351/5303/1890 4373/5276/1879
f 4371/5265/1873 4372/5273/178 4350/5284/1887
f 4371/5265/1873 4362/5264/1872 4372/5273/178
f 4362/5264/1872 4345/5271/1893 4372/5273/178
f 4369/5262/1870 4370/5270/1876 4349/5281/1884
f 4369/5262/1870 4361/5261/1869 4370/5270/1876
f 4361/5261/1869 4344/5268/1865 4370/5270/1876
f 4367/5259/1867 4368/5267/1875 4348/5278/1881
f 4367/5259/1867 4359/5258/1866 4368/5267/1875
f 4359/5258/1866 4343/5254/1863 4368/5267/1875
f 4365/5309/58 4366/5266/1874 4347/5275/1878
f 4365/5309/58 4355/5310/1864 4366/5266/1874
f 4355/5310/1864 4342/5247/1857 4366/5266/1874
f 4363/5253/1862 4364/5305/1877 4351/5303/1890
f 4363/5253/1862 4356/5249/1858 4364/5305/1877
f 4356/5249/1858 4346/5311/1871 4364/5305/1877
f 4357/5252/1861 4362/5312/1872 4346/5313/1871
f 4357/5252/1861 4360/5251/1860 4362/5312/1872
f 4360/5314/1860 4345/5271/1893 4362/5264/1872
f 4360/5251/1860 4361/5315/1869 4345/5316/1893
f 4360/5251/1860 4358/5250/1859 4361/5315/1869
f 4358/5317/1859 4344/5268/1865 4361/5261/1869
f 4358/5250/1859 4359/5318/1866 4344/5319/1865
f 4358/5250/1859 4353/5246/1856 4359/5318/1866
f 4353/5320/1856 4343/5254/1863 4359/5258/1866
f 4356/5321/1858 4357/5252/1861 4346/5313/1871
f 4356/5321/1858 4354/5245/1855 4357/5252/1861
f 4354/5245/1855 4341/5244/5 4357/5252/1861
f 4353/5246/1856 4355/5322/1864 4343/5323/1863
f 4353/5246/1856 4354/5245/1855 4355/5322/1864
f 4354/5248/1855 4342/5247/1857 4355/5310/1864
usemtl Plasticine.001
f 2093/1995/707 2094/1996/708 2097/1997/709 2096/1998/710
f 2094/1996/708 2095/1999/711 2098/2000/712 2097/1997/709
f 2096/1998/710 2097/1997/709 2100/2001/713 2099/2002/714
f 2097/1997/709 2098/2000/712 2101/2003/715 2100/2001/713
f 1701/2004/716 1739/2005/717 2093/1995/707 1946/2006/718
f 1739/2005/717 1740/2007/719 2094/1996/708 2093/1995/707
f 1740/2007/719 1741/2008/720 2095/1999/711 2094/1996/708
f 1741/2009/720 1686/2010/721 1738/2011/722 2095/2012/711
f 2095/2012/711 1738/2011/722 1737/2013/723 2098/2014/712
f 2098/2014/712 1737/2013/723 1736/2015/724 2101/2016/715
f 2101/2016/715 1736/2015/724 1685/2017/725 1904/2018/726
f 2100/2001/713 2101/2003/715 1904/2019/726 1905/2020/727
f 2099/2002/714 2100/2001/713 1905/2020/727 1906/2021/728
f 1948/2022/729 2099/2002/714 1906/2021/728 1702/2023/730
f 1947/2024/731 2096/1998/710 2099/2002/714 1948/2022/729
f 1946/2006/718 2093/1995/707 2096/1998/710 1947/2024/731
f 2102/2025/732 2103/2026/733 2106/2027/734 2105/2028/735
f 2103/2026/733 2104/2029/736 2107/2030/737 2106/2027/734
f 2105/2031/735 2106/2032/734 2109/2033/738 2108/2034/739
f 2106/2032/734 2107/2035/737 2110/2036/740 2109/2033/738
f 1702/2023/730 1906/2021/728 2102/2025/732 1943/2037/741
f 1906/2021/728 1905/2020/727 2103/2026/733 2102/2025/732
f 1905/2020/727 1904/2019/726 2104/2029/736 2103/2026/733
f 1904/2018/726 1685/2017/725 1750/2038/742 2104/2039/736
f 2104/2039/736 1750/2038/742 1749/2040/743 2107/2041/737
f 2107/2041/737 1749/2040/743 1748/2042/744 2110/2043/740
f 2110/2043/740 1748/2042/744 1687/2044/745 1907/2045/746
f 2109/2033/738 2110/2036/740 1907/2046/746 1908/2047/747
f 2108/2034/739 2109/2033/738 1908/2047/747 1909/2048/748
f 1945/2049/749 2108/2034/739 1909/2048/748 1703/2050/750
f 1944/2051/751 2105/2031/735 2108/2034/739 1945/2049/749
f 1943/2037/741 2102/2025/732 2105/2028/735 1944/2052/751
f 2111/2053/752 2112/2054/753 2115/2055/754 2114/2056/755
f 2112/2054/753 2113/2057/756 2116/2058/757 2115/2055/754
f 2114/2056/755 2115/2055/754 2118/2059/758 2117/2060/759
f 2115/2055/754 2116/2058/757 2119/2061/760 2118/2059/758
f 1703/2050/750 1909/2048/748 2111/2053/752 1940/2062/761
f 1909/2048/748 1908/2047/747 2112/2054/753 2111/2053/752
f 1908/2047/747 1907/2046/746 2113/2057/756 2112/2054/753
f 1907/2045/746 1687/2044/745 1759/2063/762 2113/2064/756
f 2113/2064/756 1759/2063/762 1758/2065/763 2116/2066/757
f 2116/2066/757 1758/2065/763 1757/2067/764 2119/2068/760
f 2119/2068/760 1757/2067/764 1688/2069/765 1910/2070/766
f 2118/2059/758 2119/2061/760 1910/2071/766 1911/2072/767
f 2117/2060/759 2118/2059/758 1911/2072/767 1912/2073/768
f 1942/2074/769 2117/2060/759 1912/2073/768 1704/2075/770
f 1941/2076/771 2114/2056/755 2117/2060/759 1942/2074/769
f 1940/2062/761 2111/2053/752 2114/2056/755 1941/2076/771
f 2120/2077/772 2121/2078/773 2124/2079/774 2123/2080/775
f 2121/2078/773 2122/2081/776 2125/2082/777 2124/2079/774
f 2123/2080/775 2124/2079/774 2127/2083/778 2126/2084/779
f 2124/2079/774 2125/2082/777 2128/2085/780 2127/2083/778
f 1704/2075/770 1912/2073/768 2120/2077/772 1937/2086/781
f 1912/2073/768 1911/2072/767 2121/2078/773 2120/2077/772
f 1911/2072/767 1910/2071/766 2122/2081/776 2121/2078/773
f 1910/2070/766 1688/2069/765 1768/2087/782 2122/2088/776
f 2122/2088/776 1768/2087/782 1767/2089/783 2125/2090/777
f 2125/2090/777 1767/2089/783 1766/2091/784 2128/2092/780
f 2128/2092/780 1766/2091/784 1689/2093/785 1913/2094/786
f 2127/2095/778 2128/2096/780 1913/2097/786 1914/2098/787
f 2126/2099/779 2127/2095/778 1914/2098/787 1915/2100/788
f 1939/2101/789 2126/2099/779 1915/2100/788 1705/2102/790
f 1938/2103/791 2123/2080/775 2126/2084/779 1939/2104/789
f 1937/2086/781 2120/2077/772 2123/2080/775 1938/2103/791
f 2129/2105/792 2130/2106/793 2133/2107/794 2132/2108/795
f 2130/2106/793 2131/2109/796 2134/2110/797 2133/2107/794
f 2132/2108/795 2133/2107/794 2136/2111/798 2135/2112/799
f 2133/2107/794 2134/2110/797 2137/2113/800 2136/2111/798
f 1705/2102/790 1915/2100/788 2129/2105/792 1934/2114/801
f 1915/2100/788 1914/2098/787 2130/2106/793 2129/2105/792
f 1914/2098/787 1913/2097/786 2131/2109/796 2130/2106/793
f 1913/2094/786 1689/2093/785 1777/2115/802 2131/2116/796
f 2131/2116/796 1777/2115/802 1776/2117/803 2134/2118/797
f 2134/2118/797 1776/2117/803 1775/2119/804 2137/2120/800
f 2137/2120/800 1775/2119/804 1690/2121/805 1916/2122/806
f 2136/2111/798 2137/2113/800 1916/2123/806 1917/2124/807
f 2135/2112/799 2136/2111/798 1917/2124/807 1918/2125/808
f 1936/2126/809 2135/2112/799 1918/2125/808 1706/2127/810
f 1935/2128/811 2132/2108/795 2135/2112/799 1936/2126/809
f 1934/2114/801 2129/2105/792 2132/2108/795 1935/2128/811
f 2138/2129/812 2139/2130/813 2142/2131/814 2141/2132/815
f 2139/2130/813 2140/2133/816 2143/2134/817 2142/2131/814
f 2141/2132/815 2142/2131/814 2145/2135/818 2144/2136/819
f 2142/2131/814 2143/2134/817 2146/2137/820 2145/2135/818
f 1706/2127/810 1918/2125/808 2138/2129/812 1931/2138/821
f 1918/2125/808 1917/2124/807 2139/2130/813 2138/2129/812
f 1917/2124/807 1916/2123/806 2140/2133/816 2139/2130/813
f 1916/2122/806 1690/2121/805 1786/2139/822 2140/2140/816
f 2140/2140/816 1786/2139/822 1785/2141/823 2143/2142/817
f 2143/2142/817 1785/2141/823 1784/2143/824 2146/2144/820
f 2146/2144/820 1784/2143/824 1691/2145/825 1919/2146/826
f 2145/2147/818 2146/2148/820 1919/2149/826 1920/2150/827
f 2144/2151/819 2145/2147/818 1920/2150/827 1921/2152/828
f 1933/2153/829 2144/2151/819 1921/2152/828 1707/2154/830
f 1932/2155/831 2141/2132/815 2144/2136/819 1933/2156/829
f 1931/2138/821 2138/2129/812 2141/2132/815 1932/2155/831
f 2156/2187/857 2157/2188/858 2160/2189/859 2159/2190/860
f 2157/2188/858 2158/2191/861 2161/2192/862 2160/2189/859
f 2159/2190/860 2160/2189/859 2163/2193/863 2162/2194/864
f 2160/2189/859 2161/2192/862 2164/2195/865 2163/2193/863
f 1707/2154/830 1921/2152/828 2156/2187/857 1928/2196/866
f 1921/2152/828 1920/2150/827 2157/2188/858 2156/2187/857
f 1920/2150/827 1919/2149/826 2158/2191/861 2157/2188/858
f 1919/2146/826 1691/2145/825 1795/2197/867 2158/2198/861
f 2158/2198/861 1795/2197/867 1794/2199/868 2161/2200/862
f 2161/2200/862 1794/2199/868 1793/2201/869 2164/2202/865
f 2164/2202/865 1793/2201/869 1692/2203/870 1922/2204/871
f 2163/2193/863 2164/2195/865 1922/2205/871 1923/2206/872
f 2162/2194/864 2163/2193/863 1923/2206/872 1924/2207/873
f 1930/2208/874 2162/2194/864 1924/2207/873 1708/2209/875
f 1929/2210/876 2159/2190/860 2162/2194/864 1930/2208/874
f 1928/2196/866 2156/2187/857 2159/2190/860 1929/2210/876
f 2165/2211/877 2166/2212/878 2169/2213/879 2168/2214/880
f 2166/2212/878 2167/2215/881 2170/2216/882 2169/2213/879
f 2168/2217/880 2169/2218/879 2172/2219/883 2171/2220/884
f 2169/2218/879 2170/2221/882 2173/2222/885 2172/2219/883
f 1708/2209/875 1924/2207/873 2165/2211/877 1925/2223/886
f 1924/2207/873 1923/2206/872 2166/2212/878 2165/2211/877
f 1923/2206/872 1922/2205/871 2167/2215/881 2166/2212/878
f 1922/2204/871 1692/2203/870 1804/2224/887 2167/2225/881
f 2167/2225/881 1804/2224/887 1803/2226/888 2170/2227/882
f 2170/2227/882 1803/2226/888 1802/2228/889 2173/2229/885
f 2173/2229/885 1802/2228/889 1686/2010/721 1741/2009/720
f 2172/2219/883 2173/2222/885 1741/2008/720 1740/2007/719
f 2171/2220/884 2172/2219/883 1740/2007/719 1739/2005/717
f 1927/2230/890 2171/2220/884 1739/2005/717 1701/2004/716
f 1926/2231/891 2168/2217/880 2171/2220/884 1927/2230/890
f 1925/2223/886 2165/2211/877 2168/2214/880 1926/2232/891
f 2175/2233/892 2176/2234/893 2174/2235/5 2190/2236/894
f 2177/2237/895 2178/2238/896 2174/2235/5 2176/2234/893
f 2179/2239/897 2180/2240/898 2174/2235/5 2178/2238/896
f 2181/2241/899 2182/2242/900 2174/2235/5 2180/2240/898
f 2183/2243/901 2184/2244/902 2174/2235/5 2182/2242/900
f 2185/2245/903 2186/2246/904 2174/2235/5 2184/2244/902
f 2187/2247/905 2188/2248/906 2174/2235/5 2186/2246/904
f 2189/2249/907 2190/2236/894 2174/2235/5 2188/2248/906
f 1669/2250/908 1733/2251/909 2175/2233/892 1801/2252/910
f 1733/2251/909 1734/2253/911 2176/2234/893 2175/2233/892
f 1801/2252/910 2175/2233/892 2190/2236/894 1800/2254/912
f 1671/2255/913 1745/2256/914 2177/2237/895 1735/2257/915
f 1745/2256/914 1746/2258/916 2178/2238/896 2177/2237/895
f 1735/2257/915 2177/2237/895 2176/2234/893 1734/2253/911
f 1673/2259/917 1754/2260/918 2179/2239/897 1747/2261/919
f 1754/2260/918 1755/2262/920 2180/2240/898 2179/2239/897
f 1747/2261/919 2179/2239/897 2178/2238/896 1746/2258/916
f 1675/2263/921 1763/2264/922 2181/2241/899 1756/2265/923
f 1763/2264/922 1764/2266/924 2182/2242/900 2181/2241/899
f 1756/2265/923 2181/2241/899 2180/2240/898 1755/2262/920
f 1677/2267/925 1772/2268/926 2183/2243/901 1765/2269/927
f 1772/2268/926 1773/2270/928 2184/2244/902 2183/2243/901
f 1765/2269/927 2183/2243/901 2182/2242/900 1764/2266/924
f 1679/2271/929 1781/2272/930 2185/2245/903 1774/2273/931
f 1781/2272/930 1782/2274/932 2186/2246/904 2185/2245/903
f 1774/2273/931 2185/2245/903 2184/2244/902 1773/2270/928
f 1681/2275/933 1790/2276/934 2187/2247/905 1783/2277/935
f 1790/2276/934 1791/2278/936 2188/2248/906 2187/2247/905
f 1783/2277/935 2187/2247/905 2186/2246/904 1782/2274/932
f 1683/2279/937 1799/2280/938 2189/2249/907 1792/2281/939
f 1799/2280/938 1800/2254/912 2190/2236/894 2189/2249/907
f 1792/2281/939 2189/2249/907 2188/2248/906 1791/2278/936
f 2194/2285/943 2195/2284/942 2198/2288/946 2197/2289/947
f 2195/2284/942 2196/2287/945 2199/2290/948 2198/2288/946
f 2196/2287/945 1833/2298/956 1834/2299/957 2199/2290/948
f 2199/2290/948 1834/2299/957 1685/2017/725 1736/2015/724
f 2198/2288/946 2199/2290/948 1736/2015/724 1737/2013/723
f 2197/2289/947 2198/2288/946 1737/2013/723 1738/2011/722
f 1829/2300/958 2197/2289/947 1738/2011/722 1686/2010/721
f 1830/2301/959 2194/2285/943 2197/2289/947 1829/2300/958
f 2203/2305/963 2204/2304/962 2207/2308/966 2206/2309/967
f 2204/2304/962 2205/2307/965 2208/2310/968 2207/2308/966
f 2205/2307/965 1836/2316/974 1837/2317/975 2208/2310/968
f 2208/2310/968 1837/2317/975 1687/2044/745 1748/2042/744
f 2207/2308/966 2208/2310/968 1748/2042/744 1749/2040/743
f 2206/2309/967 2207/2308/966 1749/2040/743 1750/2038/742
f 1834/2299/957 2206/2309/967 1750/2038/742 1685/2017/725
f 1833/2298/956 2203/2305/963 2206/2309/967 1834/2299/957
f 2212/2321/979 2213/2320/978 2216/2324/982 2215/2325/983
f 2213/2320/978 2214/2323/981 2217/2326/984 2216/2324/982
f 2214/2323/981 1839/2332/990 1840/2333/991 2217/2326/984
f 2217/2326/984 1840/2333/991 1688/2069/765 1757/2067/764
f 2216/2324/982 2217/2326/984 1757/2067/764 1758/2065/763
f 2215/2325/983 2216/2324/982 1758/2065/763 1759/2063/762
f 1837/2317/975 2215/2325/983 1759/2063/762 1687/2044/745
f 1836/2316/974 2212/2321/979 2215/2325/983 1837/2317/975
f 2221/2337/995 2222/2336/994 2225/2340/998 2224/2341/999
f 2222/2336/994 2223/2339/997 2226/2342/1000 2225/2340/998
f 2223/2339/997 1842/2348/1006 1843/2349/1007 2226/2342/1000
f 2226/2342/1000 1843/2349/1007 1689/2093/785 1766/2091/784
f 2225/2340/998 2226/2342/1000 1766/2091/784 1767/2089/783
f 2224/2341/999 2225/2340/998 1767/2089/783 1768/2087/782
f 1840/2333/991 2224/2341/999 1768/2087/782 1688/2069/765
f 1839/2332/990 2221/2337/995 2224/2341/999 1840/2333/991
f 2230/2353/1011 2231/2352/1010 2234/2356/1014 2233/2357/1015
f 2231/2352/1010 2232/2355/1013 2235/2358/1016 2234/2356/1014
f 2232/2355/1013 1845/2364/1022 1846/2365/1023 2235/2358/1016
f 2235/2358/1016 1846/2365/1023 1690/2121/805 1775/2119/804
f 2234/2356/1014 2235/2358/1016 1775/2119/804 1776/2117/803
f 2233/2357/1015 2234/2356/1014 1776/2117/803 1777/2115/802
f 1843/2349/1007 2233/2357/1015 1777/2115/802 1689/2093/785
f 1842/2348/1006 2230/2353/1011 2233/2357/1015 1843/2349/1007
f 2239/2369/1027 2240/2368/1026 2243/2372/1030 2242/2373/1031
f 2240/2368/1026 2241/2371/1029 2244/2374/1032 2243/2372/1030
f 2241/2371/1029 1848/2380/1038 1849/2381/1039 2244/2374/1032
f 2244/2374/1032 1849/2381/1039 1691/2145/825 1784/2143/824
f 2243/2372/1030 2244/2374/1032 1784/2143/824 1785/2141/823
f 2242/2373/1031 2243/2372/1030 1785/2141/823 1786/2139/822
f 1846/2365/1023 2242/2373/1031 1786/2139/822 1690/2121/805
f 1845/2364/1022 2239/2369/1027 2242/2373/1031 1846/2365/1023
f 2248/2385/1043 2249/2384/1042 2252/2388/1046 2251/2389/1047
f 2249/2384/1042 2250/2387/1045 2253/2390/1048 2252/2388/1046
f 2250/2387/1045 1851/2396/1054 1852/2397/1055 2253/2390/1048
f 2253/2390/1048 1852/2397/1055 1692/2203/870 1793/2201/869
f 2252/2388/1046 2253/2390/1048 1793/2201/869 1794/2199/868
f 2251/2389/1047 2252/2388/1046 1794/2199/868 1795/2197/867
f 1849/2381/1039 2251/2389/1047 1795/2197/867 1691/2145/825
f 1848/2380/1038 2248/2385/1043 2251/2389/1047 1849/2381/1039
f 2257/2401/1059 2258/2400/1058 2261/2404/1062 2260/2405/1063
f 2258/2400/1058 2259/2403/1061 2262/2406/1064 2261/2404/1062
f 2259/2403/1061 1830/2301/959 1829/2300/958 2262/2406/1064
f 2262/2406/1064 1829/2300/958 1686/2010/721 1802/2228/889
f 2261/2404/1062 2262/2406/1064 1802/2228/889 1803/2226/888
f 2260/2405/1063 2261/2404/1062 1803/2226/888 1804/2224/887
f 1852/2397/1055 2260/2405/1063 1804/2224/887 1692/2203/870
f 1851/2396/1054 2257/2401/1059 2260/2405/1063 1852/2397/1055
f 2343/2602/1219 2344/2603/1219 2347/2604/1220 2346/2605/1220
f 2344/2603/1219 2345/2606/1219 2348/2607/1220 2347/2604/1220
f 2346/2608/1220 2347/2609/1220 2350/2610/1221 2349/2611/1221
f 2347/2609/1220 2348/2612/1220 2351/2613/1221 2350/2610/1221
f 1715/2614/1222 1969/2615/1223 2343/2602/1219 1994/2616/1224
f 1969/2615/1223 1968/2617/1223 2344/2603/1219 2343/2602/1219
f 1968/2617/1223 1967/2618/1223 2345/2606/1219 2344/2603/1219
f 1967/2618/1223 1708/2209/875 1925/2223/886 2345/2606/1219
f 2345/2606/1219 1925/2223/886 1926/2232/891 2348/2607/1220
f 2348/2612/1220 1926/2231/891 1927/2230/890 2351/2613/1221
f 2351/2613/1221 1927/2230/890 1701/2004/716 1903/2619/178
f 2350/2610/1221 2351/2613/1221 1903/2619/178 1902/2620/178
f 2349/2611/1221 2350/2610/1221 1902/2620/178 1901/2621/178
f 1996/2622/1225 2349/2611/1221 1901/2621/178 1716/2623/1226
f 1995/2624/1227 2346/2608/1220 2349/2611/1221 1996/2622/1225
f 1994/2616/1224 2343/2602/1219 2346/2605/1220 1995/2625/1227
f 2352/2626/1228 2353/2627/1228 2356/2628/1229 2355/2629/1229
f 2353/2627/1228 2354/2630/1228 2357/2631/1229 2356/2628/1229
f 2355/2629/1229 2356/2628/1229 2359/2632/1230 2358/2633/1230
f 2356/2628/1229 2357/2631/1229 2360/2634/1230 2359/2632/1230
f 1714/2635/1231 1966/2636/210 2352/2626/1228 1991/2637/1232
f 1966/2636/210 1965/2638/210 2353/2627/1228 2352/2626/1228
f 1965/2638/210 1964/2639/210 2354/2630/1228 2353/2627/1228
f 1964/2639/210 1707/2154/830 1928/2196/866 2354/2630/1228
f 2354/2630/1228 1928/2196/866 1929/2210/876 2357/2631/1229
f 2357/2631/1229 1929/2210/876 1930/2208/874 2360/2634/1230
f 2360/2634/1230 1930/2208/874 1708/2209/875 1967/2618/1223
f 2359/2632/1230 2360/2634/1230 1967/2618/1223 1968/2617/1223
f 2358/2633/1230 2359/2632/1230 1968/2617/1223 1969/2615/1223
f 1993/2640/1233 2358/2633/1230 1969/2615/1223 1715/2614/1222
f 1992/2641/1234 2355/2629/1229 2358/2633/1230 1993/2640/1233
f 1991/2637/1232 2352/2626/1228 2355/2629/1229 1992/2641/1234
f 2361/2642/1235 2362/2643/1235 2365/2644/1236 2364/2645/1236
f 2362/2643/1235 2363/2646/1235 2366/2647/1236 2365/2644/1236
f 2364/2645/1236 2365/2644/1236 2368/2648/1237 2367/2649/1237
f 2365/2644/1236 2366/2647/1236 2369/2650/1237 2368/2648/1237
f 1713/2651/1238 1963/2652/1239 2361/2642/1235 1988/2653/1240
f 1963/2652/1239 1962/2654/1239 2362/2643/1235 2361/2642/1235
f 1962/2654/1239 1961/2655/1239 2363/2646/1235 2362/2643/1235
f 1961/2655/1239 1706/2127/810 1931/2138/821 2363/2646/1235
f 2363/2646/1235 1931/2138/821 1932/2155/831 2366/2647/1236
f 2366/2647/1236 1932/2155/831 1933/2156/829 2369/2650/1237
f 2369/2656/1237 1933/2153/829 1707/2154/830 1964/2639/210
f 2368/2657/1237 2369/2656/1237 1964/2639/210 1965/2638/210
f 2367/2658/1237 2368/2657/1237 1965/2638/210 1966/2636/210
f 1990/2659/1241 2367/2658/1237 1966/2636/210 1714/2635/1231
f 1989/2660/1242 2364/2645/1236 2367/2649/1237 1990/2661/1241
f 1988/2653/1240 2361/2642/1235 2364/2645/1236 1989/2660/1242
f 2370/2662/1243 2371/2663/1243 2374/2664/1244 2373/2665/1244
f 2371/2663/1243 2372/2666/1243 2375/2667/1244 2374/2664/1244
f 2373/2665/1244 2374/2664/1244 2377/2668/1245 2376/2669/1245
f 2374/2664/1244 2375/2667/1244 2378/2670/1245 2377/2668/1245
f 1712/2671/1246 1960/2672/58 2370/2662/1243 1985/2673/1247
f 1960/2672/58 1959/2674/58 2371/2663/1243 2370/2662/1243
f 1959/2674/58 1958/2675/58 2372/2666/1243 2371/2663/1243
f 1958/2675/58 1705/2102/790 1934/2114/801 2372/2666/1243
f 2372/2666/1243 1934/2114/801 1935/2128/811 2375/2667/1244
f 2375/2667/1244 1935/2128/811 1936/2126/809 2378/2670/1245
f 2378/2670/1245 1936/2126/809 1706/2127/810 1961/2655/1239
f 2377/2668/1245 2378/2670/1245 1961/2655/1239 1962/2654/1239
f 2376/2669/1245 2377/2668/1245 1962/2654/1239 1963/2652/1239
f 1987/2676/1248 2376/2669/1245 1963/2652/1239 1713/2651/1238
f 1986/2677/1249 2373/2665/1244 2376/2669/1245 1987/2676/1248
f 1985/2673/1247 2370/2662/1243 2373/2665/1244 1986/2677/1249
f 2379/2678/1250 2380/2679/1250 2383/2680/1251 2382/2681/1251
f 2380/2679/1250 2381/2682/1250 2384/2683/1251 2383/2680/1251
f 2382/2681/1251 2383/2680/1251 2386/2684/1252 2385/2685/1252
f 2383/2680/1251 2384/2683/1251 2387/2686/1252 2386/2684/1252
f 1711/2687/1253 1957/2688/1254 2379/2678/1250 1982/2689/1255
f 1957/2688/1254 1956/2690/1254 2380/2679/1250 2379/2678/1250
f 1956/2690/1254 1955/2691/1254 2381/2682/1250 2380/2679/1250
f 1955/2691/1254 1704/2075/770 1937/2086/781 2381/2682/1250
f 2381/2682/1250 1937/2086/781 1938/2103/791 2384/2683/1251
f 2384/2683/1251 1938/2103/791 1939/2104/789 2387/2686/1252
f 2387/2692/1252 1939/2101/789 1705/2102/790 1958/2675/58
f 2386/2693/1252 2387/2692/1252 1958/2675/58 1959/2674/58
f 2385/2694/1252 2386/2693/1252 1959/2674/58 1960/2672/58
f 1984/2695/1256 2385/2694/1252 1960/2672/58 1712/2671/1246
f 1983/2696/1257 2382/2681/1251 2385/2685/1252 1984/2697/1256
f 1982/2689/1255 2379/2678/1250 2382/2681/1251 1983/2696/1257
f 2388/2698/1258 2389/2699/1258 2392/2700/1259 2391/2701/1259
f 2389/2699/1258 2390/2702/1258 2393/2703/1259 2392/2700/1259
f 2391/2701/1259 2392/2700/1259 2395/2704/1260 2394/2705/1260
f 2392/2700/1259 2393/2703/1259 2396/2706/1260 2395/2704/1260
f 1710/2707/1261 1954/2708/153 2388/2698/1258 1979/2709/1262
f 1954/2708/153 1953/2710/153 2389/2699/1258 2388/2698/1258
f 1953/2710/153 1952/2711/153 2390/2702/1258 2389/2699/1258
f 1952/2711/153 1703/2050/750 1940/2062/761 2390/2702/1258
f 2390/2702/1258 1940/2062/761 1941/2076/771 2393/2703/1259
f 2393/2703/1259 1941/2076/771 1942/2074/769 2396/2706/1260
f 2396/2706/1260 1942/2074/769 1704/2075/770 1955/2691/1254
f 2395/2704/1260 2396/2706/1260 1955/2691/1254 1956/2690/1254
f 2394/2705/1260 2395/2704/1260 1956/2690/1254 1957/2688/1254
f 1981/2712/1263 2394/2705/1260 1957/2688/1254 1711/2687/1253
f 1980/2713/1264 2391/2701/1259 2394/2705/1260 1981/2712/1263
f 1979/2709/1262 2388/2698/1258 2391/2701/1259 1980/2713/1264
f 2397/2714/1265 2398/2715/1265 2401/2716/1266 2400/2717/1266
f 2398/2715/1265 2399/2718/1265 2402/2719/1266 2401/2716/1266
f 2400/2720/1266 2401/2721/1266 2404/2722/1267 2403/2723/1267
f 2401/2721/1266 2402/2724/1266 2405/2725/1267 2404/2722/1267
f 1709/2726/1268 1951/2727/1269 2397/2714/1265 1976/2728/1270
f 1951/2727/1269 1950/2729/1269 2398/2715/1265 2397/2714/1265
f 1950/2729/1269 1949/2730/1269 2399/2718/1265 2398/2715/1265
f 1949/2730/1269 1702/2023/730 1943/2037/741 2399/2718/1265
f 2399/2718/1265 1943/2037/741 1944/2052/751 2402/2719/1266
f 2402/2724/1266 1944/2051/751 1945/2049/749 2405/2725/1267
f 2405/2725/1267 1945/2049/749 1703/2050/750 1952/2711/153
f 2404/2722/1267 2405/2725/1267 1952/2711/153 1953/2710/153
f 2403/2723/1267 2404/2722/1267 1953/2710/153 1954/2708/153
f 1978/2731/1271 2403/2723/1267 1954/2708/153 1710/2707/1261
f 1977/2732/1272 2400/2720/1266 2403/2723/1267 1978/2731/1271
f 1976/2728/1270 2397/2714/1265 2400/2717/1266 1977/2733/1272
f 2406/2734/1273 2407/2735/1273 2410/2736/1274 2409/2737/1274
f 2407/2735/1273 2408/2738/1273 2411/2739/1274 2410/2736/1274
f 2409/2737/1274 2410/2736/1274 2413/2740/1275 2412/2741/1275
f 2410/2736/1274 2411/2739/1274 2414/2742/1275 2413/2740/1275
f 1716/2623/1226 1901/2621/178 2406/2734/1273 1973/2743/1276
f 1901/2621/178 1902/2620/178 2407/2735/1273 2406/2734/1273
f 1902/2620/178 1903/2619/178 2408/2738/1273 2407/2735/1273
f 1903/2619/178 1701/2004/716 1946/2006/718 2408/2738/1273
f 2408/2738/1273 1946/2006/718 1947/2024/731 2411/2739/1274
f 2411/2739/1274 1947/2024/731 1948/2022/729 2414/2742/1275
f 2414/2742/1275 1948/2022/729 1702/2023/730 1949/2730/1269
f 2413/2740/1275 2414/2742/1275 1949/2730/1269 1950/2729/1269
f 2412/2741/1275 2413/2740/1275 1950/2729/1269 1951/2727/1269
f 1975/2744/1277 2412/2741/1275 1951/2727/1269 1709/2726/1268
f 1974/2745/1278 2409/2737/1274 2412/2741/1275 1975/2744/1277
f 1973/2743/1276 2406/2734/1273 2409/2737/1274 1974/2745/1278
f 2415/2746/1279 2416/2747/1280 2419/2748/1281 2418/2749/1282
f 2416/2750/1280 2417/2751/1283 2420/2752/1284 2419/2753/1281
f 2418/2749/1282 2419/2748/1281 2422/2754/1285 2421/2755/1286
f 2419/2753/1281 2420/2752/1284 2423/2756/1287 2422/2757/1285
f 1669/2250/908 1970/2758/1288 2415/2746/1279 1733/2251/909
f 1970/2759/1288 1971/2760/1289 2416/2750/1280 2415/2761/1279
f 1971/2760/1289 1972/2762/1290 2417/2751/1283 2416/2750/1280
f 1972/2762/1290 1716/2623/1226 1973/2743/1276 2417/2751/1283
f 2417/2751/1283 1973/2743/1276 1974/2745/1278 2420/2752/1284
f 2420/2752/1284 1974/2745/1278 1975/2744/1277 2423/2756/1287
f 2423/2756/1287 1975/2744/1277 1709/2726/1268 1742/2763/1291
f 2422/2757/1285 2423/2756/1287 1742/2763/1291 1743/2764/1292
f 2421/2755/1286 2422/2754/1285 1743/2765/1292 1744/2766/1293
f 1735/2257/915 2421/2755/1286 1744/2766/1293 1671/2255/913
f 1734/2253/911 2418/2749/1282 2421/2755/1286 1735/2257/915
f 1733/2251/909 2415/2746/1279 2418/2749/1282 1734/2253/911
f 2424/2767/1294 2425/2768/1295 2428/2769/1296 2427/2770/1297
f 2425/2771/1295 2426/2772/1298 2429/2773/1299 2428/2774/1296
f 2427/2770/1297 2428/2769/1296 2431/2775/1300 2430/2776/1301
f 2428/2777/1296 2429/2778/1299 2432/2779/1302 2431/2780/1300
f 1671/2255/913 1744/2766/1293 2424/2767/1294 1745/2256/914
f 1744/2766/1293 1743/2765/1292 2425/2768/1295 2424/2767/1294
f 1743/2764/1292 1742/2763/1291 2426/2772/1298 2425/2771/1295
f 1742/2763/1291 1709/2726/1268 1976/2728/1270 2426/2772/1298
f 2426/2772/1298 1976/2728/1270 1977/2733/1272 2429/2773/1299
f 2429/2778/1299 1977/2732/1272 1978/2731/1271 2432/2779/1302
f 2432/2779/1302 1978/2731/1271 1710/2707/1261 1751/2781/1303
f 2431/2780/1300 2432/2779/1302 1751/2781/1303 1752/2782/1304
f 2430/2776/1301 2431/2775/1300 1752/2783/1304 1753/2784/1305
f 1747/2261/919 2430/2776/1301 1753/2784/1305 1673/2259/917
f 1746/2258/916 2427/2770/1297 2430/2776/1301 1747/2261/919
f 1745/2256/914 2424/2767/1294 2427/2770/1297 1746/2258/916
f 2433/2785/1306 2434/2786/1307 2437/2787/1308 2436/2788/1309
f 2434/2789/1307 2435/2790/1310 2438/2791/1311 2437/2792/1308
f 2436/2788/1309 2437/2787/1308 2440/2793/1312 2439/2794/1313
f 2437/2792/1308 2438/2791/1311 2441/2795/1314 2440/2796/1312
f 1673/2259/917 1753/2784/1305 2433/2785/1306 1754/2260/918
f 1753/2784/1305 1752/2783/1304 2434/2786/1307 2433/2785/1306
f 1752/2782/1304 1751/2781/1303 2435/2790/1310 2434/2789/1307
f 1751/2781/1303 1710/2707/1261 1979/2709/1262 2435/2790/1310
f 2435/2790/1310 1979/2709/1262 1980/2713/1264 2438/2791/1311
f 2438/2791/1311 1980/2713/1264 1981/2712/1263 2441/2795/1314
f 2441/2795/1314 1981/2712/1263 1711/2687/1253 1760/2797/1315
f 2440/2796/1312 2441/2795/1314 1760/2797/1315 1761/2798/1316
f 2439/2799/1313 2440/2796/1312 1761/2798/1316 1762/2800/1317
f 1756/2265/923 2439/2794/1313 1762/2801/1317 1675/2263/921
f 1755/2262/920 2436/2788/1309 2439/2794/1313 1756/2265/923
f 1754/2260/918 2433/2785/1306 2436/2788/1309 1755/2262/920
f 2442/2802/1318 2443/2803/1319 2446/2804/1320 2445/2805/1321
f 2443/2806/1319 2444/2807/1322 2447/2808/1323 2446/2809/1320
f 2445/2805/1321 2446/2804/1320 2449/2810/1324 2448/2811/1325
f 2446/2809/1320 2447/2808/1323 2450/2812/1326 2449/2813/1324
f 1675/2263/921 1762/2801/1317 2442/2802/1318 1763/2264/922
f 1762/2801/1317 1761/2814/1316 2443/2803/1319 2442/2802/1318
f 1761/2798/1316 1760/2797/1315 2444/2807/1322 2443/2806/1319
f 1760/2797/1315 1711/2687/1253 1982/2689/1255 2444/2807/1322
f 2444/2807/1322 1982/2689/1255 1983/2696/1257 2447/2808/1323
f 2447/2808/1323 1983/2696/1257 1984/2697/1256 2450/2812/1326
f 2450/2815/1326 1984/2695/1256 1712/2671/1246 1769/2816/1327
f 2449/2813/1324 2450/2812/1326 1769/2817/1327 1770/2818/1328
f 2448/2811/1325 2449/2810/1324 1770/2819/1328 1771/2820/1329
f 1765/2269/927 2448/2811/1325 1771/2820/1329 1677/2267/925
f 1764/2266/924 2445/2805/1321 2448/2811/1325 1765/2269/927
f 1763/2264/922 2442/2802/1318 2445/2805/1321 1764/2266/924
f 2451/2821/1330 2452/2822/1331 2455/2823/1332 2454/2824/1333
f 2452/2825/1331 2453/2826/1334 2456/2827/1335 2455/2828/1332
f 2454/2824/1333 2455/2823/1332 2458/2829/1336 2457/2830/1337
f 2455/2828/1332 2456/2827/1335 2459/2831/1338 2458/2832/1336
f 1677/2267/925 1771/2820/1329 2451/2821/1330 1772/2268/926
f 1771/2820/1329 1770/2819/1328 2452/2822/1331 2451/2821/1330
f 1770/2833/1328 1769/2816/1327 2453/2826/1334 2452/2825/1331
f 1769/2816/1327 1712/2671/1246 1985/2673/1247 2453/2826/1334
f 2453/2826/1334 1985/2673/1247 1986/2677/1249 2456/2827/1335
f 2456/2827/1335 1986/2677/1249 1987/2676/1248 2459/2831/1338
f 2459/2831/1338 1987/2676/1248 1713/2651/1238 1778/2834/1339
f 2458/2832/1336 2459/2831/1338 1778/2834/1339 1779/2835/1340
f 2457/2836/1337 2458/2832/1336 1779/2835/1340 1780/2837/1341
f 1774/2273/931 2457/2830/1337 1780/2838/1341 1679/2271/929
f 1773/2270/928 2454/2824/1333 2457/2830/1337 1774/2273/931
f 1772/2268/926 2451/2821/1330 2454/2824/1333 1773/2270/928
f 2460/2839/1342 2461/2840/1343 2464/2841/1344 2463/2842/1345
f 2461/2843/1343 2462/2844/1346 2465/2845/1347 2464/2846/1344
f 2463/2842/1345 2464/2841/1344 2467/2847/1348 2466/2848/1349
f 2464/2846/1344 2465/2845/1347 2468/2849/1350 2467/2850/1348
f 1679/2271/929 1780/2838/1341 2460/2839/1342 1781/2272/930
f 1780/2838/1341 1779/2851/1340 2461/2840/1343 2460/2839/1342
f 1779/2835/1340 1778/2834/1339 2462/2844/1346 2461/2843/1343
f 1778/2834/1339 1713/2651/1238 1988/2653/1240 2462/2844/1346
f 2462/2844/1346 1988/2653/1240 1989/2660/1242 2465/2845/1347
f 2465/2845/1347 1989/2660/1242 1990/2661/1241 2468/2849/1350
f 2468/2852/1350 1990/2659/1241 1714/2635/1231 1787/2853/1351
f 2467/2854/1348 2468/2852/1350 1787/2853/1351 1788/2855/1352
f 2466/2848/1349 2467/2847/1348 1788/2856/1352 1789/2857/1353
f 1783/2277/935 2466/2848/1349 1789/2857/1353 1681/2275/933
f 1782/2274/932 2463/2842/1345 2466/2848/1349 1783/2277/935
f 1781/2272/930 2460/2839/1342 2463/2842/1345 1782/2274/932
f 2469/2858/1354 2470/2859/1355 2473/2860/1356 2472/2861/1357
f 2470/2862/1355 2471/2863/1358 2474/2864/1359 2473/2865/1356
f 2472/2861/1357 2473/2860/1356 2476/2866/1360 2475/2867/1361
f 2473/2865/1356 2474/2864/1359 2477/2868/1362 2476/2869/1360
f 1681/2275/933 1789/2857/1353 2469/2858/1354 1790/2276/934
f 1789/2857/1353 1788/2856/1352 2470/2859/1355 2469/2858/1354
f 1788/2855/1352 1787/2853/1351 2471/2863/1358 2470/2862/1355
f 1787/2853/1351 1714/2635/1231 1991/2637/1232 2471/2863/1358
f 2471/2863/1358 1991/2637/1232 1992/2641/1234 2474/2864/1359
f 2474/2864/1359 1992/2641/1234 1993/2640/1233 2477/2868/1362
f 2477/2868/1362 1993/2640/1233 1715/2614/1222 1796/2870/1363
f 2476/2869/1360 2477/2868/1362 1796/2870/1363 1797/2871/1364
f 2475/2867/1361 2476/2866/1360 1797/2872/1364 1798/2873/1365
f 1792/2281/939 2475/2867/1361 1798/2873/1365 1683/2279/937
f 1791/2278/936 2472/2861/1357 2475/2867/1361 1792/2281/939
f 1790/2276/934 2469/2858/1354 2472/2861/1357 1791/2278/936
f 2478/2874/1366 2479/2875/1367 2482/2876/1368 2481/2877/1369
f 2479/2878/1367 2480/2879/1370 2483/2880/1371 2482/2881/1368
f 2481/2877/1369 2482/2876/1368 2485/2882/1372 2484/2883/1373
f 2482/2881/1368 2483/2880/1371 2486/2884/1374 2485/2885/1372
f 1683/2279/937 1798/2873/1365 2478/2874/1366 1799/2280/938
f 1798/2873/1365 1797/2872/1364 2479/2875/1367 2478/2874/1366
f 1797/2871/1364 1796/2870/1363 2480/2886/1370 2479/2887/1367
f 1796/2870/1363 1715/2614/1222 1994/2616/1224 2480/2886/1370
f 2480/2886/1370 1994/2616/1224 1995/2625/1227 2483/2888/1371
f 2483/2880/1371 1995/2624/1227 1996/2622/1225 2486/2884/1374
f 2486/2884/1374 1996/2622/1225 1716/2623/1226 1972/2762/1290
f 2485/2885/1372 2486/2884/1374 1972/2762/1290 1971/2760/1289
f 2484/2883/1373 2485/2882/1372 1971/2889/1289 1970/2758/1288
f 1801/2252/910 2484/2883/1373 1970/2758/1288 1669/2250/908
f 1800/2254/912 2481/2877/1369 2484/2883/1373 1801/2252/910
f 1799/2280/938 2478/2874/1366 2481/2877/1369 1800/2254/912
usemtl Plasticine.002
f 2147/2157/832 2148/2158/833 2151/2159/834 2150/2160/835
f 2148/2158/833 2149/2161/836 2152/2162/837 2151/2159/834
f 2150/2163/835 2151/2164/834 2154/2165/838 2153/2166/839
f 2151/2164/834 2152/2167/837 2155/2168/840 2154/2165/838
f 1729/2169/841 2092/2170/842 2147/2157/832 2059/2171/843
f 2092/2170/842 2091/2172/844 2148/2158/833 2147/2157/832
f 2091/2172/844 2090/2173/845 2149/2161/836 2148/2158/833
f 2090/2173/845 1725/2174/846 1877/2175/847 2149/2161/836
f 2149/2161/836 1877/2175/847 1878/2176/848 2152/2162/837
f 2152/2167/837 1878/2177/848 1879/2178/849 2155/2168/840
f 2155/2168/840 1879/2178/849 1695/2179/850 1861/2180/851
f 2154/2165/838 2155/2168/840 1861/2180/851 1860/2181/852
f 2153/2166/839 2154/2165/838 1860/2181/852 1859/2182/853
f 2057/2183/854 2153/2166/839 1859/2182/853 1696/2184/855
f 2058/2185/856 2150/2163/835 2153/2166/839 2057/2183/854
f 2059/2171/843 2147/2157/832 2150/2160/835 2058/2186/856
f 2191/2282/940 2192/2283/941 2195/2284/942 2194/2285/943
f 2192/2283/941 2193/2286/944 2196/2287/945 2195/2284/942
f 1670/2291/949 1807/2292/950 2191/2282/940 1831/2293/951
f 1807/2292/950 1806/2294/952 2192/2283/941 2191/2282/940
f 1806/2294/952 1805/2295/953 2193/2286/944 2192/2283/941
f 1805/2295/953 1672/2296/954 1832/2297/955 2193/2286/944
f 2193/2286/944 1832/2297/955 1833/2298/956 2196/2287/945
f 1831/2293/951 2191/2282/940 2194/2285/943 1830/2301/959
f 2200/2302/960 2201/2303/961 2204/2304/962 2203/2305/963
f 2201/2303/961 2202/2306/964 2205/2307/965 2204/2304/962
f 1672/2296/954 1810/2311/969 2200/2302/960 1832/2297/955
f 1810/2311/969 1809/2312/970 2201/2303/961 2200/2302/960
f 1809/2312/970 1808/2313/971 2202/2306/964 2201/2303/961
f 1808/2313/971 1674/2314/972 1835/2315/973 2202/2306/964
f 2202/2306/964 1835/2315/973 1836/2316/974 2205/2307/965
f 1832/2297/955 2200/2302/960 2203/2305/963 1833/2298/956
f 2209/2318/976 2210/2319/977 2213/2320/978 2212/2321/979
f 2210/2319/977 2211/2322/980 2214/2323/981 2213/2320/978
f 1674/2314/972 1813/2327/985 2209/2318/976 1835/2315/973
f 1813/2327/985 1812/2328/986 2210/2319/977 2209/2318/976
f 1812/2328/986 1811/2329/987 2211/2322/980 2210/2319/977
f 1811/2329/987 1676/2330/988 1838/2331/989 2211/2322/980
f 2211/2322/980 1838/2331/989 1839/2332/990 2214/2323/981
f 1835/2315/973 2209/2318/976 2212/2321/979 1836/2316/974
f 2218/2334/992 2219/2335/993 2222/2336/994 2221/2337/995
f 2219/2335/993 2220/2338/996 2223/2339/997 2222/2336/994
f 1676/2330/988 1816/2343/1001 2218/2334/992 1838/2331/989
f 1816/2343/1001 1815/2344/1002 2219/2335/993 2218/2334/992
f 1815/2344/1002 1814/2345/1003 2220/2338/996 2219/2335/993
f 1814/2345/1003 1678/2346/1004 1841/2347/1005 2220/2338/996
f 2220/2338/996 1841/2347/1005 1842/2348/1006 2223/2339/997
f 1838/2331/989 2218/2334/992 2221/2337/995 1839/2332/990
f 2227/2350/1008 2228/2351/1009 2231/2352/1010 2230/2353/1011
f 2228/2351/1009 2229/2354/1012 2232/2355/1013 2231/2352/1010
f 1678/2346/1004 1819/2359/1017 2227/2350/1008 1841/2347/1005
f 1819/2359/1017 1818/2360/1018 2228/2351/1009 2227/2350/1008
f 1818/2360/1018 1817/2361/1019 2229/2354/1012 2228/2351/1009
f 1817/2361/1019 1680/2362/1020 1844/2363/1021 2229/2354/1012
f 2229/2354/1012 1844/2363/1021 1845/2364/1022 2232/2355/1013
f 1841/2347/1005 2227/2350/1008 2230/2353/1011 1842/2348/1006
f 2236/2366/1024 2237/2367/1025 2240/2368/1026 2239/2369/1027
f 2237/2367/1025 2238/2370/1028 2241/2371/1029 2240/2368/1026
f 1680/2362/1020 1822/2375/1033 2236/2366/1024 1844/2363/1021
f 1822/2375/1033 1821/2376/1034 2237/2367/1025 2236/2366/1024
f 1821/2376/1034 1820/2377/1035 2238/2370/1028 2237/2367/1025
f 1820/2377/1035 1682/2378/1036 1847/2379/1037 2238/2370/1028
f 2238/2370/1028 1847/2379/1037 1848/2380/1038 2241/2371/1029
f 1844/2363/1021 2236/2366/1024 2239/2369/1027 1845/2364/1022
f 2245/2382/1040 2246/2383/1041 2249/2384/1042 2248/2385/1043
f 2246/2383/1041 2247/2386/1044 2250/2387/1045 2249/2384/1042
f 1682/2378/1036 1825/2391/1049 2245/2382/1040 1847/2379/1037
f 1825/2391/1049 1824/2392/1050 2246/2383/1041 2245/2382/1040
f 1824/2392/1050 1823/2393/1051 2247/2386/1044 2246/2383/1041
f 1823/2393/1051 1684/2394/1052 1850/2395/1053 2247/2386/1044
f 2247/2386/1044 1850/2395/1053 1851/2396/1054 2250/2387/1045
f 1847/2379/1037 2245/2382/1040 2248/2385/1043 1848/2380/1038
f 2254/2398/1056 2255/2399/1057 2258/2400/1058 2257/2401/1059
f 2255/2399/1057 2256/2402/1060 2259/2403/1061 2258/2400/1058
f 1684/2394/1052 1828/2407/1065 2254/2398/1056 1850/2395/1053
f 1828/2407/1065 1827/2408/1066 2255/2399/1057 2254/2398/1056
f 1827/2408/1066 1826/2409/1067 2256/2402/1060 2255/2399/1057
f 1826/2409/1067 1670/2291/949 1831/2293/951 2256/2402/1060
f 2256/2402/1060 1831/2293/951 1830/2301/959 2259/2403/1061
f 1850/2395/1053 2254/2398/1056 2257/2401/1059 1851/2396/1054
f 2264/2410/1068 2265/2411/1069 2263/2412/106 2279/2413/1070
f 2266/2414/1071 2267/2415/1072 2263/2412/106 2265/2411/1069
f 2268/2416/1073 2269/2417/1074 2263/2412/106 2267/2415/1072
f 2270/2418/1075 2271/2419/1076 2263/2412/106 2269/2417/1074
f 2272/2420/1077 2273/2421/1078 2263/2412/106 2271/2419/1076
f 2274/2422/1079 2275/2423/1080 2263/2412/106 2273/2421/1078
f 2276/2424/1081 2277/2425/1082 2263/2412/106 2275/2423/1080
f 2278/2426/1083 2279/2413/1070 2263/2412/106 2277/2425/1082
f 1693/2427/1084 1853/2428/1085 2264/2410/1068 1858/2429/1086
f 1853/2428/1085 1854/2430/1087 2265/2411/1069 2264/2410/1068
f 1858/2429/1086 2264/2410/1068 2279/2413/1070 1857/2431/1088
f 1694/2432/1089 1874/2433/1090 2266/2414/1071 1855/2434/1091
f 1874/2433/1090 1875/2435/1092 2267/2415/1072 2266/2414/1071
f 1855/2434/1091 2266/2414/1071 2265/2411/1069 1854/2430/1087
f 1700/2436/1093 1871/2437/1094 2268/2416/1073 1876/2438/1095
f 1871/2437/1094 1872/2439/1096 2269/2417/1074 2268/2416/1073
f 1876/2438/1095 2268/2416/1073 2267/2415/1072 1875/2435/1092
f 1699/2440/1097 1868/2441/1098 2270/2418/1075 1873/2442/1099
f 1868/2441/1098 1869/2443/1100 2271/2419/1076 2270/2418/1075
f 1873/2442/1099 2270/2418/1075 2269/2417/1074 1872/2439/1096
f 1698/2444/1101 1865/2445/1102 2272/2420/1077 1870/2446/1103
f 1865/2445/1102 1866/2447/1104 2273/2421/1078 2272/2420/1077
f 1870/2446/1103 2272/2420/1077 2271/2419/1076 1869/2443/1100
f 1697/2448/1105 1862/2449/1106 2274/2422/1079 1867/2450/1107
f 1862/2449/1106 1863/2451/1108 2275/2423/1080 2274/2422/1079
f 1867/2450/1107 2274/2422/1079 2273/2421/1078 1866/2447/1104
f 1696/2184/855 1859/2182/853 2276/2424/1081 1864/2452/1109
f 1859/2182/853 1860/2181/852 2277/2425/1082 2276/2424/1081
f 1864/2452/1109 2276/2424/1081 2275/2423/1080 1863/2451/1108
f 1695/2179/850 1856/2453/1110 2278/2426/1083 1861/2180/851
f 1856/2453/1110 1857/2431/1088 2279/2413/1070 2278/2426/1083
f 1861/2180/851 2278/2426/1083 2277/2425/1082 1860/2181/852
f 2280/2454/1111 2281/2455/1112 2284/2456/1113 2283/2457/1114
f 2281/2455/1112 2282/2458/1115 2285/2459/1116 2284/2456/1113
f 2283/2460/1114 2284/2461/1113 2287/2462/1117 2286/2463/1118
f 2284/2461/1113 2285/2464/1116 2288/2465/1119 2287/2462/1117
f 1730/2466/1120 2089/2467/1121 2280/2454/1111 2062/2468/1122
f 2089/2467/1121 2088/2469/1123 2281/2455/1112 2280/2454/1111
f 2088/2469/1123 2087/2470/1124 2282/2458/1115 2281/2455/1112
f 2087/2470/1124 1726/2471/1125 1883/2472/1126 2282/2458/1115
f 2282/2458/1115 1883/2472/1126 1884/2473/1127 2285/2459/1116
f 2285/2464/1116 1884/2474/1127 1885/2475/1128 2288/2465/1119
f 2288/2465/1119 1885/2475/1128 1694/2432/1089 1855/2434/1091
f 2287/2462/1117 2288/2465/1119 1855/2434/1091 1854/2430/1087
f 2286/2463/1118 2287/2462/1117 1854/2430/1087 1853/2428/1085
f 2060/2476/1129 2286/2463/1118 1853/2428/1085 1693/2427/1084
f 2061/2477/1130 2283/2460/1114 2286/2463/1118 2060/2476/1129
f 2062/2468/1122 2280/2454/1111 2283/2457/1114 2061/2478/1130
f 2289/2479/1131 2290/2480/1132 2293/2481/1133 2292/2482/1134
f 2290/2483/1132 2291/2484/1135 2294/2485/1136 2293/2486/1133
f 2292/2487/1134 2293/2488/1133 2296/2489/1137 2295/2490/1138
f 2293/2488/1133 2294/2491/1136 2297/2492/1139 2296/2489/1137
f 1726/2471/1125 2086/2493/1140 2289/2479/1131 1883/2472/1126
f 2086/2493/1140 2085/2494/1141 2290/2480/1132 2289/2479/1131
f 2085/2495/1141 2084/2496/1142 2291/2484/1135 2290/2483/1132
f 2084/2496/1142 1727/2497/1143 1889/2498/1144 2291/2484/1135
f 2291/2484/1135 1889/2498/1144 1890/2499/1145 2294/2485/1136
f 2294/2491/1136 1890/2500/1145 1891/2501/1146 2297/2492/1139
f 2297/2492/1139 1891/2501/1146 1700/2436/1093 1876/2438/1095
f 2296/2489/1137 2297/2492/1139 1876/2438/1095 1875/2435/1092
f 2295/2490/1138 2296/2489/1137 1875/2435/1092 1874/2433/1090
f 1885/2475/1128 2295/2490/1138 1874/2433/1090 1694/2432/1089
f 1884/2474/1127 2292/2487/1134 2295/2490/1138 1885/2475/1128
f 1883/2472/1126 2289/2479/1131 2292/2482/1134 1884/2473/1127
f 2298/2502/1147 2299/2503/1148 2302/2504/1149 2301/2505/1150
f 2299/2503/1148 2300/2506/1151 2303/2507/1152 2302/2504/1149
f 2301/2508/1150 2302/2509/1149 2305/2510/1153 2304/2511/1154
f 2302/2509/1149 2303/2512/1152 2306/2513/1155 2305/2510/1153
f 1731/2514/1156 2083/2515/1157 2298/2516/1147 2065/2517/1158
f 2083/2518/1157 2082/2519/1159 2299/2503/1148 2298/2502/1147
f 2082/2519/1159 2081/2520/1160 2300/2506/1151 2299/2503/1148
f 2081/2520/1160 1728/2521/1161 1892/2522/1162 2300/2506/1151
f 2300/2506/1151 1892/2522/1162 1893/2523/1163 2303/2507/1152
f 2303/2512/1152 1893/2524/1163 1894/2525/1164 2306/2513/1155
f 2306/2513/1155 1894/2525/1164 1698/2444/1101 1870/2446/1103
f 2305/2510/1153 2306/2513/1155 1870/2446/1103 1869/2443/1100
f 2304/2511/1154 2305/2510/1153 1869/2443/1100 1868/2441/1098
f 2063/2526/1165 2304/2511/1154 1868/2441/1098 1699/2440/1097
f 2064/2527/1166 2301/2508/1150 2304/2511/1154 2063/2526/1165
f 2065/2517/1158 2298/2516/1147 2301/2528/1150 2064/2529/1166
f 2307/2530/1167 2308/2531/1168 2311/2532/1169 2310/2533/1170
f 2308/2531/1168 2309/2534/1171 2312/2535/1172 2311/2532/1169
f 2310/2536/1170 2311/2537/1169 2314/2538/1173 2313/2539/1174
f 2311/2537/1169 2312/2540/1172 2315/2541/1175 2314/2538/1173
f 1732/2542/1176 2080/2543/1177 2307/2544/1167 2068/2545/1178
f 2080/2546/1177 2079/2547/1179 2308/2531/1168 2307/2530/1167
f 2079/2547/1179 2078/2548/1180 2309/2534/1171 2308/2531/1168
f 2078/2548/1180 1729/2169/841 2059/2171/843 2309/2534/1171
f 2309/2534/1171 2059/2171/843 2058/2186/856 2312/2535/1172
f 2312/2540/1172 2058/2185/856 2057/2183/854 2315/2541/1175
f 2315/2541/1175 2057/2183/854 1696/2184/855 1864/2452/1109
f 2314/2538/1173 2315/2541/1175 1864/2452/1109 1863/2451/1108
f 2313/2539/1174 2314/2538/1173 1863/2451/1108 1862/2449/1106
f 2066/2549/1181 2313/2539/1174 1862/2449/1106 1697/2448/1105
f 2067/2550/1182 2310/2536/1170 2313/2539/1174 2066/2549/1181
f 2068/2551/1178 2307/2530/1167 2310/2533/1170 2067/2552/1182
f 2316/2553/1183 2317/2554/1184 2320/2555/1185 2319/2556/1186
f 2317/2557/1184 2318/2558/1187 2321/2559/1188 2320/2560/1185
f 2319/2561/1186 2320/2562/1185 2323/2563/1189 2322/2564/1190
f 2320/2562/1185 2321/2565/1188 2324/2566/1191 2323/2563/1189
f 1725/2174/846 2077/2567/1192 2316/2553/1183 1877/2175/847
f 2077/2567/1192 2076/2568/1193 2317/2554/1184 2316/2553/1183
f 2076/2569/1193 2075/2570/1194 2318/2558/1187 2317/2557/1184
f 2075/2570/1194 1730/2466/1120 2062/2468/1122 2318/2558/1187
f 2318/2558/1187 2062/2468/1122 2061/2478/1130 2321/2559/1188
f 2321/2565/1188 2061/2477/1130 2060/2476/1129 2324/2566/1191
f 2324/2566/1191 2060/2476/1129 1693/2427/1084 1858/2429/1086
f 2323/2563/1189 2324/2566/1191 1858/2429/1086 1857/2431/1088
f 2322/2564/1190 2323/2563/1189 1857/2431/1088 1856/2453/1110
f 1879/2178/849 2322/2564/1190 1856/2453/1110 1695/2179/850
f 1878/2177/848 2319/2561/1186 2322/2564/1190 1879/2178/849
f 1877/2175/847 2316/2553/1183 2319/2556/1186 1878/2176/848
f 2325/2571/1195 2326/2572/1196 2329/2573/1197 2328/2574/1198
f 2326/2572/1196 2327/2575/1199 2330/2576/1200 2329/2573/1197
f 2328/2577/1198 2329/2578/1197 2332/2579/1201 2331/2580/1202
f 2329/2578/1197 2330/2581/1200 2333/2582/1203 2332/2579/1201
f 1727/2497/1143 2074/2583/1204 2325/2571/1195 1889/2498/1144
f 2074/2583/1204 2073/2584/1205 2326/2572/1196 2325/2571/1195
f 2073/2584/1205 2072/2585/1206 2327/2575/1199 2326/2572/1196
f 2072/2585/1206 1731/2514/1156 2065/2517/1158 2327/2575/1199
f 2327/2575/1199 2065/2517/1158 2064/2529/1166 2330/2576/1200
f 2330/2581/1200 2064/2527/1166 2063/2526/1165 2333/2582/1203
f 2333/2582/1203 2063/2526/1165 1699/2440/1097 1873/2442/1099
f 2332/2579/1201 2333/2582/1203 1873/2442/1099 1872/2439/1096
f 2331/2580/1202 2332/2579/1201 1872/2439/1096 1871/2437/1094
f 1891/2501/1146 2331/2580/1202 1871/2437/1094 1700/2436/1093
f 1890/2500/1145 2328/2577/1198 2331/2580/1202 1891/2501/1146
f 1889/2498/1144 2325/2571/1195 2328/2574/1198 1890/2499/1145
f 2334/2586/1207 2335/2587/1208 2338/2588/1209 2337/2589/1210
f 2335/2587/1208 2336/2590/1211 2339/2591/1212 2338/2588/1209
f 2337/2592/1210 2338/2593/1209 2341/2594/1213 2340/2595/1214
f 2338/2593/1209 2339/2596/1212 2342/2597/1215 2341/2594/1213
f 1728/2521/1161 2071/2598/1216 2334/2586/1207 1892/2522/1162
f 2071/2598/1216 2070/2599/1217 2335/2587/1208 2334/2586/1207
f 2070/2599/1217 2069/2600/1218 2336/2590/1211 2335/2587/1208
f 2069/2600/1218 1732/2542/1176 2068/2545/1178 2336/2590/1211
f 2336/2590/1211 2068/2545/1178 2067/2601/1182 2339/2591/1212
f 2339/2596/1212 2067/2550/1182 2066/2549/1181 2342/2597/1215
f 2342/2597/1215 2066/2549/1181 1697/2448/1105 1867/2450/1107
f 2341/2594/1213 2342/2597/1215 1867/2450/1107 1866/2447/1104
f 2340/2595/1214 2341/2594/1213 1866/2447/1104 1865/2445/1102
f 1894/2525/1164 2340/2595/1214 1865/2445/1102 1698/2444/1101
f 1893/2524/1163 2337/2592/1210 2340/2595/1214 1894/2525/1164
f 1892/2522/1162 2334/2586/1207 2337/2589/1210 1893/2523/1163
f 2487/2890/1375 2488/2891/1376 2491/2892/1377 2490/2893/1378
f 2488/2891/1376 2489/2894/1379 2492/2895/1380 2491/2892/1377
f 2490/2893/1378 2491/2892/1377 2494/2896/1381 2493/2897/1382
f 2491/2892/1377 2492/2895/1380 2495/2898/1383 2494/2896/1381
f 1680/2362/1020 1817/2361/1019 2487/2899/1375 2012/2900/1384
f 1817/2361/1019 1818/2360/1018 2488/2901/1376 2487/2899/1375
f 1818/2360/1018 1819/2359/1017 2489/2902/1379 2488/2901/1376
f 1819/2359/1017 1678/2346/1004 1900/2903/1385 2489/2902/1379
f 2489/2894/1379 1900/2904/1385 1899/2905/1386 2492/2895/1380
f 2492/2895/1380 1899/2905/1386 1898/2906/1387 2495/2898/1383
f 2495/2898/1383 1898/2906/1387 1724/2907/1388 2021/2908/1389
f 2494/2896/1381 2495/2898/1383 2021/2908/1389 2022/2909/1390
f 2493/2897/1382 2494/2896/1381 2022/2909/1390 2023/2910/1391
f 2014/2911/1392 2493/2897/1382 2023/2910/1391 1722/2912/1393
f 2013/2913/1394 2490/2893/1378 2493/2897/1382 2014/2911/1392
f 2012/2914/1384 2487/2890/1375 2490/2893/1378 2013/2913/1394
f 2496/2915/1395 2497/2916/1396 2500/2917/1397 2499/2918/1398
f 2497/2916/1396 2498/2919/1399 2501/2920/1400 2500/2917/1397
f 2499/2918/1398 2500/2917/1397 2503/2921/1401 2502/2922/1402
f 2500/2917/1397 2501/2920/1400 2504/2923/1403 2503/2921/1401
f 1684/2394/1052 1823/2393/1051 2496/2924/1395 2009/2925/1404
f 1823/2393/1051 1824/2392/1050 2497/2926/1396 2496/2924/1395
f 1824/2392/1050 1825/2391/1049 2498/2927/1399 2497/2926/1396
f 1825/2391/1049 1682/2378/1036 1897/2928/1405 2498/2927/1399
f 2498/2919/1399 1897/2929/1405 1896/2930/1406 2501/2920/1400
f 2501/2920/1400 1896/2930/1406 1895/2931/1407 2504/2923/1403
f 2504/2923/1403 1895/2931/1407 1723/2932/1408 2024/2933/1409
f 2503/2921/1401 2504/2923/1403 2024/2933/1409 2025/2934/1410
f 2502/2922/1402 2503/2921/1401 2025/2934/1410 2026/2935/1411
f 2011/2936/1412 2502/2922/1402 2026/2935/1411 1721/2937/1413
f 2010/2938/1414 2499/2918/1398 2502/2922/1402 2011/2936/1412
f 2009/2939/1404 2496/2915/1395 2499/2918/1398 2010/2938/1414
f 2505/2940/1415 2506/2941/1416 2509/2942/1417 2508/2943/1418
f 2506/2944/1416 2507/2945/1419 2510/2946/1420 2509/2947/1417
f 2508/2943/1418 2509/2942/1417 2512/2948/1421 2511/2949/1422
f 2509/2947/1417 2510/2946/1420 2513/2950/1423 2512/2951/1421
f 1674/2314/972 1808/2313/971 2505/2952/1415 1997/2953/1424
f 1808/2313/971 1809/2312/970 2506/2954/1416 2505/2952/1415
f 1809/2312/970 1810/2311/969 2507/2955/1419 2506/2954/1416
f 1810/2311/969 1672/2296/954 1888/2956/1425 2507/2955/1419
f 2507/2945/1419 1888/2957/1425 1887/2958/1426 2510/2946/1420
f 2510/2946/1420 1887/2958/1426 1886/2959/1427 2513/2950/1423
f 2513/2950/1423 1886/2959/1427 1720/2960/1428 2027/2961/1429
f 2512/2951/1421 2513/2950/1423 2027/2961/1429 2028/2962/1430
f 2511/2949/1422 2512/2948/1421 2028/2963/1430 2029/2964/1431
f 1999/2965/1432 2511/2949/1422 2029/2964/1431 1717/2966/1433
f 1998/2967/1434 2508/2943/1418 2511/2949/1422 1999/2965/1432
f 1997/2968/1424 2505/2940/1415 2508/2943/1418 1998/2967/1434
f 2514/2969/1435 2515/2970/1436 2518/2971/1437 2517/2972/1438
f 2515/2970/1436 2516/2973/1439 2519/2974/1440 2518/2971/1437
f 2517/2972/1438 2518/2971/1437 2521/2975/1441 2520/2976/1442
f 2518/2971/1437 2519/2974/1440 2522/2977/1443 2521/2975/1441
f 1678/2346/1004 1814/2345/1003 2514/2978/1435 1900/2903/1385
f 1814/2345/1003 1815/2344/1002 2515/2979/1436 2514/2978/1435
f 1815/2344/1002 1816/2343/1001 2516/2980/1439 2515/2979/1436
f 1816/2343/1001 1676/2330/988 1882/2981/1444 2516/2980/1439
f 2516/2973/1439 1882/2982/1444 1881/2983/1445 2519/2974/1440
f 2519/2974/1440 1881/2983/1445 1880/2984/1446 2522/2977/1443
f 2522/2977/1443 1880/2984/1446 1718/2985/1447 2030/2986/1448
f 2521/2975/1441 2522/2977/1443 2030/2986/1448 2031/2987/1449
f 2520/2976/1442 2521/2975/1441 2031/2987/1449 2032/2988/1450
f 1898/2906/1387 2520/2989/1442 2032/2990/1450 1724/2907/1388
f 1899/2905/1386 2517/2991/1438 2520/2989/1442 1898/2906/1387
f 1900/2904/1385 2514/2992/1435 2517/2991/1438 1899/2905/1386
f 2523/2993/1451 2524/2994/1452 2527/2995/1453 2526/2996/1454
f 2524/2994/1452 2525/2997/1455 2528/2998/1456 2527/2995/1453
f 2526/2996/1454 2527/2995/1453 2530/2999/1457 2529/3000/1458
f 2527/2995/1453 2528/2998/1456 2531/3001/1459 2530/2999/1457
f 1682/2378/1036 1820/2377/1035 2523/3002/1451 1897/2928/1405
f 1820/2377/1035 1821/2376/1034 2524/3003/1452 2523/3002/1451
f 1821/2376/1034 1822/2375/1033 2525/3004/1455 2524/3003/1452
f 1822/2375/1033 1680/2362/1020 2012/2900/1384 2525/3004/1455
f 2525/2997/1455 2012/2914/1384 2013/2913/1394 2528/2998/1456
f 2528/2998/1456 2013/2913/1394 2014/2911/1392 2531/3001/1459
f 2531/3001/1459 2014/2911/1392 1722/2912/1393 2033/3005/1460
f 2530/2999/1457 2531/3001/1459 2033/3005/1460 2034/3006/1461
f 2529/3000/1458 2530/2999/1457 2034/3006/1461 2035/3007/1462
f 1895/2931/1407 2529/3008/1458 2035/3009/1462 1723/2932/1408
f 1896/2930/1406 2526/3010/1454 2529/3008/1458 1895/2931/1407
f 1897/2929/1405 2523/3011/1451 2526/3010/1454 1896/2930/1406
f 2532/3012/1463 2533/3013/1464 2536/3014/1465 2535/3015/1466
f 2533/3016/1464 2534/3017/1467 2537/3018/1468 2536/3019/1465
f 2535/3015/1466 2536/3014/1465 2539/3020/1469 2538/3021/1470
f 2536/3019/1465 2537/3018/1468 2540/3022/1471 2539/3023/1469
f 1670/2291/949 1826/2409/1067 2532/3024/1463 2003/3025/1472
f 1826/2409/1067 1827/2408/1066 2533/3026/1464 2532/3024/1463
f 1827/2408/1066 1828/2407/1065 2534/3027/1467 2533/3026/1464
f 1828/2407/1065 1684/2394/1052 2009/2925/1404 2534/3027/1467
f 2534/3017/1467 2009/2939/1404 2010/2938/1414 2537/3018/1468
f 2537/3018/1468 2010/2938/1414 2011/2936/1412 2540/3022/1471
f 2540/3022/1471 2011/2936/1412 1721/2937/1413 2036/3028/1473
f 2539/3023/1469 2540/3022/1471 2036/3028/1473 2037/3029/1474
f 2538/3021/1470 2539/3020/1469 2037/3030/1474 2038/3031/1475
f 2005/3032/1476 2538/3021/1470 2038/3031/1475 1719/3033/1477
f 2004/3034/1478 2535/3015/1466 2538/3021/1470 2005/3032/1476
f 2003/3035/1472 2532/3012/1463 2535/3015/1466 2004/3034/1478
f 2541/3036/1479 2542/3037/1480 2545/3038/1481 2544/3039/1482
f 2542/3037/1480 2543/3040/1483 2546/3041/1484 2545/3038/1481
f 2544/3039/1482 2545/3038/1481 2548/3042/1485 2547/3043/1486
f 2545/3038/1481 2546/3041/1484 2549/3044/1487 2548/3042/1485
f 1672/2296/954 1805/2295/953 2541/3045/1479 1888/2956/1425
f 1805/2295/953 1806/2294/952 2542/3046/1480 2541/3045/1479
f 1806/2294/952 1807/2292/950 2543/3047/1483 2542/3046/1480
f 1807/2292/950 1670/2291/949 2003/3025/1472 2543/3047/1483
f 2543/3040/1483 2003/3035/1472 2004/3034/1478 2546/3041/1484
f 2546/3041/1484 2004/3034/1478 2005/3032/1476 2549/3044/1487
f 2549/3044/1487 2005/3032/1476 1719/3033/1477 2039/3048/1488
f 2548/3042/1485 2549/3044/1487 2039/3048/1488 2040/3049/1489
f 2547/3043/1486 2548/3042/1485 2040/3049/1489 2041/3050/1490
f 1886/2959/1427 2547/3043/1486 2041/3050/1490 1720/2960/1428
f 1887/2958/1426 2544/3039/1482 2547/3043/1486 1886/2959/1427
f 1888/2957/1425 2541/3036/1479 2544/3039/1482 1887/2958/1426
f 2550/3051/1491 2551/3052/1492 2554/3053/1493 2553/3054/1494
f 2551/3052/1492 2552/3055/1495 2555/3056/1496 2554/3053/1493
f 2553/3054/1494 2554/3053/1493 2557/3057/1497 2556/3058/1498
f 2554/3053/1493 2555/3056/1496 2558/3059/1499 2557/3057/1497
f 1676/2330/988 1811/2329/987 2550/3060/1491 1882/2981/1444
f 1811/2329/987 1812/2328/986 2551/3061/1492 2550/3060/1491
f 1812/2328/986 1813/2327/985 2552/3062/1495 2551/3061/1492
f 1813/2327/985 1674/2314/972 1997/2953/1424 2552/3062/1495
f 2552/3055/1495 1997/2968/1424 1998/2967/1434 2555/3056/1496
f 2555/3056/1496 1998/2967/1434 1999/2965/1432 2558/3059/1499
f 2558/3059/1499 1999/2965/1432 1717/2966/1433 2042/3063/1500
f 2557/3057/1497 2558/3059/1499 2042/3063/1500 2043/3064/1501
f 2556/3058/1498 2557/3057/1497 2043/3064/1501 2044/3065/1502
f 1880/2984/1446 2556/3058/1498 2044/3065/1502 1718/2985/1447
f 1881/2983/1445 2553/3054/1494 2556/3058/1498 1880/2984/1446
f 1882/2982/1444 2550/3051/1491 2553/3054/1494 1881/2983/1445
f 2559/3066/1245 2560/3067/1244 2563/3068/1244 2562/3069/1245
f 2560/3067/1244 2561/3070/1243 2564/3071/1243 2563/3068/1244
f 2562/3069/1245 2563/3068/1244 2566/3072/1244 2565/3073/1245
f 2563/3068/1244 2564/3071/1243 2567/3074/1243 2566/3072/1244
f 1722/2912/1393 2023/2910/1391 2559/3066/1245 2054/3075/1239
f 2023/2910/1391 2022/2909/1390 2560/3067/1244 2559/3066/1245
f 2022/2909/1390 2021/2908/1389 2561/3070/1243 2560/3067/1244
f 2021/2908/1389 1724/2907/1388 2020/3076/58 2561/3070/1243
f 2561/3070/1243 2020/3076/58 2019/3077/58 2564/3071/1243
f 2564/3071/1243 2019/3077/58 2018/3078/58 2567/3074/1243
f 2567/3074/1243 2018/3078/58 1732/2542/1176 2069/2600/1218
f 2566/3072/1244 2567/3074/1243 2069/2600/1218 2070/2599/1217
f 2565/3073/1245 2566/3072/1244 2070/2599/1217 2071/2598/1216
f 2056/3079/1239 2565/3073/1245 2071/2598/1216 1728/2521/1161
f 2055/3080/1239 2562/3069/1245 2565/3073/1245 2056/3079/1239
f 2054/3075/1239 2559/3066/1245 2562/3069/1245 2055/3080/1239
f 2568/3081/1230 2569/3082/1229 2572/3083/1229 2571/3084/1230
f 2569/3082/1229 2570/3085/1228 2573/3086/1228 2572/3083/1229
f 2571/3084/1230 2572/3083/1229 2575/3087/1229 2574/3088/1230
f 2572/3083/1229 2573/3086/1228 2576/3089/1228 2575/3087/1229
f 1721/2937/1413 2026/2935/1411 2568/3081/1230 2051/3090/1223
f 2026/2935/1411 2025/2934/1410 2569/3082/1229 2568/3081/1230
f 2025/2934/1410 2024/2933/1409 2570/3085/1228 2569/3082/1229
f 2024/2933/1409 1723/2932/1408 2017/3091/210 2570/3085/1228
f 2570/3085/1228 2017/3091/210 2016/3092/210 2573/3086/1228
f 2573/3086/1228 2016/3092/210 2015/3093/210 2576/3089/1228
f 2576/3089/1228 2015/3093/210 1731/2514/1156 2072/2585/1206
f 2575/3087/1229 2576/3089/1228 2072/2585/1206 2073/2584/1205
f 2574/3088/1230 2575/3087/1229 2073/2584/1205 2074/2583/1204
f 2053/3094/1223 2574/3088/1230 2074/2583/1204 1727/2497/1143
f 2052/3095/1223 2571/3084/1230 2574/3088/1230 2053/3094/1223
f 2051/3090/1223 2568/3081/1230 2571/3084/1230 2052/3095/1223
f 2577/3096/1267 2578/3097/1266 2581/3098/1266 2580/3099/1267
f 2578/3100/1266 2579/3101/1265 2582/3102/1265 2581/3103/1266
f 2580/3099/1267 2581/3098/1266 2584/3104/1266 2583/3105/1267
f 2581/3103/1266 2582/3102/1265 2585/3106/1265 2584/3107/1266
f 1717/2966/1433 2029/2964/1431 2577/3096/1267 2045/3108/153
f 2029/2964/1431 2028/2963/1430 2578/3097/1266 2577/3096/1267
f 2028/2962/1430 2027/2961/1429 2579/3101/1265 2578/3100/1266
f 2027/2961/1429 1720/2960/1428 2008/3109/1269 2579/3101/1265
f 2579/3101/1265 2008/3109/1269 2007/3110/1269 2582/3102/1265
f 2582/3102/1265 2007/3110/1269 2006/3111/1269 2585/3106/1265
f 2585/3106/1265 2006/3111/1269 1730/2466/1120 2075/2570/1194
f 2584/3107/1266 2585/3106/1265 2075/2570/1194 2076/2569/1193
f 2583/3105/1267 2584/3104/1266 2076/2568/1193 2077/2567/1192
f 2047/3112/153 2583/3105/1267 2077/2567/1192 1725/2174/846
f 2046/3113/153 2580/3099/1267 2583/3105/1267 2047/3112/153
f 2045/3108/153 2577/3096/1267 2580/3099/1267 2046/3113/153
f 2586/3114/1252 2587/3115/1251 2590/3116/1251 2589/3117/1252
f 2587/3115/1251 2588/3118/1250 2591/3119/1250 2590/3116/1251
f 2589/3117/1252 2590/3116/1251 2593/3120/1251 2592/3121/1252
f 2590/3116/1251 2591/3119/1250 2594/3122/1250 2593/3120/1251
f 1724/2907/1388 2032/2990/1450 2586/3123/1252 2020/3076/58
f 2032/2988/1450 2031/2987/1449 2587/3115/1251 2586/3114/1252
f 2031/2987/1449 2030/2986/1448 2588/3118/1250 2587/3115/1251
f 2030/2986/1448 1718/2985/1447 2002/3124/1254 2588/3118/1250
f 2588/3118/1250 2002/3124/1254 2001/3125/1254 2591/3119/1250
f 2591/3119/1250 2001/3125/1254 2000/3126/1254 2594/3122/1250
f 2594/3122/1250 2000/3126/1254 1729/2169/841 2078/2548/1180
f 2593/3120/1251 2594/3122/1250 2078/2548/1180 2079/2547/1179
f 2592/3121/1252 2593/3120/1251 2079/2547/1179 2080/2546/1177
f 2018/3078/58 2592/3127/1252 2080/2543/1177 1732/2542/1176
f 2019/3077/58 2589/3128/1252 2592/3127/1252 2018/3078/58
f 2020/3076/58 2586/3123/1252 2589/3128/1252 2019/3077/58
f 2595/3129/1237 2596/3130/1236 2599/3131/1236 2598/3132/1237
f 2596/3130/1236 2597/3133/1235 2600/3134/1235 2599/3131/1236
f 2598/3132/1237 2599/3131/1236 2602/3135/1236 2601/3136/1237
f 2599/3131/1236 2600/3134/1235 2603/3137/1235 2602/3135/1236
f 1723/2932/1408 2035/3009/1462 2595/3138/1237 2017/3091/210
f 2035/3007/1462 2034/3006/1461 2596/3130/1236 2595/3129/1237
f 2034/3006/1461 2033/3005/1460 2597/3133/1235 2596/3130/1236
f 2033/3005/1460 1722/2912/1393 2054/3075/1239 2597/3133/1235
f 2597/3133/1235 2054/3075/1239 2055/3080/1239 2600/3134/1235
f 2600/3134/1235 2055/3080/1239 2056/3079/1239 2603/3137/1235
f 2603/3137/1235 2056/3079/1239 1728/2521/1161 2081/2520/1160
f 2602/3135/1236 2603/3137/1235 2081/2520/1160 2082/2519/1159
f 2601/3136/1237 2602/3135/1236 2082/2519/1159 2083/2518/1157
f 2015/3093/210 2601/3139/1237 2083/2515/1157 1731/2514/1156
f 2016/3092/210 2598/3140/1237 2601/3139/1237 2015/3093/210
f 2017/3091/210 2595/3138/1237 2598/3140/1237 2016/3092/210
f 2604/3141/1221 2605/3142/1220 2608/3143/1220 2607/3144/1221
f 2605/3145/1220 2606/3146/1219 2609/3147/1219 2608/3148/1220
f 2607/3144/1221 2608/3143/1220 2611/3149/1220 2610/3150/1221
f 2608/3148/1220 2609/3147/1219 2612/3151/1219 2611/3152/1220
f 1719/3033/1477 2038/3031/1475 2604/3141/1221 2048/3153/178
f 2038/3031/1475 2037/3030/1474 2605/3142/1220 2604/3141/1221
f 2037/3029/1474 2036/3028/1473 2606/3146/1219 2605/3145/1220
f 2036/3028/1473 1721/2937/1413 2051/3090/1223 2606/3146/1219
f 2606/3146/1219 2051/3090/1223 2052/3095/1223 2609/3147/1219
f 2609/3147/1219 2052/3095/1223 2053/3094/1223 2612/3151/1219
f 2612/3151/1219 2053/3094/1223 1727/2497/1143 2084/2496/1142
f 2611/3152/1220 2612/3151/1219 2084/2496/1142 2085/2495/1141
f 2610/3150/1221 2611/3149/1220 2085/2494/1141 2086/2493/1140
f 2050/3154/178 2610/3150/1221 2086/2493/1140 1726/2471/1125
f 2049/3155/178 2607/3144/1221 2610/3150/1221 2050/3154/178
f 2048/3153/178 2604/3141/1221 2607/3144/1221 2049/3155/178
f 2613/3156/1275 2614/3157/1274 2617/3158/1274 2616/3159/1275
f 2614/3157/1274 2615/3160/1273 2618/3161/1273 2617/3158/1274
f 2616/3159/1275 2617/3158/1274 2620/3162/1274 2619/3163/1275
f 2617/3158/1274 2618/3161/1273 2621/3164/1273 2620/3162/1274
f 1720/2960/1428 2041/3050/1490 2613/3156/1275 2008/3109/1269
f 2041/3050/1490 2040/3049/1489 2614/3157/1274 2613/3156/1275
f 2040/3049/1489 2039/3048/1488 2615/3160/1273 2614/3157/1274
f 2039/3048/1488 1719/3033/1477 2048/3153/178 2615/3160/1273
f 2615/3160/1273 2048/3153/178 2049/3155/178 2618/3161/1273
f 2618/3161/1273 2049/3155/178 2050/3154/178 2621/3164/1273
f 2621/3164/1273 2050/3154/178 1726/2471/1125 2087/2470/1124
f 2620/3162/1274 2621/3164/1273 2087/2470/1124 2088/2469/1123
f 2619/3163/1275 2620/3162/1274 2088/2469/1123 2089/2467/1121
f 2006/3111/1269 2619/3163/1275 2089/2467/1121 1730/2466/1120
f 2007/3110/1269 2616/3159/1275 2619/3163/1275 2006/3111/1269
f 2008/3109/1269 2613/3156/1275 2616/3159/1275 2007/3110/1269
f 2622/3165/1260 2623/3166/1259 2626/3167/1259 2625/3168/1260
f 2623/3166/1259 2624/3169/1258 2627/3170/1258 2626/3167/1259
f 2625/3168/1260 2626/3167/1259 2629/3171/1259 2628/3172/1260
f 2626/3167/1259 2627/3170/1258 2630/3173/1258 2629/3171/1259
f 1718/2985/1447 2044/3065/1502 2622/3165/1260 2002/3124/1254
f 2044/3065/1502 2043/3064/1501 2623/3166/1259 2622/3165/1260
f 2043/3064/1501 2042/3063/1500 2624/3169/1258 2623/3166/1259
f 2042/3063/1500 1717/2966/1433 2045/3108/153 2624/3169/1258
f 2624/3169/1258 2045/3108/153 2046/3113/153 2627/3170/1258
f 2627/3170/1258 2046/3113/153 2047/3112/153 2630/3173/1258
f 2630/3173/1258 2047/3112/153 1725/2174/846 2090/2173/845
f 2629/3171/1259 2630/3173/1258 2090/2173/845 2091/2172/844
f 2628/3172/1260 2629/3171/1259 2091/2172/844 2092/2170/842
f 2000/3126/1254 2628/3172/1260 2092/2170/842 1729/2169/841
f 2001/3125/1254 2625/3168/1260 2628/3172/1260 2000/3126/1254
f 2002/3124/1254 2622/3165/1260 2625/3168/1260 2001/3125/1254
