ORMPB,Blue,Blue,Purple,Purple,Purple,Purple,Purple,Blue,0.375,0.625,0,0,0,0,0,0,2
YRMPB,Blue,Blue,Purple,Purple,Purple,Purple,Purple,Purple,0.25,0.75,0,0,0,0,0,0,2
GRMPB,Blue,Blue,Blue,Purple,Purple,Purple,Purple,Blue,0.5,0.5,0,0,0,0,0,0,2
CRMPB,Blue,Blue,Blue,Purple,Purple,Purple,Purple,Blue,0.5,0.5,0,0,0,0,0,0,2
ROMPB,Purple,Purple,Purple,Purple,Purple,Purple,Purple,Blue,0.125,0.875,0,0,0,0,0,0,2
YOMPB,Blue,Blue,Purple,Purple,Purple,Purple,Purple,Purple,0.25,0.75,0,0,0,0,0,0,2
GOMPB,Blue,Blue,Purple,Purple,Purple,Purple,Purple,Blue,0.375,0.625,0,0,0,0,0,0,2
COMPB,Blue,Blue,Blue,Purple,Purple,Purple,Purple,Blue,0.5,0.5,0,0,0,0,0,0,2
RYMPB,Purple,Purple,Purple,Purple,Purple,Purple,Purple,Cyan,0,0.875,0,0,0,0,0,0.125,2
OYMPB,Blue,Purple,Purple,Purple,Purple,Purple,Purple,Cyan,0.125,0.75,0,0,0,0,0,0.125,3
GYMPB,Cyan,Cyan,Purple,Purple,Purple,Purple,Cyan,Cyan,0,0.5,0,0,0,0,0,0.5,2
CYMPB,Purple,Purple,Purple,Purple,Purple,Cyan,Cyan,Cyan,0,0.625,0,0,0,0,0,0.375,2
RGMPB,Blue,Blue,Blue,Purple,Purple,Purple,Purple,Blue,0.5,0.5,0,0,0,0,0,0,2
OGMPB,Blue,Blue,Purple,Purple,Purple,Purple,Purple,Blue,0.375,0.625,0,0,0,0,0,0,2
YGMPB,Blue,Blue,Purple,Purple,Purple,Purple,Cyan,Cyan,0.25,0.5,0,0,0,0,0,0.25,3
CGMPB,Blue,Blue,Blue,Purple,Purple,Cyan,Cyan,Blue,0.5,0.25,0,0,0,0,0,0.25,3
RCMPB,Purple,Purple,Purple,Purple,Purple,Purple,Cyan,Blue,0.125,0.75,0,0,0,0,0,0.125,3
OCMPB,Purple,Purple,Purple,Purple,Purple,Purple,Cyan,Blue,0.125,0.75,0,0,0,0,0,0.125,3
YCMPB,Purple,Purple,Purple,Purple,Purple,Cyan,Cyan,Cyan,0,0.625,0,0,0,0,0,0.375,2
GCMPB,Blue,Blue,Purple,Cyan,Cyan,Cyan,Cyan,Blue,0.375,0.125,0,0,0,0,0,0.5,3
OMRPB,Blue,Blue,Purple,Purple,Purple,Purple,Purple,Blue,0.375,0.625,0,0,0,0,0,0,2
YMRPB,Blue,Blue,Purple,Purple,Purple,Purple,Yellow,Yellow,0.25,0.5,0,0,0,0.25,0,0,3
GMRPB,Blue,Blue,Blue,Purple,Purple,Purple,Yellow,Blue,0.5,0.375,0,0,0,0.125,0,0,3
CMRPB,Blue,Blue,Blue,Purple,Purple,Yellow,Yellow,Blue,0.5,0.25,0,0,0,0.25,0,0,3
MORPB,Blue,Blue,Purple,Purple,Purple,Purple,Purple,Blue,0.375,0.625,0,0,0,0,0,0,2
YORPB,Blue,Blue,Purple,Purple,Purple,Purple,Purple,Purple,0.25,0.75,0,0,0,0,0,0,2
GORPB,Blue,Blue,Purple,Purple,Purple,Purple,Purple,Blue,0.375,0.625,0,0,0,0,0,0,2
CORPB,Blue,Blue,Blue,Purple,Purple,Purple,Purple,Blue,0.5,0.5,0,0,0,0,0,0,2
MYRPB,Blue,Blue,Purple,Purple,Purple,Purple,Yellow,Blue,0.375,0.5,0,0,0,0.125,0,0,3
OYRPB,Blue,Purple,Purple,Purple,Purple,Purple,Purple,Yellow,0.125,0.75,0,0,0,0.125,0,0,3
GYRPB,Yellow,Yellow,Purple,Purple,Purple,Purple,Yellow,Yellow,0,0.5,0,0,0,0.5,0,0,2
CYRPB,Blue,Blue,Blue,Purple,Purple,Yellow,Yellow,Yellow,0.375,0.25,0,0,0,0.375,0,0,3
MGRPB,Blue,Blue,Blue,Purple,Purple,Purple,Yellow,Blue,0.5,0.375,0,0,0,0.125,0,0,3
OGRPB,Blue,Blue,Purple,Purple,Purple,Purple,Purple,Blue,0.375,0.625,0,0,0,0,0,0,2
YGRPB,Blue,Blue,Purple,Purple,Purple,Purple,Yellow,Yellow,0.25,0.5,0,0,0,0.25,0,0,3
CGRPB,Blue,Blue,Blue,Purple,Purple,Yellow,Yellow,Blue,0.5,0.25,0,0,0,0.25,0,0,3
MCRPB,Blue,Blue,Blue,Purple,Purple,Purple,Yellow,Blue,0.5,0.375,0,0,0,0.125,0,0,3
OCRPB,Blue,Blue,Purple,Purple,Purple,Purple,Yellow,Blue,0.375,0.5,0,0,0,0.125,0,0,3
YCRPB,Blue,Blue,Purple,Purple,Purple,Yellow,Yellow,Yellow,0.25,0.375,0,0,0,0.375,0,0,3
GCRPB,Blue,Blue,Blue,Yellow,Yellow,Yellow,Yellow,Blue,0.5,0,0,0,0,0.5,0,0,2
RMOPB,Purple,Purple,Purple,Purple,Purple,Purple,Purple,Purple,0,1,0,0,0,0,0,0,1
YMOPB,Blue,Purple,Purple,Purple,Purple,Purple,Yellow,Yellow,0.125,0.625,0,0,0,0.25,0,0,3
GMOPB,Purple,Purple,Purple,Purple,Purple,Purple,Yellow,Purple,0,0.875,0,0,0,0.125,0,0,2
CMOPB,Blue,Blue,Blue,Purple,Purple,Yellow,Yellow,Purple,0.375,0.375,0,0,0,0.25,0,0,3
MROPB,Purple,Purple,Purple,Purple,Purple,Purple,Purple,Purple,0,1,0,0,0,0,0,0,1
YROPB,Purple,Purple,Purple,Purple,Purple,Purple,Purple,Purple,0,1,0,0,0,0,0,0,1
GROPB,Blue,Blue,Purple,Purple,Purple,Purple,Purple,Blue,0.375,0.625,0,0,0,0,0,0,2
CROPB,Purple,Purple,Purple,Purple,Purple,Purple,Purple,Blue,0.125,0.875,0,0,0,0,0,0,2
MYOPB,Blue,Purple,Purple,Purple,Purple,Purple,Yellow,Purple,0.125,0.75,0,0,0,0.125,0,0,3
RYOPB,Purple,Purple,Purple,Purple,Purple,Purple,Purple,Yellow,0,0.875,0,0,0,0.125,0,0,2
GYOPB,Yellow,Yellow,Purple,Purple,Purple,Purple,Yellow,Yellow,0,0.5,0,0,0,0.5,0,0,2
CYOPB,Purple,Purple,Purple,Purple,Purple,Yellow,Yellow,Yellow,0,0.625,0,0,0,0.375,0,0,2
MGOPB,Blue,Blue,Purple,Purple,Purple,Purple,Yellow,Blue,0.375,0.5,0,0,0,0.125,0,0,3
RGOPB,Purple,Purple,Purple,Purple,Purple,Purple,Purple,Blue,0.125,0.875,0,0,0,0,0,0,2
YGOPB,Blue,Blue,Purple,Purple,Purple,Purple,Yellow,Yellow,0.25,0.5,0,0,0,0.25,0,0,3
CGOPB,Blue,Blue,Blue,Purple,Purple,Yellow,Yellow,Blue,0.5,0.25,0,0,0,0.25,0,0,3
MCOPB,Purple,Purple,Purple,Purple,Purple,Purple,Yellow,Purple,0,0.875,0,0,0,0.125,0,0,2
RCOPB,Purple,Purple,Purple,Purple,Purple,Purple,Yellow,Blue,0.125,0.75,0,0,0,0.125,0,0,3
YCOPB,Purple,Purple,Purple,Purple,Purple,Yellow,Yellow,Yellow,0,0.625,0,0,0,0.375,0,0,2
GCOPB,Blue,Blue,Purple,Yellow,Yellow,Yellow,Yellow,Blue,0.375,0.125,0,0,0,0.5,0,0,3
RMYPB,Purple,Purple,Purple,Purple,Purple,Purple,Purple,Blue,0.125,0.875,0,0,0,0,0,0,2
OMYPB,Blue,Purple,Purple,Purple,Purple,Purple,Purple,Blue,0.25,0.75,0,0,0,0,0,0,2
GMYPB,Blue,Blue,Purple,Purple,Purple,Purple,Cyan,Blue,0.375,0.5,0,0,0,0,0,0.125,3
CMYPB,Purple,Purple,Purple,Purple,Purple,Cyan,Cyan,Blue,0.125,0.625,0,0,0,0,0,0.25,3
MRYPB,Purple,Purple,Purple,Purple,Purple,Purple,Yellow,Purple,0,0.875,0,0,0,0.125,0,0,2
ORYPB,Purple,Purple,Purple,Purple,Purple,Purple,Purple,Cyan,0,0.875,0,0,0,0,0,0.125,2
GRYPB,Cyan,Cyan,Purple,Purple,Purple,Purple,Yellow,Cyan,0,0.5,0,0,0,0.125,0,0.375,3
CRYPB,Purple,Purple,Purple,Purple,Purple,Yellow,Yellow,Cyan,0,0.625,0,0,0,0.25,0,0.125,3
MOYPB,Purple,Purple,Purple,Purple,Purple,Purple,Yellow,Purple,0,0.875,0,0,0,0.125,0,0,2
ROYPB,Purple,Purple,Purple,Purple,Purple,Purple,Purple,Cyan,0,0.875,0,0,0,0,0,0.125,2
GOYPB,Cyan,Cyan,Purple,Purple,Purple,Purple,Yellow,Cyan,0,0.5,0,0,0,0.125,0,0.375,3
COYPB,Purple,Purple,Purple,Purple,Purple,Yellow,Yellow,Cyan,0,0.625,0,0,0,0.25,0,0.125,3
MGYPB,Cyan,Cyan,Purple,Yellow,Yellow,Yellow,Cyan,Cyan,0,0.125,0,0,0,0.375,0,0.5,3
RGYPB,Purple,Purple,Purple,Yellow,Yellow,Yellow,Yellow,Cyan,0,0.375,0,0,0,0.5,0,0.125,3
OGYPB,Cyan,Purple,Yellow,Yellow,Yellow,Yellow,Yellow,Cyan,0,0.125,0,0,0,0.625,0,0.25,3
CGYPB,Cyan,Cyan,Cyan,Yellow,Yellow,Cyan,Cyan,Cyan,0,0,0,0,0,0.25,0,0.75,2
MCYPB,Blue,Blue,Blue,Purple,Purple,Purple,Cyan,Blue,0.5,0.375,0,0,0,0,0,0.125,3
RCYPB,Blue,Blue,Blue,Purple,Purple,Purple,Cyan,Cyan,0.375,0.375,0,0,0,0,0,0.25,3
OCYPB,Blue,Blue,Purple,Purple,Purple,Purple,Cyan,Cyan,0.25,0.5,0,0,0,0,0,0.25,3
GCYPB,Cyan,Cyan,Blue,Cyan,Cyan,Cyan,Cyan,Cyan,0.125,0,0,0,0,0,0,0.875,2
RMGPB,Blue,Blue,Blue,Yellow,Yellow,Yellow,Yellow,Blue,0.5,0,0,0,0,0.5,0,0,2
OMGPB,Blue,Blue,Yellow,Yellow,Yellow,Yellow,Yellow,Blue,0.375,0,0,0,0,0.625,0,0,2
YMGPB,Blue,Blue,Yellow,Yellow,Yellow,Yellow,Cyan,Cyan,0.25,0,0,0,0,0.5,0,0.25,3
CMGPB,Blue,Blue,Blue,Yellow,Yellow,Cyan,Cyan,Blue,0.5,0,0,0,0,0.25,0,0.25,3
MRGPB,Blue,Blue,Blue,Yellow,Yellow,Yellow,Yellow,Blue,0.5,0,0,0,0,0.5,0,0,2
ORGPB,Blue,Blue,Yellow,Yellow,Yellow,Yellow,Yellow,Blue,0.375,0,0,0,0,0.625,0,0,2
YRGPB,Blue,Blue,Yellow,Yellow,Yellow,Yellow,Yellow,Yellow,0.25,0,0,0,0,0.75,0,0,2
CRGPB,Blue,Blue,Blue,Yellow,Yellow,Yellow,Yellow,Blue,0.5,0,0,0,0,0.5,0,0,2
MOGPB,Blue,Blue,Yellow,Yellow,Yellow,Yellow,Yellow,Blue,0.375,0,0,0,0,0.625,0,0,2
ROGPB,Yellow,Yellow,Yellow,Yellow,Yellow,Yellow,Yellow,Blue,0.125,0,0,0,0,0.875,0,0,2
YOGPB,Blue,Blue,Yellow,Yellow,Yellow,Yellow,Yellow,Yellow,0.25,0,0,0,0,0.75,0,0,2
COGPB,Blue,Blue,Blue,Yellow,Yellow,Yellow,Yellow,Blue,0.5,0,0,0,0,0.5,0,0,2
MYGPB,Blue,Blue,Yellow,Yellow,Yellow,Yellow,Cyan,Blue,0.375,0,0,0,0,0.5,0,0.125,3
RYGPB,Yellow,Yellow,Yellow,Yellow,Yellow,Yellow,Yellow,Cyan,0,0,0,0,0,0.875,0,0.125,2
OYGPB,Blue,Yellow,Yellow,Yellow,Yellow,Yellow,Yellow,Cyan,0.125,0,0,0,0,0.75,0,0.125,3
CYGPB,Blue,Blue,Blue,Yellow,Yellow,Cyan,Cyan,Cyan,0.375,0,0,0,0,0.25,0,0.375,3
MCGPB,Blue,Blue,Blue,Yellow,Yellow,Yellow,Cyan,Blue,0.5,0,0,0,0,0.375,0,0.125,3
RCGPB,Blue,Blue,Blue,Yellow,Yellow,Yellow,Cyan,Blue,0.5,0,0,0,0,0.375,0,0.125,3
OCGPB,Blue,Blue,Yellow,Yellow,Yellow,Yellow,Cyan,Blue,0.375,0,0,0,0,0.5,0,0.125,3
YCGPB,Blue,Blue,Yellow,Yellow,Yellow,Cyan,Cyan,Cyan,0.25,0,0,0,0,0.375,0,0.375,3
RMCPB,Blue,Blue,Blue,Purple,Purple,Purple,Purple,Blue,0.5,0.5,0,0,0,0,0,0,2
OMCPB,Blue,Blue,Purple,Purple,Purple,Purple,Purple,Blue,0.375,0.625,0,0,0,0,0,0,2
YMCPB,Blue,Blue,Purple,Purple,Purple,Purple,Cyan,Cyan,0.25,0.5,0,0,0,0,0,0.25,3
GMCPB,Blue,Blue,Blue,Purple,Purple,Purple,Cyan,Blue,0.5,0.375,0,0,0,0,0,0.125,3
MRCPB,Blue,Blue,Blue,Purple,Purple,Purple,Cyan,Blue,0.5,0.375,0,0,0,0,0,0.125,3
ORCPB,Blue,Blue,Purple,Purple,Purple,Purple,Purple,Blue,0.375,0.625,0,0,0,0,0,0,2
YRCPB,Blue,Blue,Purple,Purple,Purple,Purple,Cyan,Cyan,0.25,0.5,0,0,0,0,0,0.25,3
GRCPB,Blue,Blue,Blue,Purple,Purple,Purple,Cyan,Blue,0.5,0.375,0,0,0,0,0,0.125,3
MOCPB,Blue,Blue,Purple,Purple,Purple,Purple,Cyan,Blue,0.375,0.5,0,0,0,0,0,0.125,3
ROCPB,Purple,Purple,Purple,Purple,Purple,Purple,Purple,Blue,0.125,0.875,0,0,0,0,0,0,2
YOCPB,Blue,Blue,Purple,Purple,Purple,Purple,Cyan,Cyan,0.25,0.5,0,0,0,0,0,0.25,3
GOCPB,Blue,Blue,Purple,Purple,Purple,Purple,Cyan,Blue,0.375,0.5,0,0,0,0,0,0.125,3
MYCPB,Blue,Blue,Purple,Purple,Purple,Purple,Cyan,Blue,0.375,0.5,0,0,0,0,0,0.125,3
RYCPB,Purple,Purple,Purple,Purple,Purple,Purple,Cyan,Cyan,0,0.75,0,0,0,0,0,0.25,2
OYCPB,Blue,Purple,Purple,Purple,Purple,Purple,Cyan,Cyan,0.125,0.625,0,0,0,0,0,0.25,3
GYCPB,Cyan,Cyan,Purple,Cyan,Cyan,Cyan,Cyan,Cyan,0,0.125,0,0,0,0,0,0.875,2
MGCPB,Blue,Blue,Blue,Cyan,Cyan,Cyan,Cyan,Blue,0.5,0,0,0,0,0,0,0.5,2
RGCPB,Blue,Blue,Blue,Cyan,Cyan,Cyan,Cyan,Blue,0.5,0,0,0,0,0,0,0.5,2
OGCPB,Blue,Blue,Cyan,Cyan,Cyan,Cyan,Cyan,Blue,0.375,0,0,0,0,0,0,0.625,2
YGCPB,Blue,Blue,Cyan,Cyan,Cyan,Cyan,Cyan,Cyan,0.25,0,0,0,0,0,0,0.75,2
ORPMB,Purple,Purple,Purple,Purple,Purple,Purple,Purple,Purple,0,1,0,0,0,0,0,0,1
YRPMB,Purple,Purple,Purple,Purple,Purple,Purple,Magenta,Magenta,0,0.75,0.25,0,0,0,0,0,2
GRPMB,Purple,Purple,Purple,Purple,Purple,Purple,Magenta,Purple,0,0.875,0.125,0,0,0,0,0,2
CRPMB,Purple,Purple,Purple,Purple,Purple,Magenta,Magenta,Purple,0,0.75,0.25,0,0,0,0,0,2
ROPMB,Purple,Purple,Purple,Purple,Purple,Purple,Purple,Purple,0,1,0,0,0,0,0,0,1
YOPMB,Blue,Purple,Purple,Purple,Purple,Purple,Magenta,Magenta,0.125,0.625,0.25,0,0,0,0,0,3
GOPMB,Purple,Purple,Purple,Purple,Purple,Purple,Magenta,Purple,0,0.875,0.125,0,0,0,0,0,2
COPMB,Blue,Blue,Blue,Purple,Purple,Magenta,Magenta,Purple,0.375,0.375,0.25,0,0,0,0,0,3
RYPMB,Purple,Purple,Purple,Purple,Purple,Purple,Magenta,Blue,0.125,0.75,0.125,0,0,0,0,0,3
OYPMB,Blue,Purple,Purple,Purple,Purple,Purple,Magenta,Blue,0.25,0.625,0.125,0,0,0,0,0,3
GYPMB,Blue,Blue,Purple,Magenta,Magenta,Magenta,Blue,Blue,0.5,0.125,0.375,0,0,0,0,0,3
CYPMB,Purple,Purple,Purple,Purple,Purple,Blue,Blue,Blue,0.375,0.625,0,0,0,0,0,0,2
RGPMB,Purple,Purple,Purple,Magenta,Magenta,Magenta,Magenta,Purple,0,0.5,0.5,0,0,0,0,0,2
OGPMB,Purple,Purple,Magenta,Magenta,Magenta,Magenta,Magenta,Purple,0,0.375,0.625,0,0,0,0,0,2
YGPMB,Purple,Purple,Magenta,Magenta,Magenta,Magenta,Blue,Blue,0.25,0.25,0.5,0,0,0,0,0,3
CGPMB,Purple,Purple,Purple,Magenta,Magenta,Blue,Blue,Purple,0.25,0.5,0.25,0,0,0,0,0,3
RCPMB,Purple,Purple,Purple,Purple,Purple,Purple,Blue,Purple,0.125,0.875,0,0,0,0,0,0,2
OCPMB,Purple,Purple,Purple,Purple,Purple,Purple,Blue,Purple,0.125,0.875,0,0,0,0,0,0,2
YCPMB,Purple,Purple,Purple,Purple,Purple,Blue,Blue,Blue,0.375,0.625,0,0,0,0,0,0,2
GCPMB,Purple,Purple,Purple,Blue,Blue,Blue,Blue,Purple,0.5,0.5,0,0,0,0,0,0,2
OPRMB,Purple,Purple,Purple,Purple,Purple,Purple,Magenta,Purple,0,0.875,0.125,0,0,0,0,0,2
YPRMB,Purple,Purple,Purple,Purple,Purple,Magenta,Blue,Blue,0.25,0.625,0.125,0,0,0,0,0,3
GPRMB,Purple,Purple,Purple,Magenta,Magenta,Magenta,Blue,Purple,0.125,0.5,0.375,0,0,0,0,0,3
CPRMB,Purple,Purple,Purple,Purple,Purple,Blue,Blue,Purple,0.25,0.75,0,0,0,0,0,0,2
PORMB,Purple,Purple,Purple,Magenta,Magenta,Magenta,Blue,Purple,0.125,0.5,0.375,0,0,0,0,0,3
YORMB,Purple,Purple,Magenta,Magenta,Magenta,Magenta,Magenta,Magenta,0,0.25,0.75,0,0,0,0,0,2
GORMB,Blue,Blue,Magenta,Magenta,Magenta,Magenta,Magenta,Blue,0.375,0,0.625,0,0,0,0,0,2
CORMB,Purple,Purple,Purple,Magenta,Magenta,Magenta,Magenta,Blue,0.125,0.375,0.5,0,0,0,0,0,3
PYRMB,Purple,Purple,Purple,Magenta,Magenta,Magenta,Magenta,Purple,0,0.5,0.5,0,0,0,0,0,2
OYRMB,Purple,Magenta,Magenta,Magenta,Magenta,Magenta,Magenta,Magenta,0,0.125,0.875,0,0,0,0,0,2
GYRMB,Magenta,Magenta,Magenta,Magenta,Magenta,Magenta,Magenta,Magenta,0,0,1,0,0,0,0,0,1
CYRMB,Purple,Purple,Purple,Magenta,Magenta,Magenta,Magenta,Magenta,0,0.375,0.625,0,0,0,0,0,2
PGRMB,Blue,Blue,Blue,Purple,Purple,Magenta,Blue,Blue,0.625,0.25,0.125,0,0,0,0,0,3
OGRMB,Blue,Purple,Magenta,Magenta,Magenta,Magenta,Magenta,Blue,0.25,0.125,0.625,0,0,0,0,0,3
YGRMB,Blue,Blue,Magenta,Magenta,Magenta,Magenta,Magenta,Magenta,0.25,0,0.75,0,0,0,0,0,2
CGRMB,Blue,Blue,Blue,Magenta,Magenta,Magenta,Magenta,Blue,0.5,0,0.5,0,0,0,0,0,2
PCRMB,Purple,Purple,Purple,Purple,Purple,Magenta,Blue,Purple,0.125,0.75,0.125,0,0,0,0,0,3
OCRMB,Purple,Purple,Magenta,Magenta,Magenta,Magenta,Magenta,Blue,0.125,0.25,0.625,0,0,0,0,0,3
YCRMB,Purple,Purple,Magenta,Magenta,Magenta,Magenta,Magenta,Magenta,0,0.25,0.75,0,0,0,0,0,2
GCRMB,Blue,Blue,Purple,Magenta,Magenta,Magenta,Magenta,Blue,0.375,0.125,0.5,0,0,0,0,0,3
RPOMB,Blue,Blue,Blue,Magenta,Magenta,Magenta,Magenta,Blue,0.5,0,0.5,0,0,0,0,0,2
YPOMB,Blue,Purple,Magenta,Magenta,Magenta,Magenta,Blue,Blue,0.375,0.125,0.5,0,0,0,0,0,3
GPOMB,Blue,Blue,Blue,Magenta,Magenta,Magenta,Blue,Blue,0.625,0,0.375,0,0,0,0,0,2
CPOMB,Blue,Blue,Blue,Magenta,Magenta,Blue,Blue,Blue,0.75,0,0.25,0,0,0,0,0,2
PROMB,Magenta,Magenta,Magenta,Magenta,Magenta,Magenta,Blue,Magenta,0.125,0,0.875,0,0,0,0,0,2
YROMB,Magenta,Magenta,Magenta,Magenta,Magenta,Magenta,Magenta,Magenta,0,0,1,0,0,0,0,0,1
GROMB,Blue,Blue,Magenta,Magenta,Magenta,Magenta,Magenta,Blue,0.375,0,0.625,0,0,0,0,0,2
CROMB,Magenta,Magenta,Magenta,Magenta,Magenta,Magenta,Magenta,Blue,0.125,0,0.875,0,0,0,0,0,2
PYOMB,Blue,Purple,Blue,Magenta,Magenta,Magenta,Magenta,Blue,0.375,0.125,0.5,0,0,0,0,0,3
RYOMB,Magenta,Magenta,Magenta,Magenta,Magenta,Magenta,Magenta,Magenta,0,0,1,0,0,0,0,0,1
GYOMB,Magenta,Magenta,Magenta,Magenta,Magenta,Magenta,Magenta,Magenta,0,0,1,0,0,0,0,0,1
CYOMB,Blue,Blue,Blue,Magenta,Magenta,Magenta,Magenta,Magenta,0.375,0,0.625,0,0,0,0,0,2
PGOMB,Blue,Blue,Blue,Magenta,Magenta,Magenta,Blue,Blue,0.625,0,0.375,0,0,0,0,0,2
RGOMB,Magenta,Magenta,Magenta,Magenta,Magenta,Magenta,Magenta,Blue,0.125,0,0.875,0,0,0,0,0,2
YGOMB,Blue,Blue,Magenta,Magenta,Magenta,Magenta,Magenta,Magenta,0.25,0,0.75,0,0,0,0,0,2
CGOMB,Blue,Blue,Blue,Magenta,Magenta,Magenta,Magenta,Blue,0.5,0,0.5,0,0,0,0,0,2
PCOMB,Blue,Blue,Blue,Blue,Blue,Magenta,Blue,Blue,0.875,0,0.125,0,0,0,0,0,2
RCOMB,Blue,Blue,Blue,Magenta,Magenta,Magenta,Magenta,Blue,0.5,0,0.5,0,0,0,0,0,2
YCOMB,Blue,Blue,Magenta,Magenta,Magenta,Magenta,Magenta,Magenta,0.25,0,0.75,0,0,0,0,0,2
GCOMB,Blue,Blue,Blue,Magenta,Magenta,Magenta,Magenta,Blue,0.5,0,0.5,0,0,0,0,0,2
RPYMB,Purple,Purple,Purple,Magenta,Magenta,Magenta,Magenta,Purple,0,0.5,0.5,0,0,0,0,0,2
OPYMB,Blue,Purple,Magenta,Magenta,Magenta,Magenta,Magenta,Purple,0.125,0.25,0.625,0,0,0,0,0,3
GPYMB,Purple,Purple,Purple,Magenta,Magenta,Magenta,Cyan,Purple,0,0.5,0.375,0,0,0,0,0.125,3
CPYMB,Purple,Purple,Purple,Magenta,Magenta,Cyan,Cyan,Purple,0,0.5,0.25,0,0,0,0,0.25,3
PRYMB,Magenta,Magenta,Magenta,Magenta,Magenta,Magenta,Cyan,Magenta,0,0,0.875,0,0,0,0,0.125,2
ORYMB,Magenta,Magenta,Magenta,Magenta,Magenta,Magenta,Magenta,Cyan,0,0,0.875,0,0,0,0,0.125,2
GRYMB,Cyan,Cyan,Magenta,Magenta,Magenta,Magenta,Magenta,Cyan,0,0,0.625,0,0,0,0,0.375,2
CRYMB,Magenta,Magenta,Magenta,Magenta,Magenta,Magenta,Magenta,Cyan,0,0,0.875,0,0,0,0,0.125,2
POYMB,Blue,Magenta,Blue,Magenta,Magenta,Magenta,Cyan,Blue,0.375,0,0.5,0,0,0,0,0.125,3
ROYMB,Magenta,Magenta,Magenta,Magenta,Magenta,Magenta,Magenta,Cyan,0,0,0.875,0,0,0,0,0.125,2
GOYMB,Cyan,Cyan,Magenta,Magenta,Magenta,Magenta,Magenta,Cyan,0,0,0.625,0,0,0,0,0.375,2
COYMB,Blue,Blue,Blue,Magenta,Magenta,Magenta,Magenta,Cyan,0.375,0,0.5,0,0,0,0,0.125,3
PGYMB,Cyan,Cyan,Cyan,Magenta,Magenta,Magenta,Cyan,Cyan,0,0,0.375,0,0,0,0,0.625,2
RGYMB,Magenta,Magenta,Magenta,Magenta,Magenta,Magenta,Magenta,Cyan,0,0,0.875,0,0,0,0,0.125,2
OGYMB,Cyan,Magenta,Magenta,Magenta,Magenta,Magenta,Magenta,Cyan,0,0,0.75,0,0,0,0,0.25,2
CGYMB,Cyan,Cyan,Cyan,Magenta,Magenta,Cyan,Cyan,Cyan,0,0,0.25,0,0,0,0,0.75,2
PCYMB,Purple,Purple,Purple,Purple,Purple,Cyan,Cyan,Purple,0,0.75,0,0,0,0,0,0.25,2
RCYMB,Purple,Purple,Purple,Magenta,Magenta,Magenta,Cyan,Cyan,0,0.375,0.375,0,0,0,0,0.25,3
OCYMB,Purple,Purple,Magenta,Magenta,Magenta,Magenta,Cyan,Cyan,0,0.25,0.5,0,0,0,0,0.25,3
GCYMB,Cyan,Cyan,Purple,Cyan,Cyan,Cyan,Cyan,Cyan,0,0.125,0,0,0,0,0,0.875,2
RPGMB,Blue,Blue,Blue,Purple,Purple,Purple,Magenta,Blue,0.5,0.375,0.125,0,0,0,0,0,3
OPGMB,Blue,Blue,Purple,Purple,Purple,Purple,Magenta,Blue,0.375,0.5,0.125,0,0,0,0,0,3
YPGMB,Blue,Blue,Purple,Purple,Purple,Magenta,Blue,Blue,0.5,0.375,0.125,0,0,0,0,0,3
CPGMB,Blue,Blue,Blue,Purple,Purple,Blue,Blue,Blue,0.75,0.25,0,0,0,0,0,0,2
PRGMB,Purple,Purple,Purple,Purple,Purple,Magenta,Blue,Purple,0.125,0.75,0.125,0,0,0,0,0,3
ORGMB,Purple,Purple,Magenta,Magenta,Magenta,Magenta,Magenta,Blue,0.125,0.25,0.625,0,0,0,0,0,3
YRGMB,Purple,Purple,Magenta,Magenta,Magenta,Magenta,Magenta,Magenta,0,0.25,0.75,0,0,0,0,0,2
CRGMB,Purple,Purple,Purple,Magenta,Magenta,Magenta,Magenta,Blue,0.125,0.375,0.5,0,0,0,0,0,3
POGMB,Blue,Purple,Blue,Magenta,Magenta,Magenta,Blue,Blue,0.5,0.125,0.375,0,0,0,0,0,3
ROGMB,Magenta,Magenta,Magenta,Magenta,Magenta,Magenta,Magenta,Blue,0.125,0,0.875,0,0,0,0,0,2
YOGMB,Blue,Purple,Magenta,Magenta,Magenta,Magenta,Magenta,Magenta,0.125,0.125,0.75,0,0,0,0,0,3
COGMB,Blue,Blue,Blue,Magenta,Magenta,Magenta,Magenta,Blue,0.5,0,0.5,0,0,0,0,0,2
PYGMB,Blue,Blue,Blue,Magenta,Magenta,Magenta,Cyan,Blue,0.5,0,0.375,0,0,0,0,0.125,3
RYGMB,Magenta,Magenta,Magenta,Magenta,Magenta,Magenta,Magenta,Cyan,0,0,0.875,0,0,0,0,0.125,2
OYGMB,Blue,Magenta,Magenta,Magenta,Magenta,Magenta,Magenta,Cyan,0.125,0,0.75,0,0,0,0,0.125,3
CYGMB,Blue,Blue,Blue,Magenta,Magenta,Cyan,Cyan,Cyan,0.375,0,0.25,0,0,0,0,0.375,3
PCGMB,Blue,Blue,Blue,Blue,Blue,Cyan,Blue,Blue,0.875,0,0,0,0,0,0,0.125,2
RCGMB,Blue,Blue,Blue,Magenta,Magenta,Magenta,Cyan,Blue,0.5,0,0.375,0,0,0,0,0.125,3
OCGMB,Blue,Blue,Magenta,Magenta,Magenta,Magenta,Cyan,Blue,0.375,0,0.5,0,0,0,0,0.125,3
YCGMB,Blue,Blue,Magenta,Magenta,Magenta,Cyan,Cyan,Cyan,0.25,0,0.375,0,0,0,0,0.375,3
RPCMB,Purple,Purple,Purple,Purple,Purple,Purple,Cyan,Purple,0,0.875,0,0,0,0,0,0.125,2
OPCMB,Purple,Purple,Purple,Purple,Purple,Purple,Cyan,Purple,0,0.875,0,0,0,0,0,0.125,2
YPCMB,Purple,Purple,Purple,Purple,Purple,Cyan,Blue,Blue,0.25,0.625,0,0,0,0,0,0.125,3
GPCMB,Purple,Purple,Purple,Cyan,Cyan,Cyan,Blue,Purple,0.125,0.5,0,0,0,0,0,0.375,3
PRCMB,Purple,Purple,Purple,Purple,Purple,Magenta,Blue,Purple,0.125,0.75,0.125,0,0,0,0,0,3
ORCMB,Purple,Purple,Magenta,Magenta,Magenta,Magenta,Magenta,Blue,0.125,0.25,0.625,0,0,0,0,0,3
YRCMB,Purple,Purple,Magenta,Magenta,Magenta,Magenta,Cyan,Cyan,0,0.25,0.5,0,0,0,0,0.25,3
GRCMB,Blue,Blue,Purple,Magenta,Magenta,Magenta,Cyan,Blue,0.375,0.125,0.375,0,0,0,0,0.125,4
POCMB,Purple,Purple,Purple,Magenta,Magenta,Magenta,Blue,Purple,0.125,0.5,0.375,0,0,0,0,0,3
ROCMB,Magenta,Magenta,Magenta,Magenta,Magenta,Magenta,Magenta,Blue,0.125,0,0.875,0,0,0,0,0,2
YOCMB,Purple,Purple,Magenta,Magenta,Magenta,Magenta,Cyan,Cyan,0,0.25,0.5,0,0,0,0,0.25,3
GOCMB,Blue,Blue,Magenta,Magenta,Magenta,Magenta,Cyan,Blue,0.375,0,0.5,0,0,0,0,0.125,3
PYCMB,Purple,Purple,Purple,Magenta,Magenta,Cyan,Cyan,Purple,0,0.5,0.25,0,0,0,0,0.25,3
RYCMB,Magenta,Magenta,Magenta,Magenta,Magenta,Magenta,Cyan,Cyan,0,0,0.75,0,0,0,0,0.25,2
OYCMB,Purple,Magenta,Magenta,Magenta,Magenta,Magenta,Cyan,Cyan,0,0.125,0.625,0,0,0,0,0.25,3
GYCMB,Cyan,Cyan,Magenta,Cyan,Cyan,Cyan,Cyan,Cyan,0,0,0.125,0,0,0,0,0.875,2
PGCMB,Blue,Blue,Blue,Purple,Purple,Cyan,Blue,Blue,0.625,0.25,0,0,0,0,0,0.125,3
RGCMB,Purple,Purple,Purple,Cyan,Cyan,Cyan,Cyan,Blue,0.125,0.375,0,0,0,0,0,0.5,3
OGCMB,Blue,Purple,Cyan,Cyan,Cyan,Cyan,Cyan,Blue,0.25,0.125,0,0,0,0,0,0.625,3
YGCMB,Blue,Blue,Cyan,Cyan,Cyan,Cyan,Cyan,Cyan,0.25,0,0,0,0,0,0,0.75,2
OMPRB,Purple,Purple,Purple,Purple,Purple,Purple,Purple,Purple,0,1,0,0,0,0,0,0,1
YMPRB,Purple,Purple,Purple,Purple,Purple,Purple,Cyan,Cyan,0,0.75,0,0,0,0,0,0.25,2
GMPRB,Purple,Purple,Purple,Purple,Purple,Purple,Cyan,Purple,0,0.875,0,0,0,0,0,0.125,2
CMPRB,Purple,Purple,Purple,Purple,Purple,Cyan,Cyan,Purple,0,0.75,0,0,0,0,0,0.25,2
MOPRB,Purple,Purple,Purple,Purple,Purple,Purple,Purple,Purple,0,1,0,0,0,0,0,0,1
YOPRB,Purple,Purple,Purple,Purple,Purple,Purple,Purple,Purple,0,1,0,0,0,0,0,0,1
GOPRB,Purple,Purple,Purple,Purple,Purple,Purple,Purple,Purple,0,1,0,0,0,0,0,0,1
COPRB,Purple,Purple,Purple,Purple,Purple,Purple,Purple,Purple,0,1,0,0,0,0,0,0,1
MYPRB,Purple,Purple,Purple,Purple,Purple,Purple,Cyan,Purple,0,0.875,0,0,0,0,0,0.125,2
OYPRB,Purple,Purple,Purple,Purple,Purple,Purple,Purple,Cyan,0,0.875,0,0,0,0,0,0.125,2
GYPRB,Cyan,Cyan,Purple,Purple,Purple,Purple,Cyan,Cyan,0,0.5,0,0,0,0,0,0.5,2
CYPRB,Purple,Purple,Purple,Purple,Purple,Cyan,Cyan,Cyan,0,0.625,0,0,0,0,0,0.375,2
MGPRB,Purple,Purple,Purple,Purple,Purple,Purple,Cyan,Purple,0,0.875,0,0,0,0,0,0.125,2
OGPRB,Purple,Purple,Purple,Purple,Purple,Purple,Purple,Purple,0,1,0,0,0,0,0,0,1
YGPRB,Purple,Purple,Purple,Purple,Purple,Purple,Cyan,Cyan,0,0.75,0,0,0,0,0,0.25,2
CGPRB,Purple,Purple,Purple,Purple,Purple,Cyan,Cyan,Purple,0,0.75,0,0,0,0,0,0.25,2
MCPRB,Purple,Purple,Purple,Purple,Purple,Purple,Cyan,Purple,0,0.875,0,0,0,0,0,0.125,2
OCPRB,Purple,Purple,Purple,Purple,Purple,Purple,Cyan,Purple,0,0.875,0,0,0,0,0,0.125,2
YCPRB,Purple,Purple,Purple,Purple,Purple,Cyan,Cyan,Cyan,0,0.625,0,0,0,0,0,0.375,2
GCPRB,Purple,Purple,Purple,Cyan,Cyan,Cyan,Cyan,Purple,0,0.5,0,0,0,0,0,0.5,2
OPMRB,Purple,Purple,Purple,Purple,Purple,Purple,Magenta,Purple,0,0.875,0.125,0,0,0,0,0,2
YPMRB,Purple,Purple,Purple,Purple,Purple,Magenta,Purple,Purple,0,0.875,0.125,0,0,0,0,0,2
GPMRB,Purple,Purple,Purple,Magenta,Magenta,Magenta,Purple,Purple,0,0.625,0.375,0,0,0,0,0,2
CPMRB,Purple,Purple,Purple,Purple,Purple,Purple,Purple,Purple,0,1,0,0,0,0,0,0,1
POMRB,Purple,Purple,Purple,Magenta,Magenta,Magenta,Purple,Purple,0,0.625,0.375,0,0,0,0,0,2
YOMRB,Purple,Purple,Magenta,Magenta,Magenta,Magenta,Magenta,Magenta,0,0.25,0.75,0,0,0,0,0,2
GOMRB,Purple,Purple,Magenta,Magenta,Magenta,Magenta,Magenta,Purple,0,0.375,0.625,0,0,0,0,0,2
COMRB,Purple,Purple,Purple,Magenta,Magenta,Magenta,Magenta,Purple,0,0.5,0.5,0,0,0,0,0,2
PYMRB,Purple,Purple,Purple,Magenta,Magenta,Magenta,Yellow,Purple,0,0.5,0.375,0,0,0.125,0,0,3
OYMRB,Purple,Magenta,Magenta,Magenta,Magenta,Magenta,Magenta,Yellow,0,0.125,0.75,0,0,0.125,0,0,3
GYMRB,Yellow,Yellow,Magenta,Magenta,Magenta,Magenta,Yellow,Yellow,0,0,0.5,0,0,0.5,0,0,2
CYMRB,Purple,Purple,Purple,Magenta,Magenta,Yellow,Yellow,Yellow,0,0.375,0.25,0,0,0.375,0,0,3
PGMRB,Purple,Purple,Purple,Purple,Purple,Magenta,Purple,Purple,0,0.875,0.125,0,0,0,0,0,2
OGMRB,Purple,Purple,Magenta,Magenta,Magenta,Magenta,Magenta,Purple,0,0.375,0.625,0,0,0,0,0,2
YGMRB,Purple,Purple,Magenta,Magenta,Magenta,Magenta,Yellow,Yellow,0,0.25,0.5,0,0,0.25,0,0,3
CGMRB,Purple,Purple,Purple,Magenta,Magenta,Yellow,Yellow,Purple,0,0.5,0.25,0,0,0.25,0,0,3
PCMRB,Purple,Purple,Purple,Purple,Purple,Yellow,Purple,Purple,0,0.875,0,0,0,0.125,0,0,2
OCMRB,Purple,Purple,Magenta,Magenta,Magenta,Magenta,Yellow,Purple,0,0.375,0.5,0,0,0.125,0,0,3
YCMRB,Purple,Purple,Magenta,Magenta,Magenta,Yellow,Yellow,Yellow,0,0.25,0.375,0,0,0.375,0,0,3
GCMRB,Purple,Purple,Purple,Yellow,Yellow,Yellow,Yellow,Purple,0,0.5,0,0,0,0.5,0,0,2
MPORB,Purple,Purple,Purple,Magenta,Magenta,Magenta,Cyan,Purple,0,0.5,0.375,0,0,0,0,0.125,3
YPORB,Purple,Purple,Magenta,Magenta,Magenta,Magenta,Cyan,Cyan,0,0.25,0.5,0,0,0,0,0.25,3
GPORB,Purple,Purple,Purple,Magenta,Magenta,Magenta,Cyan,Purple,0,0.5,0.375,0,0,0,0,0.125,3
CPORB,Purple,Purple,Purple,Magenta,Magenta,Cyan,Cyan,Purple,0,0.5,0.25,0,0,0,0,0.25,3
PMORB,Purple,Purple,Purple,Magenta,Magenta,Magenta,Purple,Purple,0,0.625,0.375,0,0,0,0,0,2
YMORB,Purple,Purple,Magenta,Magenta,Magenta,Magenta,Purple,Purple,0,0.5,0.5,0,0,0,0,0,2
GMORB,Purple,Purple,Magenta,Magenta,Magenta,Magenta,Purple,Purple,0,0.5,0.5,0,0,0,0,0,2
CMORB,Purple,Purple,Purple,Magenta,Magenta,Purple,Purple,Purple,0,0.75,0.25,0,0,0,0,0,2
PYORB,Purple,Purple,Purple,Magenta,Magenta,Magenta,Purple,Purple,0,0.625,0.375,0,0,0,0,0,2
MYORB,Purple,Purple,Magenta,Purple,Purple,Purple,Purple,Purple,0,0.875,0.125,0,0,0,0,0,2
GYORB,Purple,Purple,Magenta,Magenta,Magenta,Magenta,Purple,Purple,0,0.5,0.5,0,0,0,0,0,2
CYORB,Purple,Purple,Purple,Purple,Magenta,Purple,Purple,Purple,0,0.875,0.125,0,0,0,0,0,2
PGORB,Cyan,Cyan,Cyan,Magenta,Magenta,Magenta,Cyan,Cyan,0,0,0.375,0,0,0,0,0.625,2
MGORB,Cyan,Cyan,Magenta,Magenta,Magenta,Magenta,Purple,Cyan,0,0.125,0.5,0,0,0,0,0.375,3
YGORB,Cyan,Cyan,Magenta,Magenta,Magenta,Magenta,Purple,Purple,0,0.25,0.5,0,0,0,0,0.25,3
CGORB,Cyan,Cyan,Cyan,Magenta,Magenta,Purple,Purple,Cyan,0,0.25,0.25,0,0,0,0,0.5,3
PCORB,Purple,Purple,Purple,Purple,Purple,Purple,Cyan,Purple,0,0.875,0,0,0,0,0,0.125,2
MCORB,Purple,Purple,Purple,Magenta,Magenta,Magenta,Purple,Purple,0,0.625,0.375,0,0,0,0,0,2
YCORB,Purple,Purple,Magenta,Purple,Magenta,Purple,Purple,Purple,0,0.75,0.25,0,0,0,0,0,2
GCORB,Cyan,Cyan,Purple,Purple,Purple,Purple,Purple,Cyan,0,0.625,0,0,0,0,0,0.375,2
MPYRB,Purple,Purple,Purple,Magenta,Magenta,Magenta,Yellow,Purple,0,0.5,0.375,0,0,0.125,0,0,3
OPYRB,Purple,Purple,Magenta,Magenta,Magenta,Magenta,Purple,Purple,0,0.5,0.5,0,0,0,0,0,2
GPYRB,Purple,Purple,Purple,Purple,Purple,Purple,Yellow,Purple,0,0.875,0,0,0,0.125,0,0,2
CPYRB,Purple,Purple,Purple,Magenta,Magenta,Yellow,Yellow,Purple,0,0.5,0.25,0,0,0.25,0,0,3
PMYRB,Purple,Purple,Purple,Magenta,Magenta,Purple,Purple,Purple,0,0.75,0.25,0,0,0,0,0,2
OMYRB,Purple,Magenta,Purple,Purple,Purple,Purple,Purple,Purple,0,0.875,0.125,0,0,0,0,0,2
GMYRB,Purple,Purple,Magenta,Purple,Purple,Purple,Yellow,Purple,0,0.75,0.125,0,0,0.125,0,0,3
CMYRB,Purple,Purple,Purple,Purple,Purple,Yellow,Yellow,Purple,0,0.75,0,0,0,0.25,0,0,2
POYRB,Purple,Magenta,Purple,Purple,Purple,Purple,Yellow,Purple,0,0.75,0.125,0,0,0.125,0,0,3
MOYRB,Magenta,Purple,Purple,Purple,Purple,Purple,Purple,Purple,0,0.875,0.125,0,0,0,0,0,2
GOYRB,Yellow,Yellow,Purple,Purple,Purple,Purple,Purple,Yellow,0,0.625,0,0,0,0.375,0,0,2
COYRB,Purple,Purple,Purple,Purple,Magenta,Purple,Purple,Yellow,0,0.75,0.125,0,0,0.125,0,0,3
PGYRB,Yellow,Yellow,Yellow,Magenta,Magenta,Purple,Yellow,Yellow,0,0.125,0.25,0,0,0.625,0,0,3
MGYRB,Yellow,Yellow,Magenta,Purple,Purple,Purple,Yellow,Yellow,0,0.375,0.125,0,0,0.5,0,0,3
OGYRB,Yellow,Magenta,Purple,Purple,Purple,Purple,Purple,Yellow,0,0.625,0.125,0,0,0.25,0,0,3
CGYRB,Yellow,Yellow,Yellow,Purple,Purple,Yellow,Yellow,Yellow,0,0.25,0,0,0,0.75,0,0,2
PCYRB,Purple,Purple,Purple,Purple,Purple,Yellow,Yellow,Purple,0,0.75,0,0,0,0.25,0,0,2
MCYRB,Purple,Purple,Purple,Purple,Purple,Purple,Yellow,Purple,0,0.875,0,0,0,0.125,0,0,2
OCYRB,Purple,Purple,Purple,Purple,Magenta,Purple,Yellow,Yellow,0,0.625,0.125,0,0,0.25,0,0,3
GCYRB,Yellow,Yellow,Purple,Yellow,Yellow,Yellow,Yellow,Yellow,0,0.125,0,0,0,0.875,0,0,2
MPGRB,Cyan,Cyan,Cyan,Purple,Purple,Purple,Cyan,Cyan,0,0.375,0,0,0,0,0,0.625,2
OPGRB,Cyan,Cyan,Purple,Purple,Purple,Purple,Purple,Cyan,0,0.625,0,0,0,0,0,0.375,2
YPGRB,Cyan,Cyan,Purple,Purple,Purple,Purple,Cyan,Cyan,0,0.5,0,0,0,0,0,0.5,2
CPGRB,Cyan,Cyan,Cyan,Purple,Purple,Cyan,Cyan,Cyan,0,0.25,0,0,0,0,0,0.75,2
PMGRB,Cyan,Cyan,Cyan,Purple,Purple,Purple,Cyan,Cyan,0,0.375,0,0,0,0,0,0.625,2
OMGRB,Cyan,Purple,Purple,Purple,Purple,Purple,Purple,Cyan,0,0.75,0,0,0,0,0,0.25,2
YMGRB,Cyan,Cyan,Purple,Purple,Purple,Purple,Yellow,Yellow,0,0.5,0,0,0,0.25,0,0.25,3
CMGRB,Cyan,Cyan,Cyan,Purple,Purple,Yellow,Yellow,Cyan,0,0.25,0,0,0,0.25,0,0.5,3
POGRB,Cyan,Purple,Cyan,Purple,Purple,Purple,Cyan,Cyan,0,0.5,0,0,0,0,0,0.5,2
MOGRB,Purple,Cyan,Purple,Purple,Purple,Purple,Purple,Cyan,0,0.75,0,0,0,0,0,0.25,2
YOGRB,Cyan,Purple,Purple,Purple,Purple,Purple,Purple,Purple,0,0.875,0,0,0,0,0,0.125,2
COGRB,Cyan,Cyan,Cyan,Purple,Purple,Purple,Purple,Cyan,0,0.5,0,0,0,0,0,0.5,2
PYGRB,Cyan,Cyan,Cyan,Purple,Purple,Purple,Yellow,Cyan,0,0.375,0,0,0,0.125,0,0.5,3
MYGRB,Cyan,Cyan,Purple,Purple,Purple,Purple,Yellow,Cyan,0,0.5,0,0,0,0.125,0,0.375,3
OYGRB,Cyan,Purple,Purple,Purple,Purple,Purple,Purple,Yellow,0,0.75,0,0,0,0.125,0,0.125,3
CYGRB,Cyan,Cyan,Cyan,Purple,Purple,Yellow,Yellow,Yellow,0,0.25,0,0,0,0.375,0,0.375,3
PCGRB,Cyan,Cyan,Cyan,Cyan,Cyan,Yellow,Cyan,Cyan,0,0,0,0,0,0.125,0,0.875,2
MCGRB,Cyan,Cyan,Cyan,Purple,Purple,Purple,Yellow,Cyan,0,0.375,0,0,0,0.125,0,0.5,3
OCGRB,Cyan,Cyan,Purple,Purple,Purple,Purple,Yellow,Cyan,0,0.5,0,0,0,0.125,0,0.375,3
YCGRB,Cyan,Cyan,Purple,Purple,Purple,Yellow,Yellow,Yellow,0,0.375,0,0,0,0.375,0,0.25,3
MPCRB,Purple,Purple,Purple,Purple,Purple,Purple,Cyan,Purple,0,0.875,0,0,0,0,0,0.125,2
OPCRB,Purple,Purple,Purple,Purple,Purple,Purple,Yellow,Purple,0,0.875,0,0,0,0.125,0,0,2
YPCRB,Purple,Purple,Purple,Purple,Purple,Yellow,Cyan,Cyan,0,0.625,0,0,0,0.125,0,0.25,3
GPCRB,Purple,Purple,Purple,Yellow,Yellow,Yellow,Cyan,Purple,0,0.5,0,0,0,0.375,0,0.125,3
PMCRB,Purple,Purple,Purple,Purple,Purple,Magenta,Purple,Purple,0,0.875,0.125,0,0,0,0,0,2
OMCRB,Purple,Purple,Magenta,Magenta,Magenta,Magenta,Magenta,Purple,0,0.375,0.625,0,0,0,0,0,2
YMCRB,Purple,Purple,Magenta,Magenta,Magenta,Magenta,Yellow,Yellow,0,0.25,0.5,0,0,0.25,0,0,3
GMCRB,Purple,Purple,Purple,Magenta,Magenta,Magenta,Yellow,Purple,0,0.5,0.375,0,0,0.125,0,0,3
POCRB,Purple,Purple,Purple,Magenta,Magenta,Magenta,Cyan,Purple,0,0.5,0.375,0,0,0,0,0.125,3
MOCRB,Purple,Purple,Magenta,Magenta,Magenta,Magenta,Yellow,Purple,0,0.375,0.5,0,0,0.125,0,0,3
YOCRB,Purple,Purple,Magenta,Purple,Magenta,Magenta,Yellow,Yellow,0,0.375,0.375,0,0,0.25,0,0,3
GOCRB,Cyan,Cyan,Magenta,Magenta,Magenta,Magenta,Yellow,Cyan,0,0,0.5,0,0,0.125,0,0.375,3
PYCRB,Purple,Purple,Purple,Magenta,Magenta,Yellow,Yellow,Purple,0,0.5,0.25,0,0,0.25,0,0,3
MYCRB,Purple,Purple,Magenta,Purple,Purple,Purple,Yellow,Purple,0,0.75,0.125,0,0,0.125,0,0,3
OYCRB,Purple,Magenta,Purple,Purple,Magenta,Purple,Yellow,Yellow,0,0.5,0.25,0,0,0.25,0,0,3
GYCRB,Yellow,Yellow,Magenta,Yellow,Yellow,Yellow,Yellow,Yellow,0,0,0.125,0,0,0.875,0,0,2
PGCRB,Cyan,Cyan,Cyan,Purple,Purple,Yellow,Cyan,Cyan,0,0.25,0,0,0,0.125,0,0.625,3
MGCRB,Cyan,Cyan,Purple,Yellow,Yellow,Yellow,Yellow,Cyan,0,0.125,0,0,0,0.5,0,0.375,3
OGCRB,Cyan,Purple,Yellow,Yellow,Yellow,Yellow,Yellow,Cyan,0,0.125,0,0,0,0.625,0,0.25,3
YGCRB,Cyan,Cyan,Yellow,Yellow,Yellow,Yellow,Yellow,Yellow,0,0,0,0,0,0.75,0,0.25,2
RMPOB,Purple,Purple,Purple,Magenta,Magenta,Magenta,Magenta,Purple,0,0.5,0.5,0,0,0,0,0,2
YMPOB,Purple,Purple,Magenta,Magenta,Magenta,Magenta,Cyan,Cyan,0,0.25,0.5,0,0,0,0,0.25,3
GMPOB,Purple,Purple,Purple,Magenta,Magenta,Magenta,Cyan,Purple,0,0.5,0.375,0,0,0,0,0.125,3
CMPOB,Purple,Purple,Purple,Magenta,Magenta,Cyan,Cyan,Purple,0,0.5,0.25,0,0,0,0,0.25,3
MRPOB,Purple,Purple,Purple,Magenta,Magenta,Magenta,Magenta,Purple,0,0.5,0.5,0,0,0,0,0,2
YRPOB,Purple,Purple,Magenta,Magenta,Magenta,Magenta,Magenta,Magenta,0,0.25,0.75,0,0,0,0,0,2
GRPOB,Purple,Purple,Purple,Magenta,Magenta,Magenta,Magenta,Purple,0,0.5,0.5,0,0,0,0,0,2
CRPOB,Purple,Purple,Purple,Magenta,Magenta,Magenta,Magenta,Purple,0,0.5,0.5,0,0,0,0,0,2
MYPOB,Purple,Purple,Magenta,Magenta,Magenta,Magenta,Cyan,Purple,0,0.375,0.5,0,0,0,0,0.125,3
RYPOB,Magenta,Magenta,Magenta,Magenta,Magenta,Magenta,Magenta,Cyan,0,0,0.875,0,0,0,0,0.125,2
GYPOB,Cyan,Cyan,Magenta,Magenta,Magenta,Magenta,Cyan,Cyan,0,0,0.5,0,0,0,0,0.5,2
CYPOB,Purple,Purple,Purple,Magenta,Magenta,Cyan,Cyan,Cyan,0,0.375,0.25,0,0,0,0,0.375,3
MGPOB,Purple,Purple,Purple,Magenta,Magenta,Magenta,Cyan,Purple,0,0.5,0.375,0,0,0,0,0.125,3
RGPOB,Purple,Purple,Purple,Magenta,Magenta,Magenta,Magenta,Purple,0,0.5,0.5,0,0,0,0,0,2
YGPOB,Purple,Purple,Magenta,Magenta,Magenta,Magenta,Cyan,Cyan,0,0.25,0.5,0,0,0,0,0.25,3
CGPOB,Purple,Purple,Purple,Magenta,Magenta,Cyan,Cyan,Purple,0,0.5,0.25,0,0,0,0,0.25,3
MCPOB,Purple,Purple,Purple,Magenta,Magenta,Magenta,Cyan,Purple,0,0.5,0.375,0,0,0,0,0.125,3
RCPOB,Purple,Purple,Purple,Magenta,Magenta,Magenta,Cyan,Purple,0,0.5,0.375,0,0,0,0,0.125,3
YCPOB,Purple,Purple,Magenta,Magenta,Magenta,Cyan,Cyan,Cyan,0,0.25,0.375,0,0,0,0,0.375,3
GCPOB,Purple,Purple,Purple,Cyan,Cyan,Cyan,Cyan,Purple,0,0.5,0,0,0,0,0,0.5,2
RPMOB,Purple,Purple,Purple,Magenta,Magenta,Magenta,Magenta,Purple,0,0.5,0.5,0,0,0,0,0,2
YPMOB,Purple,Purple,Magenta,Magenta,Magenta,Magenta,Purple,Purple,0,0.5,0.5,0,0,0,0,0,2
GPMOB,Purple,Purple,Purple,Magenta,Magenta,Magenta,Purple,Purple,0,0.625,0.375,0,0,0,0,0,2
CPMOB,Purple,Purple,Purple,Magenta,Magenta,Purple,Purple,Purple,0,0.75,0.25,0,0,0,0,0,2
PRMOB,Magenta,Magenta,Magenta,Magenta,Magenta,Magenta,Purple,Magenta,0,0.125,0.875,0,0,0,0,0,2
YRMOB,Magenta,Magenta,Magenta,Magenta,Magenta,Magenta,Magenta,Magenta,0,0,1,0,0,0,0,0,1
GRMOB,Purple,Purple,Magenta,Magenta,Magenta,Magenta,Magenta,Purple,0,0.375,0.625,0,0,0,0,0,2
CRMOB,Magenta,Magenta,Magenta,Magenta,Magenta,Magenta,Magenta,Purple,0,0.125,0.875,0,0,0,0,0,2
PYMOB,Purple,Purple,Purple,Magenta,Magenta,Magenta,Yellow,Purple,0,0.5,0.375,0,0,0.125,0,0,3
RYMOB,Magenta,Magenta,Magenta,Magenta,Magenta,Magenta,Magenta,Yellow,0,0,0.875,0,0,0.125,0,0,2
GYMOB,Yellow,Yellow,Magenta,Magenta,Magenta,Magenta,Yellow,Yellow,0,0,0.5,0,0,0.5,0,0,2
CYMOB,Purple,Purple,Purple,Magenta,Magenta,Yellow,Yellow,Yellow,0,0.375,0.25,0,0,0.375,0,0,3
PGMOB,Purple,Purple,Purple,Magenta,Magenta,Magenta,Purple,Purple,0,0.625,0.375,0,0,0,0,0,2
RGMOB,Magenta,Magenta,Magenta,Magenta,Magenta,Magenta,Magenta,Purple,0,0.125,0.875,0,0,0,0,0,2
YGMOB,Purple,Purple,Magenta,Magenta,Magenta,Magenta,Yellow,Yellow,0,0.25,0.5,0,0,0.25,0,0,3
CGMOB,Purple,Purple,Purple,Magenta,Magenta,Yellow,Yellow,Purple,0,0.5,0.25,0,0,0.25,0,0,3
PCMOB,Purple,Purple,Purple,Purple,Purple,Yellow,Purple,Purple,0,0.875,0,0,0,0.125,0,0,2
RCMOB,Purple,Purple,Purple,Magenta,Magenta,Magenta,Yellow,Purple,0,0.5,0.375,0,0,0.125,0,0,3
YCMOB,Purple,Purple,Magenta,Magenta,Magenta,Yellow,Yellow,Yellow,0,0.25,0.375,0,0,0.375,0,0,3
GCMOB,Purple,Purple,Purple,Yellow,Yellow,Yellow,Yellow,Purple,0,0.5,0,0,0,0.5,0,0,2
MPROB,Magenta,Magenta,Magenta,Magenta,Magenta,Magenta,Cyan,Magenta,0,0,0.875,0,0,0,0,0.125,2
YPROB,Magenta,Magenta,Magenta,Magenta,Magenta,Purple,Cyan,Cyan,0,0.125,0.625,0,0,0,0,0.25,3
GPROB,Magenta,Magenta,Magenta,Purple,Purple,Purple,Cyan,Magenta,0,0.375,0.5,0,0,0,0,0.125,3
CPROB,Magenta,Magenta,Magenta,Magenta,Magenta,Cyan,Cyan,Magenta,0,0,0.75,0,0,0,0,0.25,2
PMROB,Magenta,Magenta,Magenta,Magenta,Magenta,Magenta,Magenta,Magenta,0,0,1,0,0,0,0,0,1
YMROB,Magenta,Magenta,Magenta,Magenta,Magenta,Magenta,Magenta,Magenta,0,0,1,0,0,0,0,0,1
GMROB,Magenta,Magenta,Magenta,Magenta,Magenta,Magenta,Magenta,Magenta,0,0,1,0,0,0,0,0,1
CMROB,Magenta,Magenta,Magenta,Magenta,Magenta,Magenta,Magenta,Magenta,0,0,1,0,0,0,0,0,1
PYROB,Magenta,Magenta,Magenta,Magenta,Magenta,Purple,Magenta,Magenta,0,0.125,0.875,0,0,0,0,0,2
MYROB,Magenta,Magenta,Magenta,Purple,Purple,Purple,Magenta,Magenta,0,0.375,0.625,0,0,0,0,0,2
GYROB,Magenta,Magenta,Magenta,Purple,Purple,Purple,Magenta,Magenta,0,0.375,0.625,0,0,0,0,0,2
CYROB,Magenta,Magenta,Magenta,Purple,Magenta,Magenta,Magenta,Magenta,0,0.125,0.875,0,0,0,0,0,2
PGROB,Cyan,Cyan,Cyan,Magenta,Magenta,Purple,Cyan,Cyan,0,0.125,0.25,0,0,0,0,0.625,3
MGROB,Cyan,Cyan,Magenta,Purple,Purple,Purple,Magenta,Cyan,0,0.375,0.25,0,0,0,0,0.375,3
YGROB,Cyan,Cyan,Purple,Purple,Purple,Purple,Magenta,Magenta,0,0.5,0.25,0,0,0,0,0.25,3
CGROB,Cyan,Cyan,Cyan,Purple,Purple,Magenta,Magenta,Cyan,0,0.25,0.25,0,0,0,0,0.5,3
PCROB,Magenta,Magenta,Magenta,Magenta,Magenta,Magenta,Cyan,Magenta,0,0,0.875,0,0,0,0,0.125,2
MCROB,Magenta,Magenta,Magenta,Magenta,Magenta,Magenta,Magenta,Magenta,0,0,1,0,0,0,0,0,1
YCROB,Magenta,Magenta,Magenta,Purple,Magenta,Magenta,Magenta,Magenta,0,0.125,0.875,0,0,0,0,0,2
GCROB,Cyan,Cyan,Magenta,Magenta,Magenta,Magenta,Magenta,Cyan,0,0,0.625,0,0,0,0,0.375,2
MPYOB,Purple,Purple,Purple,Magenta,Magenta,Magenta,Yellow,Purple,0,0.5,0.375,0,0,0.125,0,0,3
RPYOB,Purple,Purple,Purple,Magenta,Magenta,Magenta,Magenta,Purple,0,0.5,0.5,0,0,0,0,0,2
GPYOB,Purple,Purple,Purple,Magenta,Magenta,Magenta,Yellow,Purple,0,0.5,0.375,0,0,0.125,0,0,3
CPYOB,Purple,Purple,Purple,Magenta,Magenta,Yellow,Yellow,Purple,0,0.5,0.25,0,0,0.25,0,0,3
PMYOB,Purple,Purple,Purple,Magenta,Magenta,Purple,Purple,Purple,0,0.75,0.25,0,0,0,0,0,2
RMYOB,Magenta,Magenta,Magenta,Purple,Purple,Purple,Purple,Purple,0,0.625,0.375,0,0,0,0,0,2
GMYOB,Purple,Purple,Magenta,Purple,Purple,Purple,Yellow,Purple,0,0.75,0.125,0,0,0.125,0,0,3
CMYOB,Purple,Purple,Purple,Purple,Purple,Yellow,Yellow,Purple,0,0.75,0,0,0,0.25,0,0,2
PRYOB,Magenta,Magenta,Magenta,Magenta,Magenta,Magenta,Yellow,Magenta,0,0,0.875,0,0,0.125,0,0,2
MRYOB,Magenta,Magenta,Magenta,Purple,Purple,Purple,Magenta,Magenta,0,0.375,0.625,0,0,0,0,0,2
GRYOB,Yellow,Yellow,Magenta,Magenta,Magenta,Magenta,Magenta,Yellow,0,0,0.625,0,0,0.375,0,0,2
CRYOB,Magenta,Magenta,Magenta,Purple,Magenta,Magenta,Magenta,Yellow,0,0.125,0.75,0,0,0.125,0,0,3
PGYOB,Yellow,Yellow,Yellow,Magenta,Magenta,Magenta,Yellow,Yellow,0,0,0.375,0,0,0.625,0,0,2
MGYOB,Yellow,Yellow,Magenta,Magenta,Magenta,Magenta,Yellow,Yellow,0,0,0.5,0,0,0.5,0,0,2
RGYOB,Magenta,Magenta,Magenta,Magenta,Magenta,Magenta,Magenta,Yellow,0,0,0.875,0,0,0.125,0,0,2
CGYOB,Yellow,Yellow,Yellow,Magenta,Magenta,Yellow,Yellow,Yellow,0,0,0.25,0,0,0.75,0,0,2
PCYOB,Purple,Purple,Purple,Purple,Purple,Yellow,Yellow,Purple,0,0.75,0,0,0,0.25,0,0,2
MCYOB,Purple,Purple,Purple,Purple,Purple,Purple,Yellow,Purple,0,0.875,0,0,0,0.125,0,0,2
RCYOB,Purple,Purple,Purple,Purple,Magenta,Magenta,Yellow,Yellow,0,0.5,0.25,0,0,0.25,0,0,3
GCYOB,Yellow,Yellow,Purple,Yellow,Yellow,Yellow,Yellow,Yellow,0,0.125,0,0,0,0.875,0,0,2
MPGOB,Cyan,Cyan,Cyan,Magenta,Magenta,Magenta,Cyan,Cyan,0,0,0.375,0,0,0,0,0.625,2
RPGOB,Cyan,Cyan,Cyan,Magenta,Magenta,Magenta,Magenta,Cyan,0,0,0.5,0,0,0,0,0.5,2
YPGOB,Cyan,Cyan,Magenta,Magenta,Magenta,Magenta,Cyan,Cyan,0,0,0.5,0,0,0,0,0.5,2
CPGOB,Cyan,Cyan,Cyan,Magenta,Magenta,Cyan,Cyan,Cyan,0,0,0.25,0,0,0,0,0.75,2
PMGOB,Cyan,Cyan,Cyan,Magenta,Magenta,Magenta,Cyan,Cyan,0,0,0.375,0,0,0,0,0.625,2
RMGOB,Magenta,Magenta,Magenta,Magenta,Magenta,Magenta,Magenta,Cyan,0,0,0.875,0,0,0,0,0.125,2
YMGOB,Cyan,Cyan,Magenta,Magenta,Magenta,Magenta,Yellow,Yellow,0,0,0.5,0,0,0.25,0,0.25,3
CMGOB,Cyan,Cyan,Cyan,Magenta,Magenta,Yellow,Yellow,Cyan,0,0,0.25,0,0,0.25,0,0.5,3
PRGOB,Magenta,Magenta,Magenta,Magenta,Magenta,Magenta,Cyan,Magenta,0,0,0.875,0,0,0,0,0.125,2
MRGOB,Magenta,Magenta,Magenta,Magenta,Magenta,Magenta,Magenta,Magenta,0,0,1,0,0,0,0,0,1
YRGOB,Magenta,Magenta,Magenta,Magenta,Magenta,Magenta,Magenta,Magenta,0,0,1,0,0,0,0,0,1
CRGOB,Magenta,Magenta,Magenta,Magenta,Magenta,Magenta,Magenta,Cyan,0,0,0.875,0,0,0,0,0.125,2
PYGOB,Cyan,Cyan,Cyan,Magenta,Magenta,Magenta,Yellow,Cyan,0,0,0.375,0,0,0.125,0,0.5,3
MYGOB,Cyan,Cyan,Magenta,Magenta,Magenta,Magenta,Yellow,Cyan,0,0,0.5,0,0,0.125,0,0.375,3
RYGOB,Magenta,Magenta,Magenta,Magenta,Magenta,Magenta,Magenta,Yellow,0,0,0.875,0,0,0.125,0,0,2
CYGOB,Cyan,Cyan,Cyan,Magenta,Magenta,Yellow,Yellow,Yellow,0,0,0.25,0,0,0.375,0,0.375,3
PCGOB,Cyan,Cyan,Cyan,Cyan,Cyan,Yellow,Cyan,Cyan,0,0,0,0,0,0.125,0,0.875,2
MCGOB,Cyan,Cyan,Cyan,Magenta,Magenta,Magenta,Yellow,Cyan,0,0,0.375,0,0,0.125,0,0.5,3
RCGOB,Cyan,Cyan,Cyan,Magenta,Magenta,Magenta,Yellow,Cyan,0,0,0.375,0,0,0.125,0,0.5,3
YCGOB,Cyan,Cyan,Magenta,Magenta,Magenta,Yellow,Yellow,Yellow,0,0,0.375,0,0,0.375,0,0.25,3
MPCOB,Purple,Purple,Purple,Purple,Purple,Purple,Cyan,Purple,0,0.875,0,0,0,0,0,0.125,2
RPCOB,Purple,Purple,Purple,Purple,Purple,Purple,Yellow,Purple,0,0.875,0,0,0,0.125,0,0,2
YPCOB,Purple,Purple,Purple,Purple,Purple,Yellow,Cyan,Cyan,0,0.625,0,0,0,0.125,0,0.25,3
GPCOB,Purple,Purple,Purple,Yellow,Yellow,Yellow,Cyan,Purple,0,0.5,0,0,0,0.375,0,0.125,3
PMCOB,Purple,Purple,Purple,Purple,Purple,Magenta,Purple,Purple,0,0.875,0.125,0,0,0,0,0,2
RMCOB,Purple,Purple,Purple,Magenta,Magenta,Magenta,Magenta,Purple,0,0.5,0.5,0,0,0,0,0,2
YMCOB,Purple,Purple,Magenta,Magenta,Magenta,Magenta,Yellow,Yellow,0,0.25,0.5,0,0,0.25,0,0,3
GMCOB,Purple,Purple,Purple,Magenta,Magenta,Magenta,Yellow,Purple,0,0.5,0.375,0,0,0.125,0,0,3
PRCOB,Purple,Purple,Purple,Purple,Purple,Purple,Cyan,Purple,0,0.875,0,0,0,0,0,0.125,2
MRCOB,Purple,Purple,Purple,Magenta,Magenta,Magenta,Yellow,Purple,0,0.5,0.375,0,0,0.125,0,0,3
YRCOB,Purple,Purple,Magenta,Purple,Magenta,Purple,Yellow,Yellow,0,0.5,0.25,0,0,0.25,0,0,3
GRCOB,Cyan,Cyan,Purple,Purple,Purple,Purple,Yellow,Cyan,0,0.5,0,0,0,0.125,0,0.375,3
PYCOB,Purple,Purple,Purple,Magenta,Magenta,Yellow,Yellow,Purple,0,0.5,0.25,0,0,0.25,0,0,3
MYCOB,Purple,Purple,Magenta,Purple,Purple,Purple,Yellow,Purple,0,0.75,0.125,0,0,0.125,0,0,3
RYCOB,Magenta,Magenta,Magenta,Purple,Magenta,Magenta,Yellow,Yellow,0,0.125,0.625,0,0,0.25,0,0,3
GYCOB,Yellow,Yellow,Magenta,Yellow,Yellow,Yellow,Yellow,Yellow,0,0,0.125,0,0,0.875,0,0,2
PGCOB,Cyan,Cyan,Cyan,Purple,Purple,Yellow,Cyan,Cyan,0,0.25,0,0,0,0.125,0,0.625,3
MGCOB,Cyan,Cyan,Purple,Yellow,Yellow,Yellow,Yellow,Cyan,0,0.125,0,0,0,0.5,0,0.375,3
RGCOB,Purple,Purple,Purple,Yellow,Yellow,Yellow,Yellow,Cyan,0,0.375,0,0,0,0.5,0,0.125,3
YGCOB,Cyan,Cyan,Yellow,Yellow,Yellow,Yellow,Yellow,Yellow,0,0,0,0,0,0.75,0,0.25,2
RMPYB,Blue,Blue,Blue,Magenta,Magenta,Magenta,Magenta,Blue,0.5,0,0.5,0,0,0,0,0,2
OMPYB,Blue,Blue,Magenta,Magenta,Magenta,Magenta,Magenta,Blue,0.375,0,0.625,0,0,0,0,0,2
GMPYB,Blue,Blue,Blue,Magenta,Magenta,Magenta,Cyan,Blue,0.5,0,0.375,0,0,0,0,0.125,3
CMPYB,Purple,Purple,Purple,Magenta,Magenta,Cyan,Cyan,Blue,0.125,0.375,0.25,0,0,0,0,0.25,4
MRPYB,Blue,Blue,Blue,Magenta,Magenta,Magenta,Yellow,Blue,0.5,0,0.375,0,0,0.125,0,0,3
ORPYB,Blue,Blue,Magenta,Magenta,Magenta,Magenta,Magenta,Blue,0.375,0,0.625,0,0,0,0,0,2
GRPYB,Blue,Blue,Blue,Magenta,Magenta,Magenta,Yellow,Blue,0.5,0,0.375,0,0,0.125,0,0,3
CRPYB,Blue,Blue,Blue,Magenta,Magenta,Yellow,Yellow,Blue,0.5,0,0.25,0,0,0.25,0,0,3
MOPYB,Blue,Purple,Magenta,Magenta,Magenta,Magenta,Yellow,Purple,0.125,0.25,0.5,0,0,0.125,0,0,4
ROPYB,Magenta,Magenta,Magenta,Magenta,Magenta,Magenta,Magenta,Blue,0.125,0,0.875,0,0,0,0,0,2
GOPYB,Blue,Blue,Magenta,Magenta,Magenta,Magenta,Yellow,Blue,0.375,0,0.5,0,0,0.125,0,0,3
COPYB,Purple,Purple,Purple,Magenta,Magenta,Yellow,Yellow,Blue,0.125,0.375,0.25,0,0,0.25,0,0,4
MGPYB,Blue,Blue,Blue,Yellow,Yellow,Yellow,Cyan,Blue,0.5,0,0,0,0,0.375,0,0.125,3
RGPYB,Blue,Blue,Blue,Yellow,Yellow,Yellow,Yellow,Blue,0.5,0,0,0,0,0.5,0,0,2
OGPYB,Blue,Blue,Yellow,Yellow,Yellow,Yellow,Yellow,Blue,0.375,0,0,0,0,0.625,0,0,2
CGPYB,Blue,Blue,Blue,Yellow,Yellow,Cyan,Cyan,Blue,0.5,0,0,0,0,0.25,0,0.25,3
MCPYB,Blue,Blue,Blue,Magenta,Magenta,Magenta,Cyan,Blue,0.5,0,0.375,0,0,0,0,0.125,3
RCPYB,Blue,Blue,Blue,Magenta,Magenta,Magenta,Cyan,Blue,0.5,0,0.375,0,0,0,0,0.125,3
OCPYB,Blue,Blue,Magenta,Magenta,Magenta,Magenta,Cyan,Blue,0.375,0,0.5,0,0,0,0,0.125,3
GCPYB,Blue,Blue,Blue,Cyan,Cyan,Cyan,Cyan,Blue,0.5,0,0,0,0,0,0,0.5,2
RPMYB,Purple,Purple,Purple,Magenta,Magenta,Magenta,Purple,Purple,0,0.625,0.375,0,0,0,0,0,2
OPMYB,Blue,Purple,Magenta,Magenta,Magenta,Magenta,Purple,Purple,0.125,0.375,0.5,0,0,0,0,0,3
GPMYB,Purple,Purple,Purple,Purple,Purple,Purple,Blue,Purple,0.125,0.875,0,0,0,0,0,0,2
CPMYB,Purple,Purple,Purple,Magenta,Magenta,Blue,Blue,Purple,0.25,0.5,0.25,0,0,0,0,0,3
PRMYB,Magenta,Magenta,Magenta,Magenta,Magenta,Purple,Blue,Magenta,0.125,0.125,0.75,0,0,0,0,0,3
ORMYB,Magenta,Magenta,Purple,Purple,Purple,Purple,Purple,Blue,0.125,0.625,0.25,0,0,0,0,0,3
GRMYB,Blue,Blue,Magenta,Purple,Purple,Purple,Purple,Blue,0.375,0.5,0.125,0,0,0,0,0,3
CRMYB,Magenta,Magenta,Magenta,Purple,Purple,Purple,Purple,Blue,0.125,0.5,0.375,0,0,0,0,0,3
POMYB,Blue,Magenta,Blue,Purple,Purple,Purple,Blue,Blue,0.5,0.375,0.125,0,0,0,0,0,3
ROMYB,Purple,Purple,Purple,Purple,Purple,Purple,Purple,Blue,0.125,0.875,0,0,0,0,0,0,2
GOMYB,Blue,Blue,Purple,Purple,Purple,Purple,Purple,Blue,0.375,0.625,0,0,0,0,0,0,2
COMYB,Blue,Blue,Blue,Purple,Purple,Purple,Purple,Blue,0.5,0.5,0,0,0,0,0,0,2
PGMYB,Blue,Blue,Blue,Magenta,Magenta,Purple,Blue,Blue,0.625,0.125,0.25,0,0,0,0,0,3
RGMYB,Magenta,Magenta,Magenta,Purple,Purple,Purple,Purple,Blue,0.125,0.5,0.375,0,0,0,0,0,3
OGMYB,Blue,Magenta,Purple,Purple,Purple,Purple,Purple,Blue,0.25,0.625,0.125,0,0,0,0,0,3
CGMYB,Blue,Blue,Blue,Purple,Purple,Cyan,Cyan,Blue,0.5,0.25,0,0,0,0,0,0.25,3
PCMYB,Purple,Purple,Purple,Purple,Purple,Cyan,Blue,Purple,0.125,0.75,0,0,0,0,0,0.125,3
RCMYB,Purple,Purple,Purple,Purple,Purple,Purple,Cyan,Blue,0.125,0.75,0,0,0,0,0,0.125,3
OCMYB,Purple,Purple,Purple,Purple,Purple,Purple,Cyan,Blue,0.125,0.75,0,0,0,0,0,0.125,3
GCMYB,Blue,Blue,Purple,Cyan,Cyan,Cyan,Cyan,Blue,0.375,0.125,0,0,0,0,0,0.5,3
MPRYB,Magenta,Magenta,Magenta,Magenta,Magenta,Magenta,Cyan,Magenta,0,0,0.875,0,0,0,0,0.125,2
OPRYB,Magenta,Magenta,Magenta,Magenta,Magenta,Magenta,Magenta,Magenta,0,0,1,0,0,0,0,0,1
GPRYB,Magenta,Magenta,Magenta,Magenta,Magenta,Magenta,Cyan,Magenta,0,0,0.875,0,0,0,0,0.125,2
CPRYB,Magenta,Magenta,Magenta,Magenta,Magenta,Cyan,Cyan,Magenta,0,0,0.75,0,0,0,0,0.25,2
PMRYB,Magenta,Magenta,Magenta,Magenta,Magenta,Purple,Magenta,Magenta,0,0.125,0.875,0,0,0,0,0,2
OMRYB,Magenta,Magenta,Purple,Purple,Purple,Purple,Purple,Magenta,0,0.625,0.375,0,0,0,0,0,2
GMRYB,Magenta,Magenta,Magenta,Purple,Purple,Purple,Yellow,Magenta,0,0.375,0.5,0,0,0.125,0,0,3
CMRYB,Magenta,Magenta,Magenta,Purple,Purple,Yellow,Yellow,Magenta,0,0.25,0.5,0,0,0.25,0,0,3
PORYB,Magenta,Magenta,Magenta,Purple,Purple,Purple,Cyan,Magenta,0,0.375,0.5,0,0,0,0,0.125,3
MORYB,Magenta,Magenta,Purple,Purple,Purple,Purple,Magenta,Magenta,0,0.5,0.5,0,0,0,0,0,2
GORYB,Cyan,Cyan,Purple,Purple,Purple,Purple,Magenta,Cyan,0,0.5,0.125,0,0,0,0,0.375,3
CORYB,Magenta,Magenta,Magenta,Purple,Magenta,Magenta,Magenta,Cyan,0,0.125,0.75,0,0,0,0,0.125,3
PGRYB,Cyan,Cyan,Cyan,Magenta,Magenta,Magenta,Cyan,Cyan,0,0,0.375,0,0,0,0,0.625,2
MGRYB,Cyan,Cyan,Magenta,Magenta,Magenta,Magenta,Yellow,Cyan,0,0,0.5,0,0,0.125,0,0.375,3
OGRYB,Cyan,Magenta,Magenta,Magenta,Magenta,Magenta,Magenta,Cyan,0,0,0.75,0,0,0,0,0.25,2
CGRYB,Cyan,Cyan,Cyan,Magenta,Magenta,Yellow,Yellow,Cyan,0,0,0.25,0,0,0.25,0,0.5,3
PCRYB,Magenta,Magenta,Magenta,Magenta,Magenta,Yellow,Cyan,Magenta,0,0,0.75,0,0,0.125,0,0.125,3
MCRYB,Magenta,Magenta,Magenta,Purple,Purple,Purple,Yellow,Magenta,0,0.375,0.5,0,0,0.125,0,0,3
OCRYB,Magenta,Magenta,Purple,Purple,Magenta,Purple,Yellow,Cyan,0,0.375,0.375,0,0,0.125,0,0.125,4
GCRYB,Cyan,Cyan,Magenta,Yellow,Yellow,Yellow,Yellow,Cyan,0,0,0.125,0,0,0.5,0,0.375,3
MPOYB,Magenta,Purple,Purple,Purple,Purple,Purple,Cyan,Purple,0,0.75,0.125,0,0,0,0,0.125,3
RPOYB,Purple,Purple,Purple,Purple,Purple,Purple,Purple,Purple,0,1,0,0,0,0,0,0,1
GPOYB,Purple,Purple,Purple,Purple,Purple,Purple,Cyan,Purple,0,0.875,0,0,0,0,0,0.125,2
CPOYB,Purple,Purple,Purple,Purple,Purple,Cyan,Cyan,Purple,0,0.75,0,0,0,0,0,0.25,2
PMOYB,Magenta,Purple,Magenta,Purple,Purple,Purple,Purple,Magenta,0,0.625,0.375,0,0,0,0,0,2
RMOYB,Purple,Purple,Purple,Purple,Purple,Purple,Purple,Purple,0,1,0,0,0,0,0,0,1
GMOYB,Purple,Purple,Purple,Purple,Purple,Purple,Yellow,Purple,0,0.875,0,0,0,0.125,0,0,2
CMOYB,Magenta,Magenta,Magenta,Purple,Purple,Yellow,Yellow,Purple,0,0.375,0.375,0,0,0.25,0,0,3
PROYB,Purple,Purple,Purple,Purple,Purple,Magenta,Cyan,Purple,0,0.75,0.125,0,0,0,0,0.125,3
MROYB,Purple,Purple,Purple,Purple,Purple,Purple,Purple,Purple,0,1,0,0,0,0,0,0,1
GROYB,Cyan,Cyan,Purple,Magenta,Magenta,Magenta,Purple,Cyan,0,0.25,0.375,0,0,0,0,0.375,3
CROYB,Purple,Purple,Purple,Purple,Magenta,Purple,Purple,Cyan,0,0.75,0.125,0,0,0,0,0.125,3
PGOYB,Cyan,Cyan,Cyan,Purple,Purple,Purple,Cyan,Cyan,0,0.375,0,0,0,0,0,0.625,2
MGOYB,Cyan,Cyan,Purple,Purple,Purple,Purple,Yellow,Cyan,0,0.5,0,0,0,0.125,0,0.375,3
RGOYB,Purple,Purple,Purple,Purple,Purple,Purple,Purple,Cyan,0,0.875,0,0,0,0,0,0.125,2
CGOYB,Cyan,Cyan,Cyan,Purple,Purple,Yellow,Yellow,Cyan,0,0.25,0,0,0,0.25,0,0.5,3
PCOYB,Purple,Purple,Purple,Purple,Purple,Yellow,Cyan,Purple,0,0.75,0,0,0,0.125,0,0.125,3
MCOYB,Purple,Purple,Purple,Purple,Purple,Purple,Yellow,Purple,0,0.875,0,0,0,0.125,0,0,2
RCOYB,Purple,Purple,Purple,Purple,Magenta,Magenta,Yellow,Cyan,0,0.5,0.25,0,0,0.125,0,0.125,4
GCOYB,Cyan,Cyan,Purple,Yellow,Yellow,Yellow,Yellow,Cyan,0,0.125,0,0,0,0.5,0,0.375,3
MPGYB,Cyan,Cyan,Cyan,Magenta,Magenta,Magenta,Cyan,Cyan,0,0,0.375,0,0,0,0,0.625,2
RPGYB,Cyan,Cyan,Cyan,Magenta,Magenta,Magenta,Yellow,Cyan,0,0,0.375,0,0,0.125,0,0.5,3
OPGYB,Cyan,Cyan,Magenta,Magenta,Magenta,Magenta,Yellow,Cyan,0,0,0.5,0,0,0.125,0,0.375,3
CPGYB,Cyan,Cyan,Cyan,Magenta,Magenta,Cyan,Cyan,Cyan,0,0,0.25,0,0,0,0,0.75,2
PMGYB,Cyan,Cyan,Cyan,Magenta,Magenta,Yellow,Cyan,Cyan,0,0,0.25,0,0,0.125,0,0.625,3
RMGYB,Magenta,Magenta,Magenta,Yellow,Yellow,Yellow,Yellow,Cyan,0,0,0.375,0,0,0.5,0,0.125,3
OMGYB,Cyan,Magenta,Yellow,Yellow,Yellow,Yellow,Yellow,Cyan,0,0,0.125,0,0,0.625,0,0.25,3
CMGYB,Cyan,Cyan,Cyan,Yellow,Yellow,Cyan,Cyan,Cyan,0,0,0,0,0,0.25,0,0.75,2
PRGYB,Magenta,Magenta,Magenta,Magenta,Magenta,Yellow,Cyan,Magenta,0,0,0.75,0,0,0.125,0,0.125,3
MRGYB,Magenta,Magenta,Magenta,Yellow,Yellow,Yellow,Yellow,Magenta,0,0,0.5,0,0,0.5,0,0,2
ORGYB,Magenta,Magenta,Yellow,Yellow,Yellow,Yellow,Yellow,Cyan,0,0,0.25,0,0,0.625,0,0.125,3
CRGYB,Magenta,Magenta,Magenta,Yellow,Yellow,Yellow,Yellow,Cyan,0,0,0.375,0,0,0.5,0,0.125,3
POGYB,Cyan,Magenta,Cyan,Yellow,Yellow,Yellow,Cyan,Cyan,0,0,0.125,0,0,0.375,0,0.5,3
MOGYB,Magenta,Cyan,Yellow,Yellow,Yellow,Yellow,Yellow,Cyan,0,0,0.125,0,0,0.625,0,0.25,3
ROGYB,Yellow,Yellow,Yellow,Yellow,Yellow,Yellow,Yellow,Cyan,0,0,0,0,0,0.875,0,0.125,2
COGYB,Cyan,Cyan,Cyan,Yellow,Yellow,Yellow,Yellow,Cyan,0,0,0,0,0,0.5,0,0.5,2
PCGYB,Cyan,Cyan,Cyan,Cyan,Cyan,Cyan,Cyan,Cyan,0,0,0,0,0,0,0,1,1
MCGYB,Cyan,Cyan,Cyan,Yellow,Yellow,Yellow,Cyan,Cyan,0,0,0,0,0,0.375,0,0.625,2
RCGYB,Cyan,Cyan,Cyan,Yellow,Yellow,Yellow,Cyan,Cyan,0,0,0,0,0,0.375,0,0.625,2
OCGYB,Cyan,Cyan,Yellow,Yellow,Yellow,Yellow,Cyan,Cyan,0,0,0,0,0,0.5,0,0.5,2
MPCYB,Blue,Blue,Blue,Blue,Blue,Blue,Cyan,Blue,0.875,0,0,0,0,0,0,0.125,2
RPCYB,Blue,Blue,Blue,Blue,Blue,Blue,Cyan,Blue,0.875,0,0,0,0,0,0,0.125,2
OPCYB,Blue,Blue,Blue,Blue,Blue,Blue,Cyan,Blue,0.875,0,0,0,0,0,0,0.125,2
GPCYB,Blue,Blue,Blue,Cyan,Cyan,Cyan,Cyan,Blue,0.5,0,0,0,0,0,0,0.5,2
PMCYB,Blue,Blue,Blue,Blue,Blue,Purple,Blue,Blue,0.875,0.125,0,0,0,0,0,0,2
RMCYB,Blue,Blue,Blue,Purple,Purple,Purple,Purple,Blue,0.5,0.5,0,0,0,0,0,0,2
OMCYB,Blue,Blue,Purple,Purple,Purple,Purple,Purple,Blue,0.375,0.625,0,0,0,0,0,0,2
GMCYB,Blue,Blue,Blue,Purple,Purple,Purple,Cyan,Blue,0.5,0.375,0,0,0,0,0,0.125,3
PRCYB,Blue,Blue,Blue,Blue,Blue,Magenta,Cyan,Blue,0.75,0,0.125,0,0,0,0,0.125,3
MRCYB,Blue,Blue,Blue,Purple,Purple,Purple,Cyan,Blue,0.5,0.375,0,0,0,0,0,0.125,3
ORCYB,Blue,Blue,Purple,Purple,Magenta,Purple,Magenta,Cyan,0.25,0.375,0.25,0,0,0,0,0.125,4
GRCYB,Cyan,Cyan,Blue,Magenta,Magenta,Magenta,Cyan,Cyan,0.125,0,0.375,0,0,0,0,0.5,3
POCYB,Blue,Blue,Blue,Purple,Purple,Purple,Cyan,Blue,0.5,0.375,0,0,0,0,0,0.125,3
MOCYB,Blue,Blue,Purple,Purple,Purple,Purple,Cyan,Blue,0.375,0.5,0,0,0,0,0,0.125,3
ROCYB,Purple,Purple,Purple,Purple,Magenta,Magenta,Purple,Cyan,0,0.625,0.25,0,0,0,0,0.125,3
GOCYB,Cyan,Cyan,Purple,Purple,Purple,Purple,Cyan,Cyan,0,0.5,0,0,0,0,0,0.5,2
PGCYB,Cyan,Cyan,Cyan,Blue,Blue,Cyan,Cyan,Cyan,0.25,0,0,0,0,0,0,0.75,2
MGCYB,Cyan,Cyan,Blue,Cyan,Cyan,Cyan,Cyan,Cyan,0.125,0,0,0,0,0,0,0.875,2
RGCYB,Blue,Blue,Blue,Cyan,Cyan,Cyan,Cyan,Cyan,0.375,0,0,0,0,0,0,0.625,2
OGCYB,Cyan,Blue,Cyan,Cyan,Cyan,Cyan,Cyan,Cyan,0.125,0,0,0,0,0,0,0.875,2
RMPGB,Cyan,Cyan,Cyan,Purple,Purple,Purple,Purple,Cyan,0,0.5,0,0,0,0,0,0.5,2
OMPGB,Cyan,Cyan,Purple,Purple,Purple,Purple,Purple,Cyan,0,0.625,0,0,0,0,0,0.375,2
YMPGB,Cyan,Cyan,Purple,Purple,Purple,Purple,Cyan,Cyan,0,0.5,0,0,0,0,0,0.5,2
CMPGB,Cyan,Cyan,Cyan,Purple,Purple,Cyan,Cyan,Cyan,0,0.25,0,0,0,0,0,0.75,2
MRPGB,Cyan,Cyan,Cyan,Purple,Purple,Purple,Yellow,Cyan,0,0.375,0,0,0,0.125,0,0.5,3
ORPGB,Cyan,Cyan,Purple,Purple,Purple,Purple,Purple,Cyan,0,0.625,0,0,0,0,0,0.375,2
YRPGB,Cyan,Cyan,Purple,Purple,Purple,Purple,Yellow,Yellow,0,0.5,0,0,0,0.25,0,0.25,3
CRPGB,Cyan,Cyan,Cyan,Purple,Purple,Yellow,Yellow,Cyan,0,0.25,0,0,0,0.25,0,0.5,3
MOPGB,Cyan,Cyan,Purple,Purple,Purple,Purple,Yellow,Cyan,0,0.5,0,0,0,0.125,0,0.375,3
ROPGB,Purple,Purple,Purple,Purple,Purple,Purple,Purple,Cyan,0,0.875,0,0,0,0,0,0.125,2
YOPGB,Cyan,Cyan,Purple,Purple,Purple,Purple,Yellow,Yellow,0,0.5,0,0,0,0.25,0,0.25,3
COPGB,Cyan,Cyan,Cyan,Purple,Purple,Yellow,Yellow,Cyan,0,0.25,0,0,0,0.25,0,0.5,3
MYPGB,Cyan,Cyan,Purple,Purple,Purple,Purple,Cyan,Cyan,0,0.5,0,0,0,0,0,0.5,2
RYPGB,Purple,Purple,Purple,Purple,Purple,Purple,Yellow,Cyan,0,0.75,0,0,0,0.125,0,0.125,3
OYPGB,Cyan,Purple,Purple,Purple,Purple,Purple,Yellow,Cyan,0,0.625,0,0,0,0.125,0,0.25,3
CYPGB,Cyan,Cyan,Cyan,Purple,Purple,Cyan,Cyan,Cyan,0,0.25,0,0,0,0,0,0.75,2
MCPGB,Cyan,Cyan,Cyan,Purple,Purple,Purple,Cyan,Cyan,0,0.375,0,0,0,0,0,0.625,2
RCPGB,Cyan,Cyan,Cyan,Purple,Purple,Purple,Cyan,Cyan,0,0.375,0,0,0,0,0,0.625,2
OCPGB,Cyan,Cyan,Purple,Purple,Purple,Purple,Cyan,Cyan,0,0.5,0,0,0,0,0,0.5,2
YCPGB,Cyan,Cyan,Purple,Purple,Purple,Cyan,Cyan,Cyan,0,0.375,0,0,0,0,0,0.625,2
RPMGB,Cyan,Cyan,Cyan,Purple,Purple,Purple,Yellow,Cyan,0,0.375,0,0,0,0.125,0,0.5,3
OPMGB,Cyan,Cyan,Purple,Purple,Purple,Purple,Yellow,Cyan,0,0.5,0,0,0,0.125,0,0.375,3
YPMGB,Cyan,Cyan,Purple,Purple,Purple,Yellow,Cyan,Cyan,0,0.375,0,0,0,0.125,0,0.5,3
CPMGB,Cyan,Cyan,Cyan,Purple,Purple,Cyan,Cyan,Cyan,0,0.25,0,0,0,0,0,0.75,2
PRMGB,Purple,Purple,Purple,Purple,Purple,Yellow,Cyan,Purple,0,0.75,0,0,0,0.125,0,0.125,3
ORMGB,Purple,Purple,Yellow,Yellow,Yellow,Yellow,Yellow,Cyan,0,0.25,0,0,0,0.625,0,0.125,3
YRMGB,Purple,Purple,Yellow,Yellow,Yellow,Yellow,Yellow,Yellow,0,0.25,0,0,0,0.75,0,0,2
CRMGB,Purple,Purple,Purple,Yellow,Yellow,Yellow,Yellow,Cyan,0,0.375,0,0,0,0.5,0,0.125,3
POMGB,Cyan,Purple,Cyan,Yellow,Yellow,Yellow,Cyan,Cyan,0,0.125,0,0,0,0.375,0,0.5,3
ROMGB,Yellow,Yellow,Yellow,Yellow,Yellow,Yellow,Yellow,Cyan,0,0,0,0,0,0.875,0,0.125,2
YOMGB,Cyan,Purple,Yellow,Yellow,Yellow,Yellow,Yellow,Yellow,0,0.125,0,0,0,0.75,0,0.125,3
COMGB,Cyan,Cyan,Cyan,Yellow,Yellow,Yellow,Yellow,Cyan,0,0,0,0,0,0.5,0,0.5,2
PYMGB,Cyan,Cyan,Cyan,Yellow,Yellow,Yellow,Cyan,Cyan,0,0,0,0,0,0.375,0,0.625,2
RYMGB,Yellow,Yellow,Yellow,Yellow,Yellow,Yellow,Yellow,Cyan,0,0,0,0,0,0.875,0,0.125,2
OYMGB,Cyan,Yellow,Yellow,Yellow,Yellow,Yellow,Yellow,Cyan,0,0,0,0,0,0.75,0,0.25,2
CYMGB,Cyan,Cyan,Cyan,Yellow,Yellow,Cyan,Cyan,Cyan,0,0,0,0,0,0.25,0,0.75,2
PCMGB,Cyan,Cyan,Cyan,Cyan,Cyan,Cyan,Cyan,Cyan,0,0,0,0,0,0,0,1,1
RCMGB,Cyan,Cyan,Cyan,Yellow,Yellow,Yellow,Cyan,Cyan,0,0,0,0,0,0.375,0,0.625,2
OCMGB,Cyan,Cyan,Yellow,Yellow,Yellow,Yellow,Cyan,Cyan,0,0,0,0,0,0.5,0,0.5,2
YCMGB,Cyan,Cyan,Yellow,Yellow,Yellow,Cyan,Cyan,Cyan,0,0,0,0,0,0.375,0,0.625,2
MPRGB,Purple,Purple,Purple,Purple,Purple,Purple,Cyan,Purple,0,0.875,0,0,0,0,0,0.125,2
OPRGB,Purple,Purple,Purple,Purple,Purple,Purple,Yellow,Purple,0,0.875,0,0,0,0.125,0,0,2
YPRGB,Purple,Purple,Purple,Purple,Purple,Yellow,Cyan,Cyan,0,0.625,0,0,0,0.125,0,0.25,3
CPRGB,Purple,Purple,Purple,Purple,Purple,Cyan,Cyan,Purple,0,0.75,0,0,0,0,0,0.25,2
PMRGB,Purple,Purple,Purple,Purple,Purple,Yellow,Purple,Purple,0,0.875,0,0,0,0.125,0,0,2
OMRGB,Purple,Purple,Yellow,Yellow,Yellow,Yellow,Yellow,Purple,0,0.375,0,0,0,0.625,0,0,2
YMRGB,Purple,Purple,Yellow,Yellow,Yellow,Yellow,Yellow,Yellow,0,0.25,0,0,0,0.75,0,0,2
CMRGB,Purple,Purple,Purple,Yellow,Yellow,Yellow,Yellow,Purple,0,0.5,0,0,0,0.5,0,0,2
PORGB,Purple,Purple,Purple,Yellow,Yellow,Yellow,Cyan,Purple,0,0.5,0,0,0,0.375,0,0.125,3
MORGB,Purple,Purple,Yellow,Yellow,Yellow,Yellow,Yellow,Purple,0,0.375,0,0,0,0.625,0,0,2
YORGB,Purple,Purple,Yellow,Yellow,Yellow,Yellow,Yellow,Yellow,0,0.25,0,0,0,0.75,0,0,2
CORGB,Purple,Purple,Purple,Yellow,Yellow,Yellow,Yellow,Cyan,0,0.375,0,0,0,0.5,0,0.125,3
PYRGB,Purple,Purple,Purple,Yellow,Yellow,Yellow,Yellow,Purple,0,0.5,0,0,0,0.5,0,0,2
MYRGB,Purple,Purple,Yellow,Yellow,Yellow,Yellow,Yellow,Purple,0,0.375,0,0,0,0.625,0,0,2
OYRGB,Purple,Yellow,Yellow,Yellow,Yellow,Yellow,Yellow,Yellow,0,0.125,0,0,0,0.875,0,0,2
CYRGB,Purple,Purple,Purple,Yellow,Yellow,Yellow,Yellow,Yellow,0,0.375,0,0,0,0.625,0,0,2
PCRGB,Purple,Purple,Purple,Purple,Purple,Yellow,Cyan,Purple,0,0.75,0,0,0,0.125,0,0.125,3
MCRGB,Purple,Purple,Purple,Yellow,Yellow,Yellow,Yellow,Purple,0,0.5,0,0,0,0.5,0,0,2
OCRGB,Purple,Purple,Yellow,Yellow,Yellow,Yellow,Yellow,Cyan,0,0.25,0,0,0,0.625,0,0.125,3
YCRGB,Purple,Purple,Yellow,Yellow,Yellow,Yellow,Yellow,Yellow,0,0.25,0,0,0,0.75,0,0,2
MPOGB,Purple,Cyan,Cyan,Yellow,Yellow,Yellow,Cyan,Cyan,0,0.125,0,0,0,0.375,0,0.5,3
RPOGB,Cyan,Cyan,Cyan,Yellow,Yellow,Yellow,Yellow,Cyan,0,0,0,0,0,0.5,0,0.5,2
YPOGB,Cyan,Purple,Yellow,Yellow,Yellow,Yellow,Cyan,Cyan,0,0.125,0,0,0,0.5,0,0.375,3
CPOGB,Cyan,Cyan,Cyan,Yellow,Yellow,Cyan,Cyan,Cyan,0,0,0,0,0,0.25,0,0.75,2
PMOGB,Purple,Cyan,Purple,Yellow,Yellow,Yellow,Cyan,Purple,0,0.375,0,0,0,0.375,0,0.25,3
RMOGB,Yellow,Yellow,Yellow,Yellow,Yellow,Yellow,Yellow,Cyan,0,0,0,0,0,0.875,0,0.125,2
YMOGB,Purple,Cyan,Yellow,Yellow,Yellow,Yellow,Yellow,Yellow,0,0.125,0,0,0,0.75,0,0.125,3
CMOGB,Purple,Purple,Purple,Yellow,Yellow,Yellow,Yellow,Cyan,0,0.375,0,0,0,0.5,0,0.125,3
PROGB,Yellow,Yellow,Yellow,Yellow,Yellow,Yellow,Cyan,Yellow,0,0,0,0,0,0.875,0,0.125,2
MROGB,Yellow,Yellow,Yellow,Yellow,Yellow,Yellow,Yellow,Yellow,0,0,0,0,0,1,0,0,1
YROGB,Yellow,Yellow,Yellow,Yellow,Yellow,Yellow,Yellow,Yellow,0,0,0,0,0,1,0,0,1
CROGB,Yellow,Yellow,Yellow,Yellow,Yellow,Yellow,Yellow,Cyan,0,0,0,0,0,0.875,0,0.125,2
PYOGB,Cyan,Purple,Cyan,Yellow,Yellow,Yellow,Yellow,Cyan,0,0.125,0,0,0,0.5,0,0.375,3
MYOGB,Purple,Cyan,Yellow,Yellow,Yellow,Yellow,Yellow,Cyan,0,0.125,0,0,0,0.625,0,0.25,3
RYOGB,Yellow,Yellow,Yellow,Yellow,Yellow,Yellow,Yellow,Yellow,0,0,0,0,0,1,0,0,1
CYOGB,Cyan,Cyan,Cyan,Yellow,Yellow,Yellow,Yellow,Yellow,0,0,0,0,0,0.625,0,0.375,2
PCOGB,Cyan,Cyan,Cyan,Cyan,Cyan,Yellow,Cyan,Cyan,0,0,0,0,0,0.125,0,0.875,2
MCOGB,Cyan,Cyan,Cyan,Yellow,Yellow,Yellow,Yellow,Cyan,0,0,0,0,0,0.5,0,0.5,2
RCOGB,Cyan,Cyan,Cyan,Yellow,Yellow,Yellow,Yellow,Cyan,0,0,0,0,0,0.5,0,0.5,2
YCOGB,Cyan,Cyan,Yellow,Yellow,Yellow,Yellow,Yellow,Yellow,0,0,0,0,0,0.75,0,0.25,2
MPYGB,Cyan,Cyan,Cyan,Yellow,Yellow,Yellow,Cyan,Cyan,0,0,0,0,0,0.375,0,0.625,2
RPYGB,Cyan,Cyan,Cyan,Yellow,Yellow,Yellow,Yellow,Cyan,0,0,0,0,0,0.5,0,0.5,2
OPYGB,Cyan,Cyan,Yellow,Yellow,Yellow,Yellow,Yellow,Cyan,0,0,0,0,0,0.625,0,0.375,2
CPYGB,Cyan,Cyan,Cyan,Yellow,Yellow,Cyan,Cyan,Cyan,0,0,0,0,0,0.25,0,0.75,2
PMYGB,Cyan,Cyan,Cyan,Yellow,Yellow,Yellow,Cyan,Cyan,0,0,0,0,0,0.375,0,0.625,2
RMYGB,Yellow,Yellow,Yellow,Yellow,Yellow,Yellow,Yellow,Cyan,0,0,0,0,0,0.875,0,0.125,2
OMYGB,Cyan,Yellow,Yellow,Yellow,Yellow,Yellow,Yellow,Cyan,0,0,0,0,0,0.75,0,0.25,2
CMYGB,Cyan,Cyan,Cyan,Yellow,Yellow,Cyan,Cyan,Cyan,0,0,0,0,0,0.25,0,0.75,2
PRYGB,Yellow,Yellow,Yellow,Yellow,Yellow,Yellow,Cyan,Yellow,0,0,0,0,0,0.875,0,0.125,2
MRYGB,Yellow,Yellow,Yellow,Yellow,Yellow,Yellow,Yellow,Yellow,0,0,0,0,0,1,0,0,1
ORYGB,Yellow,Yellow,Yellow,Yellow,Yellow,Yellow,Yellow,Cyan,0,0,0,0,0,0.875,0,0.125,2
CRYGB,Yellow,Yellow,Yellow,Yellow,Yellow,Yellow,Yellow,Cyan,0,0,0,0,0,0.875,0,0.125,2
POYGB,Cyan,Yellow,Cyan,Yellow,Yellow,Yellow,Cyan,Cyan,0,0,0,0,0,0.5,0,0.5,2
MOYGB,Yellow,Cyan,Yellow,Yellow,Yellow,Yellow,Yellow,Cyan,0,0,0,0,0,0.75,0,0.25,2
ROYGB,Yellow,Yellow,Yellow,Yellow,Yellow,Yellow,Yellow,Cyan,0,0,0,0,0,0.875,0,0.125,2
COYGB,Cyan,Cyan,Cyan,Yellow,Yellow,Yellow,Yellow,Cyan,0,0,0,0,0,0.5,0,0.5,2
PCYGB,Cyan,Cyan,Cyan,Cyan,Cyan,Cyan,Cyan,Cyan,0,0,0,0,0,0,0,1,1
MCYGB,Cyan,Cyan,Cyan,Yellow,Yellow,Yellow,Cyan,Cyan,0,0,0,0,0,0.375,0,0.625,2
RCYGB,Cyan,Cyan,Cyan,Yellow,Yellow,Yellow,Cyan,Cyan,0,0,0,0,0,0.375,0,0.625,2
OCYGB,Cyan,Cyan,Yellow,Yellow,Yellow,Yellow,Cyan,Cyan,0,0,0,0,0,0.5,0,0.5,2
MPCGB,Cyan,Cyan,Cyan,Cyan,Cyan,Cyan,Cyan,Cyan,0,0,0,0,0,0,0,1,1
RPCGB,Cyan,Cyan,Cyan,Cyan,Cyan,Cyan,Cyan,Cyan,0,0,0,0,0,0,0,1,1
OPCGB,Cyan,Cyan,Cyan,Cyan,Cyan,Cyan,Cyan,Cyan,0,0,0,0,0,0,0,1,1
YPCGB,Cyan,Cyan,Cyan,Cyan,Cyan,Cyan,Cyan,Cyan,0,0,0,0,0,0,0,1,1
PMCGB,Cyan,Cyan,Cyan,Cyan,Cyan,Yellow,Cyan,Cyan,0,0,0,0,0,0.125,0,0.875,2
RMCGB,Cyan,Cyan,Cyan,Yellow,Yellow,Yellow,Yellow,Cyan,0,0,0,0,0,0.5,0,0.5,2
OMCGB,Cyan,Cyan,Yellow,Yellow,Yellow,Yellow,Yellow,Cyan,0,0,0,0,0,0.625,0,0.375,2
YMCGB,Cyan,Cyan,Yellow,Yellow,Yellow,Yellow,Cyan,Cyan,0,0,0,0,0,0.5,0,0.5,2
PRCGB,Cyan,Cyan,Cyan,Cyan,Cyan,Yellow,Cyan,Cyan,0,0,0,0,0,0.125,0,0.875,2
MRCGB,Cyan,Cyan,Cyan,Yellow,Yellow,Yellow,Cyan,Cyan,0,0,0,0,0,0.375,0,0.625,2
ORCGB,Cyan,Cyan,Yellow,Yellow,Yellow,Yellow,Yellow,Cyan,0,0,0,0,0,0.625,0,0.375,2
YRCGB,Cyan,Cyan,Yellow,Yellow,Yellow,Yellow,Cyan,Cyan,0,0,0,0,0,0.5,0,0.5,2
POCGB,Cyan,Cyan,Cyan,Yellow,Yellow,Yellow,Cyan,Cyan,0,0,0,0,0,0.375,0,0.625,2
MOCGB,Cyan,Cyan,Yellow,Yellow,Yellow,Yellow,Cyan,Cyan,0,0,0,0,0,0.5,0,0.5,2
ROCGB,Yellow,Yellow,Yellow,Yellow,Yellow,Yellow,Yellow,Cyan,0,0,0,0,0,0.875,0,0.125,2
YOCGB,Cyan,Cyan,Yellow,Yellow,Yellow,Yellow,Cyan,Cyan,0,0,0,0,0,0.5,0,0.5,2
PYCGB,Cyan,Cyan,Cyan,Yellow,Yellow,Cyan,Cyan,Cyan,0,0,0,0,0,0.25,0,0.75,2
MYCGB,Cyan,Cyan,Yellow,Yellow,Yellow,Yellow,Cyan,Cyan,0,0,0,0,0,0.5,0,0.5,2
RYCGB,Yellow,Yellow,Yellow,Yellow,Yellow,Yellow,Cyan,Cyan,0,0,0,0,0,0.75,0,0.25,2
OYCGB,Cyan,Yellow,Yellow,Yellow,Yellow,Yellow,Cyan,Cyan,0,0,0,0,0,0.625,0,0.375,2
RMPCB,Blue,Blue,Blue,Blue,Blue,Blue,Blue,Blue,1,0,0,0,0,0,0,0,1
OMPCB,Blue,Blue,Blue,Blue,Blue,Blue,Blue,Blue,1,0,0,0,0,0,0,0,1
YMPCB,Blue,Blue,Blue,Blue,Blue,Blue,Cyan,Cyan,0.75,0,0,0,0,0,0,0.25,2
GMPCB,Blue,Blue,Blue,Blue,Blue,Blue,Cyan,Blue,0.875,0,0,0,0,0,0,0.125,2
MRPCB,Blue,Blue,Blue,Blue,Blue,Blue,Cyan,Blue,0.875,0,0,0,0,0,0,0.125,2
ORPCB,Blue,Blue,Blue,Blue,Blue,Blue,Blue,Blue,1,0,0,0,0,0,0,0,1
YRPCB,Blue,Blue,Blue,Blue,Blue,Blue,Cyan,Cyan,0.75,0,0,0,0,0,0,0.25,2
GRPCB,Blue,Blue,Blue,Blue,Blue,Blue,Cyan,Blue,0.875,0,0,0,0,0,0,0.125,2
MOPCB,Blue,Blue,Blue,Blue,Blue,Blue,Cyan,Blue,0.875,0,0,0,0,0,0,0.125,2
ROPCB,Blue,Blue,Blue,Blue,Blue,Blue,Blue,Blue,1,0,0,0,0,0,0,0,1
YOPCB,Blue,Blue,Blue,Blue,Blue,Blue,Cyan,Cyan,0.75,0,0,0,0,0,0,0.25,2
GOPCB,Blue,Blue,Blue,Blue,Blue,Blue,Cyan,Blue,0.875,0,0,0,0,0,0,0.125,2
MYPCB,Blue,Blue,Blue,Blue,Blue,Blue,Cyan,Blue,0.875,0,0,0,0,0,0,0.125,2
RYPCB,Blue,Blue,Blue,Blue,Blue,Blue,Cyan,Cyan,0.75,0,0,0,0,0,0,0.25,2
OYPCB,Blue,Blue,Blue,Blue,Blue,Blue,Cyan,Cyan,0.75,0,0,0,0,0,0,0.25,2
GYPCB,Cyan,Cyan,Blue,Cyan,Cyan,Cyan,Cyan,Cyan,0.125,0,0,0,0,0,0,0.875,2
MGPCB,Blue,Blue,Blue,Cyan,Cyan,Cyan,Cyan,Blue,0.5,0,0,0,0,0,0,0.5,2
RGPCB,Blue,Blue,Blue,Cyan,Cyan,Cyan,Cyan,Blue,0.5,0,0,0,0,0,0,0.5,2
OGPCB,Blue,Blue,Cyan,Cyan,Cyan,Cyan,Cyan,Blue,0.375,0,0,0,0,0,0,0.625,2
YGPCB,Blue,Blue,Cyan,Cyan,Cyan,Cyan,Cyan,Cyan,0.25,0,0,0,0,0,0,0.75,2
RPMCB,Blue,Blue,Blue,Blue,Blue,Blue,Magenta,Blue,0.875,0,0.125,0,0,0,0,0,2
OPMCB,Blue,Blue,Blue,Blue,Blue,Blue,Magenta,Blue,0.875,0,0.125,0,0,0,0,0,2
YPMCB,Blue,Blue,Blue,Blue,Blue,Magenta,Blue,Blue,0.875,0,0.125,0,0,0,0,0,2
GPMCB,Blue,Blue,Blue,Magenta,Magenta,Magenta,Blue,Blue,0.625,0,0.375,0,0,0,0,0,2
PRMCB,Blue,Blue,Blue,Blue,Blue,Magenta,Blue,Blue,0.875,0,0.125,0,0,0,0,0,2
ORMCB,Blue,Blue,Magenta,Magenta,Magenta,Magenta,Magenta,Blue,0.375,0,0.625,0,0,0,0,0,2
YRMCB,Blue,Blue,Magenta,Magenta,Magenta,Magenta,Magenta,Magenta,0.25,0,0.75,0,0,0,0,0,2
GRMCB,Blue,Blue,Blue,Magenta,Magenta,Magenta,Magenta,Blue,0.5,0,0.5,0,0,0,0,0,2
POMCB,Blue,Blue,Blue,Magenta,Magenta,Magenta,Blue,Blue,0.625,0,0.375,0,0,0,0,0,2
ROMCB,Magenta,Magenta,Magenta,Magenta,Magenta,Magenta,Magenta,Blue,0.125,0,0.875,0,0,0,0,0,2
YOMCB,Blue,Blue,Magenta,Magenta,Magenta,Magenta,Magenta,Magenta,0.25,0,0.75,0,0,0,0,0,2
GOMCB,Blue,Blue,Magenta,Magenta,Magenta,Magenta,Magenta,Blue,0.375,0,0.625,0,0,0,0,0,2
PYMCB,Blue,Blue,Blue,Magenta,Magenta,Magenta,Cyan,Blue,0.5,0,0.375,0,0,0,0,0.125,3
RYMCB,Magenta,Magenta,Magenta,Magenta,Magenta,Magenta,Magenta,Cyan,0,0,0.875,0,0,0,0,0.125,2
OYMCB,Blue,Magenta,Magenta,Magenta,Magenta,Magenta,Magenta,Cyan,0.125,0,0.75,0,0,0,0,0.125,3
GYMCB,Cyan,Cyan,Magenta,Magenta,Magenta,Magenta,Cyan,Cyan,0,0,0.5,0,0,0,0,0.5,2
PGMCB,Blue,Blue,Blue,Blue,Blue,Magenta,Blue,Blue,0.875,0,0.125,0,0,0,0,0,2
RGMCB,Blue,Blue,Blue,Magenta,Magenta,Magenta,Magenta,Blue,0.5,0,0.5,0,0,0,0,0,2
OGMCB,Blue,Blue,Magenta,Magenta,Magenta,Magenta,Magenta,Blue,0.375,0,0.625,0,0,0,0,0,2
YGMCB,Blue,Blue,Magenta,Magenta,Magenta,Magenta,Cyan,Cyan,0.25,0,0.5,0,0,0,0,0.25,3
MPRCB,Blue,Blue,Blue,Blue,Blue,Blue,Cyan,Blue,0.875,0,0,0,0,0,0,0.125,2
OPRCB,Blue,Blue,Blue,Blue,Blue,Blue,Purple,Blue,0.875,0.125,0,0,0,0,0,0,2
YPRCB,Blue,Blue,Blue,Blue,Blue,Purple,Cyan,Cyan,0.625,0.125,0,0,0,0,0,0.25,3
GPRCB,Blue,Blue,Blue,Purple,Purple,Purple,Cyan,Blue,0.5,0.375,0,0,0,0,0,0.125,3
PMRCB,Blue,Blue,Blue,Blue,Blue,Magenta,Blue,Blue,0.875,0,0.125,0,0,0,0,0,2
OMRCB,Blue,Blue,Magenta,Magenta,Magenta,Magenta,Magenta,Blue,0.375,0,0.625,0,0,0,0,0,2
YMRCB,Blue,Blue,Magenta,Magenta,Magenta,Magenta,Cyan,Cyan,0.25,0,0.5,0,0,0,0,0.25,3
GMRCB,Blue,Blue,Blue,Magenta,Magenta,Magenta,Cyan,Blue,0.5,0,0.375,0,0,0,0,0.125,3
PORCB,Blue,Blue,Blue,Magenta,Magenta,Magenta,Cyan,Blue,0.5,0,0.375,0,0,0,0,0.125,3
MORCB,Blue,Blue,Magenta,Magenta,Magenta,Magenta,Purple,Blue,0.375,0.125,0.5,0,0,0,0,0,3
YORCB,Blue,Blue,Magenta,Purple,Magenta,Magenta,Purple,Purple,0.25,0.375,0.375,0,0,0,0,0,3
GORCB,Cyan,Cyan,Magenta,Magenta,Magenta,Magenta,Purple,Cyan,0,0.125,0.5,0,0,0,0,0.375,3
PYRCB,Blue,Blue,Blue,Magenta,Magenta,Purple,Cyan,Blue,0.5,0.125,0.25,0,0,0,0,0.125,4
MYRCB,Blue,Blue,Magenta,Purple,Purple,Purple,Cyan,Blue,0.375,0.375,0.125,0,0,0,0,0.125,4
OYRCB,Blue,Magenta,Purple,Purple,Magenta,Purple,Purple,Cyan,0.125,0.5,0.25,0,0,0,0,0.125,4
GYRCB,Cyan,Cyan,Magenta,Purple,Purple,Purple,Cyan,Cyan,0,0.375,0.125,0,0,0,0,0.5,3
PGRCB,Cyan,Cyan,Cyan,Blue,Blue,Purple,Cyan,Cyan,0.25,0.125,0,0,0,0,0,0.625,3
MGRCB,Cyan,Cyan,Blue,Purple,Purple,Purple,Cyan,Cyan,0.125,0.375,0,0,0,0,0,0.5,3
OGRCB,Cyan,Blue,Purple,Purple,Purple,Purple,Purple,Cyan,0.125,0.625,0,0,0,0,0,0.25,3
YGRCB,Cyan,Cyan,Purple,Purple,Purple,Purple,Cyan,Cyan,0,0.5,0,0,0,0,0,0.5,2
MPOCB,Blue,Blue,Blue,Magenta,Magenta,Magenta,Cyan,Blue,0.5,0,0.375,0,0,0,0,0.125,3
RPOCB,Blue,Blue,Blue,Magenta,Magenta,Magenta,Magenta,Blue,0.5,0,0.5,0,0,0,0,0,2
YPOCB,Blue,Blue,Magenta,Magenta,Magenta,Magenta,Cyan,Cyan,0.25,0,0.5,0,0,0,0,0.25,3
GPOCB,Blue,Blue,Blue,Magenta,Magenta,Magenta,Cyan,Blue,0.5,0,0.375,0,0,0,0,0.125,3
PMOCB,Blue,Blue,Blue,Magenta,Magenta,Magenta,Blue,Blue,0.625,0,0.375,0,0,0,0,0,2
RMOCB,Magenta,Magenta,Magenta,Magenta,Magenta,Magenta,Magenta,Blue,0.125,0,0.875,0,0,0,0,0,2
YMOCB,Blue,Blue,Magenta,Magenta,Magenta,Magenta,Cyan,Cyan,0.25,0,0.5,0,0,0,0,0.25,3
GMOCB,Blue,Blue,Magenta,Magenta,Magenta,Magenta,Cyan,Blue,0.375,0,0.5,0,0,0,0,0.125,3
PROCB,Magenta,Magenta,Magenta,Magenta,Magenta,Purple,Cyan,Magenta,0,0.125,0.75,0,0,0,0,0.125,3
MROCB,Magenta,Magenta,Magenta,Magenta,Magenta,Magenta,Magenta,Magenta,0,0,1,0,0,0,0,0,1
YROCB,Magenta,Magenta,Magenta,Purple,Magenta,Purple,Magenta,Magenta,0,0.25,0.75,0,0,0,0,0,2
GROCB,Cyan,Cyan,Magenta,Purple,Purple,Purple,Magenta,Cyan,0,0.375,0.25,0,0,0,0,0.375,3
PYOCB,Blue,Blue,Blue,Magenta,Magenta,Magenta,Cyan,Blue,0.5,0,0.375,0,0,0,0,0.125,3
MYOCB,Blue,Blue,Magenta,Purple,Purple,Purple,Cyan,Blue,0.375,0.375,0.125,0,0,0,0,0.125,4
RYOCB,Magenta,Magenta,Magenta,Purple,Magenta,Magenta,Magenta,Cyan,0,0.125,0.75,0,0,0,0,0.125,3
GYOCB,Cyan,Cyan,Magenta,Magenta,Magenta,Magenta,Cyan,Cyan,0,0,0.5,0,0,0,0,0.5,2
PGOCB,Cyan,Cyan,Cyan,Magenta,Magenta,Magenta,Cyan,Cyan,0,0,0.375,0,0,0,0,0.625,2
MGOCB,Cyan,Cyan,Magenta,Magenta,Magenta,Magenta,Cyan,Cyan,0,0,0.5,0,0,0,0,0.5,2
RGOCB,Magenta,Magenta,Magenta,Magenta,Magenta,Magenta,Magenta,Cyan,0,0,0.875,0,0,0,0,0.125,2
YGOCB,Cyan,Cyan,Magenta,Magenta,Magenta,Magenta,Cyan,Cyan,0,0,0.5,0,0,0,0,0.5,2
MPYCB,Blue,Blue,Blue,Magenta,Magenta,Magenta,Cyan,Blue,0.5,0,0.375,0,0,0,0,0.125,3
RPYCB,Blue,Blue,Blue,Magenta,Magenta,Magenta,Cyan,Blue,0.5,0,0.375,0,0,0,0,0.125,3
OPYCB,Blue,Blue,Magenta,Magenta,Magenta,Magenta,Cyan,Blue,0.375,0,0.5,0,0,0,0,0.125,3
GPYCB,Blue,Blue,Blue,Cyan,Cyan,Cyan,Cyan,Blue,0.5,0,0,0,0,0,0,0.5,2
PMYCB,Blue,Blue,Blue,Magenta,Magenta,Purple,Blue,Blue,0.625,0.125,0.25,0,0,0,0,0,3
RMYCB,Magenta,Magenta,Magenta,Purple,Purple,Purple,Purple,Blue,0.125,0.5,0.375,0,0,0,0,0,3
OMYCB,Blue,Magenta,Purple,Purple,Purple,Purple,Purple,Blue,0.25,0.625,0.125,0,0,0,0,0,3
GMYCB,Blue,Blue,Magenta,Purple,Purple,Purple,Cyan,Blue,0.375,0.375,0.125,0,0,0,0,0.125,4
PRYCB,Magenta,Magenta,Magenta,Magenta,Magenta,Magenta,Cyan,Magenta,0,0,0.875,0,0,0,0,0.125,2
MRYCB,Magenta,Magenta,Magenta,Purple,Purple,Purple,Cyan,Magenta,0,0.375,0.5,0,0,0,0,0.125,3
ORYCB,Magenta,Magenta,Purple,Purple,Magenta,Purple,Magenta,Cyan,0,0.375,0.5,0,0,0,0,0.125,3
GRYCB,Cyan,Cyan,Magenta,Magenta,Magenta,Magenta,Cyan,Cyan,0,0,0.5,0,0,0,0,0.5,2
POYCB,Blue,Magenta,Blue,Purple,Purple,Purple,Cyan,Blue,0.375,0.375,0.125,0,0,0,0,0.125,4
MOYCB,Magenta,Blue,Purple,Purple,Purple,Purple,Cyan,Blue,0.25,0.5,0.125,0,0,0,0,0.125,4
ROYCB,Purple,Purple,Purple,Purple,Magenta,Magenta,Purple,Cyan,0,0.625,0.25,0,0,0,0,0.125,3
GOYCB,Cyan,Cyan,Purple,Purple,Purple,Purple,Cyan,Cyan,0,0.5,0,0,0,0,0,0.5,2
PGYCB,Cyan,Cyan,Cyan,Magenta,Magenta,Cyan,Cyan,Cyan,0,0,0.25,0,0,0,0,0.75,2
MGYCB,Cyan,Cyan,Magenta,Cyan,Cyan,Cyan,Cyan,Cyan,0,0,0.125,0,0,0,0,0.875,2
RGYCB,Magenta,Magenta,Magenta,Cyan,Cyan,Cyan,Cyan,Cyan,0,0,0.375,0,0,0,0,0.625,2
OGYCB,Cyan,Magenta,Cyan,Cyan,Cyan,Cyan,Cyan,Cyan,0,0,0.125,0,0,0,0,0.875,2
MPGCB,Cyan,Cyan,Cyan,Blue,Blue,Blue,Cyan,Cyan,0.375,0,0,0,0,0,0,0.625,2
RPGCB,Cyan,Cyan,Cyan,Blue,Blue,Blue,Cyan,Cyan,0.375,0,0,0,0,0,0,0.625,2
OPGCB,Cyan,Cyan,Blue,Blue,Blue,Blue,Cyan,Cyan,0.5,0,0,0,0,0,0,0.5,2
YPGCB,Cyan,Cyan,Blue,Blue,Blue,Cyan,Cyan,Cyan,0.375,0,0,0,0,0,0,0.625,2
PMGCB,Cyan,Cyan,Cyan,Blue,Blue,Cyan,Cyan,Cyan,0.25,0,0,0,0,0,0,0.75,2
RMGCB,Blue,Blue,Blue,Cyan,Cyan,Cyan,Cyan,Cyan,0.375,0,0,0,0,0,0,0.625,2
OMGCB,Cyan,Blue,Cyan,Cyan,Cyan,Cyan,Cyan,Cyan,0.125,0,0,0,0,0,0,0.875,2
YMGCB,Cyan,Cyan,Cyan,Cyan,Cyan,Cyan,Cyan,Cyan,0,0,0,0,0,0,0,1,1
PRGCB,Blue,Blue,Blue,Blue,Blue,Cyan,Cyan,Blue,0.75,0,0,0,0,0,0,0.25,2
MRGCB,Blue,Blue,Blue,Cyan,Cyan,Cyan,Cyan,Blue,0.5,0,0,0,0,0,0,0.5,2
ORGCB,Blue,Blue,Cyan,Cyan,Cyan,Cyan,Cyan,Cyan,0.25,0,0,0,0,0,0,0.75,2
YRGCB,Blue,Blue,Cyan,Cyan,Cyan,Cyan,Cyan,Cyan,0.25,0,0,0,0,0,0,0.75,2
POGCB,Cyan,Blue,Cyan,Cyan,Cyan,Cyan,Cyan,Cyan,0.125,0,0,0,0,0,0,0.875,2
MOGCB,Blue,Cyan,Cyan,Cyan,Cyan,Cyan,Cyan,Cyan,0.125,0,0,0,0,0,0,0.875,2
ROGCB,Cyan,Cyan,Cyan,Cyan,Cyan,Cyan,Cyan,Cyan,0,0,0,0,0,0,0,1,1
YOGCB,Cyan,Blue,Cyan,Cyan,Cyan,Cyan,Cyan,Cyan,0.125,0,0,0,0,0,0,0.875,2
PYGCB,Cyan,Cyan,Cyan,Cyan,Cyan,Cyan,Cyan,Cyan,0,0,0,0,0,0,0,1,1
MYGCB,Cyan,Cyan,Cyan,Cyan,Cyan,Cyan,Cyan,Cyan,0,0,0,0,0,0,0,1,1
RYGCB,Cyan,Cyan,Cyan,Cyan,Cyan,Cyan,Cyan,Cyan,0,0,0,0,0,0,0,1,1
OYGCB,Cyan,Cyan,Cyan,Cyan,Cyan,Cyan,Cyan,Cyan,0,0,0,0,0,0,0,1,1
ORMBP,Purple,Purple,Blue,Blue,Blue,Blue,Blue,Blue,0.75,0.25,0,0,0,0,0,0,2
YRMBP,Purple,Purple,Blue,Blue,Blue,Blue,Blue,Blue,0.75,0.25,0,0,0,0,0,0,2
GRMBP,Blue,Blue,Purple,Blue,Blue,Blue,Blue,Blue,0.875,0.125,0,0,0,0,0,0,2
CRMBP,Purple,Purple,Purple,Blue,Blue,Blue,Blue,Blue,0.625,0.375,0,0,0,0,0,0,2
ROMBP,Blue,Blue,Blue,Blue,Blue,Blue,Blue,Blue,1,0,0,0,0,0,0,0,1
YOMBP,Blue,Purple,Blue,Blue,Blue,Blue,Blue,Blue,0.875,0.125,0,0,0,0,0,0,2
GOMBP,Blue,Blue,Blue,Blue,Blue,Blue,Blue,Blue,1,0,0,0,0,0,0,0,1
COMBP,Blue,Blue,Blue,Blue,Blue,Blue,Blue,Blue,1,0,0,0,0,0,0,0,1
RYMBP,Blue,Blue,Blue,Blue,Blue,Blue,Blue,Blue,1,0,0,0,0,0,0,0,1
OYMBP,Blue,Blue,Blue,Blue,Blue,Blue,Blue,Blue,1,0,0,0,0,0,0,0,1
GYMBP,Blue,Blue,Blue,Blue,Blue,Blue,Blue,Blue,1,0,0,0,0,0,0,0,1
CYMBP,Purple,Purple,Purple,Blue,Blue,Blue,Blue,Blue,0.625,0.375,0,0,0,0,0,0,2
RGMBP,Purple,Purple,Purple,Blue,Blue,Blue,Blue,Blue,0.625,0.375,0,0,0,0,0,0,2
OGMBP,Blue,Purple,Blue,Blue,Blue,Blue,Blue,Blue,0.875,0.125,0,0,0,0,0,0,2
YGMBP,Blue,Blue,Blue,Blue,Blue,Blue,Blue,Blue,1,0,0,0,0,0,0,0,1
CGMBP,Blue,Blue,Blue,Blue,Blue,Blue,Blue,Blue,1,0,0,0,0,0,0,0,1
RCMBP,Purple,Purple,Purple,Blue,Blue,Blue,Blue,Blue,0.625,0.375,0,0,0,0,0,0,2
OCMBP,Purple,Purple,Blue,Blue,Blue,Blue,Blue,Blue,0.75,0.25,0,0,0,0,0,0,2
YCMBP,Purple,Purple,Blue,Blue,Blue,Blue,Blue,Blue,0.75,0.25,0,0,0,0,0,0,2
GCMBP,Blue,Blue,Purple,Blue,Blue,Blue,Blue,Blue,0.875,0.125,0,0,0,0,0,0,2
OMRBP,Purple,Purple,Blue,Blue,Blue,Blue,Blue,Purple,0.625,0.375,0,0,0,0,0,0,2
YMRBP,Purple,Purple,Blue,Blue,Blue,Blue,Yellow,Yellow,0.5,0.25,0,0,0,0.25,0,0,3
GMRBP,Purple,Purple,Purple,Blue,Blue,Blue,Yellow,Purple,0.375,0.5,0,0,0,0.125,0,0,3
CMRBP,Purple,Purple,Purple,Blue,Blue,Yellow,Yellow,Purple,0.25,0.5,0,0,0,0.25,0,0,3
MORBP,Purple,Purple,Blue,Blue,Blue,Blue,Purple,Purple,0.5,0.5,0,0,0,0,0,0,2
YORBP,Purple,Purple,Blue,Purple,Blue,Blue,Purple,Purple,0.375,0.625,0,0,0,0,0,0,2
GORBP,Blue,Blue,Blue,Blue,Blue,Blue,Purple,Blue,0.875,0.125,0,0,0,0,0,0,2
CORBP,Purple,Purple,Purple,Blue,Purple,Purple,Purple,Blue,0.25,0.75,0,0,0,0,0,0,2
MYRBP,Purple,Purple,Blue,Purple,Purple,Purple,Yellow,Purple,0.125,0.75,0,0,0,0.125,0,0,3
OYRBP,Purple,Blue,Purple,Purple,Blue,Purple,Purple,Yellow,0.25,0.625,0,0,0,0.125,0,0,3
GYRBP,Yellow,Yellow,Blue,Purple,Purple,Purple,Yellow,Yellow,0.125,0.375,0,0,0,0.5,0,0,3
CYRBP,Purple,Purple,Purple,Purple,Blue,Yellow,Yellow,Yellow,0.125,0.5,0,0,0,0.375,0,0,3
MGRBP,Blue,Blue,Purple,Purple,Purple,Purple,Yellow,Blue,0.375,0.5,0,0,0,0.125,0,0,3
OGRBP,Blue,Purple,Purple,Purple,Purple,Purple,Purple,Blue,0.25,0.75,0,0,0,0,0,0,2
YGRBP,Blue,Blue,Purple,Purple,Purple,Purple,Yellow,Yellow,0.25,0.5,0,0,0,0.25,0,0,3
CGRBP,Blue,Blue,Blue,Purple,Purple,Yellow,Yellow,Blue,0.5,0.25,0,0,0,0.25,0,0,3
MCRBP,Purple,Purple,Purple,Blue,Blue,Blue,Yellow,Purple,0.375,0.5,0,0,0,0.125,0,0,3
OCRBP,Purple,Purple,Blue,Blue,Purple,Blue,Yellow,Blue,0.5,0.375,0,0,0,0.125,0,0,3
YCRBP,Purple,Purple,Blue,Purple,Blue,Yellow,Yellow,Yellow,0.25,0.375,0,0,0,0.375,0,0,3
GCRBP,Blue,Blue,Purple,Yellow,Yellow,Yellow,Yellow,Blue,0.375,0.125,0,0,0,0.5,0,0,3
RMOBP,Blue,Blue,Blue,Blue,Blue,Blue,Blue,Purple,0.875,0.125,0,0,0,0,0,0,2
YMOBP,Purple,Purple,Blue,Blue,Blue,Blue,Yellow,Yellow,0.5,0.25,0,0,0,0.25,0,0,3
GMOBP,Purple,Purple,Blue,Blue,Blue,Blue,Yellow,Purple,0.5,0.375,0,0,0,0.125,0,0,3
CMOBP,Purple,Purple,Purple,Blue,Blue,Yellow,Yellow,Purple,0.25,0.5,0,0,0,0.25,0,0,3
MROBP,Blue,Blue,Blue,Blue,Blue,Blue,Blue,Blue,1,0,0,0,0,0,0,0,1
YROBP,Blue,Blue,Blue,Purple,Blue,Purple,Blue,Blue,0.75,0.25,0,0,0,0,0,0,2
GROBP,Blue,Blue,Blue,Purple,Purple,Purple,Blue,Blue,0.625,0.375,0,0,0,0,0,0,2
CROBP,Blue,Blue,Blue,Blue,Purple,Blue,Blue,Blue,0.875,0.125,0,0,0,0,0,0,2
MYOBP,Purple,Purple,Blue,Purple,Purple,Purple,Yellow,Purple,0.125,0.75,0,0,0,0.125,0,0,3
RYOBP,Blue,Blue,Blue,Purple,Blue,Blue,Blue,Yellow,0.75,0.125,0,0,0,0.125,0,0,3
GYOBP,Yellow,Yellow,Blue,Blue,Blue,Blue,Yellow,Yellow,0.5,0,0,0,0,0.5,0,0,2
CYOBP,Purple,Purple,Purple,Purple,Blue,Yellow,Yellow,Yellow,0.125,0.5,0,0,0,0.375,0,0,3
MGOBP,Blue,Blue,Blue,Blue,Blue,Blue,Yellow,Blue,0.875,0,0,0,0,0.125,0,0,2
RGOBP,Blue,Blue,Blue,Blue,Blue,Blue,Blue,Blue,1,0,0,0,0,0,0,0,1
YGOBP,Blue,Blue,Blue,Blue,Blue,Blue,Yellow,Yellow,0.75,0,0,0,0,0.25,0,0,2
CGOBP,Blue,Blue,Blue,Blue,Blue,Yellow,Yellow,Blue,0.75,0,0,0,0,0.25,0,0,2
MCOBP,Purple,Purple,Purple,Blue,Blue,Blue,Yellow,Purple,0.375,0.5,0,0,0,0.125,0,0,3
RCOBP,Purple,Purple,Purple,Blue,Purple,Purple,Yellow,Blue,0.25,0.625,0,0,0,0.125,0,0,3
YCOBP,Purple,Purple,Blue,Purple,Blue,Yellow,Yellow,Yellow,0.25,0.375,0,0,0,0.375,0,0,3
GCOBP,Blue,Blue,Purple,Yellow,Yellow,Yellow,Yellow,Blue,0.375,0.125,0,0,0,0.5,0,0,3
RMYBP,Blue,Blue,Blue,Purple,Purple,Purple,Purple,Blue,0.5,0.5,0,0,0,0,0,0,2
OMYBP,Blue,Blue,Purple,Purple,Purple,Purple,Purple,Blue,0.375,0.625,0,0,0,0,0,0,2
GMYBP,Blue,Blue,Blue,Purple,Purple,Purple,Blue,Blue,0.625,0.375,0,0,0,0,0,0,2
CMYBP,Purple,Purple,Purple,Purple,Purple,Blue,Blue,Blue,0.375,0.625,0,0,0,0,0,0,2
MRYBP,Blue,Blue,Blue,Purple,Purple,Purple,Yellow,Blue,0.5,0.375,0,0,0,0.125,0,0,3
ORYBP,Blue,Blue,Purple,Purple,Blue,Purple,Blue,Blue,0.625,0.375,0,0,0,0,0,0,2
GRYBP,Blue,Blue,Blue,Blue,Blue,Blue,Yellow,Blue,0.875,0,0,0,0,0.125,0,0,2
CRYBP,Blue,Blue,Blue,Purple,Blue,Yellow,Yellow,Blue,0.625,0.125,0,0,0,0.25,0,0,3
MOYBP,Blue,Purple,Purple,Purple,Purple,Purple,Yellow,Purple,0.125,0.75,0,0,0,0.125,0,0,3
ROYBP,Purple,Purple,Purple,Purple,Blue,Blue,Purple,Blue,0.375,0.625,0,0,0,0,0,0,2
GOYBP,Blue,Blue,Purple,Purple,Purple,Purple,Yellow,Blue,0.375,0.5,0,0,0,0.125,0,0,3
COYBP,Purple,Purple,Purple,Purple,Blue,Yellow,Yellow,Blue,0.25,0.5,0,0,0,0.25,0,0,3
MGYBP,Blue,Blue,Blue,Yellow,Yellow,Yellow,Blue,Blue,0.625,0,0,0,0,0.375,0,0,2
RGYBP,Blue,Blue,Blue,Yellow,Yellow,Yellow,Yellow,Blue,0.5,0,0,0,0,0.5,0,0,2
OGYBP,Blue,Blue,Yellow,Yellow,Yellow,Yellow,Yellow,Blue,0.375,0,0,0,0,0.625,0,0,2
CGYBP,Blue,Blue,Blue,Yellow,Yellow,Blue,Blue,Blue,0.75,0,0,0,0,0.25,0,0,2
MCYBP,Blue,Blue,Blue,Purple,Purple,Purple,Blue,Blue,0.625,0.375,0,0,0,0,0,0,2
RCYBP,Blue,Blue,Blue,Purple,Blue,Blue,Blue,Blue,0.875,0.125,0,0,0,0,0,0,2
OCYBP,Blue,Blue,Purple,Purple,Blue,Purple,Blue,Blue,0.625,0.375,0,0,0,0,0,0,2
GCYBP,Blue,Blue,Blue,Blue,Blue,Blue,Blue,Blue,1,0,0,0,0,0,0,0,1
RMGBP,Purple,Purple,Purple,Yellow,Yellow,Yellow,Yellow,Blue,0.125,0.375,0,0,0,0.5,0,0,3
OMGBP,Blue,Purple,Yellow,Yellow,Yellow,Yellow,Yellow,Blue,0.25,0.125,0,0,0,0.625,0,0,3
YMGBP,Blue,Blue,Yellow,Yellow,Yellow,Yellow,Blue,Blue,0.5,0,0,0,0,0.5,0,0,2
CMGBP,Blue,Blue,Blue,Yellow,Yellow,Blue,Blue,Blue,0.75,0,0,0,0,0.25,0,0,2
MRGBP,Purple,Purple,Purple,Yellow,Yellow,Yellow,Yellow,Purple,0,0.5,0,0,0,0.5,0,0,2
ORGBP,Purple,Purple,Yellow,Yellow,Yellow,Yellow,Yellow,Blue,0.125,0.25,0,0,0,0.625,0,0,3
YRGBP,Purple,Purple,Yellow,Yellow,Yellow,Yellow,Yellow,Yellow,0,0.25,0,0,0,0.75,0,0,2
CRGBP,Purple,Purple,Purple,Yellow,Yellow,Yellow,Yellow,Blue,0.125,0.375,0,0,0,0.5,0,0,3
MOGBP,Purple,Blue,Yellow,Yellow,Yellow,Yellow,Yellow,Blue,0.25,0.125,0,0,0,0.625,0,0,3
ROGBP,Yellow,Yellow,Yellow,Yellow,Yellow,Yellow,Yellow,Blue,0.125,0,0,0,0,0.875,0,0,2
YOGBP,Blue,Purple,Yellow,Yellow,Yellow,Yellow,Yellow,Yellow,0.125,0.125,0,0,0,0.75,0,0,3
COGBP,Blue,Blue,Blue,Yellow,Yellow,Yellow,Yellow,Blue,0.5,0,0,0,0,0.5,0,0,2
MYGBP,Blue,Blue,Yellow,Yellow,Yellow,Yellow,Blue,Blue,0.5,0,0,0,0,0.5,0,0,2
RYGBP,Yellow,Yellow,Yellow,Yellow,Yellow,Yellow,Yellow,Blue,0.125,0,0,0,0,0.875,0,0,2
OYGBP,Blue,Yellow,Yellow,Yellow,Yellow,Yellow,Yellow,Blue,0.25,0,0,0,0,0.75,0,0,2
CYGBP,Blue,Blue,Blue,Yellow,Yellow,Blue,Blue,Blue,0.75,0,0,0,0,0.25,0,0,2
MCGBP,Blue,Blue,Blue,Yellow,Yellow,Yellow,Blue,Blue,0.625,0,0,0,0,0.375,0,0,2
RCGBP,Blue,Blue,Blue,Yellow,Yellow,Yellow,Blue,Blue,0.625,0,0,0,0,0.375,0,0,2
OCGBP,Blue,Blue,Yellow,Yellow,Yellow,Yellow,Blue,Blue,0.5,0,0,0,0,0.5,0,0,2
YCGBP,Blue,Blue,Yellow,Yellow,Yellow,Blue,Blue,Blue,0.625,0,0,0,0,0.375,0,0,2
RMCBP,Blue,Blue,Blue,Blue,Blue,Blue,Blue,Blue,1,0,0,0,0,0,0,0,1
OMCBP,Blue,Blue,Blue,Blue,Blue,Blue,Blue,Blue,1,0,0,0,0,0,0,0,1
YMCBP,Blue,Blue,Blue,Blue,Blue,Blue,Blue,Blue,1,0,0,0,0,0,0,0,1
GMCBP,Blue,Blue,Blue,Blue,Blue,Blue,Blue,Blue,1,0,0,0,0,0,0,0,1
MRCBP,Blue,Blue,Blue,Blue,Blue,Blue,Blue,Blue,1,0,0,0,0,0,0,0,1
ORCBP,Blue,Blue,Blue,Blue,Purple,Blue,Purple,Blue,0.75,0.25,0,0,0,0,0,0,2
YRCBP,Blue,Blue,Blue,Purple,Blue,Purple,Blue,Blue,0.75,0.25,0,0,0,0,0,0,2
GRCBP,Blue,Blue,Blue,Purple,Purple,Purple,Blue,Blue,0.625,0.375,0,0,0,0,0,0,2
MOCBP,Blue,Blue,Blue,Blue,Blue,Blue,Blue,Blue,1,0,0,0,0,0,0,0,1
ROCBP,Blue,Blue,Blue,Blue,Purple,Purple,Blue,Blue,0.75,0.25,0,0,0,0,0,0,2
YOCBP,Blue,Blue,Blue,Purple,Blue,Blue,Blue,Blue,0.875,0.125,0,0,0,0,0,0,2
GOCBP,Blue,Blue,Blue,Blue,Blue,Blue,Blue,Blue,1,0,0,0,0,0,0,0,1
MYCBP,Blue,Blue,Blue,Purple,Purple,Purple,Blue,Blue,0.625,0.375,0,0,0,0,0,0,2
RYCBP,Blue,Blue,Blue,Purple,Blue,Blue,Blue,Blue,0.875,0.125,0,0,0,0,0,0,2
OYCBP,Blue,Blue,Purple,Purple,Blue,Purple,Blue,Blue,0.625,0.375,0,0,0,0,0,0,2
GYCBP,Blue,Blue,Blue,Blue,Blue,Blue,Blue,Blue,1,0,0,0,0,0,0,0,1
MGCBP,Blue,Blue,Blue,Blue,Blue,Blue,Blue,Blue,1,0,0,0,0,0,0,0,1
RGCBP,Blue,Blue,Blue,Blue,Blue,Blue,Blue,Blue,1,0,0,0,0,0,0,0,1
OGCBP,Blue,Blue,Blue,Blue,Blue,Blue,Blue,Blue,1,0,0,0,0,0,0,0,1
YGCBP,Blue,Blue,Blue,Blue,Blue,Blue,Blue,Blue,1,0,0,0,0,0,0,0,1
ORBMP,Blue,Blue,Blue,Blue,Blue,Blue,Blue,Blue,1,0,0,0,0,0,0,0,1
YRBMP,Blue,Blue,Blue,Blue,Blue,Blue,Magenta,Magenta,0.75,0,0.25,0,0,0,0,0,2
GRBMP,Blue,Blue,Blue,Blue,Blue,Blue,Magenta,Blue,0.875,0,0.125,0,0,0,0,0,2
CRBMP,Blue,Blue,Blue,Blue,Blue,Magenta,Magenta,Blue,0.75,0,0.25,0,0,0,0,0,2
ROBMP,Blue,Blue,Blue,Blue,Blue,Blue,Blue,Blue,1,0,0,0,0,0,0,0,1
YOBMP,Blue,Blue,Blue,Blue,Blue,Blue,Magenta,Magenta,0.75,0,0.25,0,0,0,0,0,2
GOBMP,Blue,Blue,Blue,Blue,Blue,Blue,Magenta,Blue,0.875,0,0.125,0,0,0,0,0,2
COBMP,Blue,Blue,Blue,Blue,Blue,Magenta,Magenta,Blue,0.75,0,0.25,0,0,0,0,0,2
RYBMP,Blue,Blue,Blue,Blue,Blue,Blue,Magenta,Blue,0.875,0,0.125,0,0,0,0,0,2
OYBMP,Blue,Blue,Blue,Blue,Blue,Blue,Magenta,Blue,0.875,0,0.125,0,0,0,0,0,2
GYBMP,Blue,Blue,Blue,Magenta,Magenta,Magenta,Blue,Blue,0.625,0,0.375,0,0,0,0,0,2
CYBMP,Purple,Purple,Purple,Blue,Blue,Blue,Blue,Blue,0.625,0.375,0,0,0,0,0,0,2
RGBMP,Blue,Blue,Blue,Magenta,Magenta,Magenta,Magenta,Blue,0.5,0,0.5,0,0,0,0,0,2
OGBMP,Blue,Blue,Magenta,Magenta,Magenta,Magenta,Magenta,Blue,0.375,0,0.625,0,0,0,0,0,2
YGBMP,Blue,Blue,Magenta,Magenta,Magenta,Magenta,Blue,Blue,0.5,0,0.5,0,0,0,0,0,2
CGBMP,Blue,Blue,Blue,Magenta,Magenta,Blue,Blue,Blue,0.75,0,0.25,0,0,0,0,0,2
RCBMP,Purple,Purple,Purple,Blue,Blue,Blue,Blue,Blue,0.625,0.375,0,0,0,0,0,0,2
OCBMP,Purple,Purple,Blue,Blue,Blue,Blue,Blue,Blue,0.75,0.25,0,0,0,0,0,0,2
YCBMP,Purple,Purple,Blue,Blue,Blue,Blue,Blue,Blue,0.75,0.25,0,0,0,0,0,0,2
GCBMP,Blue,Blue,Purple,Blue,Blue,Blue,Blue,Blue,0.875,0.125,0,0,0,0,0,0,2
OBRMP,Blue,Blue,Blue,Blue,Blue,Blue,Magenta,Blue,0.875,0,0.125,0,0,0,0,0,2
YBRMP,Blue,Blue,Blue,Blue,Blue,Magenta,Blue,Blue,0.875,0,0.125,0,0,0,0,0,2
GBRMP,Blue,Blue,Blue,Magenta,Magenta,Magenta,Blue,Blue,0.625,0,0.375,0,0,0,0,0,2
CBRMP,Blue,Blue,Blue,Blue,Blue,Blue,Blue,Blue,1,0,0,0,0,0,0,0,1
BORMP,Blue,Blue,Blue,Magenta,Blue,Magenta,Blue,Blue,0.75,0,0.25,0,0,0,0,0,2
YORMP,Blue,Blue,Magenta,Magenta,Magenta,Magenta,Magenta,Magenta,0.25,0,0.75,0,0,0,0,0,2
GORMP,Blue,Blue,Magenta,Magenta,Magenta,Magenta,Magenta,Blue,0.375,0,0.625,0,0,0,0,0,2
CORMP,Blue,Blue,Blue,Magenta,Magenta,Magenta,Magenta,Blue,0.5,0,0.5,0,0,0,0,0,2
BYRMP,Blue,Blue,Blue,Magenta,Blue,Magenta,Magenta,Magenta,0.5,0,0.5,0,0,0,0,0,2
OYRMP,Blue,Magenta,Magenta,Magenta,Magenta,Magenta,Magenta,Magenta,0.125,0,0.875,0,0,0,0,0,2
GYRMP,Magenta,Magenta,Magenta,Magenta,Magenta,Magenta,Magenta,Magenta,0,0,1,0,0,0,0,0,1
CYRMP,Blue,Blue,Blue,Magenta,Magenta,Magenta,Magenta,Magenta,0.375,0,0.625,0,0,0,0,0,2
BGRMP,Blue,Blue,Blue,Blue,Blue,Magenta,Blue,Blue,0.875,0,0.125,0,0,0,0,0,2
OGRMP,Blue,Blue,Magenta,Magenta,Magenta,Magenta,Magenta,Blue,0.375,0,0.625,0,0,0,0,0,2
YGRMP,Blue,Blue,Magenta,Magenta,Magenta,Magenta,Magenta,Magenta,0.25,0,0.75,0,0,0,0,0,2
CGRMP,Blue,Blue,Blue,Magenta,Magenta,Magenta,Magenta,Blue,0.5,0,0.5,0,0,0,0,0,2
BCRMP,Blue,Blue,Blue,Blue,Blue,Magenta,Blue,Blue,0.875,0,0.125,0,0,0,0,0,2
OCRMP,Blue,Blue,Magenta,Magenta,Magenta,Magenta,Magenta,Blue,0.375,0,0.625,0,0,0,0,0,2
YCRMP,Blue,Blue,Magenta,Magenta,Magenta,Magenta,Magenta,Magenta,0.25,0,0.75,0,0,0,0,0,2
GCRMP,Blue,Blue,Blue,Magenta,Magenta,Magenta,Magenta,Blue,0.5,0,0.5,0,0,0,0,0,2
RBOMP,Blue,Blue,Blue,Magenta,Blue,Blue,Magenta,Blue,0.75,0,0.25,0,0,0,0,0,2
YBOMP,Blue,Blue,Magenta,Blue,Magenta,Magenta,Blue,Blue,0.625,0,0.375,0,0,0,0,0,2
GBOMP,Blue,Blue,Blue,Magenta,Magenta,Magenta,Blue,Blue,0.625,0,0.375,0,0,0,0,0,2
CBOMP,Blue,Blue,Blue,Magenta,Blue,Blue,Blue,Blue,0.875,0,0.125,0,0,0,0,0,2
BROMP,Magenta,Magenta,Magenta,Magenta,Magenta,Magenta,Blue,Blue,0.25,0,0.75,0,0,0,0,0,2
YROMP,Magenta,Magenta,Magenta,Magenta,Magenta,Magenta,Magenta,Magenta,0,0,1,0,0,0,0,0,1
GROMP,Blue,Blue,Magenta,Magenta,Magenta,Magenta,Magenta,Blue,0.375,0,0.625,0,0,0,0,0,2
CROMP,Magenta,Magenta,Magenta,Magenta,Magenta,Magenta,Magenta,Blue,0.125,0,0.875,0,0,0,0,0,2
BYOMP,Blue,Blue,Blue,Magenta,Blue,Magenta,Magenta,Magenta,0.5,0,0.5,0,0,0,0,0,2
RYOMP,Magenta,Magenta,Magenta,Magenta,Magenta,Magenta,Magenta,Magenta,0,0,1,0,0,0,0,0,1
GYOMP,Magenta,Magenta,Magenta,Magenta,Magenta,Magenta,Magenta,Magenta,0,0,1,0,0,0,0,0,1
CYOMP,Blue,Blue,Blue,Magenta,Magenta,Magenta,Magenta,Magenta,0.375,0,0.625,0,0,0,0,0,2
BGOMP,Blue,Blue,Blue,Magenta,Blue,Magenta,Blue,Blue,0.75,0,0.25,0,0,0,0,0,2
RGOMP,Magenta,Magenta,Magenta,Magenta,Magenta,Magenta,Magenta,Blue,0.125,0,0.875,0,0,0,0,0,2
YGOMP,Blue,Blue,Magenta,Magenta,Magenta,Magenta,Magenta,Magenta,0.25,0,0.75,0,0,0,0,0,2
CGOMP,Blue,Blue,Blue,Magenta,Magenta,Magenta,Magenta,Blue,0.5,0,0.5,0,0,0,0,0,2
BCOMP,Blue,Blue,Blue,Blue,Blue,Magenta,Blue,Blue,0.875,0,0.125,0,0,0,0,0,2
RCOMP,Blue,Blue,Blue,Magenta,Magenta,Magenta,Magenta,Blue,0.5,0,0.5,0,0,0,0,0,2
YCOMP,Blue,Blue,Magenta,Magenta,Magenta,Magenta,Magenta,Magenta,0.25,0,0.75,0,0,0,0,0,2
GCOMP,Blue,Blue,Blue,Magenta,Magenta,Magenta,Magenta,Blue,0.5,0,0.5,0,0,0,0,0,2
RBYMP,Blue,Blue,Blue,Magenta,Blue,Blue,Magenta,Cyan,0.625,0,0.25,0,0,0,0,0.125,3
OBYMP,Blue,Blue,Magenta,Magenta,Blue,Magenta,Magenta,Cyan,0.375,0,0.5,0,0,0,0,0.125,3
GBYMP,Cyan,Cyan,Blue,Magenta,Magenta,Magenta,Cyan,Cyan,0.125,0,0.375,0,0,0,0,0.5,3
CBYMP,Purple,Purple,Purple,Magenta,Blue,Cyan,Cyan,Cyan,0.125,0.375,0.125,0,0,0,0,0.375,4
BRYMP,Magenta,Magenta,Magenta,Magenta,Magenta,Magenta,Cyan,Cyan,0,0,0.75,0,0,0,0,0.25,2
ORYMP,Magenta,Magenta,Magenta,Magenta,Magenta,Magenta,Magenta,Cyan,0,0,0.875,0,0,0,0,0.125,2
GRYMP,Cyan,Cyan,Magenta,Magenta,Magenta,Magenta,Magenta,Cyan,0,0,0.625,0,0,0,0,0.375,2
CRYMP,Magenta,Magenta,Magenta,Magenta,Magenta,Magenta,Magenta,Cyan,0,0,0.875,0,0,0,0,0.125,2
BOYMP,Blue,Magenta,Magenta,Magenta,Magenta,Magenta,Cyan,Cyan,0.125,0,0.625,0,0,0,0,0.25,3
ROYMP,Magenta,Magenta,Magenta,Magenta,Magenta,Magenta,Magenta,Cyan,0,0,0.875,0,0,0,0,0.125,2
GOYMP,Cyan,Cyan,Magenta,Magenta,Magenta,Magenta,Magenta,Cyan,0,0,0.625,0,0,0,0,0.375,2
COYMP,Blue,Blue,Blue,Magenta,Magenta,Magenta,Magenta,Cyan,0.375,0,0.5,0,0,0,0,0.125,3
BGYMP,Cyan,Cyan,Cyan,Magenta,Cyan,Magenta,Cyan,Cyan,0,0,0.25,0,0,0,0,0.75,2
RGYMP,Magenta,Magenta,Magenta,Magenta,Magenta,Magenta,Magenta,Cyan,0,0,0.875,0,0,0,0,0.125,2
OGYMP,Cyan,Magenta,Magenta,Magenta,Magenta,Magenta,Magenta,Cyan,0,0,0.75,0,0,0,0,0.25,2
CGYMP,Cyan,Cyan,Cyan,Magenta,Magenta,Cyan,Cyan,Cyan,0,0,0.25,0,0,0,0,0.75,2
BCYMP,Purple,Purple,Purple,Purple,Purple,Cyan,Cyan,Cyan,0,0.625,0,0,0,0,0,0.375,2
RCYMP,Purple,Purple,Purple,Magenta,Magenta,Magenta,Cyan,Cyan,0,0.375,0.375,0,0,0,0,0.25,3
OCYMP,Purple,Purple,Magenta,Magenta,Magenta,Magenta,Cyan,Cyan,0,0.25,0.5,0,0,0,0,0.25,3
GCYMP,Cyan,Cyan,Purple,Cyan,Cyan,Cyan,Cyan,Cyan,0,0.125,0,0,0,0,0,0.875,2
RBGMP,Blue,Blue,Blue,Blue,Blue,Blue,Magenta,Blue,0.875,0,0.125,0,0,0,0,0,2
OBGMP,Blue,Blue,Blue,Blue,Blue,Blue,Magenta,Blue,0.875,0,0.125,0,0,0,0,0,2
YBGMP,Blue,Blue,Blue,Blue,Blue,Magenta,Blue,Blue,0.875,0,0.125,0,0,0,0,0,2
CBGMP,Blue,Blue,Blue,Blue,Blue,Blue,Blue,Blue,1,0,0,0,0,0,0,0,1
BRGMP,Blue,Blue,Blue,Blue,Blue,Magenta,Blue,Blue,0.875,0,0.125,0,0,0,0,0,2
ORGMP,Blue,Blue,Magenta,Magenta,Magenta,Magenta,Magenta,Blue,0.375,0,0.625,0,0,0,0,0,2
YRGMP,Blue,Blue,Magenta,Magenta,Magenta,Magenta,Magenta,Magenta,0.25,0,0.75,0,0,0,0,0,2
CRGMP,Blue,Blue,Blue,Magenta,Magenta,Magenta,Magenta,Blue,0.5,0,0.5,0,0,0,0,0,2
BOGMP,Blue,Blue,Blue,Magenta,Blue,Magenta,Blue,Blue,0.75,0,0.25,0,0,0,0,0,2
ROGMP,Magenta,Magenta,Magenta,Magenta,Magenta,Magenta,Magenta,Blue,0.125,0,0.875,0,0,0,0,0,2
YOGMP,Blue,Blue,Magenta,Magenta,Magenta,Magenta,Magenta,Magenta,0.25,0,0.75,0,0,0,0,0,2
COGMP,Blue,Blue,Blue,Magenta,Magenta,Magenta,Magenta,Blue,0.5,0,0.5,0,0,0,0,0,2
BYGMP,Blue,Blue,Blue,Magenta,Blue,Magenta,Cyan,Cyan,0.5,0,0.25,0,0,0,0,0.25,3
RYGMP,Magenta,Magenta,Magenta,Magenta,Magenta,Magenta,Magenta,Cyan,0,0,0.875,0,0,0,0,0.125,2
OYGMP,Blue,Magenta,Magenta,Magenta,Magenta,Magenta,Magenta,Cyan,0.125,0,0.75,0,0,0,0,0.125,3
CYGMP,Blue,Blue,Blue,Magenta,Magenta,Cyan,Cyan,Cyan,0.375,0,0.25,0,0,0,0,0.375,3
BCGMP,Blue,Blue,Blue,Blue,Blue,Cyan,Blue,Blue,0.875,0,0,0,0,0,0,0.125,2
RCGMP,Blue,Blue,Blue,Magenta,Magenta,Magenta,Cyan,Blue,0.5,0,0.375,0,0,0,0,0.125,3
OCGMP,Blue,Blue,Magenta,Magenta,Magenta,Magenta,Cyan,Blue,0.375,0,0.5,0,0,0,0,0.125,3
YCGMP,Blue,Blue,Magenta,Magenta,Magenta,Cyan,Cyan,Cyan,0.25,0,0.375,0,0,0,0,0.375,3
RBCMP,Purple,Purple,Purple,Purple,Purple,Purple,Cyan,Blue,0.125,0.75,0,0,0,0,0,0.125,3
OBCMP,Purple,Purple,Purple,Purple,Purple,Purple,Cyan,Blue,0.125,0.75,0,0,0,0,0,0.125,3
YBCMP,Purple,Purple,Purple,Purple,Purple,Cyan,Blue,Blue,0.25,0.625,0,0,0,0,0,0.125,3
GBCMP,Blue,Blue,Purple,Cyan,Cyan,Cyan,Blue,Blue,0.5,0.125,0,0,0,0,0,0.375,3
BRCMP,Purple,Purple,Purple,Purple,Purple,Magenta,Blue,Blue,0.25,0.625,0.125,0,0,0,0,0,3
ORCMP,Purple,Purple,Magenta,Magenta,Magenta,Magenta,Magenta,Blue,0.125,0.25,0.625,0,0,0,0,0,3
YRCMP,Purple,Purple,Magenta,Magenta,Magenta,Magenta,Cyan,Cyan,0,0.25,0.5,0,0,0,0,0.25,3
GRCMP,Blue,Blue,Purple,Magenta,Magenta,Magenta,Cyan,Blue,0.375,0.125,0.375,0,0,0,0,0.125,4
BOCMP,Purple,Purple,Purple,Magenta,Purple,Magenta,Blue,Blue,0.25,0.5,0.25,0,0,0,0,0,3
ROCMP,Magenta,Magenta,Magenta,Magenta,Magenta,Magenta,Magenta,Blue,0.125,0,0.875,0,0,0,0,0,2
YOCMP,Purple,Purple,Magenta,Magenta,Magenta,Magenta,Cyan,Cyan,0,0.25,0.5,0,0,0,0,0.25,3
GOCMP,Blue,Blue,Magenta,Magenta,Magenta,Magenta,Cyan,Blue,0.375,0,0.5,0,0,0,0,0.125,3
BYCMP,Purple,Purple,Purple,Magenta,Purple,Cyan,Cyan,Cyan,0,0.5,0.125,0,0,0,0,0.375,3
RYCMP,Magenta,Magenta,Magenta,Magenta,Magenta,Magenta,Cyan,Cyan,0,0,0.75,0,0,0,0,0.25,2
OYCMP,Purple,Magenta,Magenta,Magenta,Magenta,Magenta,Cyan,Cyan,0,0.125,0.625,0,0,0,0,0.25,3
GYCMP,Cyan,Cyan,Magenta,Cyan,Cyan,Cyan,Cyan,Cyan,0,0,0.125,0,0,0,0,0.875,2
BGCMP,Blue,Blue,Blue,Purple,Blue,Cyan,Blue,Blue,0.75,0.125,0,0,0,0,0,0.125,3
RGCMP,Purple,Purple,Purple,Cyan,Cyan,Cyan,Cyan,Blue,0.125,0.375,0,0,0,0,0,0.5,3
OGCMP,Blue,Purple,Cyan,Cyan,Cyan,Cyan,Cyan,Blue,0.25,0.125,0,0,0,0,0,0.625,3
YGCMP,Blue,Blue,Cyan,Cyan,Cyan,Cyan,Cyan,Cyan,0.25,0,0,0,0,0,0,0.75,2
OMBRP,Blue,Blue,Blue,Blue,Blue,Blue,Blue,Blue,1,0,0,0,0,0,0,0,1
YMBRP,Blue,Blue,Blue,Blue,Blue,Blue,Blue,Blue,1,0,0,0,0,0,0,0,1
GMBRP,Blue,Blue,Blue,Blue,Blue,Blue,Blue,Blue,1,0,0,0,0,0,0,0,1
CMBRP,Blue,Blue,Blue,Blue,Blue,Blue,Blue,Blue,1,0,0,0,0,0,0,0,1
MOBRP,Blue,Blue,Blue,Blue,Blue,Blue,Magenta,Blue,0.875,0,0.125,0,0,0,0,0,2
YOBRP,Blue,Blue,Blue,Blue,Blue,Blue,Magenta,Magenta,0.75,0,0.25,0,0,0,0,0,2
GOBRP,Blue,Blue,Blue,Blue,Blue,Blue,Magenta,Blue,0.875,0,0.125,0,0,0,0,0,2
COBRP,Blue,Blue,Blue,Blue,Blue,Magenta,Magenta,Blue,0.75,0,0.25,0,0,0,0,0,2
MYBRP,Blue,Blue,Blue,Blue,Blue,Blue,Blue,Blue,1,0,0,0,0,0,0,0,1
OYBRP,Blue,Blue,Blue,Blue,Blue,Blue,Magenta,Blue,0.875,0,0.125,0,0,0,0,0,2
GYBRP,Blue,Blue,Blue,Magenta,Magenta,Magenta,Blue,Blue,0.625,0,0.375,0,0,0,0,0,2
CYBRP,Blue,Blue,Blue,Blue,Blue,Blue,Blue,Blue,1,0,0,0,0,0,0,0,1
MGBRP,Blue,Blue,Blue,Magenta,Magenta,Magenta,Blue,Blue,0.625,0,0.375,0,0,0,0,0,2
OGBRP,Blue,Blue,Magenta,Magenta,Magenta,Magenta,Magenta,Blue,0.375,0,0.625,0,0,0,0,0,2
YGBRP,Blue,Blue,Magenta,Magenta,Magenta,Magenta,Blue,Blue,0.5,0,0.5,0,0,0,0,0,2
CGBRP,Blue,Blue,Blue,Magenta,Magenta,Blue,Blue,Blue,0.75,0,0.25,0,0,0,0,0,2
MCBRP,Blue,Blue,Blue,Blue,Blue,Blue,Blue,Blue,1,0,0,0,0,0,0,0,1
OCBRP,Blue,Blue,Blue,Blue,Blue,Blue,Blue,Blue,1,0,0,0,0,0,0,0,1
YCBRP,Blue,Blue,Blue,Blue,Blue,Blue,Blue,Blue,1,0,0,0,0,0,0,0,1
GCBRP,Blue,Blue,Blue,Blue,Blue,Blue,Blue,Blue,1,0,0,0,0,0,0,0,1
OBMRP,Blue,Blue,Blue,Blue,Blue,Blue,Magenta,Blue,0.875,0,0.125,0,0,0,0,0,2
YBMRP,Blue,Blue,Blue,Blue,Blue,Magenta,Blue,Blue,0.875,0,0.125,0,0,0,0,0,2
GBMRP,Blue,Blue,Blue,Magenta,Magenta,Magenta,Blue,Blue,0.625,0,0.375,0,0,0,0,0,2
CBMRP,Blue,Blue,Blue,Blue,Blue,Blue,Blue,Blue,1,0,0,0,0,0,0,0,1
BOMRP,Blue,Blue,Blue,Magenta,Blue,Magenta,Blue,Blue,0.75,0,0.25,0,0,0,0,0,2
YOMRP,Blue,Blue,Magenta,Magenta,Magenta,Magenta,Magenta,Magenta,0.25,0,0.75,0,0,0,0,0,2
GOMRP,Blue,Blue,Magenta,Magenta,Magenta,Magenta,Magenta,Blue,0.375,0,0.625,0,0,0,0,0,2
COMRP,Blue,Blue,Blue,Magenta,Magenta,Magenta,Magenta,Blue,0.5,0,0.5,0,0,0,0,0,2
BYMRP,Blue,Blue,Blue,Magenta,Blue,Magenta,Yellow,Yellow,0.5,0,0.25,0,0,0.25,0,0,3
OYMRP,Blue,Magenta,Magenta,Magenta,Magenta,Magenta,Magenta,Yellow,0.125,0,0.75,0,0,0.125,0,0,3
GYMRP,Yellow,Yellow,Magenta,Magenta,Magenta,Magenta,Yellow,Yellow,0,0,0.5,0,0,0.5,0,0,2
CYMRP,Blue,Blue,Blue,Magenta,Magenta,Yellow,Yellow,Yellow,0.375,0,0.25,0,0,0.375,0,0,3
BGMRP,Blue,Blue,Blue,Blue,Blue,Magenta,Blue,Blue,0.875,0,0.125,0,0,0,0,0,2
OGMRP,Blue,Blue,Magenta,Magenta,Magenta,Magenta,Magenta,Blue,0.375,0,0.625,0,0,0,0,0,2
YGMRP,Blue,Blue,Magenta,Magenta,Magenta,Magenta,Yellow,Yellow,0.25,0,0.5,0,0,0.25,0,0,3
CGMRP,Blue,Blue,Blue,Magenta,Magenta,Yellow,Yellow,Blue,0.5,0,0.25,0,0,0.25,0,0,3
BCMRP,Blue,Blue,Blue,Blue,Blue,Yellow,Blue,Blue,0.875,0,0,0,0,0.125,0,0,2
OCMRP,Blue,Blue,Magenta,Magenta,Magenta,Magenta,Yellow,Blue,0.375,0,0.5,0,0,0.125,0,0,3
YCMRP,Blue,Blue,Magenta,Magenta,Magenta,Yellow,Yellow,Yellow,0.25,0,0.375,0,0,0.375,0,0,3
GCMRP,Blue,Blue,Blue,Yellow,Yellow,Yellow,Yellow,Blue,0.5,0,0,0,0,0.5,0,0,2
MBORP,Blue,Blue,Blue,Magenta,Magenta,Magenta,Blue,Blue,0.625,0,0.375,0,0,0,0,0,2
YBORP,Blue,Blue,Magenta,Blue,Magenta,Magenta,Blue,Blue,0.625,0,0.375,0,0,0,0,0,2
GBORP,Blue,Blue,Blue,Magenta,Magenta,Magenta,Blue,Blue,0.625,0,0.375,0,0,0,0,0,2
CBORP,Blue,Blue,Blue,Magenta,Blue,Blue,Blue,Blue,0.875,0,0.125,0,0,0,0,0,2
BMORP,Blue,Blue,Blue,Magenta,Blue,Magenta,Blue,Blue,0.75,0,0.25,0,0,0,0,0,2
YMORP,Blue,Blue,Magenta,Magenta,Magenta,Magenta,Magenta,Magenta,0.25,0,0.75,0,0,0,0,0,2
GMORP,Blue,Blue,Magenta,Magenta,Magenta,Magenta,Magenta,Blue,0.375,0,0.625,0,0,0,0,0,2
CMORP,Blue,Blue,Blue,Magenta,Magenta,Magenta,Magenta,Blue,0.5,0,0.5,0,0,0,0,0,2
BYORP,Blue,Blue,Blue,Magenta,Blue,Magenta,Magenta,Magenta,0.5,0,0.5,0,0,0,0,0,2
MYORP,Blue,Blue,Magenta,Magenta,Magenta,Magenta,Magenta,Blue,0.375,0,0.625,0,0,0,0,0,2
GYORP,Magenta,Magenta,Magenta,Magenta,Magenta,Magenta,Magenta,Magenta,0,0,1,0,0,0,0,0,1
CYORP,Blue,Blue,Blue,Magenta,Magenta,Magenta,Magenta,Magenta,0.375,0,0.625,0,0,0,0,0,2
BGORP,Blue,Blue,Blue,Magenta,Blue,Magenta,Blue,Blue,0.75,0,0.25,0,0,0,0,0,2
MGORP,Blue,Blue,Magenta,Magenta,Magenta,Magenta,Magenta,Blue,0.375,0,0.625,0,0,0,0,0,2
YGORP,Blue,Blue,Magenta,Magenta,Magenta,Magenta,Magenta,Magenta,0.25,0,0.75,0,0,0,0,0,2
CGORP,Blue,Blue,Blue,Magenta,Magenta,Magenta,Magenta,Blue,0.5,0,0.5,0,0,0,0,0,2
BCORP,Blue,Blue,Blue,Blue,Blue,Magenta,Blue,Blue,0.875,0,0.125,0,0,0,0,0,2
MCORP,Blue,Blue,Blue,Magenta,Magenta,Magenta,Magenta,Blue,0.5,0,0.5,0,0,0,0,0,2
YCORP,Blue,Blue,Magenta,Magenta,Magenta,Magenta,Magenta,Magenta,0.25,0,0.75,0,0,0,0,0,2
GCORP,Blue,Blue,Blue,Magenta,Magenta,Magenta,Magenta,Blue,0.5,0,0.5,0,0,0,0,0,2
MBYRP,Blue,Blue,Blue,Magenta,Magenta,Magenta,Yellow,Blue,0.5,0,0.375,0,0,0.125,0,0,3
OBYRP,Blue,Blue,Magenta,Magenta,Blue,Magenta,Magenta,Yellow,0.375,0,0.5,0,0,0.125,0,0,3
GBYRP,Yellow,Yellow,Blue,Magenta,Magenta,Magenta,Yellow,Yellow,0.125,0,0.375,0,0,0.5,0,0,3
CBYRP,Blue,Blue,Blue,Magenta,Blue,Yellow,Yellow,Yellow,0.5,0,0.125,0,0,0.375,0,0,3
BMYRP,Blue,Blue,Blue,Magenta,Blue,Magenta,Blue,Blue,0.75,0,0.25,0,0,0,0,0,2
OMYRP,Blue,Magenta,Magenta,Magenta,Magenta,Magenta,Magenta,Blue,0.25,0,0.75,0,0,0,0,0,2
GMYRP,Blue,Blue,Magenta,Magenta,Magenta,Magenta,Yellow,Blue,0.375,0,0.5,0,0,0.125,0,0,3
CMYRP,Blue,Blue,Blue,Magenta,Magenta,Yellow,Yellow,Blue,0.5,0,0.25,0,0,0.25,0,0,3
BOYRP,Blue,Magenta,Magenta,Magenta,Magenta,Magenta,Yellow,Yellow,0.125,0,0.625,0,0,0.25,0,0,3
MOYRP,Magenta,Blue,Magenta,Magenta,Magenta,Magenta,Magenta,Blue,0.25,0,0.75,0,0,0,0,0,2
GOYRP,Yellow,Yellow,Magenta,Magenta,Magenta,Magenta,Magenta,Yellow,0,0,0.625,0,0,0.375,0,0,2
COYRP,Blue,Blue,Blue,Magenta,Magenta,Magenta,Magenta,Yellow,0.375,0,0.5,0,0,0.125,0,0,3
BGYRP,Yellow,Yellow,Yellow,Magenta,Yellow,Magenta,Yellow,Yellow,0,0,0.25,0,0,0.75,0,0,2
MGYRP,Yellow,Yellow,Magenta,Magenta,Magenta,Magenta,Yellow,Yellow,0,0,0.5,0,0,0.5,0,0,2
OGYRP,Yellow,Magenta,Magenta,Magenta,Magenta,Magenta,Magenta,Yellow,0,0,0.75,0,0,0.25,0,0,2
CGYRP,Yellow,Yellow,Yellow,Magenta,Magenta,Yellow,Yellow,Yellow,0,0,0.25,0,0,0.75,0,0,2
BCYRP,Blue,Blue,Blue,Blue,Blue,Yellow,Yellow,Yellow,0.625,0,0,0,0,0.375,0,0,2
MCYRP,Blue,Blue,Blue,Magenta,Magenta,Magenta,Yellow,Blue,0.5,0,0.375,0,0,0.125,0,0,3
OCYRP,Blue,Blue,Magenta,Magenta,Magenta,Magenta,Yellow,Yellow,0.25,0,0.5,0,0,0.25,0,0,3
GCYRP,Yellow,Yellow,Blue,Yellow,Yellow,Yellow,Yellow,Yellow,0.125,0,0,0,0,0.875,0,0,2
MBGRP,Blue,Blue,Blue,Blue,Blue,Blue,Blue,Blue,1,0,0,0,0,0,0,0,1
OBGRP,Blue,Blue,Blue,Blue,Blue,Blue,Magenta,Blue,0.875,0,0.125,0,0,0,0,0,2
YBGRP,Blue,Blue,Blue,Blue,Blue,Magenta,Blue,Blue,0.875,0,0.125,0,0,0,0,0,2
CBGRP,Blue,Blue,Blue,Blue,Blue,Blue,Blue,Blue,1,0,0,0,0,0,0,0,1
BMGRP,Blue,Blue,Blue,Blue,Blue,Magenta,Blue,Blue,0.875,0,0.125,0,0,0,0,0,2
OMGRP,Blue,Blue,Magenta,Magenta,Magenta,Magenta,Magenta,Blue,0.375,0,0.625,0,0,0,0,0,2
YMGRP,Blue,Blue,Magenta,Magenta,Magenta,Magenta,Yellow,Yellow,0.25,0,0.5,0,0,0.25,0,0,3
CMGRP,Blue,Blue,Blue,Magenta,Magenta,Yellow,Yellow,Blue,0.5,0,0.25,0,0,0.25,0,0,3
BOGRP,Blue,Blue,Blue,Magenta,Blue,Magenta,Blue,Blue,0.75,0,0.25,0,0,0,0,0,2
MOGRP,Blue,Blue,Magenta,Magenta,Magenta,Magenta,Magenta,Blue,0.375,0,0.625,0,0,0,0,0,2
YOGRP,Blue,Blue,Magenta,Magenta,Magenta,Magenta,Magenta,Magenta,0.25,0,0.75,0,0,0,0,0,2
COGRP,Blue,Blue,Blue,Magenta,Magenta,Magenta,Magenta,Blue,0.5,0,0.5,0,0,0,0,0,2
BYGRP,Blue,Blue,Blue,Magenta,Blue,Magenta,Yellow,Yellow,0.5,0,0.25,0,0,0.25,0,0,3
MYGRP,Blue,Blue,Magenta,Magenta,Magenta,Magenta,Yellow,Blue,0.375,0,0.5,0,0,0.125,0,0,3
OYGRP,Blue,Magenta,Magenta,Magenta,Magenta,Magenta,Magenta,Yellow,0.125,0,0.75,0,0,0.125,0,0,3
CYGRP,Blue,Blue,Blue,Magenta,Magenta,Yellow,Yellow,Yellow,0.375,0,0.25,0,0,0.375,0,0,3
BCGRP,Blue,Blue,Blue,Blue,Blue,Yellow,Blue,Blue,0.875,0,0,0,0,0.125,0,0,2
MCGRP,Blue,Blue,Blue,Magenta,Magenta,Magenta,Yellow,Blue,0.5,0,0.375,0,0,0.125,0,0,3
OCGRP,Blue,Blue,Magenta,Magenta,Magenta,Magenta,Yellow,Blue,0.375,0,0.5,0,0,0.125,0,0,3
YCGRP,Blue,Blue,Magenta,Magenta,Magenta,Yellow,Yellow,Yellow,0.25,0,0.375,0,0,0.375,0,0,3
MBCRP,Blue,Blue,Blue,Blue,Blue,Blue,Blue,Blue,1,0,0,0,0,0,0,0,1
OBCRP,Blue,Blue,Blue,Blue,Blue,Blue,Yellow,Blue,0.875,0,0,0,0,0.125,0,0,2
YBCRP,Blue,Blue,Blue,Blue,Blue,Yellow,Blue,Blue,0.875,0,0,0,0,0.125,0,0,2
GBCRP,Blue,Blue,Blue,Yellow,Yellow,Yellow,Blue,Blue,0.625,0,0,0,0,0.375,0,0,2
BMCRP,Blue,Blue,Blue,Blue,Blue,Magenta,Blue,Blue,0.875,0,0.125,0,0,0,0,0,2
OMCRP,Blue,Blue,Magenta,Magenta,Magenta,Magenta,Magenta,Blue,0.375,0,0.625,0,0,0,0,0,2
YMCRP,Blue,Blue,Magenta,Magenta,Magenta,Magenta,Yellow,Yellow,0.25,0,0.5,0,0,0.25,0,0,3
GMCRP,Blue,Blue,Blue,Magenta,Magenta,Magenta,Yellow,Blue,0.5,0,0.375,0,0,0.125,0,0,3
BOCRP,Blue,Blue,Blue,Magenta,Blue,Magenta,Blue,Blue,0.75,0,0.25,0,0,0,0,0,2
MOCRP,Blue,Blue,Magenta,Magenta,Magenta,Magenta,Yellow,Blue,0.375,0,0.5,0,0,0.125,0,0,3
YOCRP,Blue,Blue,Magenta,Magenta,Magenta,Magenta,Yellow,Yellow,0.25,0,0.5,0,0,0.25,0,0,3
GOCRP,Blue,Blue,Magenta,Magenta,Magenta,Magenta,Yellow,Blue,0.375,0,0.5,0,0,0.125,0,0,3
BYCRP,Blue,Blue,Blue,Magenta,Blue,Yellow,Yellow,Yellow,0.5,0,0.125,0,0,0.375,0,0,3
MYCRP,Blue,Blue,Magenta,Magenta,Magenta,Magenta,Yellow,Blue,0.375,0,0.5,0,0,0.125,0,0,3
OYCRP,Blue,Magenta,Magenta,Magenta,Magenta,Magenta,Yellow,Yellow,0.125,0,0.625,0,0,0.25,0,0,3
GYCRP,Yellow,Yellow,Magenta,Yellow,Yellow,Yellow,Yellow,Yellow,0,0,0.125,0,0,0.875,0,0,2
BGCRP,Blue,Blue,Blue,Blue,Blue,Yellow,Blue,Blue,0.875,0,0,0,0,0.125,0,0,2
MGCRP,Blue,Blue,Blue,Yellow,Yellow,Yellow,Yellow,Blue,0.5,0,0,0,0,0.5,0,0,2
OGCRP,Blue,Blue,Yellow,Yellow,Yellow,Yellow,Yellow,Blue,0.375,0,0,0,0,0.625,0,0,2
YGCRP,Blue,Blue,Yellow,Yellow,Yellow,Yellow,Yellow,Yellow,0.25,0,0,0,0,0.75,0,0,2
RMBOP,Blue,Blue,Blue,Magenta,Magenta,Magenta,Magenta,Purple,0.375,0.125,0.5,0,0,0,0,0,3
YMBOP,Blue,Purple,Magenta,Magenta,Magenta,Magenta,Blue,Blue,0.375,0.125,0.5,0,0,0,0,0,3
GMBOP,Purple,Purple,Blue,Magenta,Magenta,Magenta,Blue,Purple,0.25,0.375,0.375,0,0,0,0,0,3
CMBOP,Blue,Blue,Blue,Magenta,Magenta,Blue,Blue,Purple,0.625,0.125,0.25,0,0,0,0,0,3
MRBOP,Blue,Blue,Blue,Magenta,Magenta,Magenta,Magenta,Blue,0.5,0,0.5,0,0,0,0,0,2
YRBOP,Blue,Blue,Magenta,Blue,Magenta,Blue,Magenta,Magenta,0.5,0,0.5,0,0,0,0,0,2
GRBOP,Blue,Blue,Blue,Blue,Blue,Blue,Magenta,Blue,0.875,0,0.125,0,0,0,0,0,2
CRBOP,Blue,Blue,Blue,Magenta,Blue,Magenta,Magenta,Blue,0.625,0,0.375,0,0,0,0,0,2
MYBOP,Blue,Purple,Magenta,Blue,Blue,Blue,Blue,Purple,0.625,0.25,0.125,0,0,0,0,0,3
RYBOP,Magenta,Magenta,Magenta,Blue,Magenta,Magenta,Magenta,Blue,0.25,0,0.75,0,0,0,0,0,2
GYBOP,Blue,Blue,Magenta,Magenta,Magenta,Magenta,Blue,Blue,0.5,0,0.5,0,0,0,0,0,2
CYBOP,Purple,Purple,Purple,Blue,Magenta,Blue,Blue,Blue,0.5,0.375,0.125,0,0,0,0,0,3
MGBOP,Blue,Blue,Blue,Magenta,Magenta,Magenta,Blue,Blue,0.625,0,0.375,0,0,0,0,0,2
RGBOP,Blue,Blue,Blue,Magenta,Magenta,Magenta,Magenta,Blue,0.5,0,0.5,0,0,0,0,0,2
YGBOP,Blue,Blue,Magenta,Magenta,Magenta,Magenta,Blue,Blue,0.5,0,0.5,0,0,0,0,0,2
CGBOP,Blue,Blue,Blue,Magenta,Magenta,Blue,Blue,Blue,0.75,0,0.25,0,0,0,0,0,2
MCBOP,Purple,Purple,Purple,Magenta,Magenta,Magenta,Blue,Purple,0.125,0.5,0.375,0,0,0,0,0,3
RCBOP,Purple,Purple,Purple,Magenta,Blue,Blue,Blue,Blue,0.5,0.375,0.125,0,0,0,0,0,3
YCBOP,Purple,Purple,Magenta,Blue,Magenta,Blue,Blue,Blue,0.5,0.25,0.25,0,0,0,0,0,3
GCBOP,Blue,Blue,Purple,Blue,Blue,Blue,Blue,Blue,0.875,0.125,0,0,0,0,0,0,2
RBMOP,Purple,Purple,Purple,Magenta,Purple,Purple,Magenta,Purple,0,0.75,0.25,0,0,0,0,0,2
YBMOP,Blue,Purple,Magenta,Purple,Magenta,Magenta,Purple,Purple,0.125,0.5,0.375,0,0,0,0,0,3
GBMOP,Purple,Purple,Purple,Magenta,Magenta,Magenta,Purple,Purple,0,0.625,0.375,0,0,0,0,0,2
CBMOP,Blue,Blue,Blue,Magenta,Purple,Purple,Purple,Purple,0.375,0.5,0.125,0,0,0,0,0,3
BRMOP,Magenta,Magenta,Magenta,Magenta,Magenta,Magenta,Purple,Purple,0,0.25,0.75,0,0,0,0,0,2
YRMOP,Magenta,Magenta,Magenta,Magenta,Magenta,Magenta,Magenta,Magenta,0,0,1,0,0,0,0,0,1
GRMOP,Purple,Purple,Magenta,Magenta,Magenta,Magenta,Magenta,Purple,0,0.375,0.625,0,0,0,0,0,2
CRMOP,Magenta,Magenta,Magenta,Magenta,Magenta,Magenta,Magenta,Purple,0,0.125,0.875,0,0,0,0,0,2
BYMOP,Blue,Purple,Purple,Magenta,Purple,Magenta,Yellow,Yellow,0.125,0.375,0.25,0,0,0.25,0,0,4
RYMOP,Magenta,Magenta,Magenta,Magenta,Magenta,Magenta,Magenta,Yellow,0,0,0.875,0,0,0.125,0,0,2
GYMOP,Yellow,Yellow,Magenta,Magenta,Magenta,Magenta,Yellow,Yellow,0,0,0.5,0,0,0.5,0,0,2
CYMOP,Blue,Blue,Blue,Magenta,Magenta,Yellow,Yellow,Yellow,0.375,0,0.25,0,0,0.375,0,0,3
BGMOP,Purple,Purple,Purple,Magenta,Purple,Magenta,Purple,Purple,0,0.75,0.25,0,0,0,0,0,2
RGMOP,Magenta,Magenta,Magenta,Magenta,Magenta,Magenta,Magenta,Purple,0,0.125,0.875,0,0,0,0,0,2
YGMOP,Purple,Purple,Magenta,Magenta,Magenta,Magenta,Yellow,Yellow,0,0.25,0.5,0,0,0.25,0,0,3
CGMOP,Purple,Purple,Purple,Magenta,Magenta,Yellow,Yellow,Purple,0,0.5,0.25,0,0,0.25,0,0,3
BCMOP,Blue,Blue,Blue,Blue,Blue,Yellow,Purple,Purple,0.625,0.25,0,0,0,0.125,0,0,3
RCMOP,Blue,Blue,Blue,Magenta,Magenta,Magenta,Yellow,Purple,0.375,0.125,0.375,0,0,0.125,0,0,4
YCMOP,Blue,Blue,Magenta,Magenta,Magenta,Yellow,Yellow,Yellow,0.25,0,0.375,0,0,0.375,0,0,3
GCMOP,Purple,Purple,Blue,Yellow,Yellow,Yellow,Yellow,Purple,0.125,0.375,0,0,0,0.5,0,0,3
MBROP,Magenta,Magenta,Magenta,Magenta,Magenta,Magenta,Blue,Magenta,0.125,0,0.875,0,0,0,0,0,2
YBROP,Magenta,Magenta,Magenta,Magenta,Magenta,Magenta,Blue,Blue,0.25,0,0.75,0,0,0,0,0,2
GBROP,Blue,Blue,Magenta,Magenta,Magenta,Magenta,Blue,Blue,0.5,0,0.5,0,0,0,0,0,2
CBROP,Magenta,Magenta,Magenta,Magenta,Magenta,Blue,Blue,Blue,0.375,0,0.625,0,0,0,0,0,2
BMROP,Magenta,Magenta,Magenta,Magenta,Magenta,Magenta,Magenta,Magenta,0,0,1,0,0,0,0,0,1
YMROP,Magenta,Magenta,Magenta,Magenta,Magenta,Magenta,Magenta,Magenta,0,0,1,0,0,0,0,0,1
GMROP,Magenta,Magenta,Magenta,Magenta,Magenta,Magenta,Magenta,Magenta,0,0,1,0,0,0,0,0,1
CMROP,Magenta,Magenta,Magenta,Magenta,Magenta,Magenta,Magenta,Magenta,0,0,1,0,0,0,0,0,1
BYROP,Magenta,Magenta,Magenta,Magenta,Magenta,Magenta,Magenta,Magenta,0,0,1,0,0,0,0,0,1
MYROP,Magenta,Magenta,Magenta,Magenta,Magenta,Magenta,Magenta,Magenta,0,0,1,0,0,0,0,0,1
GYROP,Magenta,Magenta,Magenta,Magenta,Magenta,Magenta,Magenta,Magenta,0,0,1,0,0,0,0,0,1
CYROP,Magenta,Magenta,Magenta,Magenta,Magenta,Magenta,Magenta,Magenta,0,0,1,0,0,0,0,0,1
BGROP,Blue,Blue,Blue,Magenta,Blue,Magenta,Blue,Blue,0.75,0,0.25,0,0,0,0,0,2
MGROP,Blue,Blue,Magenta,Magenta,Magenta,Magenta,Magenta,Blue,0.375,0,0.625,0,0,0,0,0,2
YGROP,Blue,Blue,Magenta,Magenta,Magenta,Magenta,Magenta,Magenta,0.25,0,0.75,0,0,0,0,0,2
CGROP,Blue,Blue,Blue,Magenta,Magenta,Magenta,Magenta,Blue,0.5,0,0.5,0,0,0,0,0,2
BCROP,Magenta,Magenta,Magenta,Magenta,Magenta,Magenta,Blue,Blue,0.25,0,0.75,0,0,0,0,0,2
MCROP,Magenta,Magenta,Magenta,Magenta,Magenta,Magenta,Magenta,Magenta,0,0,1,0,0,0,0,0,1
YCROP,Magenta,Magenta,Magenta,Magenta,Magenta,Magenta,Magenta,Magenta,0,0,1,0,0,0,0,0,1
GCROP,Blue,Blue,Magenta,Magenta,Magenta,Magenta,Magenta,Blue,0.375,0,0.625,0,0,0,0,0,2
MBYOP,Blue,Purple,Blue,Magenta,Magenta,Magenta,Yellow,Purple,0.25,0.25,0.375,0,0,0.125,0,0,4
RBYOP,Blue,Blue,Blue,Magenta,Blue,Blue,Magenta,Yellow,0.625,0,0.25,0,0,0.125,0,0,3
GBYOP,Yellow,Yellow,Blue,Magenta,Magenta,Magenta,Yellow,Yellow,0.125,0,0.375,0,0,0.5,0,0,3
CBYOP,Purple,Purple,Purple,Magenta,Blue,Yellow,Yellow,Yellow,0.125,0.375,0.125,0,0,0.375,0,0,4
BMYOP,Blue,Purple,Purple,Magenta,Purple,Magenta,Purple,Purple,0.125,0.625,0.25,0,0,0,0,0,3
RMYOP,Magenta,Magenta,Magenta,Magenta,Magenta,Magenta,Magenta,Purple,0,0.125,0.875,0,0,0,0,0,2
GMYOP,Purple,Purple,Magenta,Magenta,Magenta,Magenta,Yellow,Purple,0,0.375,0.5,0,0,0.125,0,0,3
CMYOP,Blue,Blue,Blue,Magenta,Magenta,Yellow,Yellow,Purple,0.375,0.125,0.25,0,0,0.25,0,0,4
BRYOP,Magenta,Magenta,Magenta,Magenta,Magenta,Magenta,Yellow,Yellow,0,0,0.75,0,0,0.25,0,0,2
MRYOP,Magenta,Magenta,Magenta,Magenta,Magenta,Magenta,Magenta,Magenta,0,0,1,0,0,0,0,0,1
GRYOP,Yellow,Yellow,Magenta,Magenta,Magenta,Magenta,Magenta,Yellow,0,0,0.625,0,0,0.375,0,0,2
CRYOP,Magenta,Magenta,Magenta,Magenta,Magenta,Magenta,Magenta,Yellow,0,0,0.875,0,0,0.125,0,0,2
BGYOP,Yellow,Yellow,Yellow,Magenta,Yellow,Magenta,Yellow,Yellow,0,0,0.25,0,0,0.75,0,0,2
MGYOP,Yellow,Yellow,Magenta,Magenta,Magenta,Magenta,Yellow,Yellow,0,0,0.5,0,0,0.5,0,0,2
RGYOP,Magenta,Magenta,Magenta,Magenta,Magenta,Magenta,Magenta,Yellow,0,0,0.875,0,0,0.125,0,0,2
CGYOP,Yellow,Yellow,Yellow,Magenta,Magenta,Yellow,Yellow,Yellow,0,0,0.25,0,0,0.75,0,0,2
BCYOP,Purple,Purple,Purple,Purple,Purple,Yellow,Yellow,Yellow,0,0.625,0,0,0,0.375,0,0,2
MCYOP,Purple,Purple,Purple,Magenta,Magenta,Magenta,Yellow,Purple,0,0.5,0.375,0,0,0.125,0,0,3
RCYOP,Purple,Purple,Purple,Magenta,Magenta,Magenta,Yellow,Yellow,0,0.375,0.375,0,0,0.25,0,0,3
GCYOP,Yellow,Yellow,Purple,Yellow,Yellow,Yellow,Yellow,Yellow,0,0.125,0,0,0,0.875,0,0,2
MBGOP,Blue,Blue,Blue,Magenta,Magenta,Magenta,Blue,Blue,0.625,0,0.375,0,0,0,0,0,2
RBGOP,Blue,Blue,Blue,Magenta,Blue,Blue,Magenta,Blue,0.75,0,0.25,0,0,0,0,0,2
YBGOP,Blue,Blue,Magenta,Blue,Magenta,Magenta,Blue,Blue,0.625,0,0.375,0,0,0,0,0,2
CBGOP,Blue,Blue,Blue,Magenta,Blue,Blue,Blue,Blue,0.875,0,0.125,0,0,0,0,0,2
BMGOP,Blue,Blue,Blue,Magenta,Blue,Magenta,Blue,Blue,0.75,0,0.25,0,0,0,0,0,2
RMGOP,Magenta,Magenta,Magenta,Magenta,Magenta,Magenta,Magenta,Blue,0.125,0,0.875,0,0,0,0,0,2
YMGOP,Blue,Blue,Magenta,Magenta,Magenta,Magenta,Yellow,Yellow,0.25,0,0.5,0,0,0.25,0,0,3
CMGOP,Blue,Blue,Blue,Magenta,Magenta,Yellow,Yellow,Blue,0.5,0,0.25,0,0,0.25,0,0,3
BRGOP,Magenta,Magenta,Magenta,Magenta,Magenta,Magenta,Blue,Blue,0.25,0,0.75,0,0,0,0,0,2
MRGOP,Magenta,Magenta,Magenta,Magenta,Magenta,Magenta,Magenta,Magenta,0,0,1,0,0,0,0,0,1
YRGOP,Magenta,Magenta,Magenta,Magenta,Magenta,Magenta,Magenta,Magenta,0,0,1,0,0,0,0,0,1
CRGOP,Magenta,Magenta,Magenta,Magenta,Magenta,Magenta,Magenta,Blue,0.125,0,0.875,0,0,0,0,0,2
BYGOP,Blue,Blue,Blue,Magenta,Blue,Magenta,Yellow,Yellow,0.5,0,0.25,0,0,0.25,0,0,3
MYGOP,Blue,Blue,Magenta,Magenta,Magenta,Magenta,Yellow,Blue,0.375,0,0.5,0,0,0.125,0,0,3
RYGOP,Magenta,Magenta,Magenta,Magenta,Magenta,Magenta,Magenta,Yellow,0,0,0.875,0,0,0.125,0,0,2
CYGOP,Blue,Blue,Blue,Magenta,Magenta,Yellow,Yellow,Yellow,0.375,0,0.25,0,0,0.375,0,0,3
BCGOP,Blue,Blue,Blue,Blue,Blue,Yellow,Blue,Blue,0.875,0,0,0,0,0.125,0,0,2
MCGOP,Blue,Blue,Blue,Magenta,Magenta,Magenta,Yellow,Blue,0.5,0,0.375,0,0,0.125,0,0,3
RCGOP,Blue,Blue,Blue,Magenta,Magenta,Magenta,Yellow,Blue,0.5,0,0.375,0,0,0.125,0,0,3
YCGOP,Blue,Blue,Magenta,Magenta,Magenta,Yellow,Yellow,Yellow,0.25,0,0.375,0,0,0.375,0,0,3
MBCOP,Purple,Purple,Purple,Purple,Purple,Purple,Blue,Purple,0.125,0.875,0,0,0,0,0,0,2
RBCOP,Purple,Purple,Purple,Purple,Purple,Purple,Yellow,Blue,0.125,0.75,0,0,0,0.125,0,0,3
YBCOP,Purple,Purple,Purple,Purple,Purple,Yellow,Blue,Blue,0.25,0.625,0,0,0,0.125,0,0,3
GBCOP,Blue,Blue,Purple,Yellow,Yellow,Yellow,Blue,Blue,0.5,0.125,0,0,0,0.375,0,0,3
BMCOP,Purple,Purple,Purple,Purple,Purple,Magenta,Purple,Purple,0,0.875,0.125,0,0,0,0,0,2
RMCOP,Purple,Purple,Purple,Magenta,Magenta,Magenta,Magenta,Purple,0,0.5,0.5,0,0,0,0,0,2
YMCOP,Purple,Purple,Magenta,Magenta,Magenta,Magenta,Yellow,Yellow,0,0.25,0.5,0,0,0.25,0,0,3
GMCOP,Purple,Purple,Purple,Magenta,Magenta,Magenta,Yellow,Purple,0,0.5,0.375,0,0,0.125,0,0,3
BRCOP,Purple,Purple,Purple,Purple,Purple,Magenta,Blue,Blue,0.25,0.625,0.125,0,0,0,0,0,3
MRCOP,Purple,Purple,Purple,Magenta,Magenta,Magenta,Yellow,Purple,0,0.5,0.375,0,0,0.125,0,0,3
YRCOP,Purple,Purple,Magenta,Magenta,Magenta,Magenta,Yellow,Yellow,0,0.25,0.5,0,0,0.25,0,0,3
GRCOP,Blue,Blue,Purple,Magenta,Magenta,Magenta,Yellow,Blue,0.375,0.125,0.375,0,0,0.125,0,0,4
BYCOP,Purple,Purple,Purple,Magenta,Purple,Yellow,Yellow,Yellow,0,0.5,0.125,0,0,0.375,0,0,3
MYCOP,Purple,Purple,Magenta,Magenta,Magenta,Magenta,Yellow,Purple,0,0.375,0.5,0,0,0.125,0,0,3
RYCOP,Magenta,Magenta,Magenta,Magenta,Magenta,Magenta,Yellow,Yellow,0,0,0.75,0,0,0.25,0,0,2
GYCOP,Yellow,Yellow,Magenta,Yellow,Yellow,Yellow,Yellow,Yellow,0,0,0.125,0,0,0.875,0,0,2
BGCOP,Blue,Blue,Blue,Purple,Blue,Yellow,Blue,Blue,0.75,0.125,0,0,0,0.125,0,0,3
MGCOP,Blue,Blue,Purple,Yellow,Yellow,Yellow,Yellow,Blue,0.375,0.125,0,0,0,0.5,0,0,3
RGCOP,Purple,Purple,Purple,Yellow,Yellow,Yellow,Yellow,Blue,0.125,0.375,0,0,0,0.5,0,0,3
YGCOP,Blue,Blue,Yellow,Yellow,Yellow,Yellow,Yellow,Yellow,0.25,0,0,0,0,0.75,0,0,2
RMBYP,Purple,Purple,Purple,Magenta,Magenta,Magenta,Magenta,Blue,0.125,0.375,0.5,0,0,0,0,0,3
OMBYP,Blue,Purple,Magenta,Magenta,Magenta,Magenta,Magenta,Blue,0.25,0.125,0.625,0,0,0,0,0,3
GMBYP,Blue,Blue,Purple,Magenta,Magenta,Magenta,Cyan,Blue,0.375,0.125,0.375,0,0,0,0,0.125,4
CMBYP,Purple,Purple,Purple,Magenta,Magenta,Cyan,Cyan,Blue,0.125,0.375,0.25,0,0,0,0,0.25,4
MRBYP,Purple,Purple,Purple,Magenta,Magenta,Magenta,Yellow,Purple,0,0.5,0.375,0,0,0.125,0,0,3
ORBYP,Purple,Purple,Magenta,Magenta,Purple,Magenta,Purple,Cyan,0,0.5,0.375,0,0,0,0,0.125,3
GRBYP,Cyan,Cyan,Purple,Purple,Purple,Purple,Yellow,Cyan,0,0.5,0,0,0,0.125,0,0.375,3
CRBYP,Purple,Purple,Purple,Magenta,Purple,Yellow,Yellow,Cyan,0,0.5,0.125,0,0,0.25,0,0.125,4
MOBYP,Purple,Purple,Magenta,Magenta,Magenta,Magenta,Yellow,Purple,0,0.375,0.5,0,0,0.125,0,0,3
ROBYP,Magenta,Magenta,Magenta,Magenta,Purple,Purple,Magenta,Cyan,0,0.25,0.625,0,0,0,0,0.125,3
GOBYP,Cyan,Cyan,Magenta,Magenta,Magenta,Magenta,Yellow,Cyan,0,0,0.5,0,0,0.125,0,0.375,3
COBYP,Purple,Purple,Purple,Magenta,Purple,Yellow,Yellow,Cyan,0,0.5,0.125,0,0,0.25,0,0.125,4
MGBYP,Cyan,Cyan,Purple,Yellow,Yellow,Yellow,Cyan,Cyan,0,0.125,0,0,0,0.375,0,0.5,3
RGBYP,Purple,Purple,Purple,Yellow,Yellow,Yellow,Yellow,Cyan,0,0.375,0,0,0,0.5,0,0.125,3
OGBYP,Cyan,Purple,Yellow,Yellow,Yellow,Yellow,Yellow,Cyan,0,0.125,0,0,0,0.625,0,0.25,3
CGBYP,Cyan,Cyan,Cyan,Yellow,Yellow,Cyan,Cyan,Cyan,0,0,0,0,0,0.25,0,0.75,2
MCBYP,Blue,Blue,Blue,Magenta,Magenta,Magenta,Cyan,Blue,0.5,0,0.375,0,0,0,0,0.125,3
RCBYP,Blue,Blue,Blue,Magenta,Purple,Purple,Cyan,Cyan,0.375,0.25,0.125,0,0,0,0,0.25,4
OCBYP,Blue,Blue,Magenta,Magenta,Purple,Magenta,Cyan,Cyan,0.25,0.125,0.375,0,0,0,0,0.25,4
GCBYP,Cyan,Cyan,Blue,Cyan,Cyan,Cyan,Cyan,Cyan,0.125,0,0,0,0,0,0,0.875,2
RBMYP,Blue,Blue,Blue,Magenta,Blue,Blue,Magenta,Blue,0.75,0,0.25,0,0,0,0,0,2
OBMYP,Blue,Blue,Magenta,Magenta,Blue,Magenta,Magenta,Blue,0.5,0,0.5,0,0,0,0,0,2
GBMYP,Blue,Blue,Blue,Magenta,Magenta,Magenta,Blue,Blue,0.625,0,0.375,0,0,0,0,0,2
CBMYP,Purple,Purple,Purple,Magenta,Blue,Blue,Blue,Blue,0.5,0.375,0.125,0,0,0,0,0,3
BRMYP,Magenta,Magenta,Magenta,Magenta,Magenta,Magenta,Blue,Blue,0.25,0,0.75,0,0,0,0,0,2
ORMYP,Magenta,Magenta,Magenta,Magenta,Magenta,Magenta,Magenta,Blue,0.125,0,0.875,0,0,0,0,0,2
GRMYP,Blue,Blue,Magenta,Magenta,Magenta,Magenta,Magenta,Blue,0.375,0,0.625,0,0,0,0,0,2
CRMYP,Magenta,Magenta,Magenta,Magenta,Magenta,Magenta,Magenta,Blue,0.125,0,0.875,0,0,0,0,0,2
BOMYP,Blue,Magenta,Magenta,Magenta,Magenta,Magenta,Blue,Blue,0.375,0,0.625,0,0,0,0,0,2
ROMYP,Magenta,Magenta,Magenta,Magenta,Magenta,Magenta,Magenta,Blue,0.125,0,0.875,0,0,0,0,0,2
GOMYP,Blue,Blue,Magenta,Magenta,Magenta,Magenta,Magenta,Blue,0.375,0,0.625,0,0,0,0,0,2
COMYP,Blue,Blue,Blue,Magenta,Magenta,Magenta,Magenta,Blue,0.5,0,0.5,0,0,0,0,0,2
BGMYP,Blue,Blue,Blue,Magenta,Blue,Magenta,Blue,Blue,0.75,0,0.25,0,0,0,0,0,2
RGMYP,Magenta,Magenta,Magenta,Magenta,Magenta,Magenta,Magenta,Blue,0.125,0,0.875,0,0,0,0,0,2
OGMYP,Blue,Magenta,Magenta,Magenta,Magenta,Magenta,Magenta,Blue,0.25,0,0.75,0,0,0,0,0,2
CGMYP,Blue,Blue,Blue,Magenta,Magenta,Cyan,Cyan,Blue,0.5,0,0.25,0,0,0,0,0.25,3
BCMYP,Purple,Purple,Purple,Purple,Purple,Cyan,Blue,Blue,0.25,0.625,0,0,0,0,0,0.125,3
RCMYP,Purple,Purple,Purple,Magenta,Magenta,Magenta,Cyan,Blue,0.125,0.375,0.375,0,0,0,0,0.125,4
OCMYP,Purple,Purple,Magenta,Magenta,Magenta,Magenta,Cyan,Blue,0.125,0.25,0.5,0,0,0,0,0.125,4
GCMYP,Blue,Blue,Purple,Cyan,Cyan,Cyan,Cyan,Blue,0.375,0.125,0,0,0,0,0,0.5,3
MBRYP,Magenta,Magenta,Magenta,Magenta,Magenta,Magenta,Cyan,Magenta,0,0,0.875,0,0,0,0,0.125,2
OBRYP,Magenta,Magenta,Magenta,Magenta,Magenta,Magenta,Magenta,Cyan,0,0,0.875,0,0,0,0,0.125,2
GBRYP,Cyan,Cyan,Magenta,Magenta,Magenta,Magenta,Cyan,Cyan,0,0,0.5,0,0,0,0,0.5,2
CBRYP,Magenta,Magenta,Magenta,Magenta,Magenta,Cyan,Cyan,Cyan,0,0,0.625,0,0,0,0,0.375,2
BMRYP,Magenta,Magenta,Magenta,Magenta,Magenta,Magenta,Magenta,Magenta,0,0,1,0,0,0,0,0,1
OMRYP,Magenta,Magenta,Magenta,Magenta,Magenta,Magenta,Magenta,Magenta,0,0,1,0,0,0,0,0,1
GMRYP,Magenta,Magenta,Magenta,Magenta,Magenta,Magenta,Yellow,Magenta,0,0,0.875,0,0,0.125,0,0,2
CMRYP,Magenta,Magenta,Magenta,Magenta,Magenta,Yellow,Yellow,Magenta,0,0,0.75,0,0,0.25,0,0,2
BORYP,Magenta,Magenta,Magenta,Magenta,Magenta,Magenta,Cyan,Cyan,0,0,0.75,0,0,0,0,0.25,2
MORYP,Magenta,Magenta,Magenta,Magenta,Magenta,Magenta,Magenta,Magenta,0,0,1,0,0,0,0,0,1
GORYP,Cyan,Cyan,Magenta,Magenta,Magenta,Magenta,Magenta,Cyan,0,0,0.625,0,0,0,0,0.375,2
CORYP,Magenta,Magenta,Magenta,Magenta,Magenta,Magenta,Magenta,Cyan,0,0,0.875,0,0,0,0,0.125,2
BGRYP,Cyan,Cyan,Cyan,Magenta,Cyan,Magenta,Cyan,Cyan,0,0,0.25,0,0,0,0,0.75,2
MGRYP,Cyan,Cyan,Magenta,Magenta,Magenta,Magenta,Yellow,Cyan,0,0,0.5,0,0,0.125,0,0.375,3
OGRYP,Cyan,Magenta,Magenta,Magenta,Magenta,Magenta,Magenta,Cyan,0,0,0.75,0,0,0,0,0.25,2
CGRYP,Cyan,Cyan,Cyan,Magenta,Magenta,Yellow,Yellow,Cyan,0,0,0.25,0,0,0.25,0,0.5,3
BCRYP,Magenta,Magenta,Magenta,Magenta,Magenta,Yellow,Cyan,Cyan,0,0,0.625,0,0,0.125,0,0.25,3
MCRYP,Magenta,Magenta,Magenta,Magenta,Magenta,Magenta,Yellow,Magenta,0,0,0.875,0,0,0.125,0,0,2
OCRYP,Magenta,Magenta,Magenta,Magenta,Magenta,Magenta,Yellow,Cyan,0,0,0.75,0,0,0.125,0,0.125,3
GCRYP,Cyan,Cyan,Magenta,Yellow,Yellow,Yellow,Yellow,Cyan,0,0,0.125,0,0,0.5,0,0.375,3
MBOYP,Magenta,Purple,Magenta,Magenta,Magenta,Magenta,Cyan,Purple,0,0.25,0.625,0,0,0,0,0.125,3
RBOYP,Magenta,Magenta,Magenta,Magenta,Magenta,Magenta,Magenta,Cyan,0,0,0.875,0,0,0,0,0.125,2
GBOYP,Cyan,Cyan,Magenta,Magenta,Magenta,Magenta,Cyan,Cyan,0,0,0.5,0,0,0,0,0.5,2
CBOYP,Purple,Purple,Purple,Magenta,Magenta,Cyan,Cyan,Cyan,0,0.375,0.25,0,0,0,0,0.375,3
BMOYP,Magenta,Purple,Purple,Magenta,Purple,Magenta,Purple,Purple,0,0.625,0.375,0,0,0,0,0,2
RMOYP,Magenta,Magenta,Magenta,Magenta,Magenta,Magenta,Magenta,Purple,0,0.125,0.875,0,0,0,0,0,2
GMOYP,Purple,Purple,Magenta,Magenta,Magenta,Magenta,Yellow,Purple,0,0.375,0.5,0,0,0.125,0,0,3
CMOYP,Magenta,Magenta,Magenta,Magenta,Magenta,Yellow,Yellow,Purple,0,0.125,0.625,0,0,0.25,0,0,3
BROYP,Magenta,Magenta,Magenta,Magenta,Magenta,Magenta,Cyan,Cyan,0,0,0.75,0,0,0,0,0.25,2
MROYP,Magenta,Magenta,Magenta,Magenta,Magenta,Magenta,Magenta,Magenta,0,0,1,0,0,0,0,0,1
GROYP,Cyan,Cyan,Magenta,Magenta,Magenta,Magenta,Magenta,Cyan,0,0,0.625,0,0,0,0,0.375,2
CROYP,Magenta,Magenta,Magenta,Magenta,Magenta,Magenta,Magenta,Cyan,0,0,0.875,0,0,0,0,0.125,2
BGOYP,Cyan,Cyan,Cyan,Magenta,Cyan,Magenta,Cyan,Cyan,0,0,0.25,0,0,0,0,0.75,2
MGOYP,Cyan,Cyan,Magenta,Magenta,Magenta,Magenta,Yellow,Cyan,0,0,0.5,0,0,0.125,0,0.375,3
RGOYP,Magenta,Magenta,Magenta,Magenta,Magenta,Magenta,Magenta,Cyan,0,0,0.875,0,0,0,0,0.125,2
CGOYP,Cyan,Cyan,Cyan,Magenta,Magenta,Yellow,Yellow,Cyan,0,0,0.25,0,0,0.25,0,0.5,3
BCOYP,Purple,Purple,Purple,Purple,Purple,Yellow,Cyan,Cyan,0,0.625,0,0,0,0.125,0,0.25,3
MCOYP,Purple,Purple,Purple,Magenta,Magenta,Magenta,Yellow,Purple,0,0.5,0.375,0,0,0.125,0,0,3
RCOYP,Purple,Purple,Purple,Magenta,Magenta,Magenta,Yellow,Cyan,0,0.375,0.375,0,0,0.125,0,0.125,4
GCOYP,Cyan,Cyan,Purple,Yellow,Yellow,Yellow,Yellow,Cyan,0,0.125,0,0,0,0.5,0,0.375,3
MBGYP,Cyan,Cyan,Cyan,Magenta,Magenta,Magenta,Cyan,Cyan,0,0,0.375,0,0,0,0,0.625,2
RBGYP,Cyan,Cyan,Cyan,Magenta,Cyan,Cyan,Yellow,Cyan,0,0,0.125,0,0,0.125,0,0.75,3
OBGYP,Cyan,Cyan,Magenta,Magenta,Cyan,Magenta,Yellow,Cyan,0,0,0.375,0,0,0.125,0,0.5,3
CBGYP,Cyan,Cyan,Cyan,Magenta,Cyan,Cyan,Cyan,Cyan,0,0,0.125,0,0,0,0,0.875,2
BMGYP,Cyan,Cyan,Cyan,Magenta,Cyan,Yellow,Cyan,Cyan,0,0,0.125,0,0,0.125,0,0.75,3
RMGYP,Magenta,Magenta,Magenta,Yellow,Yellow,Yellow,Yellow,Cyan,0,0,0.375,0,0,0.5,0,0.125,3
OMGYP,Cyan,Magenta,Yellow,Yellow,Yellow,Yellow,Yellow,Cyan,0,0,0.125,0,0,0.625,0,0.25,3
CMGYP,Cyan,Cyan,Cyan,Yellow,Yellow,Cyan,Cyan,Cyan,0,0,0,0,0,0.25,0,0.75,2
BRGYP,Magenta,Magenta,Magenta,Magenta,Magenta,Yellow,Cyan,Cyan,0,0,0.625,0,0,0.125,0,0.25,3
MRGYP,Magenta,Magenta,Magenta,Yellow,Yellow,Yellow,Yellow,Magenta,0,0,0.5,0,0,0.5,0,0,2
ORGYP,Magenta,Magenta,Yellow,Yellow,Yellow,Yellow,Yellow,Cyan,0,0,0.25,0,0,0.625,0,0.125,3
CRGYP,Magenta,Magenta,Magenta,Yellow,Yellow,Yellow,Yellow,Cyan,0,0,0.375,0,0,0.5,0,0.125,3
BOGYP,Cyan,Magenta,Magenta,Yellow,Magenta,Yellow,Cyan,Cyan,0,0,0.375,0,0,0.25,0,0.375,3
MOGYP,Magenta,Cyan,Yellow,Yellow,Yellow,Yellow,Yellow,Cyan,0,0,0.125,0,0,0.625,0,0.25,3
ROGYP,Yellow,Yellow,Yellow,Yellow,Yellow,Yellow,Yellow,Cyan,0,0,0,0,0,0.875,0,0.125,2
COGYP,Cyan,Cyan,Cyan,Yellow,Yellow,Yellow,Yellow,Cyan,0,0,0,0,0,0.5,0,0.5,2
BCGYP,Cyan,Cyan,Cyan,Cyan,Cyan,Cyan,Cyan,Cyan,0,0,0,0,0,0,0,1,1
MCGYP,Cyan,Cyan,Cyan,Yellow,Yellow,Yellow,Cyan,Cyan,0,0,0,0,0,0.375,0,0.625,2
RCGYP,Cyan,Cyan,Cyan,Yellow,Yellow,Yellow,Cyan,Cyan,0,0,0,0,0,0.375,0,0.625,2
OCGYP,Cyan,Cyan,Yellow,Yellow,Yellow,Yellow,Cyan,Cyan,0,0,0,0,0,0.5,0,0.5,2
MBCYP,Blue,Blue,Blue,Blue,Blue,Blue,Cyan,Blue,0.875,0,0,0,0,0,0,0.125,2
RBCYP,Blue,Blue,Blue,Blue,Blue,Blue,Cyan,Cyan,0.75,0,0,0,0,0,0,0.25,2
OBCYP,Blue,Blue,Blue,Blue,Blue,Blue,Cyan,Cyan,0.75,0,0,0,0,0,0,0.25,2
GBCYP,Cyan,Cyan,Blue,Cyan,Cyan,Cyan,Cyan,Cyan,0.125,0,0,0,0,0,0,0.875,2
BMCYP,Blue,Blue,Blue,Blue,Blue,Magenta,Blue,Blue,0.875,0,0.125,0,0,0,0,0,2
RMCYP,Blue,Blue,Blue,Magenta,Magenta,Magenta,Magenta,Blue,0.5,0,0.5,0,0,0,0,0,2
OMCYP,Blue,Blue,Magenta,Magenta,Magenta,Magenta,Magenta,Blue,0.375,0,0.625,0,0,0,0,0,2
GMCYP,Blue,Blue,Blue,Magenta,Magenta,Magenta,Cyan,Blue,0.5,0,0.375,0,0,0,0,0.125,3
BRCYP,Blue,Blue,Blue,Blue,Blue,Magenta,Cyan,Cyan,0.625,0,0.125,0,0,0,0,0.25,3
MRCYP,Blue,Blue,Blue,Magenta,Magenta,Magenta,Cyan,Blue,0.5,0,0.375,0,0,0,0,0.125,3
ORCYP,Blue,Blue,Magenta,Magenta,Magenta,Magenta,Magenta,Cyan,0.25,0,0.625,0,0,0,0,0.125,3
GRCYP,Cyan,Cyan,Blue,Magenta,Magenta,Magenta,Cyan,Cyan,0.125,0,0.375,0,0,0,0,0.5,3
BOCYP,Blue,Blue,Blue,Magenta,Blue,Magenta,Cyan,Cyan,0.5,0,0.25,0,0,0,0,0.25,3
MOCYP,Blue,Blue,Magenta,Magenta,Magenta,Magenta,Cyan,Blue,0.375,0,0.5,0,0,0,0,0.125,3
ROCYP,Magenta,Magenta,Magenta,Magenta,Magenta,Magenta,Magenta,Cyan,0,0,0.875,0,0,0,0,0.125,2
GOCYP,Cyan,Cyan,Magenta,Magenta,Magenta,Magenta,Cyan,Cyan,0,0,0.5,0,0,0,0,0.5,2
BGCYP,Cyan,Cyan,Cyan,Blue,Cyan,Cyan,Cyan,Cyan,0.125,0,0,0,0,0,0,0.875,2
MGCYP,Cyan,Cyan,Blue,Cyan,Cyan,Cyan,Cyan,Cyan,0.125,0,0,0,0,0,0,0.875,2
RGCYP,Blue,Blue,Blue,Cyan,Cyan,Cyan,Cyan,Cyan,0.375,0,0,0,0,0,0,0.625,2
OGCYP,Cyan,Blue,Cyan,Cyan,Cyan,Cyan,Cyan,Cyan,0.125,0,0,0,0,0,0,0.875,2
RMBGP,Blue,Blue,Blue,Blue,Blue,Blue,Blue,Blue,1,0,0,0,0,0,0,0,1
OMBGP,Blue,Blue,Blue,Blue,Blue,Blue,Blue,Blue,1,0,0,0,0,0,0,0,1
YMBGP,Blue,Blue,Blue,Blue,Blue,Blue,Blue,Blue,1,0,0,0,0,0,0,0,1
CMBGP,Blue,Blue,Blue,Blue,Blue,Blue,Blue,Blue,1,0,0,0,0,0,0,0,1
MRBGP,Blue,Blue,Blue,Blue,Blue,Blue,Yellow,Blue,0.875,0,0,0,0,0.125,0,0,2
ORBGP,Blue,Blue,Blue,Blue,Blue,Blue,Blue,Blue,1,0,0,0,0,0,0,0,1
YRBGP,Blue,Blue,Blue,Blue,Blue,Blue,Yellow,Yellow,0.75,0,0,0,0,0.25,0,0,2
CRBGP,Blue,Blue,Blue,Blue,Blue,Yellow,Yellow,Blue,0.75,0,0,0,0,0.25,0,0,2
MOBGP,Blue,Blue,Blue,Blue,Blue,Blue,Yellow,Blue,0.875,0,0,0,0,0.125,0,0,2
ROBGP,Blue,Blue,Blue,Blue,Blue,Blue,Blue,Blue,1,0,0,0,0,0,0,0,1
YOBGP,Blue,Blue,Blue,Blue,Blue,Blue,Yellow,Yellow,0.75,0,0,0,0,0.25,0,0,2
COBGP,Blue,Blue,Blue,Blue,Blue,Yellow,Yellow,Blue,0.75,0,0,0,0,0.25,0,0,2
MYBGP,Blue,Blue,Blue,Blue,Blue,Blue,Blue,Blue,1,0,0,0,0,0,0,0,1
RYBGP,Blue,Blue,Blue,Blue,Blue,Blue,Yellow,Blue,0.875,0,0,0,0,0.125,0,0,2
OYBGP,Blue,Blue,Blue,Blue,Blue,Blue,Yellow,Blue,0.875,0,0,0,0,0.125,0,0,2
CYBGP,Blue,Blue,Blue,Blue,Blue,Blue,Blue,Blue,1,0,0,0,0,0,0,0,1
MCBGP,Blue,Blue,Blue,Blue,Blue,Blue,Blue,Blue,1,0,0,0,0,0,0,0,1
RCBGP,Blue,Blue,Blue,Blue,Blue,Blue,Blue,Blue,1,0,0,0,0,0,0,0,1
OCBGP,Blue,Blue,Blue,Blue,Blue,Blue,Blue,Blue,1,0,0,0,0,0,0,0,1
YCBGP,Blue,Blue,Blue,Blue,Blue,Blue,Blue,Blue,1,0,0,0,0,0,0,0,1
RBMGP,Blue,Blue,Blue,Blue,Blue,Blue,Yellow,Blue,0.875,0,0,0,0,0.125,0,0,2
OBMGP,Blue,Blue,Blue,Blue,Blue,Blue,Yellow,Blue,0.875,0,0,0,0,0.125,0,0,2
YBMGP,Blue,Blue,Blue,Blue,Blue,Yellow,Blue,Blue,0.875,0,0,0,0,0.125,0,0,2
CBMGP,Blue,Blue,Blue,Blue,Blue,Blue,Blue,Blue,1,0,0,0,0,0,0,0,1
BRMGP,Blue,Blue,Blue,Blue,Blue,Yellow,Blue,Blue,0.875,0,0,0,0,0.125,0,0,2
ORMGP,Blue,Blue,Yellow,Yellow,Yellow,Yellow,Yellow,Blue,0.375,0,0,0,0,0.625,0,0,2
YRMGP,Blue,Blue,Yellow,Yellow,Yellow,Yellow,Yellow,Yellow,0.25,0,0,0,0,0.75,0,0,2
CRMGP,Blue,Blue,Blue,Yellow,Yellow,Yellow,Yellow,Blue,0.5,0,0,0,0,0.5,0,0,2
BOMGP,Blue,Blue,Blue,Yellow,Blue,Yellow,Blue,Blue,0.75,0,0,0,0,0.25,0,0,2
ROMGP,Yellow,Yellow,Yellow,Yellow,Yellow,Yellow,Yellow,Blue,0.125,0,0,0,0,0.875,0,0,2
YOMGP,Blue,Blue,Yellow,Yellow,Yellow,Yellow,Yellow,Yellow,0.25,0,0,0,0,0.75,0,0,2
COMGP,Blue,Blue,Blue,Yellow,Yellow,Yellow,Yellow,Blue,0.5,0,0,0,0,0.5,0,0,2
BYMGP,Blue,Blue,Blue,Yellow,Blue,Yellow,Cyan,Cyan,0.5,0,0,0,0,0.25,0,0.25,3
RYMGP,Yellow,Yellow,Yellow,Yellow,Yellow,Yellow,Yellow,Cyan,0,0,0,0,0,0.875,0,0.125,2
OYMGP,Blue,Yellow,Yellow,Yellow,Yellow,Yellow,Yellow,Cyan,0.125,0,0,0,0,0.75,0,0.125,3
CYMGP,Blue,Blue,Blue,Yellow,Yellow,Cyan,Cyan,Cyan,0.375,0,0,0,0,0.25,0,0.375,3
BCMGP,Blue,Blue,Blue,Blue,Blue,Cyan,Blue,Blue,0.875,0,0,0,0,0,0,0.125,2
RCMGP,Blue,Blue,Blue,Yellow,Yellow,Yellow,Cyan,Blue,0.5,0,0,0,0,0.375,0,0.125,3
OCMGP,Blue,Blue,Yellow,Yellow,Yellow,Yellow,Cyan,Blue,0.375,0,0,0,0,0.5,0,0.125,3
YCMGP,Blue,Blue,Yellow,Yellow,Yellow,Cyan,Cyan,Cyan,0.25,0,0,0,0,0.375,0,0.375,3
MBRGP,Blue,Blue,Blue,Blue,Blue,Blue,Blue,Blue,1,0,0,0,0,0,0,0,1
OBRGP,Blue,Blue,Blue,Blue,Blue,Blue,Yellow,Blue,0.875,0,0,0,0,0.125,0,0,2
YBRGP,Blue,Blue,Blue,Blue,Blue,Yellow,Blue,Blue,0.875,0,0,0,0,0.125,0,0,2
CBRGP,Blue,Blue,Blue,Blue,Blue,Blue,Blue,Blue,1,0,0,0,0,0,0,0,1
BMRGP,Blue,Blue,Blue,Blue,Blue,Yellow,Blue,Blue,0.875,0,0,0,0,0.125,0,0,2
OMRGP,Blue,Blue,Yellow,Yellow,Yellow,Yellow,Yellow,Blue,0.375,0,0,0,0,0.625,0,0,2
YMRGP,Blue,Blue,Yellow,Yellow,Yellow,Yellow,Yellow,Yellow,0.25,0,0,0,0,0.75,0,0,2
CMRGP,Blue,Blue,Blue,Yellow,Yellow,Yellow,Yellow,Blue,0.5,0,0,0,0,0.5,0,0,2
BORGP,Blue,Blue,Blue,Yellow,Blue,Yellow,Blue,Blue,0.75,0,0,0,0,0.25,0,0,2
MORGP,Blue,Blue,Yellow,Yellow,Yellow,Yellow,Yellow,Blue,0.375,0,0,0,0,0.625,0,0,2
YORGP,Blue,Blue,Yellow,Yellow,Yellow,Yellow,Yellow,Yellow,0.25,0,0,0,0,0.75,0,0,2
CORGP,Blue,Blue,Blue,Yellow,Yellow,Yellow,Yellow,Blue,0.5,0,0,0,0,0.5,0,0,2
BYRGP,Blue,Blue,Blue,Yellow,Blue,Yellow,Yellow,Yellow,0.5,0,0,0,0,0.5,0,0,2
MYRGP,Blue,Blue,Yellow,Yellow,Yellow,Yellow,Yellow,Blue,0.375,0,0,0,0,0.625,0,0,2
OYRGP,Blue,Yellow,Yellow,Yellow,Yellow,Yellow,Yellow,Yellow,0.125,0,0,0,0,0.875,0,0,2
CYRGP,Blue,Blue,Blue,Yellow,Yellow,Yellow,Yellow,Yellow,0.375,0,0,0,0,0.625,0,0,2
BCRGP,Blue,Blue,Blue,Blue,Blue,Yellow,Blue,Blue,0.875,0,0,0,0,0.125,0,0,2
MCRGP,Blue,Blue,Blue,Yellow,Yellow,Yellow,Yellow,Blue,0.5,0,0,0,0,0.5,0,0,2
OCRGP,Blue,Blue,Yellow,Yellow,Yellow,Yellow,Yellow,Blue,0.375,0,0,0,0,0.625,0,0,2
YCRGP,Blue,Blue,Yellow,Yellow,Yellow,Yellow,Yellow,Yellow,0.25,0,0,0,0,0.75,0,0,2
MBOGP,Blue,Blue,Blue,Yellow,Yellow,Yellow,Blue,Blue,0.625,0,0,0,0,0.375,0,0,2
RBOGP,Blue,Blue,Blue,Yellow,Blue,Blue,Yellow,Blue,0.75,0,0,0,0,0.25,0,0,2
YBOGP,Blue,Blue,Yellow,Blue,Yellow,Yellow,Blue,Blue,0.625,0,0,0,0,0.375,0,0,2
CBOGP,Blue,Blue,Blue,Yellow,Blue,Blue,Blue,Blue,0.875,0,0,0,0,0.125,0,0,2
BMOGP,Blue,Blue,Blue,Yellow,Blue,Yellow,Blue,Blue,0.75,0,0,0,0,0.25,0,0,2
RMOGP,Yellow,Yellow,Yellow,Yellow,Yellow,Yellow,Yellow,Blue,0.125,0,0,0,0,0.875,0,0,2
YMOGP,Blue,Blue,Yellow,Yellow,Yellow,Yellow,Yellow,Yellow,0.25,0,0,0,0,0.75,0,0,2
CMOGP,Blue,Blue,Blue,Yellow,Yellow,Yellow,Yellow,Blue,0.5,0,0,0,0,0.5,0,0,2
BROGP,Yellow,Yellow,Yellow,Yellow,Yellow,Yellow,Blue,Blue,0.25,0,0,0,0,0.75,0,0,2
MROGP,Yellow,Yellow,Yellow,Yellow,Yellow,Yellow,Yellow,Yellow,0,0,0,0,0,1,0,0,1
YROGP,Yellow,Yellow,Yellow,Yellow,Yellow,Yellow,Yellow,Yellow,0,0,0,0,0,1,0,0,1
CROGP,Yellow,Yellow,Yellow,Yellow,Yellow,Yellow,Yellow,Blue,0.125,0,0,0,0,0.875,0,0,2
BYOGP,Blue,Blue,Blue,Yellow,Blue,Yellow,Yellow,Yellow,0.5,0,0,0,0,0.5,0,0,2
MYOGP,Blue,Blue,Yellow,Yellow,Yellow,Yellow,Yellow,Blue,0.375,0,0,0,0,0.625,0,0,2
RYOGP,Yellow,Yellow,Yellow,Yellow,Yellow,Yellow,Yellow,Yellow,0,0,0,0,0,1,0,0,1
CYOGP,Blue,Blue,Blue,Yellow,Yellow,Yellow,Yellow,Yellow,0.375,0,0,0,0,0.625,0,0,2
BCOGP,Blue,Blue,Blue,Blue,Blue,Yellow,Blue,Blue,0.875,0,0,0,0,0.125,0,0,2
MCOGP,Blue,Blue,Blue,Yellow,Yellow,Yellow,Yellow,Blue,0.5,0,0,0,0,0.5,0,0,2
RCOGP,Blue,Blue,Blue,Yellow,Yellow,Yellow,Yellow,Blue,0.5,0,0,0,0,0.5,0,0,2
YCOGP,Blue,Blue,Yellow,Yellow,Yellow,Yellow,Yellow,Yellow,0.25,0,0,0,0,0.75,0,0,2
MBYGP,Blue,Blue,Blue,Yellow,Yellow,Yellow,Cyan,Blue,0.5,0,0,0,0,0.375,0,0.125,3
RBYGP,Blue,Blue,Blue,Yellow,Blue,Blue,Yellow,Cyan,0.625,0,0,0,0,0.25,0,0.125,3
OBYGP,Blue,Blue,Yellow,Yellow,Blue,Yellow,Yellow,Cyan,0.375,0,0,0,0,0.5,0,0.125,3
CBYGP,Blue,Blue,Blue,Yellow,Blue,Cyan,Cyan,Cyan,0.5,0,0,0,0,0.125,0,0.375,3
BMYGP,Blue,Blue,Blue,Yellow,Blue,Yellow,Blue,Blue,0.75,0,0,0,0,0.25,0,0,2
RMYGP,Yellow,Yellow,Yellow,Yellow,Yellow,Yellow,Yellow,Blue,0.125,0,0,0,0,0.875,0,0,2
OMYGP,Blue,Yellow,Yellow,Yellow,Yellow,Yellow,Yellow,Blue,0.25,0,0,0,0,0.75,0,0,2
CMYGP,Blue,Blue,Blue,Yellow,Yellow,Cyan,Cyan,Blue,0.5,0,0,0,0,0.25,0,0.25,3
BRYGP,Yellow,Yellow,Yellow,Yellow,Yellow,Yellow,Cyan,Cyan,0,0,0,0,0,0.75,0,0.25,2
MRYGP,Yellow,Yellow,Yellow,Yellow,Yellow,Yellow,Yellow,Yellow,0,0,0,0,0,1,0,0,1
ORYGP,Yellow,Yellow,Yellow,Yellow,Yellow,Yellow,Yellow,Cyan,0,0,0,0,0,0.875,0,0.125,2
CRYGP,Yellow,Yellow,Yellow,Yellow,Yellow,Yellow,Yellow,Cyan,0,0,0,0,0,0.875,0,0.125,2
BOYGP,Blue,Yellow,Yellow,Yellow,Yellow,Yellow,Cyan,Cyan,0.125,0,0,0,0,0.625,0,0.25,3
MOYGP,Yellow,Blue,Yellow,Yellow,Yellow,Yellow,Yellow,Blue,0.25,0,0,0,0,0.75,0,0,2
ROYGP,Yellow,Yellow,Yellow,Yellow,Yellow,Yellow,Yellow,Cyan,0,0,0,0,0,0.875,0,0.125,2
COYGP,Blue,Blue,Blue,Yellow,Yellow,Yellow,Yellow,Cyan,0.375,0,0,0,0,0.5,0,0.125,3
BCYGP,Blue,Blue,Blue,Blue,Blue,Cyan,Cyan,Cyan,0.625,0,0,0,0,0,0,0.375,2
MCYGP,Blue,Blue,Blue,Yellow,Yellow,Yellow,Cyan,Blue,0.5,0,0,0,0,0.375,0,0.125,3
RCYGP,Blue,Blue,Blue,Yellow,Yellow,Yellow,Cyan,Cyan,0.375,0,0,0,0,0.375,0,0.25,3
OCYGP,Blue,Blue,Yellow,Yellow,Yellow,Yellow,Cyan,Cyan,0.25,0,0,0,0,0.5,0,0.25,3
MBCGP,Blue,Blue,Blue,Blue,Blue,Blue,Blue,Blue,1,0,0,0,0,0,0,0,1
RBCGP,Blue,Blue,Blue,Blue,Blue,Blue,Cyan,Blue,0.875,0,0,0,0,0,0,0.125,2
OBCGP,Blue,Blue,Blue,Blue,Blue,Blue,Cyan,Blue,0.875,0,0,0,0,0,0,0.125,2
YBCGP,Blue,Blue,Blue,Blue,Blue,Cyan,Blue,Blue,0.875,0,0,0,0,0,0,0.125,2
BMCGP,Blue,Blue,Blue,Blue,Blue,Yellow,Blue,Blue,0.875,0,0,0,0,0.125,0,0,2
RMCGP,Blue,Blue,Blue,Yellow,Yellow,Yellow,Yellow,Blue,0.5,0,0,0,0,0.5,0,0,2
OMCGP,Blue,Blue,Yellow,Yellow,Yellow,Yellow,Yellow,Blue,0.375,0,0,0,0,0.625,0,0,2
YMCGP,Blue,Blue,Yellow,Yellow,Yellow,Yellow,Cyan,Cyan,0.25,0,0,0,0,0.5,0,0.25,3
BRCGP,Blue,Blue,Blue,Blue,Blue,Yellow,Blue,Blue,0.875,0,0,0,0,0.125,0,0,2
MRCGP,Blue,Blue,Blue,Yellow,Yellow,Yellow,Cyan,Blue,0.5,0,0,0,0,0.375,0,0.125,3
ORCGP,Blue,Blue,Yellow,Yellow,Yellow,Yellow,Yellow,Blue,0.375,0,0,0,0,0.625,0,0,2
YRCGP,Blue,Blue,Yellow,Yellow,Yellow,Yellow,Cyan,Cyan,0.25,0,0,0,0,0.5,0,0.25,3
BOCGP,Blue,Blue,Blue,Yellow,Blue,Yellow,Blue,Blue,0.75,0,0,0,0,0.25,0,0,2
MOCGP,Blue,Blue,Yellow,Yellow,Yellow,Yellow,Cyan,Blue,0.375,0,0,0,0,0.5,0,0.125,3
ROCGP,Yellow,Yellow,Yellow,Yellow,Yellow,Yellow,Yellow,Blue,0.125,0,0,0,0,0.875,0,0,2
YOCGP,Blue,Blue,Yellow,Yellow,Yellow,Yellow,Cyan,Cyan,0.25,0,0,0,0,0.5,0,0.25,3
BYCGP,Blue,Blue,Blue,Yellow,Blue,Cyan,Cyan,Cyan,0.5,0,0,0,0,0.125,0,0.375,3
MYCGP,Blue,Blue,Yellow,Yellow,Yellow,Yellow,Cyan,Blue,0.375,0,0,0,0,0.5,0,0.125,3
RYCGP,Yellow,Yellow,Yellow,Yellow,Yellow,Yellow,Cyan,Cyan,0,0,0,0,0,0.75,0,0.25,2
OYCGP,Blue,Yellow,Yellow,Yellow,Yellow,Yellow,Cyan,Cyan,0.125,0,0,0,0,0.625,0,0.25,3
RMBCP,Blue,Blue,Blue,Blue,Blue,Blue,Blue,Blue,1,0,0,0,0,0,0,0,1
OMBCP,Blue,Blue,Blue,Blue,Blue,Blue,Blue,Blue,1,0,0,0,0,0,0,0,1
YMBCP,Blue,Blue,Blue,Blue,Blue,Blue,Blue,Blue,1,0,0,0,0,0,0,0,1
GMBCP,Blue,Blue,Blue,Blue,Blue,Blue,Blue,Blue,1,0,0,0,0,0,0,0,1
MRBCP,Blue,Blue,Blue,Blue,Blue,Blue,Cyan,Blue,0.875,0,0,0,0,0,0,0.125,2
ORBCP,Blue,Blue,Blue,Blue,Blue,Blue,Blue,Blue,1,0,0,0,0,0,0,0,1
YRBCP,Blue,Blue,Blue,Blue,Blue,Blue,Cyan,Cyan,0.75,0,0,0,0,0,0,0.25,2
GRBCP,Blue,Blue,Blue,Blue,Blue,Blue,Cyan,Blue,0.875,0,0,0,0,0,0,0.125,2
MOBCP,Blue,Blue,Blue,Blue,Blue,Blue,Cyan,Blue,0.875,0,0,0,0,0,0,0.125,2
ROBCP,Blue,Blue,Blue,Blue,Blue,Blue,Blue,Blue,1,0,0,0,0,0,0,0,1
YOBCP,Blue,Blue,Blue,Blue,Blue,Blue,Cyan,Cyan,0.75,0,0,0,0,0,0,0.25,2
GOBCP,Blue,Blue,Blue,Blue,Blue,Blue,Cyan,Blue,0.875,0,0,0,0,0,0,0.125,2
MYBCP,Blue,Blue,Blue,Blue,Blue,Blue,Blue,Blue,1,0,0,0,0,0,0,0,1
RYBCP,Blue,Blue,Blue,Blue,Blue,Blue,Cyan,Blue,0.875,0,0,0,0,0,0,0.125,2
OYBCP,Blue,Blue,Blue,Blue,Blue,Blue,Cyan,Blue,0.875,0,0,0,0,0,0,0.125,2
GYBCP,Blue,Blue,Blue,Cyan,Cyan,Cyan,Blue,Blue,0.625,0,0,0,0,0,0,0.375,2
MGBCP,Blue,Blue,Blue,Cyan,Cyan,Cyan,Blue,Blue,0.625,0,0,0,0,0,0,0.375,2
RGBCP,Blue,Blue,Blue,Cyan,Cyan,Cyan,Cyan,Blue,0.5,0,0,0,0,0,0,0.5,2
OGBCP,Blue,Blue,Cyan,Cyan,Cyan,Cyan,Cyan,Blue,0.375,0,0,0,0,0,0,0.625,2
YGBCP,Blue,Blue,Cyan,Cyan,Cyan,Cyan,Blue,Blue,0.5,0,0,0,0,0,0,0.5,2
RBMCP,Blue,Blue,Blue,Blue,Blue,Blue,Magenta,Blue,0.875,0,0.125,0,0,0,0,0,2
OBMCP,Blue,Blue,Blue,Blue,Blue,Blue,Magenta,Blue,0.875,0,0.125,0,0,0,0,0,2
YBMCP,Blue,Blue,Blue,Blue,Blue,Magenta,Blue,Blue,0.875,0,0.125,0,0,0,0,0,2
GBMCP,Blue,Blue,Blue,Magenta,Magenta,Magenta,Blue,Blue,0.625,0,0.375,0,0,0,0,0,2
BRMCP,Blue,Blue,Blue,Blue,Blue,Magenta,Blue,Blue,0.875,0,0.125,0,0,0,0,0,2
ORMCP,Blue,Blue,Magenta,Magenta,Magenta,Magenta,Magenta,Blue,0.375,0,0.625,0,0,0,0,0,2
YRMCP,Blue,Blue,Magenta,Magenta,Magenta,Magenta,Magenta,Magenta,0.25,0,0.75,0,0,0,0,0,2
GRMCP,Blue,Blue,Blue,Magenta,Magenta,Magenta,Magenta,Blue,0.5,0,0.5,0,0,0,0,0,2
BOMCP,Blue,Blue,Blue,Magenta,Blue,Magenta,Blue,Blue,0.75,0,0.25,0,0,0,0,0,2
ROMCP,Magenta,Magenta,Magenta,Magenta,Magenta,Magenta,Magenta,Blue,0.125,0,0.875,0,0,0,0,0,2
YOMCP,Blue,Blue,Magenta,Magenta,Magenta,Magenta,Magenta,Magenta,0.25,0,0.75,0,0,0,0,0,2
GOMCP,Blue,Blue,Magenta,Magenta,Magenta,Magenta,Magenta,Blue,0.375,0,0.625,0,0,0,0,0,2
BYMCP,Blue,Blue,Blue,Magenta,Blue,Magenta,Cyan,Cyan,0.5,0,0.25,0,0,0,0,0.25,3
RYMCP,Magenta,Magenta,Magenta,Magenta,Magenta,Magenta,Magenta,Cyan,0,0,0.875,0,0,0,0,0.125,2
OYMCP,Blue,Magenta,Magenta,Magenta,Magenta,Magenta,Magenta,Cyan,0.125,0,0.75,0,0,0,0,0.125,3
GYMCP,Cyan,Cyan,Magenta,Magenta,Magenta,Magenta,Cyan,Cyan,0,0,0.5,0,0,0,0,0.5,2
BGMCP,Blue,Blue,Blue,Blue,Blue,Magenta,Blue,Blue,0.875,0,0.125,0,0,0,0,0,2
RGMCP,Blue,Blue,Blue,Magenta,Magenta,Magenta,Magenta,Blue,0.5,0,0.5,0,0,0,0,0,2
OGMCP,Blue,Blue,Magenta,Magenta,Magenta,Magenta,Magenta,Blue,0.375,0,0.625,0,0,0,0,0,2
YGMCP,Blue,Blue,Magenta,Magenta,Magenta,Magenta,Cyan,Cyan,0.25,0,0.5,0,0,0,0,0.25,3
MBRCP,Blue,Blue,Blue,Blue,Blue,Blue,Blue,Blue,1,0,0,0,0,0,0,0,1
OBRCP,Blue,Blue,Blue,Blue,Blue,Blue,Magenta,Blue,0.875,0,0.125,0,0,0,0,0,2
YBRCP,Blue,Blue,Blue,Blue,Blue,Magenta,Blue,Blue,0.875,0,0.125,0,0,0,0,0,2
GBRCP,Blue,Blue,Blue,Magenta,Magenta,Magenta,Blue,Blue,0.625,0,0.375,0,0,0,0,0,2
BMRCP,Blue,Blue,Blue,Blue,Blue,Magenta,Blue,Blue,0.875,0,0.125,0,0,0,0,0,2
OMRCP,Blue,Blue,Magenta,Magenta,Magenta,Magenta,Magenta,Blue,0.375,0,0.625,0,0,0,0,0,2
YMRCP,Blue,Blue,Magenta,Magenta,Magenta,Magenta,Cyan,Cyan,0.25,0,0.5,0,0,0,0,0.25,3
GMRCP,Blue,Blue,Blue,Magenta,Magenta,Magenta,Cyan,Blue,0.5,0,0.375,0,0,0,0,0.125,3
BORCP,Blue,Blue,Blue,Magenta,Blue,Magenta,Blue,Blue,0.75,0,0.25,0,0,0,0,0,2
MORCP,Blue,Blue,Magenta,Magenta,Magenta,Magenta,Magenta,Blue,0.375,0,0.625,0,0,0,0,0,2
YORCP,Blue,Blue,Magenta,Magenta,Magenta,Magenta,Magenta,Magenta,0.25,0,0.75,0,0,0,0,0,2
GORCP,Blue,Blue,Magenta,Magenta,Magenta,Magenta,Magenta,Blue,0.375,0,0.625,0,0,0,0,0,2
BYRCP,Blue,Blue,Blue,Magenta,Blue,Magenta,Cyan,Cyan,0.5,0,0.25,0,0,0,0,0.25,3
MYRCP,Blue,Blue,Magenta,Magenta,Magenta,Magenta,Cyan,Blue,0.375,0,0.5,0,0,0,0,0.125,3
OYRCP,Blue,Magenta,Magenta,Magenta,Magenta,Magenta,Magenta,Cyan,0.125,0,0.75,0,0,0,0,0.125,3
GYRCP,Cyan,Cyan,Magenta,Magenta,Magenta,Magenta,Cyan,Cyan,0,0,0.5,0,0,0,0,0.5,2
BGRCP,Blue,Blue,Blue,Blue,Blue,Magenta,Blue,Blue,0.875,0,0.125,0,0,0,0,0,2
MGRCP,Blue,Blue,Blue,Magenta,Magenta,Magenta,Cyan,Blue,0.5,0,0.375,0,0,0,0,0.125,3
OGRCP,Blue,Blue,Magenta,Magenta,Magenta,Magenta,Magenta,Blue,0.375,0,0.625,0,0,0,0,0,2
YGRCP,Blue,Blue,Magenta,Magenta,Magenta,Magenta,Cyan,Cyan,0.25,0,0.5,0,0,0,0,0.25,3
MBOCP,Blue,Blue,Blue,Magenta,Magenta,Magenta,Blue,Blue,0.625,0,0.375,0,0,0,0,0,2
RBOCP,Blue,Blue,Blue,Magenta,Blue,Blue,Magenta,Blue,0.75,0,0.25,0,0,0,0,0,2
YBOCP,Blue,Blue,Magenta,Blue,Magenta,Magenta,Blue,Blue,0.625,0,0.375,0,0,0,0,0,2
GBOCP,Blue,Blue,Blue,Magenta,Magenta,Magenta,Blue,Blue,0.625,0,0.375,0,0,0,0,0,2
BMOCP,Blue,Blue,Blue,Magenta,Blue,Magenta,Blue,Blue,0.75,0,0.25,0,0,0,0,0,2
RMOCP,Magenta,Magenta,Magenta,Magenta,Magenta,Magenta,Magenta,Blue,0.125,0,0.875,0,0,0,0,0,2
YMOCP,Blue,Blue,Magenta,Magenta,Magenta,Magenta,Cyan,Cyan,0.25,0,0.5,0,0,0,0,0.25,3
GMOCP,Blue,Blue,Magenta,Magenta,Magenta,Magenta,Cyan,Blue,0.375,0,0.5,0,0,0,0,0.125,3
BROCP,Magenta,Magenta,Magenta,Magenta,Magenta,Magenta,Blue,Blue,0.25,0,0.75,0,0,0,0,0,2
MROCP,Magenta,Magenta,Magenta,Magenta,Magenta,Magenta,Magenta,Magenta,0,0,1,0,0,0,0,0,1
YROCP,Magenta,Magenta,Magenta,Magenta,Magenta,Magenta,Magenta,Magenta,0,0,1,0,0,0,0,0,1
GROCP,Blue,Blue,Magenta,Magenta,Magenta,Magenta,Magenta,Blue,0.375,0,0.625,0,0,0,0,0,2
BYOCP,Blue,Blue,Blue,Magenta,Blue,Magenta,Cyan,Cyan,0.5,0,0.25,0,0,0,0,0.25,3
MYOCP,Blue,Blue,Magenta,Magenta,Magenta,Magenta,Cyan,Blue,0.375,0,0.5,0,0,0,0,0.125,3
RYOCP,Magenta,Magenta,Magenta,Magenta,Magenta,Magenta,Magenta,Cyan,0,0,0.875,0,0,0,0,0.125,2
GYOCP,Cyan,Cyan,Magenta,Magenta,Magenta,Magenta,Cyan,Cyan,0,0,0.5,0,0,0,0,0.5,2
BGOCP,Blue,Blue,Blue,Magenta,Blue,Magenta,Blue,Blue,0.75,0,0.25,0,0,0,0,0,2
MGOCP,Blue,Blue,Magenta,Magenta,Magenta,Magenta,Cyan,Blue,0.375,0,0.5,0,0,0,0,0.125,3
RGOCP,Magenta,Magenta,Magenta,Magenta,Magenta,Magenta,Magenta,Blue,0.125,0,0.875,0,0,0,0,0,2
YGOCP,Blue,Blue,Magenta,Magenta,Magenta,Magenta,Cyan,Cyan,0.25,0,0.5,0,0,0,0,0.25,3
MBYCP,Blue,Blue,Blue,Magenta,Magenta,Magenta,Cyan,Blue,0.5,0,0.375,0,0,0,0,0.125,3
RBYCP,Blue,Blue,Blue,Magenta,Blue,Blue,Cyan,Cyan,0.625,0,0.125,0,0,0,0,0.25,3
OBYCP,Blue,Blue,Magenta,Magenta,Blue,Magenta,Cyan,Cyan,0.375,0,0.375,0,0,0,0,0.25,3
GBYCP,Cyan,Cyan,Blue,Cyan,Cyan,Cyan,Cyan,Cyan,0.125,0,0,0,0,0,0,0.875,2
BMYCP,Blue,Blue,Blue,Magenta,Blue,Magenta,Blue,Blue,0.75,0,0.25,0,0,0,0,0,2
RMYCP,Magenta,Magenta,Magenta,Magenta,Magenta,Magenta,Magenta,Blue,0.125,0,0.875,0,0,0,0,0,2
OMYCP,Blue,Magenta,Magenta,Magenta,Magenta,Magenta,Magenta,Blue,0.25,0,0.75,0,0,0,0,0,2
GMYCP,Blue,Blue,Magenta,Magenta,Magenta,Magenta,Cyan,Blue,0.375,0,0.5,0,0,0,0,0.125,3
BRYCP,Magenta,Magenta,Magenta,Magenta,Magenta,Magenta,Cyan,Cyan,0,0,0.75,0,0,0,0,0.25,2
MRYCP,Magenta,Magenta,Magenta,Magenta,Magenta,Magenta,Cyan,Magenta,0,0,0.875,0,0,0,0,0.125,2
ORYCP,Magenta,Magenta,Magenta,Magenta,Magenta,Magenta,Magenta,Cyan,0,0,0.875,0,0,0,0,0.125,2
GRYCP,Cyan,Cyan,Magenta,Magenta,Magenta,Magenta,Cyan,Cyan,0,0,0.5,0,0,0,0,0.5,2
BOYCP,Blue,Magenta,Magenta,Magenta,Magenta,Magenta,Cyan,Cyan,0.125,0,0.625,0,0,0,0,0.25,3
MOYCP,Magenta,Blue,Magenta,Magenta,Magenta,Magenta,Cyan,Blue,0.25,0,0.625,0,0,0,0,0.125,3
ROYCP,Magenta,Magenta,Magenta,Magenta,Magenta,Magenta,Magenta,Cyan,0,0,0.875,0,0,0,0,0.125,2
GOYCP,Cyan,Cyan,Magenta,Magenta,Magenta,Magenta,Cyan,Cyan,0,0,0.5,0,0,0,0,0.5,2
BGYCP,Cyan,Cyan,Cyan,Magenta,Cyan,Cyan,Cyan,Cyan,0,0,0.125,0,0,0,0,0.875,2
MGYCP,Cyan,Cyan,Magenta,Cyan,Cyan,Cyan,Cyan,Cyan,0,0,0.125,0,0,0,0,0.875,2
RGYCP,Magenta,Magenta,Magenta,Cyan,Cyan,Cyan,Cyan,Cyan,0,0,0.375,0,0,0,0,0.625,2
OGYCP,Cyan,Magenta,Cyan,Cyan,Cyan,Cyan,Cyan,Cyan,0,0,0.125,0,0,0,0,0.875,2
MBGCP,Blue,Blue,Blue,Blue,Blue,Blue,Blue,Blue,1,0,0,0,0,0,0,0,1
RBGCP,Blue,Blue,Blue,Blue,Blue,Blue,Cyan,Blue,0.875,0,0,0,0,0,0,0.125,2
OBGCP,Blue,Blue,Blue,Blue,Blue,Blue,Cyan,Blue,0.875,0,0,0,0,0,0,0.125,2
YBGCP,Blue,Blue,Blue,Blue,Blue,Cyan,Blue,Blue,0.875,0,0,0,0,0,0,0.125,2
BMGCP,Blue,Blue,Blue,Blue,Blue,Cyan,Blue,Blue,0.875,0,0,0,0,0,0,0.125,2
RMGCP,Blue,Blue,Blue,Cyan,Cyan,Cyan,Cyan,Blue,0.5,0,0,0,0,0,0,0.5,2
OMGCP,Blue,Blue,Cyan,Cyan,Cyan,Cyan,Cyan,Blue,0.375,0,0,0,0,0,0,0.625,2
YMGCP,Blue,Blue,Cyan,Cyan,Cyan,Cyan,Cyan,Cyan,0.25,0,0,0,0,0,0,0.75,2
BRGCP,Blue,Blue,Blue,Blue,Blue,Cyan,Blue,Blue,0.875,0,0,0,0,0,0,0.125,2
MRGCP,Blue,Blue,Blue,Cyan,Cyan,Cyan,Cyan,Blue,0.5,0,0,0,0,0,0,0.5,2
ORGCP,Blue,Blue,Cyan,Cyan,Cyan,Cyan,Cyan,Blue,0.375,0,0,0,0,0,0,0.625,2
YRGCP,Blue,Blue,Cyan,Cyan,Cyan,Cyan,Cyan,Cyan,0.25,0,0,0,0,0,0,0.75,2
BOGCP,Blue,Blue,Blue,Cyan,Blue,Cyan,Blue,Blue,0.75,0,0,0,0,0,0,0.25,2
MOGCP,Blue,Blue,Cyan,Cyan,Cyan,Cyan,Cyan,Blue,0.375,0,0,0,0,0,0,0.625,2
ROGCP,Cyan,Cyan,Cyan,Cyan,Cyan,Cyan,Cyan,Blue,0.125,0,0,0,0,0,0,0.875,2
YOGCP,Blue,Blue,Cyan,Cyan,Cyan,Cyan,Cyan,Cyan,0.25,0,0,0,0,0,0,0.75,2
BYGCP,Blue,Blue,Blue,Cyan,Blue,Cyan,Cyan,Cyan,0.5,0,0,0,0,0,0,0.5,2
MYGCP,Blue,Blue,Cyan,Cyan,Cyan,Cyan,Cyan,Blue,0.375,0,0,0,0,0,0,0.625,2
RYGCP,Cyan,Cyan,Cyan,Cyan,Cyan,Cyan,Cyan,Cyan,0,0,0,0,0,0,0,1,1
OYGCP,Blue,Cyan,Cyan,Cyan,Cyan,Cyan,Cyan,Cyan,0.125,0,0,0,0,0,0,0.875,2
ORPBM,Purple,Purple,Blue,Blue,Blue,Blue,Blue,Purple,0.625,0.375,0,0,0,0,0,0,2
YRPBM,Purple,Purple,Blue,Blue,Blue,Blue,Red,Red,0.5,0.25,0,0.25,0,0,0,0,3
GRPBM,Purple,Purple,Purple,Blue,Blue,Blue,Red,Purple,0.375,0.5,0,0.125,0,0,0,0,3
CRPBM,Purple,Purple,Purple,Blue,Blue,Red,Red,Purple,0.25,0.5,0,0.25,0,0,0,0,3
ROPBM,Blue,Blue,Blue,Blue,Blue,Blue,Blue,Purple,0.875,0.125,0,0,0,0,0,0,2
YOPBM,Blue,Purple,Blue,Blue,Blue,Blue,Red,Red,0.625,0.125,0,0.25,0,0,0,0,3
GOPBM,Purple,Purple,Blue,Blue,Blue,Blue,Red,Purple,0.5,0.375,0,0.125,0,0,0,0,3
COPBM,Blue,Blue,Blue,Blue,Blue,Red,Red,Purple,0.625,0.125,0,0.25,0,0,0,0,3
RYPBM,Blue,Blue,Blue,Blue,Blue,Blue,Red,Blue,0.875,0,0,0.125,0,0,0,0,2
OYPBM,Blue,Blue,Blue,Blue,Blue,Blue,Red,Blue,0.875,0,0,0.125,0,0,0,0,2
GYPBM,Blue,Blue,Blue,Red,Red,Red,Blue,Blue,0.625,0,0,0.375,0,0,0,0,2
CYPBM,Purple,Purple,Purple,Blue,Blue,Blue,Blue,Blue,0.625,0.375,0,0,0,0,0,0,2
RGPBM,Purple,Purple,Purple,Red,Red,Red,Red,Purple,0,0.5,0,0.5,0,0,0,0,2
OGPBM,Purple,Purple,Red,Red,Red,Red,Red,Purple,0,0.375,0,0.625,0,0,0,0,2
YGPBM,Purple,Purple,Red,Red,Red,Red,Blue,Blue,0.25,0.25,0,0.5,0,0,0,0,3
CGPBM,Purple,Purple,Purple,Red,Red,Blue,Blue,Purple,0.25,0.5,0,0.25,0,0,0,0,3
RCPBM,Purple,Purple,Purple,Blue,Blue,Blue,Blue,Purple,0.5,0.5,0,0,0,0,0,0,2
OCPBM,Purple,Purple,Blue,Blue,Blue,Blue,Blue,Purple,0.625,0.375,0,0,0,0,0,0,2
YCPBM,Purple,Purple,Blue,Blue,Blue,Blue,Blue,Blue,0.75,0.25,0,0,0,0,0,0,2
GCPBM,Purple,Purple,Purple,Blue,Blue,Blue,Blue,Purple,0.5,0.5,0,0,0,0,0,0,2
OPRBM,Blue,Blue,Blue,Blue,Blue,Blue,Blue,Blue,1,0,0,0,0,0,0,0,1
YPRBM,Blue,Blue,Blue,Blue,Blue,Blue,Blue,Blue,1,0,0,0,0,0,0,0,1
GPRBM,Blue,Blue,Blue,Blue,Blue,Blue,Blue,Blue,1,0,0,0,0,0,0,0,1
CPRBM,Blue,Blue,Blue,Blue,Blue,Blue,Blue,Blue,1,0,0,0,0,0,0,0,1
PORBM,Blue,Blue,Blue,Magenta,Magenta,Magenta,Blue,Blue,0.625,0,0.375,0,0,0,0,0,2
YORBM,Blue,Blue,Magenta,Blue,Magenta,Magenta,Blue,Blue,0.625,0,0.375,0,0,0,0,0,2
GORBM,Blue,Blue,Magenta,Magenta,Magenta,Magenta,Blue,Blue,0.5,0,0.5,0,0,0,0,0,2
CORBM,Blue,Blue,Blue,Magenta,Blue,Blue,Blue,Blue,0.875,0,0.125,0,0,0,0,0,2
PYRBM,Blue,Blue,Blue,Magenta,Magenta,Blue,Red,Blue,0.625,0,0.25,0.125,0,0,0,0,3
OYRBM,Blue,Magenta,Blue,Blue,Magenta,Blue,Blue,Red,0.625,0,0.25,0.125,0,0,0,0,3
GYRBM,Red,Red,Magenta,Blue,Blue,Blue,Red,Red,0.375,0,0.125,0.5,0,0,0,0,3
CYRBM,Blue,Blue,Blue,Blue,Magenta,Red,Red,Red,0.5,0,0.125,0.375,0,0,0,0,3
PGRBM,Blue,Blue,Blue,Blue,Blue,Blue,Blue,Blue,1,0,0,0,0,0,0,0,1
OGRBM,Blue,Blue,Blue,Blue,Blue,Blue,Blue,Blue,1,0,0,0,0,0,0,0,1
YGRBM,Blue,Blue,Blue,Blue,Blue,Blue,Red,Red,0.75,0,0,0.25,0,0,0,0,2
CGRBM,Blue,Blue,Blue,Blue,Blue,Red,Red,Blue,0.75,0,0,0.25,0,0,0,0,2
PCRBM,Blue,Blue,Blue,Blue,Blue,Red,Blue,Blue,0.875,0,0,0.125,0,0,0,0,2
OCRBM,Blue,Blue,Magenta,Magenta,Blue,Magenta,Red,Blue,0.5,0,0.375,0.125,0,0,0,0,3
YCRBM,Blue,Blue,Magenta,Blue,Magenta,Red,Red,Red,0.375,0,0.25,0.375,0,0,0,0,3
GCRBM,Blue,Blue,Blue,Red,Red,Red,Red,Blue,0.5,0,0,0.5,0,0,0,0,2
RPOBM,Blue,Blue,Blue,Magenta,Magenta,Magenta,Magenta,Blue,0.5,0,0.5,0,0,0,0,0,2
YPOBM,Blue,Blue,Magenta,Magenta,Magenta,Magenta,Blue,Blue,0.5,0,0.5,0,0,0,0,0,2
GPOBM,Blue,Blue,Blue,Magenta,Magenta,Magenta,Blue,Blue,0.625,0,0.375,0,0,0,0,0,2
CPOBM,Blue,Blue,Blue,Magenta,Magenta,Blue,Blue,Blue,0.75,0,0.25,0,0,0,0,0,2
PROBM,Magenta,Magenta,Magenta,Magenta,Magenta,Blue,Blue,Magenta,0.25,0,0.75,0,0,0,0,0,2
YROBM,Magenta,Magenta,Magenta,Blue,Magenta,Blue,Magenta,Magenta,0.25,0,0.75,0,0,0,0,0,2
GROBM,Blue,Blue,Magenta,Blue,Blue,Blue,Magenta,Blue,0.75,0,0.25,0,0,0,0,0,2
CROBM,Magenta,Magenta,Magenta,Magenta,Blue,Magenta,Magenta,Blue,0.25,0,0.75,0,0,0,0,0,2
PYOBM,Blue,Blue,Blue,Magenta,Magenta,Magenta,Red,Blue,0.5,0,0.375,0.125,0,0,0,0,3
RYOBM,Magenta,Magenta,Magenta,Blue,Magenta,Magenta,Magenta,Red,0.125,0,0.75,0.125,0,0,0,0,3
GYOBM,Red,Red,Magenta,Magenta,Magenta,Magenta,Red,Red,0,0,0.5,0.5,0,0,0,0,2
CYOBM,Blue,Blue,Blue,Blue,Magenta,Red,Red,Red,0.5,0,0.125,0.375,0,0,0,0,3
PGOBM,Blue,Blue,Blue,Magenta,Magenta,Magenta,Blue,Blue,0.625,0,0.375,0,0,0,0,0,2
RGOBM,Magenta,Magenta,Magenta,Magenta,Magenta,Magenta,Magenta,Blue,0.125,0,0.875,0,0,0,0,0,2
YGOBM,Blue,Blue,Magenta,Magenta,Magenta,Magenta,Red,Red,0.25,0,0.5,0.25,0,0,0,0,3
CGOBM,Blue,Blue,Blue,Magenta,Magenta,Red,Red,Blue,0.5,0,0.25,0.25,0,0,0,0,3
PCOBM,Blue,Blue,Blue,Blue,Blue,Red,Blue,Blue,0.875,0,0,0.125,0,0,0,0,2
RCOBM,Blue,Blue,Blue,Magenta,Blue,Blue,Red,Blue,0.75,0,0.125,0.125,0,0,0,0,3
YCOBM,Blue,Blue,Magenta,Blue,Magenta,Red,Red,Red,0.375,0,0.25,0.375,0,0,0,0,3
GCOBM,Blue,Blue,Blue,Red,Red,Red,Red,Blue,0.5,0,0,0.5,0,0,0,0,2
RPYBM,Purple,Purple,Purple,Magenta,Magenta,Magenta,Red,Purple,0,0.5,0.375,0.125,0,0,0,0,3
OPYBM,Blue,Purple,Magenta,Magenta,Magenta,Magenta,Red,Purple,0.125,0.25,0.5,0.125,0,0,0,0,4
GPYBM,Purple,Purple,Purple,Red,Red,Red,Blue,Purple,0.125,0.5,0,0.375,0,0,0,0,3
CPYBM,Purple,Purple,Purple,Magenta,Magenta,Blue,Blue,Purple,0.25,0.5,0.25,0,0,0,0,0,3
PRYBM,Magenta,Magenta,Magenta,Magenta,Magenta,Magenta,Blue,Magenta,0.125,0,0.875,0,0,0,0,0,2
ORYBM,Magenta,Magenta,Blue,Blue,Magenta,Blue,Magenta,Blue,0.5,0,0.5,0,0,0,0,0,2
GRYBM,Blue,Blue,Magenta,Magenta,Magenta,Magenta,Red,Blue,0.375,0,0.5,0.125,0,0,0,0,3
CRYBM,Magenta,Magenta,Magenta,Blue,Magenta,Red,Red,Blue,0.25,0,0.5,0.25,0,0,0,0,3
POYBM,Blue,Magenta,Blue,Blue,Blue,Blue,Blue,Blue,0.875,0,0.125,0,0,0,0,0,2
ROYBM,Blue,Blue,Blue,Blue,Magenta,Magenta,Blue,Blue,0.75,0,0.25,0,0,0,0,0,2
GOYBM,Blue,Blue,Blue,Blue,Blue,Blue,Red,Blue,0.875,0,0,0.125,0,0,0,0,2
COYBM,Blue,Blue,Blue,Blue,Magenta,Red,Red,Blue,0.625,0,0.125,0.25,0,0,0,0,3
PGYBM,Blue,Blue,Blue,Magenta,Magenta,Red,Blue,Blue,0.625,0,0.25,0.125,0,0,0,0,3
RGYBM,Magenta,Magenta,Magenta,Red,Red,Red,Red,Blue,0.125,0,0.375,0.5,0,0,0,0,3
OGYBM,Blue,Magenta,Red,Red,Red,Red,Red,Blue,0.25,0,0.125,0.625,0,0,0,0,3
CGYBM,Blue,Blue,Blue,Red,Red,Blue,Blue,Blue,0.75,0,0,0.25,0,0,0,0,2
PCYBM,Purple,Purple,Purple,Purple,Purple,Blue,Blue,Purple,0.25,0.75,0,0,0,0,0,0,2
RCYBM,Purple,Purple,Purple,Blue,Magenta,Magenta,Blue,Blue,0.375,0.375,0.25,0,0,0,0,0,3
OCYBM,Purple,Purple,Blue,Blue,Magenta,Blue,Blue,Blue,0.625,0.25,0.125,0,0,0,0,0,3
GCYBM,Blue,Blue,Purple,Blue,Blue,Blue,Blue,Blue,0.875,0.125,0,0,0,0,0,0,2
RPGBM,Blue,Blue,Blue,Blue,Blue,Blue,Red,Blue,0.875,0,0,0.125,0,0,0,0,2
OPGBM,Blue,Blue,Blue,Blue,Blue,Blue,Red,Blue,0.875,0,0,0.125,0,0,0,0,2
YPGBM,Blue,Blue,Blue,Blue,Blue,Red,Blue,Blue,0.875,0,0,0.125,0,0,0,0,2
CPGBM,Blue,Blue,Blue,Blue,Blue,Blue,Blue,Blue,1,0,0,0,0,0,0,0,1
PRGBM,Blue,Blue,Blue,Blue,Blue,Red,Blue,Blue,0.875,0,0,0.125,0,0,0,0,2
ORGBM,Blue,Blue,Red,Red,Red,Red,Red,Blue,0.375,0,0,0.625,0,0,0,0,2
YRGBM,Blue,Blue,Red,Red,Red,Red,Red,Red,0.25,0,0,0.75,0,0,0,0,2
CRGBM,Blue,Blue,Blue,Red,Red,Red,Red,Blue,0.5,0,0,0.5,0,0,0,0,2
POGBM,Blue,Blue,Blue,Red,Red,Red,Blue,Blue,0.625,0,0,0.375,0,0,0,0,2
ROGBM,Red,Red,Red,Red,Red,Red,Red,Blue,0.125,0,0,0.875,0,0,0,0,2
YOGBM,Blue,Blue,Red,Red,Red,Red,Red,Red,0.25,0,0,0.75,0,0,0,0,2
COGBM,Blue,Blue,Blue,Red,Red,Red,Red,Blue,0.5,0,0,0.5,0,0,0,0,2
PYGBM,Blue,Blue,Blue,Red,Red,Red,Blue,Blue,0.625,0,0,0.375,0,0,0,0,2
RYGBM,Red,Red,Red,Red,Red,Red,Red,Blue,0.125,0,0,0.875,0,0,0,0,2
OYGBM,Blue,Red,Red,Red,Red,Red,Red,Blue,0.25,0,0,0.75,0,0,0,0,2
CYGBM,Blue,Blue,Blue,Red,Red,Blue,Blue,Blue,0.75,0,0,0.25,0,0,0,0,2
PCGBM,Blue,Blue,Blue,Blue,Blue,Blue,Blue,Blue,1,0,0,0,0,0,0,0,1
RCGBM,Blue,Blue,Blue,Red,Red,Red,Blue,Blue,0.625,0,0,0.375,0,0,0,0,2
OCGBM,Blue,Blue,Red,Red,Red,Red,Blue,Blue,0.5,0,0,0.5,0,0,0,0,2
YCGBM,Blue,Blue,Red,Red,Red,Blue,Blue,Blue,0.625,0,0,0.375,0,0,0,0,2
RPCBM,Purple,Purple,Purple,Purple,Purple,Purple,Blue,Purple,0.125,0.875,0,0,0,0,0,0,2
OPCBM,Purple,Purple,Purple,Purple,Purple,Purple,Blue,Purple,0.125,0.875,0,0,0,0,0,0,2
YPCBM,Purple,Purple,Purple,Purple,Purple,Blue,Blue,Blue,0.375,0.625,0,0,0,0,0,0,2
GPCBM,Purple,Purple,Purple,Blue,Blue,Blue,Blue,Purple,0.5,0.5,0,0,0,0,0,0,2
PRCBM,Purple,Purple,Purple,Purple,Purple,Blue,Blue,Purple,0.25,0.75,0,0,0,0,0,0,2
ORCBM,Purple,Purple,Magenta,Magenta,Blue,Magenta,Blue,Blue,0.375,0.25,0.375,0,0,0,0,0,3
YRCBM,Purple,Purple,Magenta,Blue,Magenta,Blue,Blue,Blue,0.5,0.25,0.25,0,0,0,0,0,3
GRCBM,Blue,Blue,Purple,Blue,Blue,Blue,Blue,Blue,0.875,0.125,0,0,0,0,0,0,2
POCBM,Purple,Purple,Purple,Magenta,Magenta,Magenta,Blue,Purple,0.125,0.5,0.375,0,0,0,0,0,3
ROCBM,Magenta,Magenta,Magenta,Magenta,Blue,Blue,Magenta,Blue,0.375,0,0.625,0,0,0,0,0,2
YOCBM,Purple,Purple,Magenta,Blue,Magenta,Magenta,Blue,Blue,0.375,0.25,0.375,0,0,0,0,0,3
GOCBM,Blue,Blue,Magenta,Magenta,Magenta,Magenta,Blue,Blue,0.5,0,0.5,0,0,0,0,0,2
PYCBM,Purple,Purple,Purple,Magenta,Magenta,Blue,Blue,Purple,0.25,0.5,0.25,0,0,0,0,0,3
RYCBM,Magenta,Magenta,Magenta,Blue,Magenta,Magenta,Blue,Blue,0.375,0,0.625,0,0,0,0,0,2
OYCBM,Purple,Magenta,Blue,Blue,Magenta,Blue,Blue,Blue,0.625,0.125,0.25,0,0,0,0,0,3
GYCBM,Blue,Blue,Magenta,Blue,Blue,Blue,Blue,Blue,0.875,0,0.125,0,0,0,0,0,2
PGCBM,Blue,Blue,Blue,Purple,Purple,Blue,Blue,Blue,0.75,0.25,0,0,0,0,0,0,2
RGCBM,Purple,Purple,Purple,Blue,Blue,Blue,Blue,Blue,0.625,0.375,0,0,0,0,0,0,2
OGCBM,Blue,Purple,Blue,Blue,Blue,Blue,Blue,Blue,0.875,0.125,0,0,0,0,0,0,2
YGCBM,Blue,Blue,Blue,Blue,Blue,Blue,Blue,Blue,1,0,0,0,0,0,0,0,1
ORBPM,Blue,Blue,Purple,Purple,Blue,Purple,Blue,Purple,0.5,0.5,0,0,0,0,0,0,2
YRBPM,Blue,Blue,Purple,Blue,Purple,Blue,Red,Red,0.5,0.25,0,0.25,0,0,0,0,3
GRBPM,Purple,Purple,Blue,Blue,Blue,Blue,Red,Purple,0.5,0.375,0,0.125,0,0,0,0,3
CRBPM,Blue,Blue,Blue,Purple,Blue,Red,Red,Purple,0.5,0.25,0,0.25,0,0,0,0,3
ROBPM,Purple,Purple,Purple,Purple,Blue,Blue,Purple,Purple,0.25,0.75,0,0,0,0,0,0,2
YOBPM,Blue,Blue,Purple,Blue,Purple,Purple,Red,Red,0.375,0.375,0,0.25,0,0,0,0,3
GOBPM,Purple,Purple,Purple,Purple,Purple,Purple,Red,Purple,0,0.875,0,0.125,0,0,0,0,2
COBPM,Blue,Blue,Blue,Purple,Blue,Red,Red,Purple,0.5,0.25,0,0.25,0,0,0,0,3
RYBPM,Purple,Purple,Purple,Blue,Purple,Purple,Red,Purple,0.125,0.75,0,0.125,0,0,0,0,3
OYBPM,Blue,Purple,Blue,Blue,Purple,Blue,Red,Purple,0.5,0.375,0,0.125,0,0,0,0,3
GYBPM,Purple,Purple,Purple,Red,Red,Red,Purple,Purple,0,0.625,0,0.375,0,0,0,0,2
CYBPM,Purple,Purple,Purple,Blue,Purple,Purple,Purple,Purple,0.125,0.875,0,0,0,0,0,0,2
RGBPM,Blue,Blue,Blue,Red,Red,Red,Red,Purple,0.375,0.125,0,0.5,0,0,0,0,3
OGBPM,Purple,Blue,Red,Red,Red,Red,Red,Purple,0.125,0.25,0,0.625,0,0,0,0,3
YGBPM,Purple,Purple,Red,Red,Red,Red,Purple,Purple,0,0.5,0,0.5,0,0,0,0,2
CGBPM,Purple,Purple,Purple,Red,Red,Purple,Purple,Purple,0,0.75,0,0.25,0,0,0,0,2
RCBPM,Purple,Purple,Purple,Purple,Blue,Blue,Purple,Purple,0.25,0.75,0,0,0,0,0,0,2
OCBPM,Purple,Purple,Purple,Purple,Blue,Purple,Purple,Purple,0.125,0.875,0,0,0,0,0,0,2
YCBPM,Purple,Purple,Purple,Blue,Purple,Purple,Purple,Purple,0.125,0.875,0,0,0,0,0,0,2
GCBPM,Purple,Purple,Purple,Purple,Purple,Purple,Purple,Purple,0,1,0,0,0,0,0,0,1
OBRPM,Purple,Purple,Purple,Purple,Purple,Purple,Magenta,Purple,0,0.875,0.125,0,0,0,0,0,2
YBRPM,Purple,Purple,Purple,Purple,Purple,Magenta,Purple,Purple,0,0.875,0.125,0,0,0,0,0,2
GBRPM,Purple,Purple,Purple,Magenta,Magenta,Magenta,Purple,Purple,0,0.625,0.375,0,0,0,0,0,2
CBRPM,Purple,Purple,Purple,Purple,Purple,Purple,Purple,Purple,0,1,0,0,0,0,0,0,1
BORPM,Purple,Purple,Purple,Magenta,Purple,Magenta,Purple,Purple,0,0.75,0.25,0,0,0,0,0,2
YORPM,Purple,Purple,Magenta,Magenta,Magenta,Magenta,Magenta,Magenta,0,0.25,0.75,0,0,0,0,0,2
GORPM,Purple,Purple,Magenta,Magenta,Magenta,Magenta,Magenta,Purple,0,0.375,0.625,0,0,0,0,0,2
CORPM,Purple,Purple,Purple,Magenta,Magenta,Magenta,Magenta,Purple,0,0.5,0.5,0,0,0,0,0,2
BYRPM,Purple,Purple,Purple,Magenta,Purple,Magenta,Red,Red,0,0.5,0.25,0.25,0,0,0,0,3
OYRPM,Purple,Magenta,Magenta,Magenta,Magenta,Magenta,Magenta,Red,0,0.125,0.75,0.125,0,0,0,0,3
GYRPM,Red,Red,Magenta,Magenta,Magenta,Magenta,Red,Red,0,0,0.5,0.5,0,0,0,0,2
CYRPM,Purple,Purple,Purple,Magenta,Magenta,Red,Red,Red,0,0.375,0.25,0.375,0,0,0,0,3
BGRPM,Purple,Purple,Purple,Purple,Purple,Magenta,Purple,Purple,0,0.875,0.125,0,0,0,0,0,2
OGRPM,Purple,Purple,Magenta,Magenta,Magenta,Magenta,Magenta,Purple,0,0.375,0.625,0,0,0,0,0,2
YGRPM,Purple,Purple,Magenta,Magenta,Magenta,Magenta,Red,Red,0,0.25,0.5,0.25,0,0,0,0,3
CGRPM,Purple,Purple,Purple,Magenta,Magenta,Red,Red,Purple,0,0.5,0.25,0.25,0,0,0,0,3
BCRPM,Purple,Purple,Purple,Purple,Purple,Red,Purple,Purple,0,0.875,0,0.125,0,0,0,0,2
OCRPM,Purple,Purple,Magenta,Magenta,Magenta,Magenta,Red,Purple,0,0.375,0.5,0.125,0,0,0,0,3
YCRPM,Purple,Purple,Magenta,Magenta,Magenta,Red,Red,Red,0,0.25,0.375,0.375,0,0,0,0,3
GCRPM,Purple,Purple,Purple,Red,Red,Red,Red,Purple,0,0.5,0,0.5,0,0,0,0,2
RBOPM,Purple,Purple,Purple,Magenta,Purple,Purple,Magenta,Purple,0,0.75,0.25,0,0,0,0,0,2
YBOPM,Blue,Purple,Magenta,Purple,Magenta,Magenta,Purple,Purple,0.125,0.5,0.375,0,0,0,0,0,3
GBOPM,Purple,Purple,Purple,Magenta,Magenta,Magenta,Purple,Purple,0,0.625,0.375,0,0,0,0,0,2
CBOPM,Blue,Blue,Blue,Magenta,Purple,Purple,Purple,Purple,0.375,0.5,0.125,0,0,0,0,0,3
BROPM,Magenta,Magenta,Magenta,Magenta,Magenta,Magenta,Purple,Purple,0,0.25,0.75,0,0,0,0,0,2
YROPM,Magenta,Magenta,Magenta,Magenta,Magenta,Magenta,Magenta,Magenta,0,0,1,0,0,0,0,0,1
GROPM,Purple,Purple,Magenta,Magenta,Magenta,Magenta,Magenta,Purple,0,0.375,0.625,0,0,0,0,0,2
CROPM,Magenta,Magenta,Magenta,Magenta,Magenta,Magenta,Magenta,Purple,0,0.125,0.875,0,0,0,0,0,2
BYOPM,Blue,Purple,Purple,Magenta,Purple,Magenta,Red,Red,0.125,0.375,0.25,0.25,0,0,0,0,4
RYOPM,Magenta,Magenta,Magenta,Magenta,Magenta,Magenta,Magenta,Red,0,0,0.875,0.125,0,0,0,0,2
GYOPM,Red,Red,Magenta,Magenta,Magenta,Magenta,Red,Red,0,0,0.5,0.5,0,0,0,0,2
CYOPM,Blue,Blue,Blue,Magenta,Magenta,Red,Red,Red,0.375,0,0.25,0.375,0,0,0,0,3
BGOPM,Purple,Purple,Purple,Magenta,Purple,Magenta,Purple,Purple,0,0.75,0.25,0,0,0,0,0,2
RGOPM,Magenta,Magenta,Magenta,Magenta,Magenta,Magenta,Magenta,Purple,0,0.125,0.875,0,0,0,0,0,2
YGOPM,Purple,Purple,Magenta,Magenta,Magenta,Magenta,Red,Red,0,0.25,0.5,0.25,0,0,0,0,3
CGOPM,Purple,Purple,Purple,Magenta,Magenta,Red,Red,Purple,0,0.5,0.25,0.25,0,0,0,0,3
BCOPM,Blue,Blue,Blue,Blue,Blue,Red,Purple,Purple,0.625,0.25,0,0.125,0,0,0,0,3
RCOPM,Blue,Blue,Blue,Magenta,Magenta,Magenta,Red,Purple,0.375,0.125,0.375,0.125,0,0,0,0,4
YCOPM,Blue,Blue,Magenta,Magenta,Magenta,Red,Red,Red,0.25,0,0.375,0.375,0,0,0,0,3
GCOPM,Purple,Purple,Blue,Red,Red,Red,Red,Purple,0.125,0.375,0,0.5,0,0,0,0,3
RBYPM,Blue,Blue,Blue,Magenta,Blue,Blue,Red,Blue,0.75,0,0.125,0.125,0,0,0,0,3
OBYPM,Blue,Blue,Magenta,Magenta,Blue,Magenta,Red,Blue,0.5,0,0.375,0.125,0,0,0,0,3
GBYPM,Blue,Blue,Blue,Red,Red,Red,Blue,Blue,0.625,0,0,0.375,0,0,0,0,2
CBYPM,Purple,Purple,Purple,Magenta,Blue,Blue,Blue,Blue,0.5,0.375,0.125,0,0,0,0,0,3
BRYPM,Magenta,Magenta,Magenta,Magenta,Magenta,Magenta,Blue,Blue,0.25,0,0.75,0,0,0,0,0,2
ORYPM,Magenta,Magenta,Magenta,Magenta,Magenta,Magenta,Magenta,Blue,0.125,0,0.875,0,0,0,0,0,2
GRYPM,Blue,Blue,Magenta,Magenta,Magenta,Magenta,Red,Blue,0.375,0,0.5,0.125,0,0,0,0,3
CRYPM,Magenta,Magenta,Magenta,Magenta,Magenta,Red,Red,Blue,0.125,0,0.625,0.25,0,0,0,0,3
BOYPM,Blue,Magenta,Magenta,Magenta,Magenta,Magenta,Blue,Blue,0.375,0,0.625,0,0,0,0,0,2
ROYPM,Magenta,Magenta,Magenta,Magenta,Magenta,Magenta,Magenta,Blue,0.125,0,0.875,0,0,0,0,0,2
GOYPM,Blue,Blue,Magenta,Magenta,Magenta,Magenta,Red,Blue,0.375,0,0.5,0.125,0,0,0,0,3
COYPM,Blue,Blue,Blue,Magenta,Magenta,Red,Red,Blue,0.5,0,0.25,0.25,0,0,0,0,3
BGYPM,Blue,Blue,Blue,Magenta,Blue,Red,Blue,Blue,0.75,0,0.125,0.125,0,0,0,0,3
RGYPM,Magenta,Magenta,Magenta,Red,Red,Red,Red,Blue,0.125,0,0.375,0.5,0,0,0,0,3
OGYPM,Blue,Magenta,Red,Red,Red,Red,Red,Blue,0.25,0,0.125,0.625,0,0,0,0,3
CGYPM,Blue,Blue,Blue,Red,Red,Blue,Blue,Blue,0.75,0,0,0.25,0,0,0,0,2
BCYPM,Purple,Purple,Purple,Purple,Purple,Blue,Blue,Blue,0.375,0.625,0,0,0,0,0,0,2
RCYPM,Purple,Purple,Purple,Magenta,Magenta,Magenta,Blue,Blue,0.25,0.375,0.375,0,0,0,0,0,3
OCYPM,Purple,Purple,Magenta,Magenta,Magenta,Magenta,Blue,Blue,0.25,0.25,0.5,0,0,0,0,0,3
GCYPM,Blue,Blue,Purple,Blue,Blue,Blue,Blue,Blue,0.875,0.125,0,0,0,0,0,0,2
RBGPM,Purple,Purple,Purple,Purple,Purple,Purple,Red,Purple,0,0.875,0,0.125,0,0,0,0,2
OBGPM,Purple,Purple,Purple,Purple,Purple,Purple,Red,Purple,0,0.875,0,0.125,0,0,0,0,2
YBGPM,Purple,Purple,Purple,Purple,Purple,Red,Purple,Purple,0,0.875,0,0.125,0,0,0,0,2
CBGPM,Purple,Purple,Purple,Purple,Purple,Purple,Purple,Purple,0,1,0,0,0,0,0,0,1
BRGPM,Purple,Purple,Purple,Purple,Purple,Red,Purple,Purple,0,0.875,0,0.125,0,0,0,0,2
ORGPM,Purple,Purple,Red,Red,Red,Red,Red,Purple,0,0.375,0,0.625,0,0,0,0,2
YRGPM,Purple,Purple,Red,Red,Red,Red,Red,Red,0,0.25,0,0.75,0,0,0,0,2
CRGPM,Purple,Purple,Purple,Red,Red,Red,Red,Purple,0,0.5,0,0.5,0,0,0,0,2
BOGPM,Purple,Purple,Purple,Red,Purple,Red,Purple,Purple,0,0.75,0,0.25,0,0,0,0,2
ROGPM,Red,Red,Red,Red,Red,Red,Red,Purple,0,0.125,0,0.875,0,0,0,0,2
YOGPM,Purple,Purple,Red,Red,Red,Red,Red,Red,0,0.25,0,0.75,0,0,0,0,2
COGPM,Purple,Purple,Purple,Red,Red,Red,Red,Purple,0,0.5,0,0.5,0,0,0,0,2
BYGPM,Purple,Purple,Purple,Red,Purple,Red,Blue,Blue,0.25,0.5,0,0.25,0,0,0,0,3
RYGPM,Red,Red,Red,Red,Red,Red,Red,Blue,0.125,0,0,0.875,0,0,0,0,2
OYGPM,Purple,Red,Red,Red,Red,Red,Red,Blue,0.125,0.125,0,0.75,0,0,0,0,3
CYGPM,Purple,Purple,Purple,Red,Red,Blue,Blue,Blue,0.375,0.375,0,0.25,0,0,0,0,3
BCGPM,Purple,Purple,Purple,Purple,Purple,Blue,Purple,Purple,0.125,0.875,0,0,0,0,0,0,2
RCGPM,Purple,Purple,Purple,Red,Red,Red,Blue,Purple,0.125,0.5,0,0.375,0,0,0,0,3
OCGPM,Purple,Purple,Red,Red,Red,Red,Blue,Purple,0.125,0.375,0,0.5,0,0,0,0,3
YCGPM,Purple,Purple,Red,Red,Red,Blue,Blue,Blue,0.375,0.25,0,0.375,0,0,0,0,3
RBCPM,Purple,Purple,Purple,Purple,Purple,Purple,Blue,Purple,0.125,0.875,0,0,0,0,0,0,2
OBCPM,Purple,Purple,Purple,Purple,Purple,Purple,Blue,Purple,0.125,0.875,0,0,0,0,0,0,2
YBCPM,Purple,Purple,Purple,Purple,Purple,Blue,Purple,Purple,0.125,0.875,0,0,0,0,0,0,2
GBCPM,Purple,Purple,Purple,Blue,Blue,Blue,Purple,Purple,0.375,0.625,0,0,0,0,0,0,2
BRCPM,Purple,Purple,Purple,Purple,Purple,Magenta,Purple,Purple,0,0.875,0.125,0,0,0,0,0,2
ORCPM,Purple,Purple,Magenta,Magenta,Magenta,Magenta,Magenta,Purple,0,0.375,0.625,0,0,0,0,0,2
YRCPM,Purple,Purple,Magenta,Magenta,Magenta,Magenta,Blue,Blue,0.25,0.25,0.5,0,0,0,0,0,3
GRCPM,Purple,Purple,Purple,Magenta,Magenta,Magenta,Blue,Purple,0.125,0.5,0.375,0,0,0,0,0,3
BOCPM,Purple,Purple,Purple,Magenta,Purple,Magenta,Purple,Purple,0,0.75,0.25,0,0,0,0,0,2
ROCPM,Magenta,Magenta,Magenta,Magenta,Magenta,Magenta,Magenta,Purple,0,0.125,0.875,0,0,0,0,0,2
YOCPM,Purple,Purple,Magenta,Magenta,Magenta,Magenta,Blue,Blue,0.25,0.25,0.5,0,0,0,0,0,3
GOCPM,Purple,Purple,Magenta,Magenta,Magenta,Magenta,Blue,Purple,0.125,0.375,0.5,0,0,0,0,0,3
BYCPM,Purple,Purple,Purple,Magenta,Purple,Blue,Blue,Blue,0.375,0.5,0.125,0,0,0,0,0,3
RYCPM,Magenta,Magenta,Magenta,Magenta,Magenta,Magenta,Blue,Blue,0.25,0,0.75,0,0,0,0,0,2
OYCPM,Purple,Magenta,Magenta,Magenta,Magenta,Magenta,Blue,Blue,0.25,0.125,0.625,0,0,0,0,0,3
GYCPM,Blue,Blue,Magenta,Blue,Blue,Blue,Blue,Blue,0.875,0,0.125,0,0,0,0,0,2
BGCPM,Purple,Purple,Purple,Purple,Purple,Blue,Purple,Purple,0.125,0.875,0,0,0,0,0,0,2
RGCPM,Purple,Purple,Purple,Blue,Blue,Blue,Blue,Purple,0.5,0.5,0,0,0,0,0,0,2
OGCPM,Purple,Purple,Blue,Blue,Blue,Blue,Blue,Purple,0.625,0.375,0,0,0,0,0,0,2
YGCPM,Purple,Purple,Blue,Blue,Blue,Blue,Blue,Blue,0.75,0.25,0,0,0,0,0,0,2
OPBRM,Magenta,Magenta,Magenta,Magenta,Magenta,Magenta,Red,Magenta,0,0,0.875,0.125,0,0,0,0,2
YPBRM,Magenta,Magenta,Magenta,Magenta,Magenta,Red,Blue,Blue,0.25,0,0.625,0.125,0,0,0,0,3
GPBRM,Magenta,Magenta,Magenta,Red,Red,Red,Blue,Magenta,0.125,0,0.5,0.375,0,0,0,0,3
CPBRM,Magenta,Magenta,Magenta,Magenta,Magenta,Blue,Blue,Magenta,0.25,0,0.75,0,0,0,0,0,2
POBRM,Magenta,Magenta,Magenta,Magenta,Magenta,Magenta,Blue,Magenta,0.125,0,0.875,0,0,0,0,0,2
YOBRM,Magenta,Magenta,Magenta,Magenta,Magenta,Magenta,Red,Red,0,0,0.75,0.25,0,0,0,0,2
GOBRM,Blue,Blue,Magenta,Magenta,Magenta,Magenta,Red,Blue,0.375,0,0.5,0.125,0,0,0,0,3
COBRM,Magenta,Magenta,Magenta,Magenta,Magenta,Red,Red,Blue,0.125,0,0.625,0.25,0,0,0,0,3
PYBRM,Magenta,Magenta,Magenta,Magenta,Magenta,Red,Blue,Magenta,0.125,0,0.75,0.125,0,0,0,0,3
OYBRM,Magenta,Magenta,Magenta,Magenta,Magenta,Magenta,Red,Blue,0.125,0,0.75,0.125,0,0,0,0,3
GYBRM,Blue,Blue,Magenta,Red,Red,Red,Blue,Blue,0.5,0,0.125,0.375,0,0,0,0,3
CYBRM,Magenta,Magenta,Magenta,Magenta,Magenta,Blue,Blue,Blue,0.375,0,0.625,0,0,0,0,0,2
PGBRM,Blue,Blue,Blue,Magenta,Magenta,Red,Blue,Blue,0.625,0,0.25,0.125,0,0,0,0,3
OGBRM,Blue,Magenta,Red,Red,Red,Red,Red,Blue,0.25,0,0.125,0.625,0,0,0,0,3
YGBRM,Blue,Blue,Red,Red,Red,Red,Blue,Blue,0.5,0,0,0.5,0,0,0,0,2
CGBRM,Blue,Blue,Blue,Red,Red,Blue,Blue,Blue,0.75,0,0,0.25,0,0,0,0,2
PCBRM,Magenta,Magenta,Magenta,Magenta,Magenta,Blue,Blue,Magenta,0.25,0,0.75,0,0,0,0,0,2
OCBRM,Magenta,Magenta,Magenta,Magenta,Magenta,Magenta,Blue,Blue,0.25,0,0.75,0,0,0,0,0,2
YCBRM,Magenta,Magenta,Magenta,Magenta,Magenta,Blue,Blue,Blue,0.375,0,0.625,0,0,0,0,0,2
GCBRM,Blue,Blue,Magenta,Blue,Blue,Blue,Blue,Blue,0.875,0,0.125,0,0,0,0,0,2
OBPRM,Magenta,Magenta,Magenta,Magenta,Magenta,Magenta,Red,Magenta,0,0,0.875,0.125,0,0,0,0,2
YBPRM,Magenta,Magenta,Magenta,Magenta,Magenta,Red,Magenta,Magenta,0,0,0.875,0.125,0,0,0,0,2
GBPRM,Magenta,Magenta,Magenta,Red,Red,Red,Magenta,Magenta,0,0,0.625,0.375,0,0,0,0,2
CBPRM,Magenta,Magenta,Magenta,Magenta,Magenta,Magenta,Magenta,Magenta,0,0,1,0,0,0,0,0,1
BOPRM,Magenta,Magenta,Magenta,Magenta,Magenta,Magenta,Magenta,Magenta,0,0,1,0,0,0,0,0,1
YOPRM,Magenta,Magenta,Magenta,Magenta,Magenta,Magenta,Red,Red,0,0,0.75,0.25,0,0,0,0,2
GOPRM,Magenta,Magenta,Magenta,Magenta,Magenta,Magenta,Red,Magenta,0,0,0.875,0.125,0,0,0,0,2
COPRM,Magenta,Magenta,Magenta,Magenta,Magenta,Red,Red,Magenta,0,0,0.75,0.25,0,0,0,0,2
BYPRM,Magenta,Magenta,Magenta,Magenta,Magenta,Red,Blue,Blue,0.25,0,0.625,0.125,0,0,0,0,3
OYPRM,Magenta,Magenta,Magenta,Magenta,Magenta,Magenta,Red,Blue,0.125,0,0.75,0.125,0,0,0,0,3
GYPRM,Blue,Blue,Magenta,Red,Red,Red,Blue,Blue,0.5,0,0.125,0.375,0,0,0,0,3
CYPRM,Magenta,Magenta,Magenta,Magenta,Magenta,Blue,Blue,Blue,0.375,0,0.625,0,0,0,0,0,2
BGPRM,Magenta,Magenta,Magenta,Magenta,Magenta,Red,Magenta,Magenta,0,0,0.875,0.125,0,0,0,0,2
OGPRM,Magenta,Magenta,Red,Red,Red,Red,Red,Magenta,0,0,0.375,0.625,0,0,0,0,2
YGPRM,Magenta,Magenta,Red,Red,Red,Red,Blue,Blue,0.25,0,0.25,0.5,0,0,0,0,3
CGPRM,Magenta,Magenta,Magenta,Red,Red,Blue,Blue,Magenta,0.25,0,0.5,0.25,0,0,0,0,3
BCPRM,Magenta,Magenta,Magenta,Magenta,Magenta,Blue,Magenta,Magenta,0.125,0,0.875,0,0,0,0,0,2
OCPRM,Magenta,Magenta,Magenta,Magenta,Magenta,Magenta,Blue,Magenta,0.125,0,0.875,0,0,0,0,0,2
YCPRM,Magenta,Magenta,Magenta,Magenta,Magenta,Blue,Blue,Blue,0.375,0,0.625,0,0,0,0,0,2
GCPRM,Magenta,Magenta,Magenta,Blue,Blue,Blue,Blue,Magenta,0.5,0,0.5,0,0,0,0,0,2
PBORM,Magenta,Magenta,Magenta,Magenta,Magenta,Red,Blue,Magenta,0.125,0,0.75,0.125,0,0,0,0,3
YBORM,Magenta,Magenta,Red,Magenta,Red,Red,Blue,Blue,0.25,0,0.375,0.375,0,0,0,0,3
GBORM,Blue,Blue,Magenta,Red,Red,Red,Blue,Blue,0.5,0,0.125,0.375,0,0,0,0,3
CBORM,Magenta,Magenta,Magenta,Red,Magenta,Blue,Blue,Blue,0.375,0,0.5,0.125,0,0,0,0,3
BPORM,Magenta,Magenta,Magenta,Magenta,Magenta,Red,Magenta,Magenta,0,0,0.875,0.125,0,0,0,0,2
YPORM,Magenta,Magenta,Red,Red,Red,Red,Blue,Blue,0.25,0,0.25,0.5,0,0,0,0,3
GPORM,Magenta,Magenta,Magenta,Red,Red,Red,Blue,Magenta,0.125,0,0.5,0.375,0,0,0,0,3
CPORM,Magenta,Magenta,Magenta,Red,Red,Blue,Blue,Magenta,0.25,0,0.5,0.25,0,0,0,0,3
BYORM,Magenta,Magenta,Magenta,Red,Magenta,Red,Red,Red,0,0,0.5,0.5,0,0,0,0,2
PYORM,Magenta,Magenta,Magenta,Red,Red,Red,Red,Magenta,0,0,0.5,0.5,0,0,0,0,2
GYORM,Red,Red,Red,Red,Red,Red,Red,Red,0,0,0,1,0,0,0,0,1
CYORM,Magenta,Magenta,Magenta,Red,Red,Red,Red,Red,0,0,0.375,0.625,0,0,0,0,2
BGORM,Blue,Blue,Blue,Red,Blue,Red,Blue,Blue,0.75,0,0,0.25,0,0,0,0,2
PGORM,Blue,Blue,Blue,Red,Red,Red,Blue,Blue,0.625,0,0,0.375,0,0,0,0,2
YGORM,Blue,Blue,Red,Red,Red,Red,Red,Red,0.25,0,0,0.75,0,0,0,0,2
CGORM,Blue,Blue,Blue,Red,Red,Red,Red,Blue,0.5,0,0,0.5,0,0,0,0,2
BCORM,Magenta,Magenta,Magenta,Magenta,Magenta,Red,Blue,Blue,0.25,0,0.625,0.125,0,0,0,0,3
PCORM,Magenta,Magenta,Magenta,Magenta,Magenta,Red,Blue,Magenta,0.125,0,0.75,0.125,0,0,0,0,3
YCORM,Magenta,Magenta,Red,Red,Red,Red,Red,Red,0,0,0.25,0.75,0,0,0,0,2
GCORM,Blue,Blue,Magenta,Red,Red,Red,Red,Blue,0.375,0,0.125,0.5,0,0,0,0,3
PBYRM,Magenta,Magenta,Magenta,Magenta,Magenta,Red,Red,Magenta,0,0,0.75,0.25,0,0,0,0,2
OBYRM,Magenta,Magenta,Red,Red,Magenta,Red,Red,Red,0,0,0.375,0.625,0,0,0,0,2
GBYRM,Red,Red,Magenta,Red,Red,Red,Red,Red,0,0,0.125,0.875,0,0,0,0,2
CBYRM,Magenta,Magenta,Magenta,Red,Magenta,Red,Red,Red,0,0,0.5,0.5,0,0,0,0,2
BPYRM,Magenta,Magenta,Magenta,Magenta,Magenta,Red,Magenta,Magenta,0,0,0.875,0.125,0,0,0,0,2
OPYRM,Magenta,Magenta,Red,Red,Red,Red,Red,Magenta,0,0,0.375,0.625,0,0,0,0,2
GPYRM,Magenta,Magenta,Magenta,Red,Red,Red,Red,Magenta,0,0,0.5,0.5,0,0,0,0,2
CPYRM,Magenta,Magenta,Magenta,Red,Red,Red,Red,Magenta,0,0,0.5,0.5,0,0,0,0,2
BOYRM,Magenta,Red,Red,Red,Red,Red,Red,Red,0,0,0.125,0.875,0,0,0,0,2
POYRM,Magenta,Red,Magenta,Red,Red,Red,Red,Magenta,0,0,0.375,0.625,0,0,0,0,2
GOYRM,Red,Red,Red,Red,Red,Red,Red,Red,0,0,0,1,0,0,0,0,1
COYRM,Magenta,Magenta,Magenta,Red,Red,Red,Red,Red,0,0,0.375,0.625,0,0,0,0,2
BGYRM,Red,Red,Red,Red,Red,Red,Red,Red,0,0,0,1,0,0,0,0,1
PGYRM,Red,Red,Red,Red,Red,Red,Red,Red,0,0,0,1,0,0,0,0,1
OGYRM,Red,Red,Red,Red,Red,Red,Red,Red,0,0,0,1,0,0,0,0,1
CGYRM,Red,Red,Red,Red,Red,Red,Red,Red,0,0,0,1,0,0,0,0,1
BCYRM,Magenta,Magenta,Magenta,Magenta,Magenta,Red,Red,Red,0,0,0.625,0.375,0,0,0,0,2
PCYRM,Magenta,Magenta,Magenta,Magenta,Magenta,Red,Red,Magenta,0,0,0.75,0.25,0,0,0,0,2
OCYRM,Magenta,Magenta,Red,Red,Red,Red,Red,Red,0,0,0.25,0.75,0,0,0,0,2
GCYRM,Red,Red,Magenta,Red,Red,Red,Red,Red,0,0,0.125,0.875,0,0,0,0,2
PBGRM,Blue,Blue,Blue,Blue,Blue,Red,Blue,Blue,0.875,0,0,0.125,0,0,0,0,2
OBGRM,Blue,Blue,Magenta,Magenta,Blue,Magenta,Red,Blue,0.5,0,0.375,0.125,0,0,0,0,3
YBGRM,Blue,Blue,Magenta,Blue,Magenta,Red,Blue,Blue,0.625,0,0.25,0.125,0,0,0,0,3
CBGRM,Blue,Blue,Blue,Magenta,Blue,Blue,Blue,Blue,0.875,0,0.125,0,0,0,0,0,2
BPGRM,Blue,Blue,Blue,Blue,Blue,Red,Blue,Blue,0.875,0,0,0.125,0,0,0,0,2
OPGRM,Blue,Blue,Magenta,Magenta,Magenta,Magenta,Red,Blue,0.375,0,0.5,0.125,0,0,0,0,3
YPGRM,Blue,Blue,Magenta,Magenta,Magenta,Red,Blue,Blue,0.5,0,0.375,0.125,0,0,0,0,3
CPGRM,Blue,Blue,Blue,Magenta,Magenta,Blue,Blue,Blue,0.75,0,0.25,0,0,0,0,0,2
BOGRM,Blue,Magenta,Magenta,Red,Magenta,Red,Blue,Blue,0.375,0,0.375,0.25,0,0,0,0,3
POGRM,Blue,Magenta,Blue,Red,Red,Red,Blue,Blue,0.5,0,0.125,0.375,0,0,0,0,3
YOGRM,Blue,Magenta,Red,Red,Red,Red,Red,Red,0.125,0,0.125,0.75,0,0,0,0,3
COGRM,Blue,Blue,Blue,Red,Red,Red,Red,Blue,0.5,0,0,0.5,0,0,0,0,2
BYGRM,Blue,Blue,Blue,Red,Blue,Red,Red,Red,0.5,0,0,0.5,0,0,0,0,2
PYGRM,Blue,Blue,Blue,Red,Red,Red,Red,Blue,0.5,0,0,0.5,0,0,0,0,2
OYGRM,Blue,Red,Red,Red,Red,Red,Red,Red,0.125,0,0,0.875,0,0,0,0,2
CYGRM,Blue,Blue,Blue,Red,Red,Red,Red,Red,0.375,0,0,0.625,0,0,0,0,2
BCGRM,Blue,Blue,Blue,Blue,Blue,Red,Blue,Blue,0.875,0,0,0.125,0,0,0,0,2
PCGRM,Blue,Blue,Blue,Blue,Blue,Red,Blue,Blue,0.875,0,0,0.125,0,0,0,0,2
OCGRM,Blue,Blue,Red,Red,Red,Red,Red,Blue,0.375,0,0,0.625,0,0,0,0,2
YCGRM,Blue,Blue,Red,Red,Red,Red,Red,Red,0.25,0,0,0.75,0,0,0,0,2
PBCRM,Magenta,Magenta,Magenta,Magenta,Magenta,Red,Blue,Magenta,0.125,0,0.75,0.125,0,0,0,0,3
OBCRM,Magenta,Magenta,Magenta,Magenta,Magenta,Magenta,Red,Blue,0.125,0,0.75,0.125,0,0,0,0,3
YBCRM,Magenta,Magenta,Magenta,Magenta,Magenta,Red,Blue,Blue,0.25,0,0.625,0.125,0,0,0,0,3
GBCRM,Blue,Blue,Magenta,Red,Red,Red,Blue,Blue,0.5,0,0.125,0.375,0,0,0,0,3
BPCRM,Magenta,Magenta,Magenta,Magenta,Magenta,Red,Magenta,Magenta,0,0,0.875,0.125,0,0,0,0,2
OPCRM,Magenta,Magenta,Magenta,Magenta,Magenta,Magenta,Red,Magenta,0,0,0.875,0.125,0,0,0,0,2
YPCRM,Magenta,Magenta,Magenta,Magenta,Magenta,Red,Blue,Blue,0.25,0,0.625,0.125,0,0,0,0,3
GPCRM,Magenta,Magenta,Magenta,Red,Red,Red,Blue,Magenta,0.125,0,0.5,0.375,0,0,0,0,3
BOCRM,Magenta,Magenta,Magenta,Red,Magenta,Red,Blue,Blue,0.25,0,0.5,0.25,0,0,0,0,3
POCRM,Magenta,Magenta,Magenta,Red,Red,Red,Blue,Magenta,0.125,0,0.5,0.375,0,0,0,0,3
YOCRM,Magenta,Magenta,Red,Red,Red,Red,Red,Red,0,0,0.25,0.75,0,0,0,0,2
GOCRM,Blue,Blue,Red,Red,Red,Red,Red,Blue,0.375,0,0,0.625,0,0,0,0,2
BYCRM,Magenta,Magenta,Magenta,Red,Magenta,Red,Red,Red,0,0,0.5,0.5,0,0,0,0,2
PYCRM,Magenta,Magenta,Magenta,Red,Red,Red,Red,Magenta,0,0,0.5,0.5,0,0,0,0,2
OYCRM,Magenta,Red,Red,Red,Red,Red,Red,Red,0,0,0.125,0.875,0,0,0,0,2
GYCRM,Red,Red,Red,Red,Red,Red,Red,Red,0,0,0,1,0,0,0,0,1
BGCRM,Blue,Blue,Blue,Magenta,Blue,Red,Blue,Blue,0.75,0,0.125,0.125,0,0,0,0,3
PGCRM,Blue,Blue,Blue,Magenta,Magenta,Red,Blue,Blue,0.625,0,0.25,0.125,0,0,0,0,3
OGCRM,Blue,Magenta,Red,Red,Red,Red,Red,Blue,0.25,0,0.125,0.625,0,0,0,0,3
YGCRM,Blue,Blue,Red,Red,Red,Red,Red,Red,0.25,0,0,0.75,0,0,0,0,2
RPBOM,Blue,Blue,Blue,Magenta,Magenta,Magenta,Red,Blue,0.5,0,0.375,0.125,0,0,0,0,3
YPBOM,Blue,Magenta,Magenta,Magenta,Magenta,Red,Blue,Blue,0.375,0,0.5,0.125,0,0,0,0,3
GPBOM,Blue,Blue,Blue,Red,Red,Red,Blue,Blue,0.625,0,0,0.375,0,0,0,0,2
CPBOM,Blue,Blue,Blue,Magenta,Magenta,Blue,Blue,Blue,0.75,0,0.25,0,0,0,0,0,2
PRBOM,Magenta,Magenta,Magenta,Magenta,Magenta,Magenta,Blue,Magenta,0.125,0,0.875,0,0,0,0,0,2
YRBOM,Magenta,Magenta,Red,Magenta,Red,Magenta,Red,Red,0,0,0.5,0.5,0,0,0,0,2
GRBOM,Blue,Blue,Magenta,Magenta,Magenta,Magenta,Red,Blue,0.375,0,0.5,0.125,0,0,0,0,3
CRBOM,Magenta,Magenta,Magenta,Red,Magenta,Red,Red,Blue,0.125,0,0.5,0.375,0,0,0,0,3
PYBOM,Blue,Magenta,Blue,Red,Red,Red,Blue,Blue,0.5,0,0.125,0.375,0,0,0,0,3
RYBOM,Red,Red,Red,Magenta,Red,Red,Red,Blue,0.125,0,0.125,0.75,0,0,0,0,3
GYBOM,Blue,Blue,Red,Red,Red,Red,Blue,Blue,0.5,0,0,0.5,0,0,0,0,2
CYBOM,Blue,Blue,Blue,Magenta,Red,Blue,Blue,Blue,0.75,0,0.125,0.125,0,0,0,0,3
PGBOM,Blue,Blue,Blue,Magenta,Magenta,Red,Blue,Blue,0.625,0,0.25,0.125,0,0,0,0,3
RGBOM,Magenta,Magenta,Magenta,Red,Red,Red,Red,Blue,0.125,0,0.375,0.5,0,0,0,0,3
YGBOM,Blue,Blue,Red,Red,Red,Red,Blue,Blue,0.5,0,0,0.5,0,0,0,0,2
CGBOM,Blue,Blue,Blue,Red,Red,Blue,Blue,Blue,0.75,0,0,0.25,0,0,0,0,2
PCBOM,Blue,Blue,Blue,Blue,Blue,Blue,Blue,Blue,1,0,0,0,0,0,0,0,1
RCBOM,Blue,Blue,Blue,Red,Magenta,Magenta,Blue,Blue,0.625,0,0.25,0.125,0,0,0,0,3
YCBOM,Blue,Blue,Red,Magenta,Red,Blue,Blue,Blue,0.625,0,0.125,0.25,0,0,0,0,3
GCBOM,Blue,Blue,Blue,Blue,Blue,Blue,Blue,Blue,1,0,0,0,0,0,0,0,1
RBPOM,Magenta,Magenta,Magenta,Blue,Magenta,Magenta,Red,Blue,0.25,0,0.625,0.125,0,0,0,0,3
YBPOM,Blue,Magenta,Blue,Magenta,Blue,Red,Blue,Blue,0.625,0,0.25,0.125,0,0,0,0,3
GBPOM,Blue,Blue,Magenta,Red,Red,Red,Blue,Blue,0.5,0,0.125,0.375,0,0,0,0,3
CBPOM,Blue,Blue,Blue,Blue,Magenta,Blue,Blue,Blue,0.875,0,0.125,0,0,0,0,0,2
BRPOM,Blue,Blue,Blue,Blue,Blue,Red,Blue,Blue,0.875,0,0,0.125,0,0,0,0,2
YRPOM,Blue,Blue,Red,Red,Red,Red,Red,Red,0.25,0,0,0.75,0,0,0,0,2
GRPOM,Blue,Blue,Blue,Red,Red,Red,Red,Blue,0.5,0,0,0.5,0,0,0,0,2
CRPOM,Blue,Blue,Blue,Red,Red,Red,Red,Blue,0.5,0,0,0.5,0,0,0,0,2
BYPOM,Blue,Magenta,Magenta,Red,Magenta,Red,Blue,Blue,0.375,0,0.375,0.25,0,0,0,0,3
RYPOM,Red,Red,Red,Red,Red,Red,Red,Blue,0.125,0,0,0.875,0,0,0,0,2
GYPOM,Blue,Blue,Red,Red,Red,Red,Blue,Blue,0.5,0,0,0.5,0,0,0,0,2
CYPOM,Blue,Blue,Blue,Red,Red,Blue,Blue,Blue,0.75,0,0,0.25,0,0,0,0,2
BGPOM,Blue,Blue,Blue,Blue,Blue,Red,Blue,Blue,0.875,0,0,0.125,0,0,0,0,2
RGPOM,Blue,Blue,Blue,Red,Red,Red,Red,Blue,0.5,0,0,0.5,0,0,0,0,2
YGPOM,Blue,Blue,Red,Red,Red,Red,Blue,Blue,0.5,0,0,0.5,0,0,0,0,2
CGPOM,Blue,Blue,Blue,Red,Red,Blue,Blue,Blue,0.75,0,0,0.25,0,0,0,0,2
BCPOM,Blue,Blue,Blue,Blue,Blue,Blue,Blue,Blue,1,0,0,0,0,0,0,0,1
RCPOM,Blue,Blue,Blue,Red,Red,Red,Blue,Blue,0.625,0,0,0.375,0,0,0,0,2
YCPOM,Blue,Blue,Red,Red,Red,Blue,Blue,Blue,0.625,0,0,0.375,0,0,0,0,2
GCPOM,Blue,Blue,Blue,Blue,Blue,Blue,Blue,Blue,1,0,0,0,0,0,0,0,1
PBROM,Red,Red,Red,Red,Red,Red,Blue,Red,0.125,0,0,0.875,0,0,0,0,2
YBROM,Red,Red,Red,Red,Red,Red,Blue,Blue,0.25,0,0,0.75,0,0,0,0,2
GBROM,Blue,Blue,Red,Red,Red,Red,Blue,Blue,0.5,0,0,0.5,0,0,0,0,2
CBROM,Red,Red,Red,Red,Red,Blue,Blue,Blue,0.375,0,0,0.625,0,0,0,0,2
BPROM,Red,Red,Red,Red,Red,Red,Red,Red,0,0,0,1,0,0,0,0,1
YPROM,Red,Red,Red,Red,Red,Red,Blue,Blue,0.25,0,0,0.75,0,0,0,0,2
GPROM,Red,Red,Red,Red,Red,Red,Blue,Red,0.125,0,0,0.875,0,0,0,0,2
CPROM,Red,Red,Red,Red,Red,Blue,Blue,Red,0.25,0,0,0.75,0,0,0,0,2
BYROM,Red,Red,Red,Red,Red,Red,Red,Red,0,0,0,1,0,0,0,0,1
PYROM,Red,Red,Red,Red,Red,Red,Red,Red,0,0,0,1,0,0,0,0,1
GYROM,Red,Red,Red,Red,Red,Red,Red,Red,0,0,0,1,0,0,0,0,1
CYROM,Red,Red,Red,Red,Red,Red,Red,Red,0,0,0,1,0,0,0,0,1
BGROM,Blue,Blue,Blue,Red,Blue,Red,Blue,Blue,0.75,0,0,0.25,0,0,0,0,2
PGROM,Blue,Blue,Blue,Red,Red,Red,Blue,Blue,0.625,0,0,0.375,0,0,0,0,2
YGROM,Blue,Blue,Red,Red,Red,Red,Red,Red,0.25,0,0,0.75,0,0,0,0,2
CGROM,Blue,Blue,Blue,Red,Red,Red,Red,Blue,0.5,0,0,0.5,0,0,0,0,2
BCROM,Red,Red,Red,Red,Red,Red,Blue,Blue,0.25,0,0,0.75,0,0,0,0,2
PCROM,Red,Red,Red,Red,Red,Red,Blue,Red,0.125,0,0,0.875,0,0,0,0,2
YCROM,Red,Red,Red,Red,Red,Red,Red,Red,0,0,0,1,0,0,0,0,1
GCROM,Blue,Blue,Red,Red,Red,Red,Red,Blue,0.375,0,0,0.625,0,0,0,0,2
PBYOM,Blue,Magenta,Blue,Magenta,Magenta,Red,Red,Blue,0.375,0,0.375,0.25,0,0,0,0,3
RBYOM,Magenta,Magenta,Magenta,Red,Magenta,Magenta,Red,Red,0,0,0.625,0.375,0,0,0,0,2
GBYOM,Red,Red,Magenta,Red,Red,Red,Red,Red,0,0,0.125,0.875,0,0,0,0,2
CBYOM,Blue,Blue,Blue,Red,Magenta,Red,Red,Red,0.375,0,0.125,0.5,0,0,0,0,3
BPYOM,Blue,Magenta,Magenta,Blue,Magenta,Red,Blue,Blue,0.5,0,0.375,0.125,0,0,0,0,3
RPYOM,Blue,Blue,Blue,Red,Red,Red,Red,Blue,0.5,0,0,0.5,0,0,0,0,2
GPYOM,Blue,Blue,Blue,Red,Red,Red,Red,Blue,0.5,0,0,0.5,0,0,0,0,2
CPYOM,Blue,Blue,Blue,Red,Red,Red,Red,Blue,0.5,0,0,0.5,0,0,0,0,2
BRYOM,Red,Red,Red,Red,Red,Red,Red,Red,0,0,0,1,0,0,0,0,1
PRYOM,Red,Red,Red,Red,Red,Red,Red,Red,0,0,0,1,0,0,0,0,1
GRYOM,Red,Red,Red,Red,Red,Red,Red,Red,0,0,0,1,0,0,0,0,1
CRYOM,Red,Red,Red,Red,Red,Red,Red,Red,0,0,0,1,0,0,0,0,1
BGYOM,Red,Red,Red,Red,Red,Red,Red,Red,0,0,0,1,0,0,0,0,1
PGYOM,Red,Red,Red,Red,Red,Red,Red,Red,0,0,0,1,0,0,0,0,1
RGYOM,Red,Red,Red,Red,Red,Red,Red,Red,0,0,0,1,0,0,0,0,1
CGYOM,Red,Red,Red,Red,Red,Red,Red,Red,0,0,0,1,0,0,0,0,1
BCYOM,Blue,Blue,Blue,Blue,Blue,Red,Red,Red,0.625,0,0,0.375,0,0,0,0,2
PCYOM,Blue,Blue,Blue,Blue,Blue,Red,Red,Blue,0.75,0,0,0.25,0,0,0,0,2
RCYOM,Blue,Blue,Blue,Red,Red,Red,Red,Red,0.375,0,0,0.625,0,0,0,0,2
GCYOM,Red,Red,Blue,Red,Red,Red,Red,Red,0.125,0,0,0.875,0,0,0,0,2
PBGOM,Blue,Blue,Blue,Blue,Blue,Red,Blue,Blue,0.875,0,0,0.125,0,0,0,0,2
RBGOM,Blue,Blue,Blue,Red,Blue,Blue,Red,Blue,0.75,0,0,0.25,0,0,0,0,2
YBGOM,Blue,Blue,Red,Blue,Red,Red,Blue,Blue,0.625,0,0,0.375,0,0,0,0,2
CBGOM,Blue,Blue,Blue,Red,Blue,Blue,Blue,Blue,0.875,0,0,0.125,0,0,0,0,2
BPGOM,Blue,Blue,Blue,Blue,Blue,Red,Blue,Blue,0.875,0,0,0.125,0,0,0,0,2
RPGOM,Blue,Blue,Blue,Red,Red,Red,Red,Blue,0.5,0,0,0.5,0,0,0,0,2
YPGOM,Blue,Blue,Red,Red,Red,Red,Blue,Blue,0.5,0,0,0.5,0,0,0,0,2
CPGOM,Blue,Blue,Blue,Red,Red,Blue,Blue,Blue,0.75,0,0,0.25,0,0,0,0,2
BRGOM,Red,Red,Red,Red,Red,Red,Blue,Blue,0.25,0,0,0.75,0,0,0,0,2
PRGOM,Red,Red,Red,Red,Red,Red,Blue,Red,0.125,0,0,0.875,0,0,0,0,2
YRGOM,Red,Red,Red,Red,Red,Red,Red,Red,0,0,0,1,0,0,0,0,1
CRGOM,Red,Red,Red,Red,Red,Red,Red,Blue,0.125,0,0,0.875,0,0,0,0,2
BYGOM,Blue,Blue,Blue,Red,Blue,Red,Red,Red,0.5,0,0,0.5,0,0,0,0,2
PYGOM,Blue,Blue,Blue,Red,Red,Red,Red,Blue,0.5,0,0,0.5,0,0,0,0,2
RYGOM,Red,Red,Red,Red,Red,Red,Red,Red,0,0,0,1,0,0,0,0,1
CYGOM,Blue,Blue,Blue,Red,Red,Red,Red,Red,0.375,0,0,0.625,0,0,0,0,2
BCGOM,Blue,Blue,Blue,Blue,Blue,Red,Blue,Blue,0.875,0,0,0.125,0,0,0,0,2
PCGOM,Blue,Blue,Blue,Blue,Blue,Red,Blue,Blue,0.875,0,0,0.125,0,0,0,0,2
RCGOM,Blue,Blue,Blue,Red,Red,Red,Red,Blue,0.5,0,0,0.5,0,0,0,0,2
YCGOM,Blue,Blue,Red,Red,Red,Red,Red,Red,0.25,0,0,0.75,0,0,0,0,2
PBCOM,Blue,Blue,Blue,Blue,Blue,Red,Blue,Blue,0.875,0,0,0.125,0,0,0,0,2
RBCOM,Blue,Blue,Blue,Blue,Blue,Blue,Red,Blue,0.875,0,0,0.125,0,0,0,0,2
YBCOM,Blue,Blue,Blue,Blue,Blue,Red,Blue,Blue,0.875,0,0,0.125,0,0,0,0,2
GBCOM,Blue,Blue,Blue,Red,Red,Red,Blue,Blue,0.625,0,0,0.375,0,0,0,0,2
BPCOM,Blue,Blue,Blue,Blue,Blue,Red,Blue,Blue,0.875,0,0,0.125,0,0,0,0,2
RPCOM,Blue,Blue,Blue,Blue,Blue,Blue,Red,Blue,0.875,0,0,0.125,0,0,0,0,2
YPCOM,Blue,Blue,Blue,Blue,Blue,Red,Blue,Blue,0.875,0,0,0.125,0,0,0,0,2
GPCOM,Blue,Blue,Blue,Red,Red,Red,Blue,Blue,0.625,0,0,0.375,0,0,0,0,2
BRCOM,Blue,Blue,Blue,Blue,Blue,Red,Blue,Blue,0.875,0,0,0.125,0,0,0,0,2
PRCOM,Blue,Blue,Blue,Blue,Blue,Red,Blue,Blue,0.875,0,0,0.125,0,0,0,0,2
YRCOM,Blue,Blue,Red,Red,Red,Red,Red,Red,0.25,0,0,0.75,0,0,0,0,2
GRCOM,Blue,Blue,Blue,Red,Red,Red,Red,Blue,0.5,0,0,0.5,0,0,0,0,2
BYCOM,Blue,Blue,Blue,Red,Blue,Red,Red,Red,0.5,0,0,0.5,0,0,0,0,2
PYCOM,Blue,Blue,Blue,Red,Red,Red,Red,Blue,0.5,0,0,0.5,0,0,0,0,2
RYCOM,Red,Red,Red,Red,Red,Red,Red,Red,0,0,0,1,0,0,0,0,1
GYCOM,Red,Red,Red,Red,Red,Red,Red,Red,0,0,0,1,0,0,0,0,1
BGCOM,Blue,Blue,Blue,Blue,Blue,Red,Blue,Blue,0.875,0,0,0.125,0,0,0,0,2
PGCOM,Blue,Blue,Blue,Blue,Blue,Red,Blue,Blue,0.875,0,0,0.125,0,0,0,0,2
RGCOM,Blue,Blue,Blue,Red,Red,Red,Red,Blue,0.5,0,0,0.5,0,0,0,0,2
YGCOM,Blue,Blue,Red,Red,Red,Red,Red,Red,0.25,0,0,0.75,0,0,0,0,2
RPBYM,Purple,Purple,Purple,Blue,Blue,Blue,Red,Purple,0.375,0.5,0,0.125,0,0,0,0,3
OPBYM,Blue,Purple,Blue,Blue,Blue,Blue,Red,Purple,0.625,0.25,0,0.125,0,0,0,0,3
GPBYM,Purple,Purple,Purple,Red,Red,Red,Green,Purple,0,0.5,0,0.375,0,0,0.125,0,3
CPBYM,Purple,Purple,Purple,Blue,Blue,Green,Green,Purple,0.25,0.5,0,0,0,0,0.25,0,3
PRBYM,Blue,Blue,Blue,Blue,Blue,Blue,Green,Blue,0.875,0,0,0,0,0,0.125,0,2
ORBYM,Blue,Blue,Red,Red,Blue,Red,Blue,Green,0.5,0,0,0.375,0,0,0.125,0,3
GRBYM,Green,Green,Blue,Blue,Blue,Blue,Red,Green,0.5,0,0,0.125,0,0,0.375,0,3
CRBYM,Blue,Blue,Blue,Red,Blue,Red,Red,Green,0.5,0,0,0.375,0,0,0.125,0,3
POBYM,Blue,Blue,Blue,Red,Red,Red,Green,Blue,0.5,0,0,0.375,0,0,0.125,0,3
ROBYM,Red,Red,Red,Red,Blue,Blue,Red,Green,0.25,0,0,0.625,0,0,0.125,0,3
GOBYM,Green,Green,Red,Red,Red,Red,Red,Green,0,0,0,0.625,0,0,0.375,0,2
COBYM,Blue,Blue,Blue,Red,Blue,Red,Red,Green,0.5,0,0,0.375,0,0,0.125,0,3
PGBYM,Green,Green,Green,Blue,Blue,Red,Green,Green,0.25,0,0,0.125,0,0,0.625,0,3
RGBYM,Blue,Blue,Blue,Red,Red,Red,Red,Green,0.375,0,0,0.5,0,0,0.125,0,3
OGBYM,Green,Blue,Red,Red,Red,Red,Red,Green,0.125,0,0,0.625,0,0,0.25,0,3
CGBYM,Green,Green,Green,Red,Red,Green,Green,Green,0,0,0,0.25,0,0,0.75,0,2
PCBYM,Purple,Purple,Purple,Purple,Purple,Green,Green,Purple,0,0.75,0,0,0,0,0.25,0,2
RCBYM,Purple,Purple,Purple,Red,Blue,Blue,Green,Green,0.25,0.375,0,0.125,0,0,0.25,0,4
OCBYM,Purple,Purple,Red,Red,Blue,Red,Green,Green,0.125,0.25,0,0.375,0,0,0.25,0,4
GCBYM,Green,Green,Purple,Green,Green,Green,Green,Green,0,0.125,0,0,0,0,0.875,0,2
RBPYM,Blue,Blue,Blue,Purple,Blue,Blue,Red,Purple,0.625,0.25,0,0.125,0,0,0,0,3
OBPYM,Blue,Blue,Purple,Purple,Blue,Purple,Red,Purple,0.375,0.5,0,0.125,0,0,0,0,3
GBPYM,Purple,Purple,Blue,Red,Red,Red,Purple,Purple,0.125,0.5,0,0.375,0,0,0,0,3
CBPYM,Purple,Purple,Purple,Purple,Blue,Purple,Purple,Purple,0.125,0.875,0,0,0,0,0,0,2
BRPYM,Purple,Purple,Purple,Purple,Purple,Red,Purple,Purple,0,0.875,0,0.125,0,0,0,0,2
ORPYM,Purple,Purple,Red,Red,Red,Red,Red,Purple,0,0.375,0,0.625,0,0,0,0,2
GRPYM,Purple,Purple,Purple,Red,Red,Red,Red,Purple,0,0.5,0,0.5,0,0,0,0,2
CRPYM,Purple,Purple,Purple,Red,Red,Red,Red,Purple,0,0.5,0,0.5,0,0,0,0,2
BOPYM,Blue,Purple,Purple,Red,Purple,Red,Purple,Purple,0.125,0.625,0,0.25,0,0,0,0,3
ROPYM,Red,Red,Red,Red,Red,Red,Red,Purple,0,0.125,0,0.875,0,0,0,0,2
GOPYM,Purple,Purple,Red,Red,Red,Red,Red,Purple,0,0.375,0,0.625,0,0,0,0,2
COPYM,Blue,Blue,Blue,Red,Red,Red,Red,Purple,0.375,0.125,0,0.5,0,0,0,0,3
BGPYM,Purple,Purple,Purple,Purple,Purple,Red,Purple,Purple,0,0.875,0,0.125,0,0,0,0,2
RGPYM,Purple,Purple,Purple,Red,Red,Red,Red,Purple,0,0.5,0,0.5,0,0,0,0,2
OGPYM,Purple,Purple,Red,Red,Red,Red,Red,Purple,0,0.375,0,0.625,0,0,0,0,2
CGPYM,Purple,Purple,Purple,Red,Red,Green,Green,Purple,0,0.5,0,0.25,0,0,0.25,0,3
BCPYM,Purple,Purple,Purple,Purple,Purple,Green,Purple,Purple,0,0.875,0,0,0,0,0.125,0,2
RCPYM,Purple,Purple,Purple,Red,Red,Red,Green,Purple,0,0.5,0,0.375,0,0,0.125,0,3
OCPYM,Purple,Purple,Red,Red,Red,Red,Green,Purple,0,0.375,0,0.5,0,0,0.125,0,3
GCPYM,Purple,Purple,Purple,Green,Green,Green,Green,Purple,0,0.5,0,0,0,0,0.5,0,2
PBRYM,Red,Red,Red,Red,Red,Red,Green,Red,0,0,0,0.875,0,0,0.125,0,2
OBRYM,Red,Red,Red,Red,Red,Red,Red,Green,0,0,0,0.875,0,0,0.125,0,2
GBRYM,Green,Green,Red,Red,Red,Red,Green,Green,0,0,0,0.5,0,0,0.5,0,2
CBRYM,Red,Red,Red,Red,Red,Green,Green,Green,0,0,0,0.625,0,0,0.375,0,2
BPRYM,Red,Red,Red,Red,Red,Red,Red,Red,0,0,0,1,0,0,0,0,1
OPRYM,Red,Red,Red,Red,Red,Red,Red,Red,0,0,0,1,0,0,0,0,1
GPRYM,Red,Red,Red,Red,Red,Red,Green,Red,0,0,0,0.875,0,0,0.125,0,2
CPRYM,Red,Red,Red,Red,Red,Green,Green,Red,0,0,0,0.75,0,0,0.25,0,2
BORYM,Red,Red,Red,Red,Red,Red,Green,Green,0,0,0,0.75,0,0,0.25,0,2
PORYM,Red,Red,Red,Red,Red,Red,Green,Red,0,0,0,0.875,0,0,0.125,0,2
GORYM,Green,Green,Red,Red,Red,Red,Red,Green,0,0,0,0.625,0,0,0.375,0,2
CORYM,Red,Red,Red,Red,Red,Red,Red,Green,0,0,0,0.875,0,0,0.125,0,2
BGRYM,Green,Green,Green,Red,Green,Red,Green,Green,0,0,0,0.25,0,0,0.75,0,2
PGRYM,Green,Green,Green,Red,Red,Red,Green,Green,0,0,0,0.375,0,0,0.625,0,2
OGRYM,Green,Red,Red,Red,Red,Red,Red,Green,0,0,0,0.75,0,0,0.25,0,2
CGRYM,Green,Green,Green,Red,Red,Red,Red,Green,0,0,0,0.5,0,0,0.5,0,2
BCRYM,Red,Red,Red,Red,Red,Red,Green,Green,0,0,0,0.75,0,0,0.25,0,2
PCRYM,Red,Red,Red,Red,Red,Red,Green,Red,0,0,0,0.875,0,0,0.125,0,2
OCRYM,Red,Red,Red,Red,Red,Red,Red,Green,0,0,0,0.875,0,0,0.125,0,2
GCRYM,Green,Green,Red,Red,Red,Red,Red,Green,0,0,0,0.625,0,0,0.375,0,2
PBOYM,Blue,Red,Blue,Red,Red,Red,Green,Blue,0.375,0,0,0.5,0,0,0.125,0,3
RBOYM,Red,Red,Red,Red,Red,Red,Red,Green,0,0,0,0.875,0,0,0.125,0,2
GBOYM,Green,Green,Red,Red,Red,Red,Green,Green,0,0,0,0.5,0,0,0.5,0,2
CBOYM,Blue,Blue,Blue,Red,Red,Green,Green,Green,0.375,0,0,0.25,0,0,0.375,0,3
BPOYM,Blue,Red,Red,Blue,Red,Red,Blue,Blue,0.5,0,0,0.5,0,0,0,0,2
RPOYM,Blue,Blue,Blue,Red,Red,Red,Red,Blue,0.5,0,0,0.5,0,0,0,0,2
GPOYM,Blue,Blue,Blue,Red,Red,Red,Green,Blue,0.5,0,0,0.375,0,0,0.125,0,3
CPOYM,Blue,Blue,Blue,Red,Red,Green,Green,Blue,0.5,0,0,0.25,0,0,0.25,0,3
BROYM,Red,Red,Red,Red,Red,Red,Green,Green,0,0,0,0.75,0,0,0.25,0,2
PROYM,Red,Red,Red,Red,Red,Red,Green,Red,0,0,0,0.875,0,0,0.125,0,2
GROYM,Green,Green,Red,Red,Red,Red,Red,Green,0,0,0,0.625,0,0,0.375,0,2
CROYM,Red,Red,Red,Red,Red,Red,Red,Green,0,0,0,0.875,0,0,0.125,0,2
BGOYM,Green,Green,Green,Red,Green,Red,Green,Green,0,0,0,0.25,0,0,0.75,0,2
PGOYM,Green,Green,Green,Red,Red,Red,Green,Green,0,0,0,0.375,0,0,0.625,0,2
RGOYM,Red,Red,Red,Red,Red,Red,Red,Green,0,0,0,0.875,0,0,0.125,0,2
CGOYM,Green,Green,Green,Red,Red,Red,Red,Green,0,0,0,0.5,0,0,0.5,0,2
BCOYM,Blue,Blue,Blue,Blue,Blue,Red,Green,Green,0.625,0,0,0.125,0,0,0.25,0,3
PCOYM,Blue,Blue,Blue,Blue,Blue,Red,Green,Blue,0.75,0,0,0.125,0,0,0.125,0,3
RCOYM,Blue,Blue,Blue,Red,Red,Red,Red,Green,0.375,0,0,0.5,0,0,0.125,0,3
GCOYM,Green,Green,Blue,Red,Red,Red,Red,Green,0.125,0,0,0.5,0,0,0.375,0,3
PBGYM,Green,Green,Green,Green,Green,Red,Green,Green,0,0,0,0.125,0,0,0.875,0,2
RBGYM,Green,Green,Green,Red,Green,Green,Red,Green,0,0,0,0.25,0,0,0.75,0,2
OBGYM,Green,Green,Red,Red,Green,Red,Red,Green,0,0,0,0.5,0,0,0.5,0,2
CBGYM,Green,Green,Green,Red,Green,Green,Green,Green,0,0,0,0.125,0,0,0.875,0,2
BPGYM,Green,Green,Green,Green,Green,Red,Green,Green,0,0,0,0.125,0,0,0.875,0,2
RPGYM,Green,Green,Green,Red,Red,Red,Red,Green,0,0,0,0.5,0,0,0.5,0,2
OPGYM,Green,Green,Red,Red,Red,Red,Red,Green,0,0,0,0.625,0,0,0.375,0,2
CPGYM,Green,Green,Green,Red,Red,Green,Green,Green,0,0,0,0.25,0,0,0.75,0,2
BRGYM,Red,Red,Red,Red,Red,Red,Green,Green,0,0,0,0.75,0,0,0.25,0,2
PRGYM,Red,Red,Red,Red,Red,Red,Green,Red,0,0,0,0.875,0,0,0.125,0,2
ORGYM,Red,Red,Red,Red,Red,Red,Red,Green,0,0,0,0.875,0,0,0.125,0,2
CRGYM,Red,Red,Red,Red,Red,Red,Red,Green,0,0,0,0.875,0,0,0.125,0,2
BOGYM,Green,Red,Red,Red,Red,Red,Green,Green,0,0,0,0.625,0,0,0.375,0,2
POGYM,Green,Red,Green,Red,Red,Red,Green,Green,0,0,0,0.5,0,0,0.5,0,2
ROGYM,Red,Red,Red,Red,Red,Red,Red,Green,0,0,0,0.875,0,0,0.125,0,2
COGYM,Green,Green,Green,Red,Red,Red,Red,Green,0,0,0,0.5,0,0,0.5,0,2
BCGYM,Green,Green,Green,Green,Green,Green,Green,Green,0,0,0,0,0,0,1,0,1
PCGYM,Green,Green,Green,Green,Green,Green,Green,Green,0,0,0,0,0,0,1,0,1
RCGYM,Green,Green,Green,Red,Red,Red,Green,Green,0,0,0,0.375,0,0,0.625,0,2
OCGYM,Green,Green,Red,Red,Red,Red,Green,Green,0,0,0,0.5,0,0,0.5,0,2
PBCYM,Purple,Purple,Purple,Purple,Purple,Green,Green,Purple,0,0.75,0,0,0,0,0.25,0,2
RBCYM,Purple,Purple,Purple,Purple,Purple,Purple,Green,Green,0,0.75,0,0,0,0,0.25,0,2
OBCYM,Purple,Purple,Purple,Purple,Purple,Purple,Green,Green,0,0.75,0,0,0,0,0.25,0,2
GBCYM,Green,Green,Purple,Green,Green,Green,Green,Green,0,0.125,0,0,0,0,0.875,0,2
BPCYM,Purple,Purple,Purple,Purple,Purple,Green,Purple,Purple,0,0.875,0,0,0,0,0.125,0,2
RPCYM,Purple,Purple,Purple,Purple,Purple,Purple,Green,Purple,0,0.875,0,0,0,0,0.125,0,2
OPCYM,Purple,Purple,Purple,Purple,Purple,Purple,Green,Purple,0,0.875,0,0,0,0,0.125,0,2
GPCYM,Purple,Purple,Purple,Green,Green,Green,Green,Purple,0,0.5,0,0,0,0,0.5,0,2
BRCYM,Purple,Purple,Purple,Purple,Purple,Red,Green,Green,0,0.625,0,0.125,0,0,0.25,0,3
PRCYM,Purple,Purple,Purple,Purple,Purple,Red,Green,Purple,0,0.75,0,0.125,0,0,0.125,0,3
ORCYM,Purple,Purple,Red,Red,Red,Red,Red,Green,0,0.25,0,0.625,0,0,0.125,0,3
GRCYM,Green,Green,Purple,Red,Red,Red,Green,Green,0,0.125,0,0.375,0,0,0.5,0,3
BOCYM,Purple,Purple,Purple,Red,Purple,Red,Green,Green,0,0.5,0,0.25,0,0,0.25,0,3
POCYM,Purple,Purple,Purple,Red,Red,Red,Green,Purple,0,0.5,0,0.375,0,0,0.125,0,3
ROCYM,Red,Red,Red,Red,Red,Red,Red,Green,0,0,0,0.875,0,0,0.125,0,2
GOCYM,Green,Green,Red,Red,Red,Red,Green,Green,0,0,0,0.5,0,0,0.5,0,2
BGCYM,Green,Green,Green,Purple,Green,Green,Green,Green,0,0.125,0,0,0,0,0.875,0,2
PGCYM,Green,Green,Green,Purple,Purple,Green,Green,Green,0,0.25,0,0,0,0,0.75,0,2
RGCYM,Purple,Purple,Purple,Green,Green,Green,Green,Green,0,0.375,0,0,0,0,0.625,0,2
OGCYM,Green,Purple,Green,Green,Green,Green,Green,Green,0,0.125,0,0,0,0,0.875,0,2
RPBGM,Blue,Blue,Blue,Blue,Blue,Blue,Red,Blue,0.875,0,0,0.125,0,0,0,0,2
OPBGM,Blue,Blue,Blue,Blue,Blue,Blue,Red,Blue,0.875,0,0,0.125,0,0,0,0,2
YPBGM,Blue,Blue,Blue,Blue,Blue,Red,Blue,Blue,0.875,0,0,0.125,0,0,0,0,2
CPBGM,Blue,Blue,Blue,Blue,Blue,Blue,Blue,Blue,1,0,0,0,0,0,0,0,1
PRBGM,Blue,Blue,Blue,Blue,Blue,Blue,Blue,Blue,1,0,0,0,0,0,0,0,1
ORBGM,Blue,Blue,Magenta,Magenta,Blue,Magenta,Blue,Blue,0.625,0,0.375,0,0,0,0,0,2
YRBGM,Blue,Blue,Magenta,Blue,Magenta,Blue,Red,Red,0.5,0,0.25,0.25,0,0,0,0,3
CRBGM,Blue,Blue,Blue,Magenta,Blue,Red,Red,Blue,0.625,0,0.125,0.25,0,0,0,0,3
POBGM,Blue,Blue,Blue,Magenta,Magenta,Magenta,Blue,Blue,0.625,0,0.375,0,0,0,0,0,2
ROBGM,Magenta,Magenta,Magenta,Magenta,Blue,Blue,Magenta,Blue,0.375,0,0.625,0,0,0,0,0,2
YOBGM,Blue,Blue,Magenta,Blue,Magenta,Magenta,Red,Red,0.375,0,0.375,0.25,0,0,0,0,3
COBGM,Blue,Blue,Blue,Magenta,Blue,Red,Red,Blue,0.625,0,0.125,0.25,0,0,0,0,3
PYBGM,Blue,Blue,Blue,Magenta,Magenta,Red,Blue,Blue,0.625,0,0.25,0.125,0,0,0,0,3
RYBGM,Magenta,Magenta,Magenta,Blue,Magenta,Magenta,Red,Blue,0.25,0,0.625,0.125,0,0,0,0,3
OYBGM,Blue,Magenta,Blue,Blue,Magenta,Blue,Red,Blue,0.625,0,0.25,0.125,0,0,0,0,3
CYBGM,Blue,Blue,Blue,Blue,Magenta,Blue,Blue,Blue,0.875,0,0.125,0,0,0,0,0,2
PCBGM,Blue,Blue,Blue,Blue,Blue,Blue,Blue,Blue,1,0,0,0,0,0,0,0,1
RCBGM,Blue,Blue,Blue,Magenta,Blue,Blue,Blue,Blue,0.875,0,0.125,0,0,0,0,0,2
OCBGM,Blue,Blue,Magenta,Magenta,Blue,Magenta,Blue,Blue,0.625,0,0.375,0,0,0,0,0,2
YCBGM,Blue,Blue,Magenta,Blue,Magenta,Blue,Blue,Blue,0.75,0,0.25,0,0,0,0,0,2
RBPGM,Blue,Blue,Blue,Blue,Blue,Blue,Red,Blue,0.875,0,0,0.125,0,0,0,0,2
OBPGM,Blue,Blue,Blue,Blue,Blue,Blue,Red,Blue,0.875,0,0,0.125,0,0,0,0,2
YBPGM,Blue,Blue,Blue,Blue,Blue,Red,Blue,Blue,0.875,0,0,0.125,0,0,0,0,2
CBPGM,Blue,Blue,Blue,Blue,Blue,Blue,Blue,Blue,1,0,0,0,0,0,0,0,1
BRPGM,Blue,Blue,Blue,Blue,Blue,Magenta,Blue,Blue,0.875,0,0.125,0,0,0,0,0,2
ORPGM,Blue,Blue,Magenta,Magenta,Magenta,Magenta,Magenta,Blue,0.375,0,0.625,0,0,0,0,0,2
YRPGM,Blue,Blue,Magenta,Magenta,Magenta,Magenta,Red,Red,0.25,0,0.5,0.25,0,0,0,0,3
CRPGM,Blue,Blue,Blue,Magenta,Magenta,Red,Red,Blue,0.5,0,0.25,0.25,0,0,0,0,3
BOPGM,Blue,Blue,Blue,Magenta,Blue,Magenta,Blue,Blue,0.75,0,0.25,0,0,0,0,0,2
ROPGM,Magenta,Magenta,Magenta,Magenta,Magenta,Magenta,Magenta,Blue,0.125,0,0.875,0,0,0,0,0,2
YOPGM,Blue,Blue,Magenta,Magenta,Magenta,Magenta,Red,Red,0.25,0,0.5,0.25,0,0,0,0,3
COPGM,Blue,Blue,Blue,Magenta,Magenta,Red,Red,Blue,0.5,0,0.25,0.25,0,0,0,0,3
BYPGM,Blue,Blue,Blue,Magenta,Blue,Red,Blue,Blue,0.75,0,0.125,0.125,0,0,0,0,3
RYPGM,Magenta,Magenta,Magenta,Magenta,Magenta,Magenta,Red,Blue,0.125,0,0.75,0.125,0,0,0,0,3
OYPGM,Blue,Magenta,Magenta,Magenta,Magenta,Magenta,Red,Blue,0.25,0,0.625,0.125,0,0,0,0,3
CYPGM,Blue,Blue,Blue,Magenta,Magenta,Blue,Blue,Blue,0.75,0,0.25,0,0,0,0,0,2
BCPGM,Blue,Blue,Blue,Blue,Blue,Blue,Blue,Blue,1,0,0,0,0,0,0,0,1
RCPGM,Blue,Blue,Blue,Magenta,Magenta,Magenta,Blue,Blue,0.625,0,0.375,0,0,0,0,0,2
OCPGM,Blue,Blue,Magenta,Magenta,Magenta,Magenta,Blue,Blue,0.5,0,0.5,0,0,0,0,0,2
YCPGM,Blue,Blue,Magenta,Magenta,Magenta,Blue,Blue,Blue,0.625,0,0.375,0,0,0,0,0,2
PBRGM,Magenta,Magenta,Magenta,Magenta,Magenta,Red,Blue,Magenta,0.125,0,0.75,0.125,0,0,0,0,3
OBRGM,Magenta,Magenta,Magenta,Magenta,Magenta,Magenta,Red,Blue,0.125,0,0.75,0.125,0,0,0,0,3
YBRGM,Magenta,Magenta,Magenta,Magenta,Magenta,Red,Blue,Blue,0.25,0,0.625,0.125,0,0,0,0,3
CBRGM,Magenta,Magenta,Magenta,Magenta,Magenta,Blue,Blue,Blue,0.375,0,0.625,0,0,0,0,0,2
BPRGM,Magenta,Magenta,Magenta,Magenta,Magenta,Red,Magenta,Magenta,0,0,0.875,0.125,0,0,0,0,2
OPRGM,Magenta,Magenta,Magenta,Magenta,Magenta,Magenta,Red,Magenta,0,0,0.875,0.125,0,0,0,0,2
YPRGM,Magenta,Magenta,Magenta,Magenta,Magenta,Red,Blue,Blue,0.25,0,0.625,0.125,0,0,0,0,3
CPRGM,Magenta,Magenta,Magenta,Magenta,Magenta,Blue,Blue,Magenta,0.25,0,0.75,0,0,0,0,0,2
BORGM,Magenta,Magenta,Magenta,Red,Magenta,Red,Blue,Blue,0.25,0,0.5,0.25,0,0,0,0,3
PORGM,Magenta,Magenta,Magenta,Red,Red,Red,Blue,Magenta,0.125,0,0.5,0.375,0,0,0,0,3
YORGM,Magenta,Magenta,Red,Red,Red,Red,Red,Red,0,0,0.25,0.75,0,0,0,0,2
CORGM,Magenta,Magenta,Magenta,Red,Red,Red,Red,Blue,0.125,0,0.375,0.5,0,0,0,0,3
BYRGM,Magenta,Magenta,Magenta,Red,Magenta,Red,Red,Red,0,0,0.5,0.5,0,0,0,0,2
PYRGM,Magenta,Magenta,Magenta,Red,Red,Red,Red,Magenta,0,0,0.5,0.5,0,0,0,0,2
OYRGM,Magenta,Red,Red,Red,Red,Red,Red,Red,0,0,0.125,0.875,0,0,0,0,2
CYRGM,Magenta,Magenta,Magenta,Red,Red,Red,Red,Red,0,0,0.375,0.625,0,0,0,0,2
BCRGM,Magenta,Magenta,Magenta,Magenta,Magenta,Red,Blue,Blue,0.25,0,0.625,0.125,0,0,0,0,3
PCRGM,Magenta,Magenta,Magenta,Magenta,Magenta,Red,Blue,Magenta,0.125,0,0.75,0.125,0,0,0,0,3
OCRGM,Magenta,Magenta,Red,Red,Red,Red,Red,Blue,0.125,0,0.25,0.625,0,0,0,0,3
YCRGM,Magenta,Magenta,Red,Red,Red,Red,Red,Red,0,0,0.25,0.75,0,0,0,0,2
PBOGM,Blue,Magenta,Blue,Magenta,Magenta,Red,Blue,Blue,0.5,0,0.375,0.125,0,0,0,0,3
RBOGM,Magenta,Magenta,Magenta,Red,Magenta,Magenta,Red,Blue,0.125,0,0.625,0.25,0,0,0,0,3
YBOGM,Blue,Magenta,Red,Magenta,Red,Red,Blue,Blue,0.375,0,0.25,0.375,0,0,0,0,3
CBOGM,Blue,Blue,Blue,Red,Magenta,Blue,Blue,Blue,0.75,0,0.125,0.125,0,0,0,0,3
BPOGM,Blue,Magenta,Magenta,Blue,Magenta,Red,Blue,Blue,0.5,0,0.375,0.125,0,0,0,0,3
RPOGM,Blue,Blue,Blue,Red,Red,Red,Red,Blue,0.5,0,0,0.5,0,0,0,0,2
YPOGM,Blue,Magenta,Red,Red,Red,Red,Blue,Blue,0.375,0,0.125,0.5,0,0,0,0,3
CPOGM,Blue,Blue,Blue,Red,Red,Blue,Blue,Blue,0.75,0,0,0.25,0,0,0,0,2
BROGM,Red,Red,Red,Red,Red,Red,Blue,Blue,0.25,0,0,0.75,0,0,0,0,2
PROGM,Red,Red,Red,Red,Red,Red,Blue,Red,0.125,0,0,0.875,0,0,0,0,2
YROGM,Red,Red,Red,Red,Red,Red,Red,Red,0,0,0,1,0,0,0,0,1
CROGM,Red,Red,Red,Red,Red,Red,Red,Blue,0.125,0,0,0.875,0,0,0,0,2
BYOGM,Blue,Magenta,Magenta,Red,Magenta,Red,Red,Red,0.125,0,0.375,0.5,0,0,0,0,3
PYOGM,Blue,Magenta,Blue,Red,Red,Red,Red,Blue,0.375,0,0.125,0.5,0,0,0,0,3
RYOGM,Red,Red,Red,Red,Red,Red,Red,Red,0,0,0,1,0,0,0,0,1
CYOGM,Blue,Blue,Blue,Red,Red,Red,Red,Red,0.375,0,0,0.625,0,0,0,0,2
BCOGM,Blue,Blue,Blue,Blue,Blue,Red,Blue,Blue,0.875,0,0,0.125,0,0,0,0,2
PCOGM,Blue,Blue,Blue,Blue,Blue,Red,Blue,Blue,0.875,0,0,0.125,0,0,0,0,2
RCOGM,Blue,Blue,Blue,Red,Red,Red,Red,Blue,0.5,0,0,0.5,0,0,0,0,2
YCOGM,Blue,Blue,Red,Red,Red,Red,Red,Red,0.25,0,0,0.75,0,0,0,0,2
PBYGM,Blue,Blue,Blue,Blue,Blue,Red,Green,Blue,0.75,0,0,0.125,0,0,0.125,0,3
RBYGM,Blue,Blue,Blue,Red,Blue,Blue,Red,Green,0.625,0,0,0.25,0,0,0.125,0,3
OBYGM,Blue,Blue,Red,Red,Blue,Red,Red,Green,0.375,0,0,0.5,0,0,0.125,0,3
CBYGM,Blue,Blue,Blue,Red,Blue,Green,Green,Green,0.5,0,0,0.125,0,0,0.375,0,3
BPYGM,Blue,Blue,Blue,Blue,Blue,Red,Blue,Blue,0.875,0,0,0.125,0,0,0,0,2
RPYGM,Blue,Blue,Blue,Red,Red,Red,Red,Blue,0.5,0,0,0.5,0,0,0,0,2
OPYGM,Blue,Blue,Red,Red,Red,Red,Red,Blue,0.375,0,0,0.625,0,0,0,0,2
CPYGM,Blue,Blue,Blue,Red,Red,Green,Green,Blue,0.5,0,0,0.25,0,0,0.25,0,3
BRYGM,Red,Red,Red,Red,Red,Red,Green,Green,0,0,0,0.75,0,0,0.25,0,2
PRYGM,Red,Red,Red,Red,Red,Red,Green,Red,0,0,0,0.875,0,0,0.125,0,2
ORYGM,Red,Red,Red,Red,Red,Red,Red,Green,0,0,0,0.875,0,0,0.125,0,2
CRYGM,Red,Red,Red,Red,Red,Red,Red,Green,0,0,0,0.875,0,0,0.125,0,2
BOYGM,Blue,Red,Red,Red,Red,Red,Green,Green,0.125,0,0,0.625,0,0,0.25,0,3
POYGM,Blue,Red,Blue,Red,Red,Red,Green,Blue,0.375,0,0,0.5,0,0,0.125,0,3
ROYGM,Red,Red,Red,Red,Red,Red,Red,Green,0,0,0,0.875,0,0,0.125,0,2
COYGM,Blue,Blue,Blue,Red,Red,Red,Red,Green,0.375,0,0,0.5,0,0,0.125,0,3
BCYGM,Blue,Blue,Blue,Blue,Blue,Green,Green,Green,0.625,0,0,0,0,0,0.375,0,2
PCYGM,Blue,Blue,Blue,Blue,Blue,Green,Green,Blue,0.75,0,0,0,0,0,0.25,0,2
RCYGM,Blue,Blue,Blue,Red,Red,Red,Green,Green,0.375,0,0,0.375,0,0,0.25,0,3
OCYGM,Blue,Blue,Red,Red,Red,Red,Green,Green,0.25,0,0,0.5,0,0,0.25,0,3
PBCGM,Blue,Blue,Blue,Blue,Blue,Green,Blue,Blue,0.875,0,0,0,0,0,0.125,0,2
RBCGM,Blue,Blue,Blue,Blue,Blue,Blue,Green,Blue,0.875,0,0,0,0,0,0.125,0,2
OBCGM,Blue,Blue,Blue,Blue,Blue,Blue,Green,Blue,0.875,0,0,0,0,0,0.125,0,2
YBCGM,Blue,Blue,Blue,Blue,Blue,Green,Blue,Blue,0.875,0,0,0,0,0,0.125,0,2
BPCGM,Blue,Blue,Blue,Blue,Blue,Green,Blue,Blue,0.875,0,0,0,0,0,0.125,0,2
RPCGM,Blue,Blue,Blue,Blue,Blue,Blue,Green,Blue,0.875,0,0,0,0,0,0.125,0,2
OPCGM,Blue,Blue,Blue,Blue,Blue,Blue,Green,Blue,0.875,0,0,0,0,0,0.125,0,2
YPCGM,Blue,Blue,Blue,Blue,Blue,Green,Blue,Blue,0.875,0,0,0,0,0,0.125,0,2
BRCGM,Blue,Blue,Blue,Blue,Blue,Red,Blue,Blue,0.875,0,0,0.125,0,0,0,0,2
PRCGM,Blue,Blue,Blue,Blue,Blue,Red,Blue,Blue,0.875,0,0,0.125,0,0,0,0,2
ORCGM,Blue,Blue,Red,Red,Red,Red,Red,Blue,0.375,0,0,0.625,0,0,0,0,2
YRCGM,Blue,Blue,Red,Red,Red,Red,Green,Green,0.25,0,0,0.5,0,0,0.25,0,3
BOCGM,Blue,Blue,Blue,Red,Blue,Red,Blue,Blue,0.75,0,0,0.25,0,0,0,0,2
POCGM,Blue,Blue,Blue,Red,Red,Red,Blue,Blue,0.625,0,0,0.375,0,0,0,0,2
ROCGM,Red,Red,Red,Red,Red,Red,Red,Blue,0.125,0,0,0.875,0,0,0,0,2
YOCGM,Blue,Blue,Red,Red,Red,Red,Green,Green,0.25,0,0,0.5,0,0,0.25,0,3
BYCGM,Blue,Blue,Blue,Red,Blue,Green,Green,Green,0.5,0,0,0.125,0,0,0.375,0,3
PYCGM,Blue,Blue,Blue,Red,Red,Green,Green,Blue,0.5,0,0,0.25,0,0,0.25,0,3
RYCGM,Red,Red,Red,Red,Red,Red,Green,Green,0,0,0,0.75,0,0,0.25,0,2
OYCGM,Blue,Red,Red,Red,Red,Red,Green,Green,0.125,0,0,0.625,0,0,0.25,0,3
RPBCM,Purple,Purple,Purple,Purple,Purple,Purple,Green,Purple,0,0.875,0,0,0,0,0.125,0,2
OPBCM,Purple,Purple,Purple,Purple,Purple,Purple,Green,Purple,0,0.875,0,0,0,0,0.125,0,2
YPBCM,Purple,Purple,Purple,Purple,Purple,Green,Blue,Blue,0.25,0.625,0,0,0,0,0.125,0,3
GPBCM,Purple,Purple,Purple,Green,Green,Green,Blue,Purple,0.125,0.5,0,0,0,0,0.375,0,3
PRBCM,Purple,Purple,Purple,Purple,Purple,Purple,Blue,Purple,0.125,0.875,0,0,0,0,0,0,2
ORBCM,Purple,Purple,Purple,Purple,Purple,Purple,Purple,Blue,0.125,0.875,0,0,0,0,0,0,2
YRBCM,Purple,Purple,Purple,Purple,Purple,Purple,Green,Green,0,0.75,0,0,0,0,0.25,0,2
GRBCM,Blue,Blue,Purple,Purple,Purple,Purple,Green,Blue,0.375,0.5,0,0,0,0,0.125,0,3
POBCM,Purple,Purple,Purple,Purple,Purple,Purple,Blue,Purple,0.125,0.875,0,0,0,0,0,0,2
ROBCM,Purple,Purple,Purple,Purple,Purple,Purple,Purple,Blue,0.125,0.875,0,0,0,0,0,0,2
YOBCM,Purple,Purple,Purple,Purple,Purple,Purple,Green,Green,0,0.75,0,0,0,0,0.25,0,2
GOBCM,Blue,Blue,Purple,Purple,Purple,Purple,Green,Blue,0.375,0.5,0,0,0,0,0.125,0,3
PYBCM,Purple,Purple,Purple,Purple,Purple,Green,Blue,Purple,0.125,0.75,0,0,0,0,0.125,0,3
RYBCM,Purple,Purple,Purple,Purple,Purple,Purple,Green,Blue,0.125,0.75,0,0,0,0,0.125,0,3
OYBCM,Purple,Purple,Purple,Purple,Purple,Purple,Green,Blue,0.125,0.75,0,0,0,0,0.125,0,3
GYBCM,Blue,Blue,Purple,Green,Green,Green,Blue,Blue,0.5,0.125,0,0,0,0,0.375,0,3
PGBCM,Blue,Blue,Blue,Purple,Purple,Green,Blue,Blue,0.625,0.25,0,0,0,0,0.125,0,3
RGBCM,Purple,Purple,Purple,Green,Green,Green,Green,Blue,0.125,0.375,0,0,0,0,0.5,0,3
OGBCM,Blue,Purple,Green,Green,Green,Green,Green,Blue,0.25,0.125,0,0,0,0,0.625,0,3
YGBCM,Blue,Blue,Green,Green,Green,Green,Blue,Blue,0.5,0,0,0,0,0,0.5,0,2
RBPCM,Purple,Purple,Purple,Purple,Purple,Purple,Green,Purple,0,0.875,0,0,0,0,0.125,0,2
OBPCM,Purple,Purple,Purple,Purple,Purple,Purple,Green,Purple,0,0.875,0,0,0,0,0.125,0,2
YBPCM,Purple,Purple,Purple,Purple,Purple,Green,Purple,Purple,0,0.875,0,0,0,0,0.125,0,2
GBPCM,Purple,Purple,Purple,Green,Green,Green,Purple,Purple,0,0.625,0,0,0,0,0.375,0,2
BRPCM,Purple,Purple,Purple,Purple,Purple,Purple,Purple,Purple,0,1,0,0,0,0,0,0,1
ORPCM,Purple,Purple,Purple,Purple,Purple,Purple,Purple,Purple,0,1,0,0,0,0,0,0,1
YRPCM,Purple,Purple,Purple,Purple,Purple,Purple,Green,Green,0,0.75,0,0,0,0,0.25,0,2
GRPCM,Purple,Purple,Purple,Purple,Purple,Purple,Green,Purple,0,0.875,0,0,0,0,0.125,0,2
BOPCM,Purple,Purple,Purple,Purple,Purple,Purple,Purple,Purple,0,1,0,0,0,0,0,0,1
ROPCM,Purple,Purple,Purple,Purple,Purple,Purple,Purple,Purple,0,1,0,0,0,0,0,0,1
YOPCM,Purple,Purple,Purple,Purple,Purple,Purple,Green,Green,0,0.75,0,0,0,0,0.25,0,2
GOPCM,Purple,Purple,Purple,Purple,Purple,Purple,Green,Purple,0,0.875,0,0,0,0,0.125,0,2
BYPCM,Purple,Purple,Purple,Purple,Purple,Green,Blue,Blue,0.25,0.625,0,0,0,0,0.125,0,3
RYPCM,Purple,Purple,Purple,Purple,Purple,Purple,Green,Blue,0.125,0.75,0,0,0,0,0.125,0,3
OYPCM,Purple,Purple,Purple,Purple,Purple,Purple,Green,Blue,0.125,0.75,0,0,0,0,0.125,0,3
GYPCM,Blue,Blue,Purple,Green,Green,Green,Blue,Blue,0.5,0.125,0,0,0,0,0.375,0,3
BGPCM,Purple,Purple,Purple,Purple,Purple,Green,Purple,Purple,0,0.875,0,0,0,0,0.125,0,2
RGPCM,Purple,Purple,Purple,Green,Green,Green,Green,Purple,0,0.5,0,0,0,0,0.5,0,2
OGPCM,Purple,Purple,Green,Green,Green,Green,Green,Purple,0,0.375,0,0,0,0,0.625,0,2
YGPCM,Purple,Purple,Green,Green,Green,Green,Blue,Blue,0.25,0.25,0,0,0,0,0.5,0,3
PBRCM,Purple,Purple,Purple,Purple,Purple,Red,Blue,Purple,0.125,0.75,0,0.125,0,0,0,0,3
OBRCM,Purple,Purple,Purple,Purple,Purple,Purple,Red,Blue,0.125,0.75,0,0.125,0,0,0,0,3
YBRCM,Purple,Purple,Purple,Purple,Purple,Red,Blue,Blue,0.25,0.625,0,0.125,0,0,0,0,3
GBRCM,Blue,Blue,Purple,Red,Red,Red,Blue,Blue,0.5,0.125,0,0.375,0,0,0,0,3
BPRCM,Purple,Purple,Purple,Purple,Purple,Red,Purple,Purple,0,0.875,0,0.125,0,0,0,0,2
OPRCM,Purple,Purple,Purple,Purple,Purple,Purple,Red,Purple,0,0.875,0,0.125,0,0,0,0,2
YPRCM,Purple,Purple,Purple,Purple,Purple,Red,Blue,Blue,0.25,0.625,0,0.125,0,0,0,0,3
GPRCM,Purple,Purple,Purple,Red,Red,Red,Blue,Purple,0.125,0.5,0,0.375,0,0,0,0,3
BORCM,Purple,Purple,Purple,Red,Purple,Red,Blue,Blue,0.25,0.5,0,0.25,0,0,0,0,3
PORCM,Purple,Purple,Purple,Red,Red,Red,Blue,Purple,0.125,0.5,0,0.375,0,0,0,0,3
YORCM,Purple,Purple,Red,Red,Red,Red,Red,Red,0,0.25,0,0.75,0,0,0,0,2
GORCM,Blue,Blue,Red,Red,Red,Red,Red,Blue,0.375,0,0,0.625,0,0,0,0,2
BYRCM,Purple,Purple,Purple,Red,Purple,Red,Green,Green,0,0.5,0,0.25,0,0,0.25,0,3
PYRCM,Purple,Purple,Purple,Red,Red,Red,Green,Purple,0,0.5,0,0.375,0,0,0.125,0,3
OYRCM,Purple,Red,Red,Red,Red,Red,Red,Green,0,0.125,0,0.75,0,0,0.125,0,3
GYRCM,Green,Green,Red,Red,Red,Red,Green,Green,0,0,0,0.5,0,0,0.5,0,2
BGRCM,Blue,Blue,Blue,Purple,Blue,Red,Blue,Blue,0.75,0.125,0,0.125,0,0,0,0,3
PGRCM,Blue,Blue,Blue,Purple,Purple,Red,Blue,Blue,0.625,0.25,0,0.125,0,0,0,0,3
OGRCM,Blue,Purple,Red,Red,Red,Red,Red,Blue,0.25,0.125,0,0.625,0,0,0,0,3
YGRCM,Blue,Blue,Red,Red,Red,Red,Green,Green,0.25,0,0,0.5,0,0,0.25,0,3
PBOCM,Purple,Purple,Purple,Purple,Purple,Red,Blue,Purple,0.125,0.75,0,0.125,0,0,0,0,3
RBOCM,Purple,Purple,Purple,Red,Purple,Purple,Red,Blue,0.125,0.625,0,0.25,0,0,0,0,3
YBOCM,Purple,Purple,Red,Purple,Red,Red,Blue,Blue,0.25,0.375,0,0.375,0,0,0,0,3
GBOCM,Blue,Blue,Purple,Red,Red,Red,Blue,Blue,0.5,0.125,0,0.375,0,0,0,0,3
BPOCM,Purple,Purple,Purple,Purple,Purple,Red,Purple,Purple,0,0.875,0,0.125,0,0,0,0,2
RPOCM,Purple,Purple,Purple,Red,Red,Red,Red,Purple,0,0.5,0,0.5,0,0,0,0,2
YPOCM,Purple,Purple,Red,Red,Red,Red,Blue,Blue,0.25,0.25,0,0.5,0,0,0,0,3
GPOCM,Purple,Purple,Purple,Red,Red,Red,Blue,Purple,0.125,0.5,0,0.375,0,0,0,0,3
BROCM,Red,Red,Red,Red,Red,Red,Blue,Blue,0.25,0,0,0.75,0,0,0,0,2
PROCM,Red,Red,Red,Red,Red,Red,Blue,Red,0.125,0,0,0.875,0,0,0,0,2
YROCM,Red,Red,Red,Red,Red,Red,Red,Red,0,0,0,1,0,0,0,0,1
GROCM,Blue,Blue,Red,Red,Red,Red,Red,Blue,0.375,0,0,0.625,0,0,0,0,2
BYOCM,Purple,Purple,Purple,Red,Purple,Red,Green,Green,0,0.5,0,0.25,0,0,0.25,0,3
PYOCM,Purple,Purple,Purple,Red,Red,Red,Green,Purple,0,0.5,0,0.375,0,0,0.125,0,3
RYOCM,Red,Red,Red,Red,Red,Red,Red,Green,0,0,0,0.875,0,0,0.125,0,2
GYOCM,Green,Green,Red,Red,Red,Red,Green,Green,0,0,0,0.5,0,0,0.5,0,2
BGOCM,Blue,Blue,Blue,Red,Blue,Red,Blue,Blue,0.75,0,0,0.25,0,0,0,0,2
PGOCM,Blue,Blue,Blue,Red,Red,Red,Blue,Blue,0.625,0,0,0.375,0,0,0,0,2
RGOCM,Red,Red,Red,Red,Red,Red,Red,Blue,0.125,0,0,0.875,0,0,0,0,2
YGOCM,Blue,Blue,Red,Red,Red,Red,Green,Green,0.25,0,0,0.5,0,0,0.25,0,3
PBYCM,Purple,Purple,Purple,Purple,Purple,Green,Green,Purple,0,0.75,0,0,0,0,0.25,0,2
RBYCM,Purple,Purple,Purple,Red,Purple,Purple,Green,Green,0,0.625,0,0.125,0,0,0.25,0,3
OBYCM,Purple,Purple,Red,Red,Purple,Red,Green,Green,0,0.375,0,0.375,0,0,0.25,0,3
GBYCM,Green,Green,Purple,Green,Green,Green,Green,Green,0,0.125,0,0,0,0,0.875,0,2
BPYCM,Purple,Purple,Purple,Purple,Purple,Green,Purple,Purple,0,0.875,0,0,0,0,0.125,0,2
RPYCM,Purple,Purple,Purple,Red,Red,Red,Green,Purple,0,0.5,0,0.375,0,0,0.125,0,3
OPYCM,Purple,Purple,Red,Red,Red,Red,Green,Purple,0,0.375,0,0.5,0,0,0.125,0,3
GPYCM,Purple,Purple,Purple,Green,Green,Green,Green,Purple,0,0.5,0,0,0,0,0.5,0,2
BRYCM,Red,Red,Red,Red,Red,Red,Green,Green,0,0,0,0.75,0,0,0.25,0,2
PRYCM,Red,Red,Red,Red,Red,Red,Green,Red,0,0,0,0.875,0,0,0.125,0,2
ORYCM,Red,Red,Red,Red,Red,Red,Red,Green,0,0,0,0.875,0,0,0.125,0,2
GRYCM,Green,Green,Red,Red,Red,Red,Green,Green,0,0,0,0.5,0,0,0.5,0,2
BOYCM,Purple,Red,Red,Red,Red,Red,Green,Green,0,0.125,0,0.625,0,0,0.25,0,3
POYCM,Purple,Red,Purple,Red,Red,Red,Green,Purple,0,0.375,0,0.5,0,0,0.125,0,3
ROYCM,Red,Red,Red,Red,Red,Red,Red,Green,0,0,0,0.875,0,0,0.125,0,2
GOYCM,Green,Green,Red,Red,Red,Red,Green,Green,0,0,0,0.5,0,0,0.5,0,2
BGYCM,Green,Green,Green,Red,Green,Green,Green,Green,0,0,0,0.125,0,0,0.875,0,2
PGYCM,Green,Green,Green,Red,Red,Green,Green,Green,0,0,0,0.25,0,0,0.75,0,2
RGYCM,Red,Red,Red,Green,Green,Green,Green,Green,0,0,0,0.375,0,0,0.625,0,2
OGYCM,Green,Red,Green,Green,Green,Green,Green,Green,0,0,0,0.125,0,0,0.875,0,2
PBGCM,Blue,Blue,Blue,Blue,Blue,Green,Blue,Blue,0.875,0,0,0,0,0,0.125,0,2
RBGCM,Blue,Blue,Blue,Purple,Blue,Blue,Green,Blue,0.75,0.125,0,0,0,0,0.125,0,3
OBGCM,Blue,Blue,Purple,Purple,Blue,Purple,Green,Blue,0.5,0.375,0,0,0,0,0.125,0,3
YBGCM,Blue,Blue,Purple,Blue,Purple,Green,Blue,Blue,0.625,0.25,0,0,0,0,0.125,0,3
BPGCM,Blue,Blue,Blue,Blue,Blue,Green,Blue,Blue,0.875,0,0,0,0,0,0.125,0,2
RPGCM,Blue,Blue,Blue,Purple,Purple,Purple,Green,Blue,0.5,0.375,0,0,0,0,0.125,0,3
OPGCM,Blue,Blue,Purple,Purple,Purple,Purple,Green,Blue,0.375,0.5,0,0,0,0,0.125,0,3
YPGCM,Blue,Blue,Purple,Purple,Purple,Green,Blue,Blue,0.5,0.375,0,0,0,0,0.125,0,3
BRGCM,Purple,Purple,Purple,Purple,Purple,Green,Blue,Blue,0.25,0.625,0,0,0,0,0.125,0,3
PRGCM,Purple,Purple,Purple,Purple,Purple,Green,Blue,Purple,0.125,0.75,0,0,0,0,0.125,0,3
ORGCM,Purple,Purple,Green,Green,Green,Green,Green,Blue,0.125,0.25,0,0,0,0,0.625,0,3
YRGCM,Purple,Purple,Green,Green,Green,Green,Green,Green,0,0.25,0,0,0,0,0.75,0,2
BOGCM,Blue,Purple,Purple,Green,Purple,Green,Blue,Blue,0.375,0.375,0,0,0,0,0.25,0,3
POGCM,Blue,Purple,Blue,Green,Green,Green,Blue,Blue,0.5,0.125,0,0,0,0,0.375,0,3
ROGCM,Green,Green,Green,Green,Green,Green,Green,Blue,0.125,0,0,0,0,0,0.875,0,2
YOGCM,Blue,Purple,Green,Green,Green,Green,Green,Green,0.125,0.125,0,0,0,0,0.75,0,3
BYGCM,Blue,Blue,Blue,Green,Blue,Green,Green,Green,0.5,0,0,0,0,0,0.5,0,2
PYGCM,Blue,Blue,Blue,Green,Green,Green,Green,Blue,0.5,0,0,0,0,0,0.5,0,2
RYGCM,Green,Green,Green,Green,Green,Green,Green,Green,0,0,0,0,0,0,1,0,1
OYGCM,Blue,Green,Green,Green,Green,Green,Green,Green,0.125,0,0,0,0,0,0.875,0,2
OMPBR,Magenta,Magenta,Magenta,Magenta,Magenta,Magenta,Magenta,Magenta,0,0,1,0,0,0,0,0,1
YMPBR,Magenta,Magenta,Magenta,Magenta,Magenta,Magenta,Cyan,Cyan,0,0,0.75,0,0,0,0,0.25,2
GMPBR,Magenta,Magenta,Magenta,Magenta,Magenta,Magenta,Cyan,Magenta,0,0,0.875,0,0,0,0,0.125,2
CMPBR,Magenta,Magenta,Magenta,Magenta,Magenta,Cyan,Cyan,Magenta,0,0,0.75,0,0,0,0,0.25,2
MOPBR,Magenta,Magenta,Magenta,Magenta,Magenta,Magenta,Orange,Magenta,0,0,0.875,0,0.125,0,0,0,2
YOPBR,Magenta,Magenta,Magenta,Magenta,Magenta,Magenta,Orange,Orange,0,0,0.75,0,0.25,0,0,0,2
GOPBR,Magenta,Magenta,Magenta,Magenta,Magenta,Magenta,Orange,Magenta,0,0,0.875,0,0.125,0,0,0,2
COPBR,Magenta,Magenta,Magenta,Magenta,Magenta,Orange,Orange,Magenta,0,0,0.75,0,0.25,0,0,0,2
MYPBR,Magenta,Magenta,Magenta,Magenta,Magenta,Magenta,Cyan,Magenta,0,0,0.875,0,0,0,0,0.125,2
OYPBR,Magenta,Magenta,Magenta,Magenta,Magenta,Magenta,Orange,Cyan,0,0,0.75,0,0.125,0,0,0.125,3
GYPBR,Cyan,Cyan,Magenta,Orange,Orange,Orange,Cyan,Cyan,0,0,0.125,0,0.375,0,0,0.5,3
CYPBR,Magenta,Magenta,Magenta,Magenta,Magenta,Cyan,Cyan,Cyan,0,0,0.625,0,0,0,0,0.375,2
MGPBR,Magenta,Magenta,Magenta,Orange,Orange,Orange,Cyan,Magenta,0,0,0.5,0,0.375,0,0,0.125,3
OGPBR,Magenta,Magenta,Orange,Orange,Orange,Orange,Orange,Magenta,0,0,0.375,0,0.625,0,0,0,2
YGPBR,Magenta,Magenta,Orange,Orange,Orange,Orange,Cyan,Cyan,0,0,0.25,0,0.5,0,0,0.25,3
CGPBR,Magenta,Magenta,Magenta,Orange,Orange,Cyan,Cyan,Magenta,0,0,0.5,0,0.25,0,0,0.25,3
MCPBR,Magenta,Magenta,Magenta,Magenta,Magenta,Magenta,Cyan,Magenta,0,0,0.875,0,0,0,0,0.125,2
OCPBR,Magenta,Magenta,Magenta,Magenta,Magenta,Magenta,Cyan,Magenta,0,0,0.875,0,0,0,0,0.125,2
YCPBR,Magenta,Magenta,Magenta,Magenta,Magenta,Cyan,Cyan,Cyan,0,0,0.625,0,0,0,0,0.375,2
GCPBR,Magenta,Magenta,Magenta,Cyan,Cyan,Cyan,Cyan,Magenta,0,0,0.5,0,0,0,0,0.5,2
OPMBR,Magenta,Magenta,Magenta,Magenta,Magenta,Magenta,Magenta,Magenta,0,0,1,0,0,0,0,0,1
YPMBR,Magenta,Magenta,Magenta,Magenta,Magenta,Magenta,Magenta,Magenta,0,0,1,0,0,0,0,0,1
GPMBR,Magenta,Magenta,Magenta,Magenta,Magenta,Magenta,Magenta,Magenta,0,0,1,0,0,0,0,0,1
CPMBR,Magenta,Magenta,Magenta,Magenta,Magenta,Magenta,Magenta,Magenta,0,0,1,0,0,0,0,0,1
POMBR,Magenta,Magenta,Magenta,Magenta,Magenta,Magenta,Magenta,Magenta,0,0,1,0,0,0,0,0,1
YOMBR,Magenta,Magenta,Magenta,Magenta,Magenta,Magenta,Magenta,Magenta,0,0,1,0,0,0,0,0,1
GOMBR,Magenta,Magenta,Magenta,Magenta,Magenta,Magenta,Magenta,Magenta,0,0,1,0,0,0,0,0,1
COMBR,Magenta,Magenta,Magenta,Magenta,Magenta,Magenta,Magenta,Magenta,0,0,1,0,0,0,0,0,1
PYMBR,Magenta,Magenta,Magenta,Magenta,Magenta,Magenta,Cyan,Magenta,0,0,0.875,0,0,0,0,0.125,2
OYMBR,Magenta,Magenta,Magenta,Magenta,Magenta,Magenta,Magenta,Cyan,0,0,0.875,0,0,0,0,0.125,2
GYMBR,Cyan,Cyan,Magenta,Magenta,Magenta,Magenta,Cyan,Cyan,0,0,0.5,0,0,0,0,0.5,2
CYMBR,Magenta,Magenta,Magenta,Magenta,Magenta,Cyan,Cyan,Cyan,0,0,0.625,0,0,0,0,0.375,2
PGMBR,Magenta,Magenta,Magenta,Magenta,Magenta,Magenta,Magenta,Magenta,0,0,1,0,0,0,0,0,1
OGMBR,Magenta,Magenta,Magenta,Magenta,Magenta,Magenta,Magenta,Magenta,0,0,1,0,0,0,0,0,1
YGMBR,Magenta,Magenta,Magenta,Magenta,Magenta,Magenta,Cyan,Cyan,0,0,0.75,0,0,0,0,0.25,2
CGMBR,Magenta,Magenta,Magenta,Magenta,Magenta,Cyan,Cyan,Magenta,0,0,0.75,0,0,0,0,0.25,2
PCMBR,Magenta,Magenta,Magenta,Magenta,Magenta,Cyan,Magenta,Magenta,0,0,0.875,0,0,0,0,0.125,2
OCMBR,Magenta,Magenta,Magenta,Magenta,Magenta,Magenta,Cyan,Magenta,0,0,0.875,0,0,0,0,0.125,2
YCMBR,Magenta,Magenta,Magenta,Magenta,Magenta,Cyan,Cyan,Cyan,0,0,0.625,0,0,0,0,0.375,2
GCMBR,Magenta,Magenta,Magenta,Cyan,Cyan,Cyan,Cyan,Magenta,0,0,0.5,0,0,0,0,0.5,2
MPOBR,Magenta,Magenta,Magenta,Magenta,Magenta,Magenta,Cyan,Magenta,0,0,0.875,0,0,0,0,0.125,2
YPOBR,Magenta,Magenta,Magenta,Magenta,Magenta,Magenta,Cyan,Cyan,0,0,0.75,0,0,0,0,0.25,2
GPOBR,Magenta,Magenta,Magenta,Magenta,Magenta,Magenta,Cyan,Magenta,0,0,0.875,0,0,0,0,0.125,2
CPOBR,Magenta,Magenta,Magenta,Magenta,Magenta,Cyan,Cyan,Magenta,0,0,0.75,0,0,0,0,0.25,2
PMOBR,Magenta,Magenta,Magenta,Magenta,Magenta,Magenta,Magenta,Magenta,0,0,1,0,0,0,0,0,1
YMOBR,Magenta,Magenta,Magenta,Magenta,Magenta,Magenta,Orange,Orange,0,0,0.75,0,0.25,0,0,0,2
GMOBR,Magenta,Magenta,Magenta,Magenta,Magenta,Magenta,Orange,Magenta,0,0,0.875,0,0.125,0,0,0,2
CMOBR,Magenta,Magenta,Magenta,Magenta,Magenta,Orange,Orange,Magenta,0,0,0.75,0,0.25,0,0,0,2
PYOBR,Magenta,Magenta,Magenta,Magenta,Magenta,Magenta,Orange,Magenta,0,0,0.875,0,0.125,0,0,0,2
MYOBR,Magenta,Magenta,Magenta,Magenta,Magenta,Magenta,Orange,Magenta,0,0,0.875,0,0.125,0,0,0,2
GYOBR,Orange,Orange,Magenta,Magenta,Magenta,Magenta,Orange,Orange,0,0,0.5,0,0.5,0,0,0,2
CYOBR,Magenta,Magenta,Magenta,Magenta,Magenta,Orange,Orange,Orange,0,0,0.625,0,0.375,0,0,0,2
PGOBR,Cyan,Cyan,Cyan,Magenta,Magenta,Magenta,Cyan,Cyan,0,0,0.375,0,0,0,0,0.625,2
MGOBR,Cyan,Cyan,Magenta,Magenta,Magenta,Magenta,Orange,Cyan,0,0,0.5,0,0.125,0,0,0.375,3
YGOBR,Cyan,Cyan,Magenta,Magenta,Magenta,Magenta,Orange,Orange,0,0,0.5,0,0.25,0,0,0.25,3
CGOBR,Cyan,Cyan,Cyan,Magenta,Magenta,Orange,Orange,Cyan,0,0,0.25,0,0.25,0,0,0.5,3
PCOBR,Magenta,Magenta,Magenta,Magenta,Magenta,Orange,Cyan,Magenta,0,0,0.75,0,0.125,0,0,0.125,3
MCOBR,Magenta,Magenta,Magenta,Magenta,Magenta,Magenta,Orange,Magenta,0,0,0.875,0,0.125,0,0,0,2
YCOBR,Magenta,Magenta,Magenta,Magenta,Magenta,Orange,Orange,Orange,0,0,0.625,0,0.375,0,0,0,2
GCOBR,Cyan,Cyan,Magenta,Orange,Orange,Orange,Orange,Cyan,0,0,0.125,0,0.5,0,0,0.375,3
MPYBR,Magenta,Magenta,Magenta,Magenta,Magenta,Magenta,Cyan,Magenta,0,0,0.875,0,0,0,0,0.125,2
OPYBR,Magenta,Magenta,Magenta,Magenta,Magenta,Magenta,Orange,Magenta,0,0,0.875,0,0.125,0,0,0,2
GPYBR,Magenta,Magenta,Magenta,Orange,Orange,Orange,Cyan,Magenta,0,0,0.5,0,0.375,0,0,0.125,3
CPYBR,Magenta,Magenta,Magenta,Magenta,Magenta,Cyan,Cyan,Magenta,0,0,0.75,0,0,0,0,0.25,2
PMYBR,Magenta,Magenta,Magenta,Magenta,Magenta,Magenta,Magenta,Magenta,0,0,1,0,0,0,0,0,1
OMYBR,Magenta,Magenta,Magenta,Magenta,Magenta,Magenta,Magenta,Magenta,0,0,1,0,0,0,0,0,1
GMYBR,Magenta,Magenta,Magenta,Magenta,Magenta,Magenta,Cyan,Magenta,0,0,0.875,0,0,0,0,0.125,2
CMYBR,Magenta,Magenta,Magenta,Magenta,Magenta,Cyan,Cyan,Magenta,0,0,0.75,0,0,0,0,0.25,2
POYBR,Magenta,Magenta,Magenta,Magenta,Magenta,Magenta,Cyan,Magenta,0,0,0.875,0,0,0,0,0.125,2
MOYBR,Magenta,Magenta,Magenta,Magenta,Magenta,Magenta,Orange,Magenta,0,0,0.875,0,0.125,0,0,0,2
GOYBR,Cyan,Cyan,Magenta,Magenta,Magenta,Magenta,Orange,Cyan,0,0,0.5,0,0.125,0,0,0.375,3
COYBR,Magenta,Magenta,Magenta,Magenta,Magenta,Orange,Orange,Cyan,0,0,0.625,0,0.25,0,0,0.125,3
PGYBR,Cyan,Cyan,Cyan,Magenta,Magenta,Orange,Cyan,Cyan,0,0,0.25,0,0.125,0,0,0.625,3
MGYBR,Cyan,Cyan,Magenta,Orange,Orange,Orange,Cyan,Cyan,0,0,0.125,0,0.375,0,0,0.5,3
OGYBR,Cyan,Magenta,Orange,Orange,Orange,Orange,Orange,Cyan,0,0,0.125,0,0.625,0,0,0.25,3
CGYBR,Cyan,Cyan,Cyan,Orange,Orange,Cyan,Cyan,Cyan,0,0,0,0,0.25,0,0,0.75,2
PCYBR,Magenta,Magenta,Magenta,Magenta,Magenta,Cyan,Cyan,Magenta,0,0,0.75,0,0,0,0,0.25,2
MCYBR,Magenta,Magenta,Magenta,Magenta,Magenta,Magenta,Cyan,Magenta,0,0,0.875,0,0,0,0,0.125,2
OCYBR,Magenta,Magenta,Magenta,Magenta,Magenta,Magenta,Cyan,Cyan,0,0,0.75,0,0,0,0,0.25,2
GCYBR,Cyan,Cyan,Magenta,Cyan,Cyan,Cyan,Cyan,Cyan,0,0,0.125,0,0,0,0,0.875,2
MPGBR,Cyan,Cyan,Cyan,Magenta,Magenta,Magenta,Cyan,Cyan,0,0,0.375,0,0,0,0,0.625,2
OPGBR,Cyan,Cyan,Magenta,Magenta,Magenta,Magenta,Orange,Cyan,0,0,0.5,0,0.125,0,0,0.375,3
YPGBR,Cyan,Cyan,Magenta,Magenta,Magenta,Orange,Cyan,Cyan,0,0,0.375,0,0.125,0,0,0.5,3
CPGBR,Cyan,Cyan,Cyan,Magenta,Magenta,Cyan,Cyan,Cyan,0,0,0.25,0,0,0,0,0.75,2
PMGBR,Cyan,Cyan,Cyan,Magenta,Magenta,Orange,Cyan,Cyan,0,0,0.25,0,0.125,0,0,0.625,3
OMGBR,Cyan,Magenta,Orange,Orange,Orange,Orange,Orange,Cyan,0,0,0.125,0,0.625,0,0,0.25,3
YMGBR,Cyan,Cyan,Orange,Orange,Orange,Orange,Cyan,Cyan,0,0,0,0,0.5,0,0,0.5,2
CMGBR,Cyan,Cyan,Cyan,Orange,Orange,Cyan,Cyan,Cyan,0,0,0,0,0.25,0,0,0.75,2
POGBR,Cyan,Magenta,Cyan,Orange,Orange,Orange,Cyan,Cyan,0,0,0.125,0,0.375,0,0,0.5,3
MOGBR,Magenta,Cyan,Orange,Orange,Orange,Orange,Orange,Cyan,0,0,0.125,0,0.625,0,0,0.25,3
YOGBR,Cyan,Magenta,Orange,Orange,Orange,Orange,Orange,Orange,0,0,0.125,0,0.75,0,0,0.125,3
COGBR,Cyan,Cyan,Cyan,Orange,Orange,Orange,Orange,Cyan,0,0,0,0,0.5,0,0,0.5,2
PYGBR,Cyan,Cyan,Cyan,Orange,Orange,Orange,Cyan,Cyan,0,0,0,0,0.375,0,0,0.625,2
MYGBR,Cyan,Cyan,Orange,Orange,Orange,Orange,Cyan,Cyan,0,0,0,0,0.5,0,0,0.5,2
OYGBR,Cyan,Orange,Orange,Orange,Orange,Orange,Orange,Cyan,0,0,0,0,0.75,0,0,0.25,2
CYGBR,Cyan,Cyan,Cyan,Orange,Orange,Cyan,Cyan,Cyan,0,0,0,0,0.25,0,0,0.75,2
PCGBR,Cyan,Cyan,Cyan,Cyan,Cyan,Cyan,Cyan,Cyan,0,0,0,0,0,0,0,1,1
MCGBR,Cyan,Cyan,Cyan,Orange,Orange,Orange,Cyan,Cyan,0,0,0,0,0.375,0,0,0.625,2
OCGBR,Cyan,Cyan,Orange,Orange,Orange,Orange,Cyan,Cyan,0,0,0,0,0.5,0,0,0.5,2
YCGBR,Cyan,Cyan,Orange,Orange,Orange,Cyan,Cyan,Cyan,0,0,0,0,0.375,0,0,0.625,2
MPCBR,Magenta,Magenta,Magenta,Magenta,Magenta,Magenta,Cyan,Magenta,0,0,0.875,0,0,0,0,0.125,2
OPCBR,Magenta,Magenta,Magenta,Magenta,Magenta,Magenta,Cyan,Magenta,0,0,0.875,0,0,0,0,0.125,2
YPCBR,Magenta,Magenta,Magenta,Magenta,Magenta,Cyan,Cyan,Cyan,0,0,0.625,0,0,0,0,0.375,2
GPCBR,Magenta,Magenta,Magenta,Cyan,Cyan,Cyan,Cyan,Magenta,0,0,0.5,0,0,0,0,0.5,2
PMCBR,Magenta,Magenta,Magenta,Magenta,Magenta,Magenta,Magenta,Magenta,0,0,1,0,0,0,0,0,1
OMCBR,Magenta,Magenta,Magenta,Magenta,Magenta,Magenta,Magenta,Magenta,0,0,1,0,0,0,0,0,1
YMCBR,Magenta,Magenta,Magenta,Magenta,Magenta,Magenta,Cyan,Cyan,0,0,0.75,0,0,0,0,0.25,2
GMCBR,Magenta,Magenta,Magenta,Magenta,Magenta,Magenta,Cyan,Magenta,0,0,0.875,0,0,0,0,0.125,2
POCBR,Magenta,Magenta,Magenta,Magenta,Magenta,Magenta,Cyan,Magenta,0,0,0.875,0,0,0,0,0.125,2
MOCBR,Magenta,Magenta,Magenta,Magenta,Magenta,Magenta,Cyan,Magenta,0,0,0.875,0,0,0,0,0.125,2
YOCBR,Magenta,Magenta,Magenta,Magenta,Magenta,Magenta,Cyan,Cyan,0,0,0.75,0,0,0,0,0.25,2
GOCBR,Cyan,Cyan,Magenta,Magenta,Magenta,Magenta,Cyan,Cyan,0,0,0.5,0,0,0,0,0.5,2
PYCBR,Magenta,Magenta,Magenta,Magenta,Magenta,Cyan,Cyan,Magenta,0,0,0.75,0,0,0,0,0.25,2
MYCBR,Magenta,Magenta,Magenta,Magenta,Magenta,Magenta,Cyan,Magenta,0,0,0.875,0,0,0,0,0.125,2
OYCBR,Magenta,Magenta,Magenta,Magenta,Magenta,Magenta,Cyan,Cyan,0,0,0.75,0,0,0,0,0.25,2
GYCBR,Cyan,Cyan,Magenta,Cyan,Cyan,Cyan,Cyan,Cyan,0,0,0.125,0,0,0,0,0.875,2
PGCBR,Cyan,Cyan,Cyan,Magenta,Magenta,Cyan,Cyan,Cyan,0,0,0.25,0,0,0,0,0.75,2
MGCBR,Cyan,Cyan,Magenta,Cyan,Cyan,Cyan,Cyan,Cyan,0,0,0.125,0,0,0,0,0.875,2
OGCBR,Cyan,Magenta,Cyan,Cyan,Cyan,Cyan,Cyan,Cyan,0,0,0.125,0,0,0,0,0.875,2
YGCBR,Cyan,Cyan,Cyan,Cyan,Cyan,Cyan,Cyan,Cyan,0,0,0,0,0,0,0,1,1
OMBPR,Magenta,Magenta,Magenta,Magenta,Magenta,Magenta,Magenta,Magenta,0,0,1,0,0,0,0,0,1
YMBPR,Magenta,Magenta,Magenta,Magenta,Magenta,Magenta,Magenta,Magenta,0,0,1,0,0,0,0,0,1
GMBPR,Magenta,Magenta,Magenta,Magenta,Magenta,Magenta,Magenta,Magenta,0,0,1,0,0,0,0,0,1
CMBPR,Magenta,Magenta,Magenta,Magenta,Magenta,Magenta,Magenta,Magenta,0,0,1,0,0,0,0,0,1
MOBPR,Magenta,Magenta,Magenta,Magenta,Magenta,Magenta,Orange,Magenta,0,0,0.875,0,0.125,0,0,0,2
YOBPR,Magenta,Magenta,Magenta,Magenta,Magenta,Magenta,Orange,Orange,0,0,0.75,0,0.25,0,0,0,2
GOBPR,Magenta,Magenta,Magenta,Magenta,Magenta,Magenta,Orange,Magenta,0,0,0.875,0,0.125,0,0,0,2
COBPR,Magenta,Magenta,Magenta,Magenta,Magenta,Orange,Orange,Magenta,0,0,0.75,0,0.25,0,0,0,2
MYBPR,Magenta,Magenta,Magenta,Magenta,Magenta,Magenta,Magenta,Magenta,0,0,1,0,0,0,0,0,1
OYBPR,Magenta,Magenta,Magenta,Magenta,Magenta,Magenta,Orange,Magenta,0,0,0.875,0,0.125,0,0,0,2
GYBPR,Magenta,Magenta,Magenta,Orange,Orange,Orange,Magenta,Magenta,0,0,0.625,0,0.375,0,0,0,2
CYBPR,Magenta,Magenta,Magenta,Magenta,Magenta,Magenta,Magenta,Magenta,0,0,1,0,0,0,0,0,1
MGBPR,Magenta,Magenta,Magenta,Orange,Orange,Orange,Magenta,Magenta,0,0,0.625,0,0.375,0,0,0,2
OGBPR,Magenta,Magenta,Orange,Orange,Orange,Orange,Orange,Magenta,0,0,0.375,0,0.625,0,0,0,2
YGBPR,Magenta,Magenta,Orange,Orange,Orange,Orange,Magenta,Magenta,0,0,0.5,0,0.5,0,0,0,2
CGBPR,Magenta,Magenta,Magenta,Orange,Orange,Magenta,Magenta,Magenta,0,0,0.75,0,0.25,0,0,0,2
MCBPR,Magenta,Magenta,Magenta,Magenta,Magenta,Magenta,Magenta,Magenta,0,0,1,0,0,0,0,0,1
OCBPR,Magenta,Magenta,Magenta,Magenta,Magenta,Magenta,Magenta,Magenta,0,0,1,0,0,0,0,0,1
YCBPR,Magenta,Magenta,Magenta,Magenta,Magenta,Magenta,Magenta,Magenta,0,0,1,0,0,0,0,0,1
GCBPR,Magenta,Magenta,Magenta,Magenta,Magenta,Magenta,Magenta,Magenta,0,0,1,0,0,0,0,0,1
OBMPR,Magenta,Magenta,Magenta,Magenta,Magenta,Magenta,Magenta,Magenta,0,0,1,0,0,0,0,0,1
YBMPR,Magenta,Magenta,Magenta,Magenta,Magenta,Magenta,Magenta,Magenta,0,0,1,0,0,0,0,0,1
GBMPR,Magenta,Magenta,Magenta,Magenta,Magenta,Magenta,Magenta,Magenta,0,0,1,0,0,0,0,0,1
CBMPR,Magenta,Magenta,Magenta,Magenta,Magenta,Magenta,Magenta,Magenta,0,0,1,0,0,0,0,0,1
BOMPR,Magenta,Magenta,Magenta,Magenta,Magenta,Magenta,Magenta,Magenta,0,0,1,0,0,0,0,0,1
YOMPR,Magenta,Magenta,Magenta,Magenta,Magenta,Magenta,Magenta,Magenta,0,0,1,0,0,0,0,0,1
GOMPR,Magenta,Magenta,Magenta,Magenta,Magenta,Magenta,Magenta,Magenta,0,0,1,0,0,0,0,0,1
COMPR,Magenta,Magenta,Magenta,Magenta,Magenta,Magenta,Magenta,Magenta,0,0,1,0,0,0,0,0,1
BYMPR,Magenta,Magenta,Magenta,Magenta,Magenta,Magenta,Cyan,Cyan,0,0,0.75,0,0,0,0,0.25,2
OYMPR,Magenta,Magenta,Magenta,Magenta,Magenta,Magenta,Magenta,Cyan,0,0,0.875,0,0,0,0,0.125,2
GYMPR,Cyan,Cyan,Magenta,Magenta,Magenta,Magenta,Cyan,Cyan,0,0,0.5,0,0,0,0,0.5,2
CYMPR,Magenta,Magenta,Magenta,Magenta,Magenta,Cyan,Cyan,Cyan,0,0,0.625,0,0,0,0,0.375,2
BGMPR,Magenta,Magenta,Magenta,Magenta,Magenta,Magenta,Magenta,Magenta,0,0,1,0,0,0,0,0,1
OGMPR,Magenta,Magenta,Magenta,Magenta,Magenta,Magenta,Magenta,Magenta,0,0,1,0,0,0,0,0,1
YGMPR,Magenta,Magenta,Magenta,Magenta,Magenta,Magenta,Cyan,Cyan,0,0,0.75,0,0,0,0,0.25,2
CGMPR,Magenta,Magenta,Magenta,Magenta,Magenta,Cyan,Cyan,Magenta,0,0,0.75,0,0,0,0,0.25,2
BCMPR,Magenta,Magenta,Magenta,Magenta,Magenta,Cyan,Magenta,Magenta,0,0,0.875,0,0,0,0,0.125,2
OCMPR,Magenta,Magenta,Magenta,Magenta,Magenta,Magenta,Cyan,Magenta,0,0,0.875,0,0,0,0,0.125,2
YCMPR,Magenta,Magenta,Magenta,Magenta,Magenta,Cyan,Cyan,Cyan,0,0,0.625,0,0,0,0,0.375,2
GCMPR,Magenta,Magenta,Magenta,Cyan,Cyan,Cyan,Cyan,Magenta,0,0,0.5,0,0,0,0,0.5,2
MBOPR,Magenta,Magenta,Magenta,Magenta,Magenta,Magenta,Magenta,Magenta,0,0,1,0,0,0,0,0,1
YBOPR,Magenta,Magenta,Magenta,Magenta,Magenta,Magenta,Magenta,Magenta,0,0,1,0,0,0,0,0,1
GBOPR,Magenta,Magenta,Magenta,Magenta,Magenta,Magenta,Magenta,Magenta,0,0,1,0,0,0,0,0,1
CBOPR,Magenta,Magenta,Magenta,Magenta,Magenta,Magenta,Magenta,Magenta,0,0,1,0,0,0,0,0,1
BMOPR,Magenta,Magenta,Magenta,Magenta,Magenta,Magenta,Magenta,Magenta,0,0,1,0,0,0,0,0,1
YMOPR,Magenta,Magenta,Magenta,Magenta,Magenta,Magenta,Orange,Orange,0,0,0.75,0,0.25,0,0,0,2
GMOPR,Magenta,Magenta,Magenta,Magenta,Magenta,Magenta,Orange,Magenta,0,0,0.875,0,0.125,0,0,0,2
CMOPR,Magenta,Magenta,Magenta,Magenta,Magenta,Orange,Orange,Magenta,0,0,0.75,0,0.25,0,0,0,2
BYOPR,Magenta,Magenta,Magenta,Magenta,Magenta,Magenta,Orange,Orange,0,0,0.75,0,0.25,0,0,0,2
MYOPR,Magenta,Magenta,Magenta,Magenta,Magenta,Magenta,Orange,Magenta,0,0,0.875,0,0.125,0,0,0,2
GYOPR,Orange,Orange,Magenta,Magenta,Magenta,Magenta,Orange,Orange,0,0,0.5,0,0.5,0,0,0,2
CYOPR,Magenta,Magenta,Magenta,Magenta,Magenta,Orange,Orange,Orange,0,0,0.625,0,0.375,0,0,0,2
BGOPR,Magenta,Magenta,Magenta,Magenta,Magenta,Magenta,Magenta,Magenta,0,0,1,0,0,0,0,0,1
MGOPR,Magenta,Magenta,Magenta,Magenta,Magenta,Magenta,Orange,Magenta,0,0,0.875,0,0.125,0,0,0,2
YGOPR,Magenta,Magenta,Magenta,Magenta,Magenta,Magenta,Orange,Orange,0,0,0.75,0,0.25,0,0,0,2
CGOPR,Magenta,Magenta,Magenta,Magenta,Magenta,Orange,Orange,Magenta,0,0,0.75,0,0.25,0,0,0,2
BCOPR,Magenta,Magenta,Magenta,Magenta,Magenta,Orange,Magenta,Magenta,0,0,0.875,0,0.125,0,0,0,2
MCOPR,Magenta,Magenta,Magenta,Magenta,Magenta,Magenta,Orange,Magenta,0,0,0.875,0,0.125,0,0,0,2
YCOPR,Magenta,Magenta,Magenta,Magenta,Magenta,Orange,Orange,Orange,0,0,0.625,0,0.375,0,0,0,2
GCOPR,Magenta,Magenta,Magenta,Orange,Orange,Orange,Orange,Magenta,0,0,0.5,0,0.5,0,0,0,2
MBYPR,Magenta,Magenta,Magenta,Magenta,Magenta,Magenta,Cyan,Magenta,0,0,0.875,0,0,0,0,0.125,2
OBYPR,Magenta,Magenta,Magenta,Magenta,Magenta,Magenta,Orange,Cyan,0,0,0.75,0,0.125,0,0,0.125,3
GBYPR,Cyan,Cyan,Magenta,Orange,Orange,Orange,Cyan,Cyan,0,0,0.125,0,0.375,0,0,0.5,3
CBYPR,Magenta,Magenta,Magenta,Magenta,Magenta,Cyan,Cyan,Cyan,0,0,0.625,0,0,0,0,0.375,2
BMYPR,Magenta,Magenta,Magenta,Magenta,Magenta,Magenta,Magenta,Magenta,0,0,1,0,0,0,0,0,1
OMYPR,Magenta,Magenta,Magenta,Magenta,Magenta,Magenta,Magenta,Magenta,0,0,1,0,0,0,0,0,1
GMYPR,Magenta,Magenta,Magenta,Magenta,Magenta,Magenta,Cyan,Magenta,0,0,0.875,0,0,0,0,0.125,2
CMYPR,Magenta,Magenta,Magenta,Magenta,Magenta,Cyan,Cyan,Magenta,0,0,0.75,0,0,0,0,0.25,2
BOYPR,Magenta,Magenta,Magenta,Magenta,Magenta,Magenta,Cyan,Cyan,0,0,0.75,0,0,0,0,0.25,2
MOYPR,Magenta,Magenta,Magenta,Magenta,Magenta,Magenta,Orange,Magenta,0,0,0.875,0,0.125,0,0,0,2
GOYPR,Cyan,Cyan,Magenta,Magenta,Magenta,Magenta,Orange,Cyan,0,0,0.5,0,0.125,0,0,0.375,3
COYPR,Magenta,Magenta,Magenta,Magenta,Magenta,Orange,Orange,Cyan,0,0,0.625,0,0.25,0,0,0.125,3
BGYPR,Cyan,Cyan,Cyan,Magenta,Cyan,Orange,Cyan,Cyan,0,0,0.125,0,0.125,0,0,0.75,3
MGYPR,Cyan,Cyan,Magenta,Orange,Orange,Orange,Cyan,Cyan,0,0,0.125,0,0.375,0,0,0.5,3
OGYPR,Cyan,Magenta,Orange,Orange,Orange,Orange,Orange,Cyan,0,0,0.125,0,0.625,0,0,0.25,3
CGYPR,Cyan,Cyan,Cyan,Orange,Orange,Cyan,Cyan,Cyan,0,0,0,0,0.25,0,0,0.75,2
BCYPR,Magenta,Magenta,Magenta,Magenta,Magenta,Cyan,Cyan,Cyan,0,0,0.625,0,0,0,0,0.375,2
MCYPR,Magenta,Magenta,Magenta,Magenta,Magenta,Magenta,Cyan,Magenta,0,0,0.875,0,0,0,0,0.125,2
OCYPR,Magenta,Magenta,Magenta,Magenta,Magenta,Magenta,Cyan,Cyan,0,0,0.75,0,0,0,0,0.25,2
GCYPR,Cyan,Cyan,Magenta,Cyan,Cyan,Cyan,Cyan,Cyan,0,0,0.125,0,0,0,0,0.875,2
MBGPR,Magenta,Magenta,Magenta,Magenta,Magenta,Magenta,Magenta,Magenta,0,0,1,0,0,0,0,0,1
OBGPR,Magenta,Magenta,Magenta,Magenta,Magenta,Magenta,Orange,Magenta,0,0,0.875,0,0.125,0,0,0,2
YBGPR,Magenta,Magenta,Magenta,Magenta,Magenta,Orange,Magenta,Magenta,0,0,0.875,0,0.125,0,0,0,2
CBGPR,Magenta,Magenta,Magenta,Magenta,Magenta,Magenta,Magenta,Magenta,0,0,1,0,0,0,0,0,1
BMGPR,Magenta,Magenta,Magenta,Magenta,Magenta,Orange,Magenta,Magenta,0,0,0.875,0,0.125,0,0,0,2
OMGPR,Magenta,Magenta,Orange,Orange,Orange,Orange,Orange,Magenta,0,0,0.375,0,0.625,0,0,0,2
YMGPR,Magenta,Magenta,Orange,Orange,Orange,Orange,Cyan,Cyan,0,0,0.25,0,0.5,0,0,0.25,3
CMGPR,Magenta,Magenta,Magenta,Orange,Orange,Cyan,Cyan,Magenta,0,0,0.5,0,0.25,0,0,0.25,3
BOGPR,Magenta,Magenta,Magenta,Orange,Magenta,Orange,Magenta,Magenta,0,0,0.75,0,0.25,0,0,0,2
MOGPR,Magenta,Magenta,Orange,Orange,Orange,Orange,Orange,Magenta,0,0,0.375,0,0.625,0,0,0,2
YOGPR,Magenta,Magenta,Orange,Orange,Orange,Orange,Orange,Orange,0,0,0.25,0,0.75,0,0,0,2
COGPR,Magenta,Magenta,Magenta,Orange,Orange,Orange,Orange,Magenta,0,0,0.5,0,0.5,0,0,0,2
BYGPR,Magenta,Magenta,Magenta,Orange,Magenta,Orange,Cyan,Cyan,0,0,0.5,0,0.25,0,0,0.25,3
MYGPR,Magenta,Magenta,Orange,Orange,Orange,Orange,Cyan,Magenta,0,0,0.375,0,0.5,0,0,0.125,3
OYGPR,Magenta,Orange,Orange,Orange,Orange,Orange,Orange,Cyan,0,0,0.125,0,0.75,0,0,0.125,3
CYGPR,Magenta,Magenta,Magenta,Orange,Orange,Cyan,Cyan,Cyan,0,0,0.375,0,0.25,0,0,0.375,3
BCGPR,Magenta,Magenta,Magenta,Magenta,Magenta,Cyan,Magenta,Magenta,0,0,0.875,0,0,0,0,0.125,2
MCGPR,Magenta,Magenta,Magenta,Orange,Orange,Orange,Cyan,Magenta,0,0,0.5,0,0.375,0,0,0.125,3
OCGPR,Magenta,Magenta,Orange,Orange,Orange,Orange,Cyan,Magenta,0,0,0.375,0,0.5,0,0,0.125,3
YCGPR,Magenta,Magenta,Orange,Orange,Orange,Cyan,Cyan,Cyan,0,0,0.25,0,0.375,0,0,0.375,3
MBCPR,Magenta,Magenta,Magenta,Magenta,Magenta,Magenta,Magenta,Magenta,0,0,1,0,0,0,0,0,1
OBCPR,Magenta,Magenta,Magenta,Magenta,Magenta,Magenta,Cyan,Magenta,0,0,0.875,0,0,0,0,0.125,2
YBCPR,Magenta,Magenta,Magenta,Magenta,Magenta,Cyan,Magenta,Magenta,0,0,0.875,0,0,0,0,0.125,2
GBCPR,Magenta,Magenta,Magenta,Cyan,Cyan,Cyan,Magenta,Magenta,0,0,0.625,0,0,0,0,0.375,2
BMCPR,Magenta,Magenta,Magenta,Magenta,Magenta,Magenta,Magenta,Magenta,0,0,1,0,0,0,0,0,1
OMCPR,Magenta,Magenta,Magenta,Magenta,Magenta,Magenta,Magenta,Magenta,0,0,1,0,0,0,0,0,1
YMCPR,Magenta,Magenta,Magenta,Magenta,Magenta,Magenta,Cyan,Cyan,0,0,0.75,0,0,0,0,0.25,2
GMCPR,Magenta,Magenta,Magenta,Magenta,Magenta,Magenta,Cyan,Magenta,0,0,0.875,0,0,0,0,0.125,2
BOCPR,Magenta,Magenta,Magenta,Magenta,Magenta,Magenta,Magenta,Magenta,0,0,1,0,0,0,0,0,1
MOCPR,Magenta,Magenta,Magenta,Magenta,Magenta,Magenta,Cyan,Magenta,0,0,0.875,0,0,0,0,0.125,2
YOCPR,Magenta,Magenta,Magenta,Magenta,Magenta,Magenta,Cyan,Cyan,0,0,0.75,0,0,0,0,0.25,2
GOCPR,Magenta,Magenta,Magenta,Magenta,Magenta,Magenta,Cyan,Magenta,0,0,0.875,0,0,0,0,0.125,2
BYCPR,Magenta,Magenta,Magenta,Magenta,Magenta,Cyan,Cyan,Cyan,0,0,0.625,0,0,0,0,0.375,2
MYCPR,Magenta,Magenta,Magenta,Magenta,Magenta,Magenta,Cyan,Magenta,0,0,0.875,0,0,0,0,0.125,2
OYCPR,Magenta,Magenta,Magenta,Magenta,Magenta,Magenta,Cyan,Cyan,0,0,0.75,0,0,0,0,0.25,2
GYCPR,Cyan,Cyan,Magenta,Cyan,Cyan,Cyan,Cyan,Cyan,0,0,0.125,0,0,0,0,0.875,2
BGCPR,Magenta,Magenta,Magenta,Magenta,Magenta,Cyan,Magenta,Magenta,0,0,0.875,0,0,0,0,0.125,2
MGCPR,Magenta,Magenta,Magenta,Cyan,Cyan,Cyan,Cyan,Magenta,0,0,0.5,0,0,0,0,0.5,2
OGCPR,Magenta,Magenta,Cyan,Cyan,Cyan,Cyan,Cyan,Magenta,0,0,0.375,0,0,0,0,0.625,2
YGCPR,Magenta,Magenta,Cyan,Cyan,Cyan,Cyan,Cyan,Cyan,0,0,0.25,0,0,0,0,0.75,2
OPBMR,Magenta,Magenta,Magenta,Magenta,Magenta,Magenta,Red,Magenta,0,0,0.875,0.125,0,0,0,0,2
YPBMR,Magenta,Magenta,Magenta,Magenta,Magenta,Red,Magenta,Magenta,0,0,0.875,0.125,0,0,0,0,2
GPBMR,Magenta,Magenta,Magenta,Red,Red,Red,Magenta,Magenta,0,0,0.625,0.375,0,0,0,0,2
CPBMR,Magenta,Magenta,Magenta,Magenta,Magenta,Magenta,Magenta,Magenta,0,0,1,0,0,0,0,0,1
POBMR,Magenta,Magenta,Magenta,Magenta,Magenta,Magenta,Magenta,Magenta,0,0,1,0,0,0,0,0,1
YOBMR,Magenta,Magenta,Magenta,Magenta,Magenta,Magenta,Red,Red,0,0,0.75,0.25,0,0,0,0,2
GOBMR,Magenta,Magenta,Magenta,Magenta,Magenta,Magenta,Red,Magenta,0,0,0.875,0.125,0,0,0,0,2
COBMR,Magenta,Magenta,Magenta,Magenta,Magenta,Red,Red,Magenta,0,0,0.75,0.25,0,0,0,0,2
PYBMR,Magenta,Magenta,Magenta,Magenta,Magenta,Red,Magenta,Magenta,0,0,0.875,0.125,0,0,0,0,2
OYBMR,Magenta,Magenta,Magenta,Magenta,Magenta,Magenta,Red,Magenta,0,0,0.875,0.125,0,0,0,0,2
GYBMR,Magenta,Magenta,Magenta,Red,Red,Red,Magenta,Magenta,0,0,0.625,0.375,0,0,0,0,2
CYBMR,Magenta,Magenta,Magenta,Magenta,Magenta,Magenta,Magenta,Magenta,0,0,1,0,0,0,0,0,1
PGBMR,Magenta,Magenta,Magenta,Magenta,Magenta,Red,Magenta,Magenta,0,0,0.875,0.125,0,0,0,0,2
OGBMR,Magenta,Magenta,Red,Red,Red,Red,Red,Magenta,0,0,0.375,0.625,0,0,0,0,2
YGBMR,Magenta,Magenta,Red,Red,Red,Red,Magenta,Magenta,0,0,0.5,0.5,0,0,0,0,2
CGBMR,Magenta,Magenta,Magenta,Red,Red,Magenta,Magenta,Magenta,0,0,0.75,0.25,0,0,0,0,2
PCBMR,Magenta,Magenta,Magenta,Magenta,Magenta,Magenta,Magenta,Magenta,0,0,1,0,0,0,0,0,1
OCBMR,Magenta,Magenta,Magenta,Magenta,Magenta,Magenta,Magenta,Magenta,0,0,1,0,0,0,0,0,1
YCBMR,Magenta,Magenta,Magenta,Magenta,Magenta,Magenta,Magenta,Magenta,0,0,1,0,0,0,0,0,1
GCBMR,Magenta,Magenta,Magenta,Magenta,Magenta,Magenta,Magenta,Magenta,0,0,1,0,0,0,0,0,1
OBPMR,Magenta,Magenta,Magenta,Magenta,Magenta,Magenta,Red,Magenta,0,0,0.875,0.125,0,0,0,0,2
YBPMR,Magenta,Magenta,Magenta,Magenta,Magenta,Red,Magenta,Magenta,0,0,0.875,0.125,0,0,0,0,2
GBPMR,Magenta,Magenta,Magenta,Red,Red,Red,Magenta,Magenta,0,0,0.625,0.375,0,0,0,0,2
CBPMR,Magenta,Magenta,Magenta,Magenta,Magenta,Magenta,Magenta,Magenta,0,0,1,0,0,0,0,0,1
BOPMR,Magenta,Magenta,Magenta,Magenta,Magenta,Magenta,Magenta,Magenta,0,0,1,0,0,0,0,0,1
YOPMR,Magenta,Magenta,Magenta,Magenta,Magenta,Magenta,Red,Red,0,0,0.75,0.25,0,0,0,0,2
GOPMR,Magenta,Magenta,Magenta,Magenta,Magenta,Magenta,Red,Magenta,0,0,0.875,0.125,0,0,0,0,2
COPMR,Magenta,Magenta,Magenta,Magenta,Magenta,Red,Red,Magenta,0,0,0.75,0.25,0,0,0,0,2
BYPMR,Magenta,Magenta,Magenta,Magenta,Magenta,Red,Magenta,Magenta,0,0,0.875,0.125,0,0,0,0,2
OYPMR,Magenta,Magenta,Magenta,Magenta,Magenta,Magenta,Red,Magenta,0,0,0.875,0.125,0,0,0,0,2
GYPMR,Magenta,Magenta,Magenta,Red,Red,Red,Magenta,Magenta,0,0,0.625,0.375,0,0,0,0,2
CYPMR,Magenta,Magenta,Magenta,Magenta,Magenta,Magenta,Magenta,Magenta,0,0,1,0,0,0,0,0,1
BGPMR,Magenta,Magenta,Magenta,Magenta,Magenta,Red,Magenta,Magenta,0,0,0.875,0.125,0,0,0,0,2
OGPMR,Magenta,Magenta,Red,Red,Red,Red,Red,Magenta,0,0,0.375,0.625,0,0,0,0,2
YGPMR,Magenta,Magenta,Red,Red,Red,Red,Magenta,Magenta,0,0,0.5,0.5,0,0,0,0,2
CGPMR,Magenta,Magenta,Magenta,Red,Red,Magenta,Magenta,Magenta,0,0,0.75,0.25,0,0,0,0,2
BCPMR,Magenta,Magenta,Magenta,Magenta,Magenta,Magenta,Magenta,Magenta,0,0,1,0,0,0,0,0,1
OCPMR,Magenta,Magenta,Magenta,Magenta,Magenta,Magenta,Magenta,Magenta,0,0,1,0,0,0,0,0,1
YCPMR,Magenta,Magenta,Magenta,Magenta,Magenta,Magenta,Magenta,Magenta,0,0,1,0,0,0,0,0,1
GCPMR,Magenta,Magenta,Magenta,Magenta,Magenta,Magenta,Magenta,Magenta,0,0,1,0,0,0,0,0,1
PBOMR,Magenta,Magenta,Magenta,Magenta,Magenta,Red,Magenta,Magenta,0,0,0.875,0.125,0,0,0,0,2
YBOMR,Magenta,Magenta,Red,Magenta,Red,Red,Magenta,Magenta,0,0,0.625,0.375,0,0,0,0,2
GBOMR,Magenta,Magenta,Magenta,Red,Red,Red,Magenta,Magenta,0,0,0.625,0.375,0,0,0,0,2
CBOMR,Magenta,Magenta,Magenta,Red,Magenta,Magenta,Magenta,Magenta,0,0,0.875,0.125,0,0,0,0,2
BPOMR,Magenta,Magenta,Magenta,Magenta,Magenta,Red,Magenta,Magenta,0,0,0.875,0.125,0,0,0,0,2
YPOMR,Magenta,Magenta,Red,Red,Red,Red,Magenta,Magenta,0,0,0.5,0.5,0,0,0,0,2
GPOMR,Magenta,Magenta,Magenta,Red,Red,Red,Magenta,Magenta,0,0,0.625,0.375,0,0,0,0,2
CPOMR,Magenta,Magenta,Magenta,Red,Red,Magenta,Magenta,Magenta,0,0,0.75,0.25,0,0,0,0,2
BYOMR,Magenta,Magenta,Magenta,Red,Magenta,Red,Red,Red,0,0,0.5,0.5,0,0,0,0,2
PYOMR,Magenta,Magenta,Magenta,Red,Red,Red,Red,Magenta,0,0,0.5,0.5,0,0,0,0,2
GYOMR,Red,Red,Red,Red,Red,Red,Red,Red,0,0,0,1,0,0,0,0,1
CYOMR,Magenta,Magenta,Magenta,Red,Red,Red,Red,Red,0,0,0.375,0.625,0,0,0,0,2
BGOMR,Magenta,Magenta,Magenta,Red,Magenta,Red,Magenta,Magenta,0,0,0.75,0.25,0,0,0,0,2
PGOMR,Magenta,Magenta,Magenta,Red,Red,Red,Magenta,Magenta,0,0,0.625,0.375,0,0,0,0,2
YGOMR,Magenta,Magenta,Red,Red,Red,Red,Red,Red,0,0,0.25,0.75,0,0,0,0,2
CGOMR,Magenta,Magenta,Magenta,Red,Red,Red,Red,Magenta,0,0,0.5,0.5,0,0,0,0,2
BCOMR,Magenta,Magenta,Magenta,Magenta,Magenta,Red,Magenta,Magenta,0,0,0.875,0.125,0,0,0,0,2
PCOMR,Magenta,Magenta,Magenta,Magenta,Magenta,Red,Magenta,Magenta,0,0,0.875,0.125,0,0,0,0,2
YCOMR,Magenta,Magenta,Red,Red,Red,Red,Red,Red,0,0,0.25,0.75,0,0,0,0,2
GCOMR,Magenta,Magenta,Magenta,Red,Red,Red,Red,Magenta,0,0,0.5,0.5,0,0,0,0,2
PBYMR,Magenta,Magenta,Magenta,Magenta,Magenta,Red,Yellow,Magenta,0,0,0.75,0.125,0,0.125,0,0,3
OBYMR,Magenta,Magenta,Red,Red,Magenta,Red,Red,Yellow,0,0,0.375,0.5,0,0.125,0,0,3
GBYMR,Yellow,Yellow,Magenta,Red,Red,Red,Yellow,Yellow,0,0,0.125,0.375,0,0.5,0,0,3
CBYMR,Magenta,Magenta,Magenta,Red,Magenta,Yellow,Yellow,Yellow,0,0,0.5,0.125,0,0.375,0,0,3
BPYMR,Magenta,Magenta,Magenta,Magenta,Magenta,Red,Magenta,Magenta,0,0,0.875,0.125,0,0,0,0,2
OPYMR,Magenta,Magenta,Red,Red,Red,Red,Red,Magenta,0,0,0.375,0.625,0,0,0,0,2
GPYMR,Magenta,Magenta,Magenta,Red,Red,Red,Yellow,Magenta,0,0,0.5,0.375,0,0.125,0,0,3
CPYMR,Magenta,Magenta,Magenta,Red,Red,Yellow,Yellow,Magenta,0,0,0.5,0.25,0,0.25,0,0,3
BOYMR,Magenta,Red,Red,Red,Red,Red,Yellow,Yellow,0,0,0.125,0.625,0,0.25,0,0,3
POYMR,Magenta,Red,Magenta,Red,Red,Red,Yellow,Magenta,0,0,0.375,0.5,0,0.125,0,0,3
GOYMR,Yellow,Yellow,Red,Red,Red,Red,Red,Yellow,0,0,0,0.625,0,0.375,0,0,2
COYMR,Magenta,Magenta,Magenta,Red,Red,Red,Red,Yellow,0,0,0.375,0.5,0,0.125,0,0,3
BGYMR,Yellow,Yellow,Yellow,Red,Yellow,Red,Yellow,Yellow,0,0,0,0.25,0,0.75,0,0,2
PGYMR,Yellow,Yellow,Yellow,Red,Red,Red,Yellow,Yellow,0,0,0,0.375,0,0.625,0,0,2
OGYMR,Yellow,Red,Red,Red,Red,Red,Red,Yellow,0,0,0,0.75,0,0.25,0,0,2
CGYMR,Yellow,Yellow,Yellow,Red,Red,Yellow,Yellow,Yellow,0,0,0,0.25,0,0.75,0,0,2
BCYMR,Magenta,Magenta,Magenta,Magenta,Magenta,Yellow,Yellow,Yellow,0,0,0.625,0,0,0.375,0,0,2
PCYMR,Magenta,Magenta,Magenta,Magenta,Magenta,Yellow,Yellow,Magenta,0,0,0.75,0,0,0.25,0,0,2
OCYMR,Magenta,Magenta,Red,Red,Red,Red,Yellow,Yellow,0,0,0.25,0.5,0,0.25,0,0,3
GCYMR,Yellow,Yellow,Magenta,Yellow,Yellow,Yellow,Yellow,Yellow,0,0,0.125,0,0,0.875,0,0,2
PBGMR,Magenta,Magenta,Magenta,Magenta,Magenta,Red,Magenta,Magenta,0,0,0.875,0.125,0,0,0,0,2
OBGMR,Magenta,Magenta,Magenta,Magenta,Magenta,Magenta,Red,Magenta,0,0,0.875,0.125,0,0,0,0,2
YBGMR,Magenta,Magenta,Magenta,Magenta,Magenta,Red,Magenta,Magenta,0,0,0.875,0.125,0,0,0,0,2
CBGMR,Magenta,Magenta,Magenta,Magenta,Magenta,Magenta,Magenta,Magenta,0,0,1,0,0,0,0,0,1
BPGMR,Magenta,Magenta,Magenta,Magenta,Magenta,Red,Magenta,Magenta,0,0,0.875,0.125,0,0,0,0,2
OPGMR,Magenta,Magenta,Magenta,Magenta,Magenta,Magenta,Red,Magenta,0,0,0.875,0.125,0,0,0,0,2
YPGMR,Magenta,Magenta,Magenta,Magenta,Magenta,Red,Magenta,Magenta,0,0,0.875,0.125,0,0,0,0,2
CPGMR,Magenta,Magenta,Magenta,Magenta,Magenta,Magenta,Magenta,Magenta,0,0,1,0,0,0,0,0,1
BOGMR,Magenta,Magenta,Magenta,Red,Magenta,Red,Magenta,Magenta,0,0,0.75,0.25,0,0,0,0,2
POGMR,Magenta,Magenta,Magenta,Red,Red,Red,Magenta,Magenta,0,0,0.625,0.375,0,0,0,0,2
YOGMR,Magenta,Magenta,Red,Red,Red,Red,Red,Red,0,0,0.25,0.75,0,0,0,0,2
COGMR,Magenta,Magenta,Magenta,Red,Red,Red,Red,Magenta,0,0,0.5,0.5,0,0,0,0,2
BYGMR,Magenta,Magenta,Magenta,Red,Magenta,Red,Yellow,Yellow,0,0,0.5,0.25,0,0.25,0,0,3
PYGMR,Magenta,Magenta,Magenta,Red,Red,Red,Yellow,Magenta,0,0,0.5,0.375,0,0.125,0,0,3
OYGMR,Magenta,Red,Red,Red,Red,Red,Red,Yellow,0,0,0.125,0.75,0,0.125,0,0,3
CYGMR,Magenta,Magenta,Magenta,Red,Red,Yellow,Yellow,Yellow,0,0,0.375,0.25,0,0.375,0,0,3
BCGMR,Magenta,Magenta,Magenta,Magenta,Magenta,Yellow,Magenta,Magenta,0,0,0.875,0,0,0.125,0,0,2
PCGMR,Magenta,Magenta,Magenta,Magenta,Magenta,Yellow,Magenta,Magenta,0,0,0.875,0,0,0.125,0,0,2
OCGMR,Magenta,Magenta,Red,Red,Red,Red,Yellow,Magenta,0,0,0.375,0.5,0,0.125,0,0,3
YCGMR,Magenta,Magenta,Red,Red,Red,Yellow,Yellow,Yellow,0,0,0.25,0.375,0,0.375,0,0,3
PBCMR,Magenta,Magenta,Magenta,Magenta,Magenta,Yellow,Magenta,Magenta,0,0,0.875,0,0,0.125,0,0,2
OBCMR,Magenta,Magenta,Magenta,Magenta,Magenta,Magenta,Yellow,Magenta,0,0,0.875,0,0,0.125,0,0,2
YBCMR,Magenta,Magenta,Magenta,Magenta,Magenta,Yellow,Magenta,Magenta,0,0,0.875,0,0,0.125,0,0,2
GBCMR,Magenta,Magenta,Magenta,Yellow,Yellow,Yellow,Magenta,Magenta,0,0,0.625,0,0,0.375,0,0,2
BPCMR,Magenta,Magenta,Magenta,Magenta,Magenta,Yellow,Magenta,Magenta,0,0,0.875,0,0,0.125,0,0,2
OPCMR,Magenta,Magenta,Magenta,Magenta,Magenta,Magenta,Yellow,Magenta,0,0,0.875,0,0,0.125,0,0,2
YPCMR,Magenta,Magenta,Magenta,Magenta,Magenta,Yellow,Magenta,Magenta,0,0,0.875,0,0,0.125,0,0,2
GPCMR,Magenta,Magenta,Magenta,Yellow,Yellow,Yellow,Magenta,Magenta,0,0,0.625,0,0,0.375,0,0,2
BOCMR,Magenta,Magenta,Magenta,Red,Magenta,Red,Magenta,Magenta,0,0,0.75,0.25,0,0,0,0,2
POCMR,Magenta,Magenta,Magenta,Red,Red,Red,Magenta,Magenta,0,0,0.625,0.375,0,0,0,0,2
YOCMR,Magenta,Magenta,Red,Red,Red,Red,Yellow,Yellow,0,0,0.25,0.5,0,0.25,0,0,3
GOCMR,Magenta,Magenta,Red,Red,Red,Red,Yellow,Magenta,0,0,0.375,0.5,0,0.125,0,0,3
BYCMR,Magenta,Magenta,Magenta,Red,Magenta,Yellow,Yellow,Yellow,0,0,0.5,0.125,0,0.375,0,0,3
PYCMR,Magenta,Magenta,Magenta,Red,Red,Yellow,Yellow,Magenta,0,0,0.5,0.25,0,0.25,0,0,3
OYCMR,Magenta,Red,Red,Red,Red,Red,Yellow,Yellow,0,0,0.125,0.625,0,0.25,0,0,3
GYCMR,Yellow,Yellow,Red,Yellow,Yellow,Yellow,Yellow,Yellow,0,0,0,0.125,0,0.875,0,0,2
BGCMR,Magenta,Magenta,Magenta,Magenta,Magenta,Yellow,Magenta,Magenta,0,0,0.875,0,0,0.125,0,0,2
PGCMR,Magenta,Magenta,Magenta,Magenta,Magenta,Yellow,Magenta,Magenta,0,0,0.875,0,0,0.125,0,0,2
OGCMR,Magenta,Magenta,Yellow,Yellow,Yellow,Yellow,Yellow,Magenta,0,0,0.375,0,0,0.625,0,0,2
YGCMR,Magenta,Magenta,Yellow,Yellow,Yellow,Yellow,Yellow,Yellow,0,0,0.25,0,0,0.75,0,0,2
MPBOR,Magenta,Magenta,Magenta,Magenta,Magenta,Magenta,Cyan,Magenta,0,0,0.875,0,0,0,0,0.125,2
YPBOR,Magenta,Magenta,Magenta,Magenta,Magenta,Red,Cyan,Cyan,0,0,0.625,0.125,0,0,0,0.25,3
GPBOR,Magenta,Magenta,Magenta,Red,Red,Red,Cyan,Magenta,0,0,0.5,0.375,0,0,0,0.125,3
CPBOR,Magenta,Magenta,Magenta,Magenta,Magenta,Cyan,Cyan,Magenta,0,0,0.75,0,0,0,0,0.25,2
PMBOR,Magenta,Magenta,Magenta,Magenta,Magenta,Red,Magenta,Magenta,0,0,0.875,0.125,0,0,0,0,2
YMBOR,Magenta,Magenta,Red,Red,Red,Red,Cyan,Cyan,0,0,0.25,0.5,0,0,0,0.25,3
GMBOR,Magenta,Magenta,Magenta,Red,Red,Red,Cyan,Magenta,0,0,0.5,0.375,0,0,0,0.125,3
CMBOR,Magenta,Magenta,Magenta,Red,Red,Cyan,Cyan,Magenta,0,0,0.5,0.25,0,0,0,0.25,3
PYBOR,Magenta,Magenta,Magenta,Red,Red,Red,Cyan,Magenta,0,0,0.5,0.375,0,0,0,0.125,3
MYBOR,Magenta,Magenta,Red,Magenta,Magenta,Magenta,Cyan,Magenta,0,0,0.75,0.125,0,0,0,0.125,3
GYBOR,Cyan,Cyan,Red,Red,Red,Red,Cyan,Cyan,0,0,0,0.5,0,0,0,0.5,2
CYBOR,Magenta,Magenta,Magenta,Magenta,Red,Cyan,Cyan,Cyan,0,0,0.5,0.125,0,0,0,0.375,3
PGBOR,Cyan,Cyan,Cyan,Magenta,Magenta,Red,Cyan,Cyan,0,0,0.25,0.125,0,0,0,0.625,3
MGBOR,Cyan,Cyan,Magenta,Red,Red,Red,Cyan,Cyan,0,0,0.125,0.375,0,0,0,0.5,3
YGBOR,Cyan,Cyan,Red,Red,Red,Red,Cyan,Cyan,0,0,0,0.5,0,0,0,0.5,2
CGBOR,Cyan,Cyan,Cyan,Red,Red,Cyan,Cyan,Cyan,0,0,0,0.25,0,0,0,0.75,2
PCBOR,Magenta,Magenta,Magenta,Magenta,Magenta,Cyan,Cyan,Magenta,0,0,0.75,0,0,0,0,0.25,2
MCBOR,Magenta,Magenta,Magenta,Red,Red,Red,Cyan,Magenta,0,0,0.5,0.375,0,0,0,0.125,3
YCBOR,Magenta,Magenta,Red,Magenta,Red,Cyan,Cyan,Cyan,0,0,0.375,0.25,0,0,0,0.375,3
GCBOR,Cyan,Cyan,Magenta,Cyan,Cyan,Cyan,Cyan,Cyan,0,0,0.125,0,0,0,0,0.875,2
MBPOR,Magenta,Magenta,Magenta,Magenta,Magenta,Magenta,Magenta,Magenta,0,0,1,0,0,0,0,0,1
YBPOR,Magenta,Magenta,Magenta,Magenta,Magenta,Red,Magenta,Magenta,0,0,0.875,0.125,0,0,0,0,2
GBPOR,Magenta,Magenta,Magenta,Red,Red,Red,Magenta,Magenta,0,0,0.625,0.375,0,0,0,0,2
CBPOR,Magenta,Magenta,Magenta,Magenta,Magenta,Magenta,Magenta,Magenta,0,0,1,0,0,0,0,0,1
BMPOR,Magenta,Magenta,Magenta,Magenta,Magenta,Red,Magenta,Magenta,0,0,0.875,0.125,0,0,0,0,2
YMPOR,Magenta,Magenta,Red,Red,Red,Red,Cyan,Cyan,0,0,0.25,0.5,0,0,0,0.25,3
GMPOR,Magenta,Magenta,Magenta,Red,Red,Red,Cyan,Magenta,0,0,0.5,0.375,0,0,0,0.125,3
CMPOR,Magenta,Magenta,Magenta,Red,Red,Cyan,Cyan,Magenta,0,0,0.5,0.25,0,0,0,0.25,3
BYPOR,Magenta,Magenta,Magenta,Red,Magenta,Red,Cyan,Cyan,0,0,0.5,0.25,0,0,0,0.25,3
MYPOR,Magenta,Magenta,Red,Red,Red,Red,Cyan,Magenta,0,0,0.375,0.5,0,0,0,0.125,3
GYPOR,Cyan,Cyan,Red,Red,Red,Red,Cyan,Cyan,0,0,0,0.5,0,0,0,0.5,2
CYPOR,Magenta,Magenta,Magenta,Red,Red,Cyan,Cyan,Cyan,0,0,0.375,0.25,0,0,0,0.375,3
BGPOR,Magenta,Magenta,Magenta,Magenta,Magenta,Red,Magenta,Magenta,0,0,0.875,0.125,0,0,0,0,2
MGPOR,Magenta,Magenta,Magenta,Red,Red,Red,Cyan,Magenta,0,0,0.5,0.375,0,0,0,0.125,3
YGPOR,Magenta,Magenta,Red,Red,Red,Red,Cyan,Cyan,0,0,0.25,0.5,0,0,0,0.25,3
CGPOR,Magenta,Magenta,Magenta,Red,Red,Cyan,Cyan,Magenta,0,0,0.5,0.25,0,0,0,0.25,3
BCPOR,Magenta,Magenta,Magenta,Magenta,Magenta,Cyan,Magenta,Magenta,0,0,0.875,0,0,0,0,0.125,2
MCPOR,Magenta,Magenta,Magenta,Red,Red,Red,Cyan,Magenta,0,0,0.5,0.375,0,0,0,0.125,3
YCPOR,Magenta,Magenta,Red,Red,Red,Cyan,Cyan,Cyan,0,0,0.25,0.375,0,0,0,0.375,3
GCPOR,Magenta,Magenta,Magenta,Cyan,Cyan,Cyan,Cyan,Magenta,0,0,0.5,0,0,0,0,0.5,2
PBMOR,Magenta,Magenta,Magenta,Magenta,Magenta,Red,Magenta,Magenta,0,0,0.875,0.125,0,0,0,0,2
YBMOR,Magenta,Magenta,Red,Magenta,Red,Red,Magenta,Magenta,0,0,0.625,0.375,0,0,0,0,2
GBMOR,Magenta,Magenta,Magenta,Red,Red,Red,Magenta,Magenta,0,0,0.625,0.375,0,0,0,0,2
CBMOR,Magenta,Magenta,Magenta,Red,Magenta,Magenta,Magenta,Magenta,0,0,0.875,0.125,0,0,0,0,2
BPMOR,Magenta,Magenta,Magenta,Magenta,Magenta,Red,Magenta,Magenta,0,0,0.875,0.125,0,0,0,0,2
YPMOR,Magenta,Magenta,Red,Red,Red,Red,Magenta,Magenta,0,0,0.5,0.5,0,0,0,0,2
GPMOR,Magenta,Magenta,Magenta,Red,Red,Red,Magenta,Magenta,0,0,0.625,0.375,0,0,0,0,2
CPMOR,Magenta,Magenta,Magenta,Red,Red,Magenta,Magenta,Magenta,0,0,0.75,0.25,0,0,0,0,2
BYMOR,Magenta,Magenta,Magenta,Red,Magenta,Red,Orange,Orange,0,0,0.5,0.25,0.25,0,0,0,3
PYMOR,Magenta,Magenta,Magenta,Red,Red,Red,Orange,Magenta,0,0,0.5,0.375,0.125,0,0,0,3
GYMOR,Orange,Orange,Red,Red,Red,Red,Orange,Orange,0,0,0,0.5,0.5,0,0,0,2
CYMOR,Magenta,Magenta,Magenta,Red,Red,Orange,Orange,Orange,0,0,0.375,0.25,0.375,0,0,0,3
BGMOR,Magenta,Magenta,Magenta,Red,Magenta,Red,Magenta,Magenta,0,0,0.75,0.25,0,0,0,0,2
PGMOR,Magenta,Magenta,Magenta,Red,Red,Red,Magenta,Magenta,0,0,0.625,0.375,0,0,0,0,2
YGMOR,Magenta,Magenta,Red,Red,Red,Red,Orange,Orange,0,0,0.25,0.5,0.25,0,0,0,3
CGMOR,Magenta,Magenta,Magenta,Red,Red,Orange,Orange,Magenta,0,0,0.5,0.25,0.25,0,0,0,3
BCMOR,Magenta,Magenta,Magenta,Magenta,Magenta,Orange,Magenta,Magenta,0,0,0.875,0,0.125,0,0,0,2
PCMOR,Magenta,Magenta,Magenta,Magenta,Magenta,Orange,Magenta,Magenta,0,0,0.875,0,0.125,0,0,0,2
YCMOR,Magenta,Magenta,Red,Red,Red,Orange,Orange,Orange,0,0,0.25,0.375,0.375,0,0,0,3
GCMOR,Magenta,Magenta,Magenta,Orange,Orange,Orange,Orange,Magenta,0,0,0.5,0,0.5,0,0,0,2
PBYOR,Magenta,Magenta,Magenta,Magenta,Magenta,Red,Orange,Magenta,0,0,0.75,0.125,0.125,0,0,0,3
MBYOR,Magenta,Magenta,Magenta,Red,Red,Red,Orange,Magenta,0,0,0.5,0.375,0.125,0,0,0,3
GBYOR,Orange,Orange,Magenta,Red,Red,Red,Orange,Orange,0,0,0.125,0.375,0.5,0,0,0,3
CBYOR,Magenta,Magenta,Magenta,Red,Magenta,Orange,Orange,Orange,0,0,0.5,0.125,0.375,0,0,0,3
BPYOR,Magenta,Magenta,Magenta,Magenta,Magenta,Red,Magenta,Magenta,0,0,0.875,0.125,0,0,0,0,2
MPYOR,Magenta,Magenta,Magenta,Red,Red,Red,Orange,Magenta,0,0,0.5,0.375,0.125,0,0,0,3
GPYOR,Magenta,Magenta,Magenta,Red,Red,Red,Orange,Magenta,0,0,0.5,0.375,0.125,0,0,0,3
CPYOR,Magenta,Magenta,Magenta,Red,Red,Orange,Orange,Magenta,0,0,0.5,0.25,0.25,0,0,0,3
BMYOR,Magenta,Magenta,Magenta,Red,Magenta,Orange,Magenta,Magenta,0,0,0.75,0.125,0.125,0,0,0,3
PMYOR,Magenta,Magenta,Magenta,Red,Red,Orange,Magenta,Magenta,0,0,0.625,0.25,0.125,0,0,0,3
GMYOR,Magenta,Magenta,Red,Orange,Orange,Orange,Orange,Magenta,0,0,0.375,0.125,0.5,0,0,0,3
CMYOR,Magenta,Magenta,Magenta,Orange,Orange,Orange,Orange,Magenta,0,0,0.5,0,0.5,0,0,0,2
BGYOR,Orange,Orange,Orange,Red,Orange,Red,Orange,Orange,0,0,0,0.25,0.75,0,0,0,2
PGYOR,Orange,Orange,Orange,Red,Red,Red,Orange,Orange,0,0,0,0.375,0.625,0,0,0,2
MGYOR,Orange,Orange,Red,Red,Red,Red,Orange,Orange,0,0,0,0.5,0.5,0,0,0,2
CGYOR,Orange,Orange,Orange,Red,Red,Orange,Orange,Orange,0,0,0,0.25,0.75,0,0,0,2
BCYOR,Magenta,Magenta,Magenta,Magenta,Magenta,Orange,Orange,Orange,0,0,0.625,0,0.375,0,0,0,2
PCYOR,Magenta,Magenta,Magenta,Magenta,Magenta,Orange,Orange,Magenta,0,0,0.75,0,0.25,0,0,0,2
MCYOR,Magenta,Magenta,Magenta,Orange,Orange,Orange,Orange,Magenta,0,0,0.5,0,0.5,0,0,0,2
GCYOR,Orange,Orange,Magenta,Orange,Orange,Orange,Orange,Orange,0,0,0.125,0,0.875,0,0,0,2
PBGOR,Cyan,Cyan,Cyan,Cyan,Cyan,Red,Cyan,Cyan,0,0,0,0.125,0,0,0,0.875,2
MBGOR,Cyan,Cyan,Cyan,Red,Red,Red,Cyan,Cyan,0,0,0,0.375,0,0,0,0.625,2
YBGOR,Cyan,Cyan,Red,Cyan,Red,Red,Cyan,Cyan,0,0,0,0.375,0,0,0,0.625,2
CBGOR,Cyan,Cyan,Cyan,Red,Cyan,Cyan,Cyan,Cyan,0,0,0,0.125,0,0,0,0.875,2
BPGOR,Cyan,Cyan,Cyan,Cyan,Cyan,Red,Cyan,Cyan,0,0,0,0.125,0,0,0,0.875,2
MPGOR,Cyan,Cyan,Cyan,Red,Red,Red,Cyan,Cyan,0,0,0,0.375,0,0,0,0.625,2
YPGOR,Cyan,Cyan,Red,Red,Red,Red,Cyan,Cyan,0,0,0,0.5,0,0,0,0.5,2
CPGOR,Cyan,Cyan,Cyan,Red,Red,Cyan,Cyan,Cyan,0,0,0,0.25,0,0,0,0.75,2
BMGOR,Cyan,Cyan,Cyan,Red,Cyan,Red,Cyan,Cyan,0,0,0,0.25,0,0,0,0.75,2
PMGOR,Cyan,Cyan,Cyan,Red,Red,Red,Cyan,Cyan,0,0,0,0.375,0,0,0,0.625,2
YMGOR,Cyan,Cyan,Red,Red,Red,Red,Orange,Orange,0,0,0,0.5,0.25,0,0,0.25,3
CMGOR,Cyan,Cyan,Cyan,Red,Red,Orange,Orange,Cyan,0,0,0,0.25,0.25,0,0,0.5,3
BYGOR,Cyan,Cyan,Cyan,Red,Cyan,Red,Orange,Orange,0,0,0,0.25,0.25,0,0,0.5,3
PYGOR,Cyan,Cyan,Cyan,Red,Red,Red,Orange,Cyan,0,0,0,0.375,0.125,0,0,0.5,3
MYGOR,Cyan,Cyan,Red,Red,Red,Red,Orange,Cyan,0,0,0,0.5,0.125,0,0,0.375,3
CYGOR,Cyan,Cyan,Cyan,Red,Red,Orange,Orange,Orange,0,0,0,0.25,0.375,0,0,0.375,3
BCGOR,Cyan,Cyan,Cyan,Cyan,Cyan,Orange,Cyan,Cyan,0,0,0,0,0.125,0,0,0.875,2
PCGOR,Cyan,Cyan,Cyan,Cyan,Cyan,Orange,Cyan,Cyan,0,0,0,0,0.125,0,0,0.875,2
MCGOR,Cyan,Cyan,Cyan,Red,Red,Red,Orange,Cyan,0,0,0,0.375,0.125,0,0,0.5,3
YCGOR,Cyan,Cyan,Red,Red,Red,Orange,Orange,Orange,0,0,0,0.375,0.375,0,0,0.25,3
PBCOR,Magenta,Magenta,Magenta,Magenta,Magenta,Orange,Cyan,Magenta,0,0,0.75,0,0.125,0,0,0.125,3
MBCOR,Magenta,Magenta,Magenta,Magenta,Magenta,Magenta,Cyan,Magenta,0,0,0.875,0,0,0,0,0.125,2
YBCOR,Magenta,Magenta,Magenta,Magenta,Magenta,Orange,Cyan,Cyan,0,0,0.625,0,0.125,0,0,0.25,3
GBCOR,Cyan,Cyan,Magenta,Orange,Orange,Orange,Cyan,Cyan,0,0,0.125,0,0.375,0,0,0.5,3
BPCOR,Magenta,Magenta,Magenta,Magenta,Magenta,Orange,Magenta,Magenta,0,0,0.875,0,0.125,0,0,0,2
MPCOR,Magenta,Magenta,Magenta,Magenta,Magenta,Magenta,Cyan,Magenta,0,0,0.875,0,0,0,0,0.125,2
YPCOR,Magenta,Magenta,Magenta,Magenta,Magenta,Orange,Cyan,Cyan,0,0,0.625,0,0.125,0,0,0.25,3
GPCOR,Magenta,Magenta,Magenta,Orange,Orange,Orange,Cyan,Magenta,0,0,0.5,0,0.375,0,0,0.125,3
BMCOR,Magenta,Magenta,Magenta,Magenta,Magenta,Red,Magenta,Magenta,0,0,0.875,0.125,0,0,0,0,2
PMCOR,Magenta,Magenta,Magenta,Magenta,Magenta,Red,Magenta,Magenta,0,0,0.875,0.125,0,0,0,0,2
YMCOR,Magenta,Magenta,Red,Red,Red,Red,Orange,Orange,0,0,0.25,0.5,0.25,0,0,0,3
GMCOR,Magenta,Magenta,Magenta,Red,Red,Red,Orange,Magenta,0,0,0.5,0.375,0.125,0,0,0,3
BYCOR,Magenta,Magenta,Magenta,Red,Magenta,Orange,Orange,Orange,0,0,0.5,0.125,0.375,0,0,0,3
PYCOR,Magenta,Magenta,Magenta,Red,Red,Orange,Orange,Magenta,0,0,0.5,0.25,0.25,0,0,0,3
MYCOR,Magenta,Magenta,Red,Orange,Orange,Orange,Orange,Magenta,0,0,0.375,0.125,0.5,0,0,0,3
GYCOR,Orange,Orange,Red,Orange,Orange,Orange,Orange,Orange,0,0,0,0.125,0.875,0,0,0,2
BGCOR,Cyan,Cyan,Cyan,Magenta,Cyan,Orange,Cyan,Cyan,0,0,0.125,0,0.125,0,0,0.75,3
PGCOR,Cyan,Cyan,Cyan,Magenta,Magenta,Orange,Cyan,Cyan,0,0,0.25,0,0.125,0,0,0.625,3
MGCOR,Cyan,Cyan,Magenta,Orange,Orange,Orange,Orange,Cyan,0,0,0.125,0,0.5,0,0,0.375,3
YGCOR,Cyan,Cyan,Orange,Orange,Orange,Orange,Orange,Orange,0,0,0,0,0.75,0,0,0.25,2
MPBYR,Magenta,Magenta,Magenta,Magenta,Magenta,Magenta,Yellow,Magenta,0,0,0.875,0,0,0.125,0,0,2
OPBYR,Magenta,Magenta,Magenta,Magenta,Magenta,Magenta,Orange,Magenta,0,0,0.875,0,0.125,0,0,0,2
GPBYR,Magenta,Magenta,Magenta,Orange,Orange,Orange,Yellow,Magenta,0,0,0.5,0,0.375,0.125,0,0,3
CPBYR,Magenta,Magenta,Magenta,Magenta,Magenta,Yellow,Yellow,Magenta,0,0,0.75,0,0,0.25,0,0,2
PMBYR,Magenta,Magenta,Magenta,Magenta,Magenta,Red,Magenta,Magenta,0,0,0.875,0.125,0,0,0,0,2
OMBYR,Magenta,Magenta,Red,Red,Red,Red,Red,Magenta,0,0,0.375,0.625,0,0,0,0,2
GMBYR,Magenta,Magenta,Magenta,Red,Red,Red,Yellow,Magenta,0,0,0.5,0.375,0,0.125,0,0,3
CMBYR,Magenta,Magenta,Magenta,Red,Red,Yellow,Yellow,Magenta,0,0,0.5,0.25,0,0.25,0,0,3
POBYR,Magenta,Magenta,Magenta,Red,Red,Red,Yellow,Magenta,0,0,0.5,0.375,0,0.125,0,0,3
MOBYR,Magenta,Magenta,Red,Red,Red,Red,Orange,Magenta,0,0,0.375,0.5,0.125,0,0,0,3
GOBYR,Yellow,Yellow,Red,Red,Red,Red,Orange,Yellow,0,0,0,0.5,0.125,0.375,0,0,3
COBYR,Magenta,Magenta,Magenta,Red,Magenta,Orange,Orange,Yellow,0,0,0.5,0.125,0.25,0.125,0,0,4
PGBYR,Yellow,Yellow,Yellow,Magenta,Magenta,Orange,Yellow,Yellow,0,0,0.25,0,0.125,0.625,0,0,3
MGBYR,Yellow,Yellow,Magenta,Orange,Orange,Orange,Yellow,Yellow,0,0,0.125,0,0.375,0.5,0,0,3
OGBYR,Yellow,Magenta,Orange,Orange,Orange,Orange,Orange,Yellow,0,0,0.125,0,0.625,0.25,0,0,3
CGBYR,Yellow,Yellow,Yellow,Orange,Orange,Yellow,Yellow,Yellow,0,0,0,0,0.25,0.75,0,0,2
PCBYR,Magenta,Magenta,Magenta,Magenta,Magenta,Yellow,Yellow,Magenta,0,0,0.75,0,0,0.25,0,0,2
MCBYR,Magenta,Magenta,Magenta,Red,Red,Red,Yellow,Magenta,0,0,0.5,0.375,0,0.125,0,0,3
OCBYR,Magenta,Magenta,Red,Red,Magenta,Red,Yellow,Yellow,0,0,0.375,0.375,0,0.25,0,0,3
GCBYR,Yellow,Yellow,Magenta,Yellow,Yellow,Yellow,Yellow,Yellow,0,0,0.125,0,0,0.875,0,0,2
MBPYR,Magenta,Magenta,Magenta,Magenta,Magenta,Magenta,Magenta,Magenta,0,0,1,0,0,0,0,0,1
OBPYR,Magenta,Magenta,Magenta,Magenta,Magenta,Magenta,Orange,Magenta,0,0,0.875,0,0.125,0,0,0,2
GBPYR,Magenta,Magenta,Magenta,Orange,Orange,Orange,Magenta,Magenta,0,0,0.625,0,0.375,0,0,0,2
CBPYR,Magenta,Magenta,Magenta,Magenta,Magenta,Magenta,Magenta,Magenta,0,0,1,0,0,0,0,0,1
BMPYR,Magenta,Magenta,Magenta,Magenta,Magenta,Red,Magenta,Magenta,0,0,0.875,0.125,0,0,0,0,2
OMPYR,Magenta,Magenta,Red,Red,Red,Red,Red,Magenta,0,0,0.375,0.625,0,0,0,0,2
GMPYR,Magenta,Magenta,Magenta,Red,Red,Red,Yellow,Magenta,0,0,0.5,0.375,0,0.125,0,0,3
CMPYR,Magenta,Magenta,Magenta,Red,Red,Yellow,Yellow,Magenta,0,0,0.5,0.25,0,0.25,0,0,3
BOPYR,Magenta,Magenta,Magenta,Red,Magenta,Red,Magenta,Magenta,0,0,0.75,0.25,0,0,0,0,2
MOPYR,Magenta,Magenta,Red,Red,Red,Red,Orange,Magenta,0,0,0.375,0.5,0.125,0,0,0,3
GOPYR,Magenta,Magenta,Red,Red,Red,Red,Orange,Magenta,0,0,0.375,0.5,0.125,0,0,0,3
COPYR,Magenta,Magenta,Magenta,Red,Red,Orange,Orange,Magenta,0,0,0.5,0.25,0.25,0,0,0,3
BGPYR,Magenta,Magenta,Magenta,Magenta,Magenta,Orange,Magenta,Magenta,0,0,0.875,0,0.125,0,0,0,2
MGPYR,Magenta,Magenta,Magenta,Orange,Orange,Orange,Yellow,Magenta,0,0,0.5,0,0.375,0.125,0,0,3
OGPYR,Magenta,Magenta,Orange,Orange,Orange,Orange,Orange,Magenta,0,0,0.375,0,0.625,0,0,0,2
CGPYR,Magenta,Magenta,Magenta,Orange,Orange,Yellow,Yellow,Magenta,0,0,0.5,0,0.25,0.25,0,0,3
BCPYR,Magenta,Magenta,Magenta,Magenta,Magenta,Yellow,Magenta,Magenta,0,0,0.875,0,0,0.125,0,0,2
MCPYR,Magenta,Magenta,Magenta,Red,Red,Red,Yellow,Magenta,0,0,0.5,0.375,0,0.125,0,0,3
OCPYR,Magenta,Magenta,Red,Red,Red,Red,Yellow,Magenta,0,0,0.375,0.5,0,0.125,0,0,3
GCPYR,Magenta,Magenta,Magenta,Yellow,Yellow,Yellow,Yellow,Magenta,0,0,0.5,0,0,0.5,0,0,2
PBMYR,Magenta,Magenta,Magenta,Magenta,Magenta,Orange,Magenta,Magenta,0,0,0.875,0,0.125,0,0,0,2
OBMYR,Magenta,Magenta,Red,Red,Magenta,Red,Orange,Magenta,0,0,0.5,0.375,0.125,0,0,0,3
GBMYR,Magenta,Magenta,Magenta,Orange,Orange,Orange,Magenta,Magenta,0,0,0.625,0,0.375,0,0,0,2
CBMYR,Magenta,Magenta,Magenta,Red,Magenta,Magenta,Magenta,Magenta,0,0,0.875,0.125,0,0,0,0,2
BPMYR,Magenta,Magenta,Magenta,Magenta,Magenta,Orange,Magenta,Magenta,0,0,0.875,0,0.125,0,0,0,2
OPMYR,Magenta,Magenta,Red,Red,Red,Red,Orange,Magenta,0,0,0.375,0.5,0.125,0,0,0,3
GPMYR,Magenta,Magenta,Magenta,Orange,Orange,Orange,Magenta,Magenta,0,0,0.625,0,0.375,0,0,0,2
CPMYR,Magenta,Magenta,Magenta,Red,Red,Magenta,Magenta,Magenta,0,0,0.75,0.25,0,0,0,0,2
BOMYR,Magenta,Red,Red,Orange,Red,Orange,Magenta,Magenta,0,0,0.375,0.375,0.25,0,0,0,3
POMYR,Magenta,Red,Magenta,Orange,Orange,Orange,Magenta,Magenta,0,0,0.5,0.125,0.375,0,0,0,3
GOMYR,Magenta,Magenta,Orange,Orange,Orange,Orange,Orange,Magenta,0,0,0.375,0,0.625,0,0,0,2
COMYR,Magenta,Magenta,Magenta,Orange,Orange,Orange,Orange,Magenta,0,0,0.5,0,0.5,0,0,0,2
BGMYR,Magenta,Magenta,Magenta,Red,Magenta,Orange,Magenta,Magenta,0,0,0.75,0.125,0.125,0,0,0,3
PGMYR,Magenta,Magenta,Magenta,Red,Red,Orange,Magenta,Magenta,0,0,0.625,0.25,0.125,0,0,0,3
OGMYR,Magenta,Red,Orange,Orange,Orange,Orange,Orange,Magenta,0,0,0.25,0.125,0.625,0,0,0,3
CGMYR,Magenta,Magenta,Magenta,Orange,Orange,Yellow,Yellow,Magenta,0,0,0.5,0,0.25,0.25,0,0,3
BCMYR,Magenta,Magenta,Magenta,Magenta,Magenta,Yellow,Magenta,Magenta,0,0,0.875,0,0,0.125,0,0,2
PCMYR,Magenta,Magenta,Magenta,Magenta,Magenta,Yellow,Magenta,Magenta,0,0,0.875,0,0,0.125,0,0,2
OCMYR,Magenta,Magenta,Orange,Orange,Orange,Orange,Yellow,Magenta,0,0,0.375,0,0.5,0.125,0,0,3
GCMYR,Magenta,Magenta,Magenta,Yellow,Yellow,Yellow,Yellow,Magenta,0,0,0.5,0,0,0.5,0,0,2
PBOYR,Magenta,Red,Magenta,Red,Red,Orange,Yellow,Magenta,0,0,0.375,0.375,0.125,0.125,0,0,4
MBOYR,Red,Magenta,Red,Orange,Orange,Orange,Yellow,Magenta,0,0,0.25,0.25,0.375,0.125,0,0,4
GBOYR,Yellow,Yellow,Red,Orange,Orange,Orange,Yellow,Yellow,0,0,0,0.125,0.375,0.5,0,0,3
CBOYR,Magenta,Magenta,Magenta,Orange,Red,Yellow,Yellow,Yellow,0,0,0.375,0.125,0.125,0.375,0,0,4
BPOYR,Magenta,Red,Red,Magenta,Red,Orange,Magenta,Magenta,0,0,0.5,0.375,0.125,0,0,0,3
MPOYR,Red,Magenta,Magenta,Orange,Orange,Orange,Yellow,Magenta,0,0,0.375,0.125,0.375,0.125,0,0,4
GPOYR,Magenta,Magenta,Magenta,Orange,Orange,Orange,Yellow,Magenta,0,0,0.5,0,0.375,0.125,0,0,3
CPOYR,Magenta,Magenta,Magenta,Orange,Orange,Yellow,Yellow,Magenta,0,0,0.5,0,0.25,0.25,0,0,3
BMOYR,Red,Magenta,Magenta,Orange,Magenta,Orange,Magenta,Magenta,0,0,0.625,0.125,0.25,0,0,0,3
PMOYR,Red,Magenta,Red,Orange,Orange,Orange,Magenta,Red,0,0,0.25,0.375,0.375,0,0,0,3
GMOYR,Magenta,Magenta,Orange,Orange,Orange,Orange,Orange,Magenta,0,0,0.375,0,0.625,0,0,0,2
CMOYR,Red,Red,Red,Orange,Orange,Orange,Orange,Magenta,0,0,0.125,0.375,0.5,0,0,0,3
BGOYR,Yellow,Yellow,Yellow,Orange,Yellow,Orange,Yellow,Yellow,0,0,0,0,0.25,0.75,0,0,2
PGOYR,Yellow,Yellow,Yellow,Orange,Orange,Orange,Yellow,Yellow,0,0,0,0,0.375,0.625,0,0,2
MGOYR,Yellow,Yellow,Orange,Orange,Orange,Orange,Orange,Yellow,0,0,0,0,0.625,0.375,0,0,2
CGOYR,Yellow,Yellow,Yellow,Orange,Orange,Orange,Orange,Yellow,0,0,0,0,0.5,0.5,0,0,2
BCOYR,Magenta,Magenta,Magenta,Magenta,Magenta,Orange,Yellow,Yellow,0,0,0.625,0,0.125,0.25,0,0,3
PCOYR,Magenta,Magenta,Magenta,Magenta,Magenta,Orange,Yellow,Magenta,0,0,0.75,0,0.125,0.125,0,0,3
MCOYR,Magenta,Magenta,Magenta,Orange,Orange,Orange,Orange,Magenta,0,0,0.5,0,0.5,0,0,0,2
GCOYR,Yellow,Yellow,Magenta,Orange,Orange,Orange,Orange,Yellow,0,0,0.125,0,0.5,0.375,0,0,3
PBGYR,Yellow,Yellow,Yellow,Yellow,Yellow,Orange,Yellow,Yellow,0,0,0,0,0.125,0.875,0,0,2
MBGYR,Yellow,Yellow,Yellow,Red,Red,Red,Yellow,Yellow,0,0,0,0.375,0,0.625,0,0,2
OBGYR,Yellow,Yellow,Red,Red,Yellow,Red,Orange,Yellow,0,0,0,0.375,0.125,0.5,0,0,3
CBGYR,Yellow,Yellow,Yellow,Red,Yellow,Yellow,Yellow,Yellow,0,0,0,0.125,0,0.875,0,0,2
BPGYR,Yellow,Yellow,Yellow,Yellow,Yellow,Orange,Yellow,Yellow,0,0,0,0,0.125,0.875,0,0,2
MPGYR,Yellow,Yellow,Yellow,Red,Red,Red,Yellow,Yellow,0,0,0,0.375,0,0.625,0,0,2
OPGYR,Yellow,Yellow,Red,Red,Red,Red,Orange,Yellow,0,0,0,0.5,0.125,0.375,0,0,3
CPGYR,Yellow,Yellow,Yellow,Red,Red,Yellow,Yellow,Yellow,0,0,0,0.25,0,0.75,0,0,2
BMGYR,Yellow,Yellow,Yellow,Red,Yellow,Orange,Yellow,Yellow,0,0,0,0.125,0.125,0.75,0,0,3
PMGYR,Yellow,Yellow,Yellow,Red,Red,Orange,Yellow,Yellow,0,0,0,0.25,0.125,0.625,0,0,3
OMGYR,Yellow,Red,Orange,Orange,Orange,Orange,Orange,Yellow,0,0,0,0.125,0.625,0.25,0,0,3
CMGYR,Yellow,Yellow,Yellow,Orange,Orange,Yellow,Yellow,Yellow,0,0,0,0,0.25,0.75,0,0,2
BOGYR,Yellow,Red,Red,Orange,Red,Orange,Yellow,Yellow,0,0,0,0.375,0.25,0.375,0,0,3
POGYR,Yellow,Red,Yellow,Orange,Orange,Orange,Yellow,Yellow,0,0,0,0.125,0.375,0.5,0,0,3
MOGYR,Red,Yellow,Orange,Orange,Orange,Orange,Orange,Yellow,0,0,0,0.125,0.625,0.25,0,0,3
COGYR,Yellow,Yellow,Yellow,Orange,Orange,Orange,Orange,Yellow,0,0,0,0,0.5,0.5,0,0,2
BCGYR,Yellow,Yellow,Yellow,Yellow,Yellow,Yellow,Yellow,Yellow,0,0,0,0,0,1,0,0,1
PCGYR,Yellow,Yellow,Yellow,Yellow,Yellow,Yellow,Yellow,Yellow,0,0,0,0,0,1,0,0,1
MCGYR,Yellow,Yellow,Yellow,Orange,Orange,Orange,Yellow,Yellow,0,0,0,0,0.375,0.625,0,0,2
OCGYR,Yellow,Yellow,Orange,Orange,Orange,Orange,Yellow,Yellow,0,0,0,0,0.5,0.5,0,0,2
PBCYR,Magenta,Magenta,Magenta,Magenta,Magenta,Yellow,Yellow,Magenta,0,0,0.75,0,0,0.25,0,0,2
MBCYR,Magenta,Magenta,Magenta,Magenta,Magenta,Magenta,Yellow,Magenta,0,0,0.875,0,0,0.125,0,0,2
OBCYR,Magenta,Magenta,Magenta,Magenta,Magenta,Magenta,Yellow,Yellow,0,0,0.75,0,0,0.25,0,0,2
GBCYR,Yellow,Yellow,Magenta,Yellow,Yellow,Yellow,Yellow,Yellow,0,0,0.125,0,0,0.875,0,0,2
BPCYR,Magenta,Magenta,Magenta,Magenta,Magenta,Yellow,Magenta,Magenta,0,0,0.875,0,0,0.125,0,0,2
MPCYR,Magenta,Magenta,Magenta,Magenta,Magenta,Magenta,Yellow,Magenta,0,0,0.875,0,0,0.125,0,0,2
OPCYR,Magenta,Magenta,Magenta,Magenta,Magenta,Magenta,Yellow,Magenta,0,0,0.875,0,0,0.125,0,0,2
GPCYR,Magenta,Magenta,Magenta,Yellow,Yellow,Yellow,Yellow,Magenta,0,0,0.5,0,0,0.5,0,0,2
BMCYR,Magenta,Magenta,Magenta,Magenta,Magenta,Orange,Magenta,Magenta,0,0,0.875,0,0.125,0,0,0,2
PMCYR,Magenta,Magenta,Magenta,Magenta,Magenta,Orange,Magenta,Magenta,0,0,0.875,0,0.125,0,0,0,2
OMCYR,Magenta,Magenta,Orange,Orange,Orange,Orange,Orange,Magenta,0,0,0.375,0,0.625,0,0,0,2
GMCYR,Magenta,Magenta,Magenta,Orange,Orange,Orange,Yellow,Magenta,0,0,0.5,0,0.375,0.125,0,0,3
BOCYR,Magenta,Magenta,Magenta,Orange,Magenta,Orange,Yellow,Yellow,0,0,0.5,0,0.25,0.25,0,0,3
POCYR,Magenta,Magenta,Magenta,Orange,Orange,Orange,Yellow,Magenta,0,0,0.5,0,0.375,0.125,0,0,3
MOCYR,Magenta,Magenta,Orange,Orange,Orange,Orange,Yellow,Magenta,0,0,0.375,0,0.5,0.125,0,0,3
GOCYR,Yellow,Yellow,Orange,Orange,Orange,Orange,Yellow,Yellow,0,0,0,0,0.5,0.5,0,0,2
BGCYR,Yellow,Yellow,Yellow,Magenta,Yellow,Yellow,Yellow,Yellow,0,0,0.125,0,0,0.875,0,0,2
PGCYR,Yellow,Yellow,Yellow,Magenta,Magenta,Yellow,Yellow,Yellow,0,0,0.25,0,0,0.75,0,0,2
MGCYR,Yellow,Yellow,Magenta,Yellow,Yellow,Yellow,Yellow,Yellow,0,0,0.125,0,0,0.875,0,0,2
OGCYR,Yellow,Magenta,Yellow,Yellow,Yellow,Yellow,Yellow,Yellow,0,0,0.125,0,0,0.875,0,0,2
MPBGR,Cyan,Cyan,Cyan,Cyan,Cyan,Cyan,Cyan,Cyan,0,0,0,0,0,0,0,1,1
OPBGR,Cyan,Cyan,Cyan,Cyan,Cyan,Cyan,Orange,Cyan,0,0,0,0,0.125,0,0,0.875,2
YPBGR,Cyan,Cyan,Cyan,Cyan,Cyan,Orange,Cyan,Cyan,0,0,0,0,0.125,0,0,0.875,2
CPBGR,Cyan,Cyan,Cyan,Cyan,Cyan,Cyan,Cyan,Cyan,0,0,0,0,0,0,0,1,1
PMBGR,Cyan,Cyan,Cyan,Cyan,Cyan,Magenta,Cyan,Cyan,0,0,0.125,0,0,0,0,0.875,2
OMBGR,Cyan,Cyan,Magenta,Magenta,Magenta,Magenta,Magenta,Cyan,0,0,0.625,0,0,0,0,0.375,2
YMBGR,Cyan,Cyan,Magenta,Magenta,Magenta,Magenta,Cyan,Cyan,0,0,0.5,0,0,0,0,0.5,2
CMBGR,Cyan,Cyan,Cyan,Magenta,Magenta,Cyan,Cyan,Cyan,0,0,0.25,0,0,0,0,0.75,2
POBGR,Cyan,Cyan,Cyan,Magenta,Magenta,Magenta,Cyan,Cyan,0,0,0.375,0,0,0,0,0.625,2
MOBGR,Cyan,Cyan,Magenta,Magenta,Magenta,Magenta,Orange,Cyan,0,0,0.5,0,0.125,0,0,0.375,3
YOBGR,Cyan,Cyan,Magenta,Cyan,Magenta,Magenta,Orange,Orange,0,0,0.375,0,0.25,0,0,0.375,3
COBGR,Cyan,Cyan,Cyan,Magenta,Cyan,Orange,Orange,Cyan,0,0,0.125,0,0.25,0,0,0.625,3
PYBGR,Cyan,Cyan,Cyan,Magenta,Magenta,Orange,Cyan,Cyan,0,0,0.25,0,0.125,0,0,0.625,3
MYBGR,Cyan,Cyan,Magenta,Cyan,Cyan,Cyan,Cyan,Cyan,0,0,0.125,0,0,0,0,0.875,2
OYBGR,Cyan,Magenta,Cyan,Cyan,Magenta,Cyan,Orange,Cyan,0,0,0.25,0,0.125,0,0,0.625,3
CYBGR,Cyan,Cyan,Cyan,Cyan,Magenta,Cyan,Cyan,Cyan,0,0,0.125,0,0,0,0,0.875,2
PCBGR,Cyan,Cyan,Cyan,Cyan,Cyan,Cyan,Cyan,Cyan,0,0,0,0,0,0,0,1,1
MCBGR,Cyan,Cyan,Cyan,Magenta,Magenta,Magenta,Cyan,Cyan,0,0,0.375,0,0,0,0,0.625,2
OCBGR,Cyan,Cyan,Magenta,Magenta,Cyan,Magenta,Cyan,Cyan,0,0,0.375,0,0,0,0,0.625,2
YCBGR,Cyan,Cyan,Magenta,Cyan,Magenta,Cyan,Cyan,Cyan,0,0,0.25,0,0,0,0,0.75,2
MBPGR,Cyan,Cyan,Cyan,Cyan,Cyan,Cyan,Cyan,Cyan,0,0,0,0,0,0,0,1,1
OBPGR,Cyan,Cyan,Cyan,Cyan,Cyan,Cyan,Orange,Cyan,0,0,0,0,0.125,0,0,0.875,2
YBPGR,Cyan,Cyan,Cyan,Cyan,Cyan,Orange,Cyan,Cyan,0,0,0,0,0.125,0,0,0.875,2
CBPGR,Cyan,Cyan,Cyan,Cyan,Cyan,Cyan,Cyan,Cyan,0,0,0,0,0,0,0,1,1
BMPGR,Cyan,Cyan,Cyan,Cyan,Cyan,Magenta,Cyan,Cyan,0,0,0.125,0,0,0,0,0.875,2
OMPGR,Cyan,Cyan,Magenta,Magenta,Magenta,Magenta,Magenta,Cyan,0,0,0.625,0,0,0,0,0.375,2
YMPGR,Cyan,Cyan,Magenta,Magenta,Magenta,Magenta,Cyan,Cyan,0,0,0.5,0,0,0,0,0.5,2
CMPGR,Cyan,Cyan,Cyan,Magenta,Magenta,Cyan,Cyan,Cyan,0,0,0.25,0,0,0,0,0.75,2
BOPGR,Cyan,Cyan,Cyan,Magenta,Cyan,Magenta,Cyan,Cyan,0,0,0.25,0,0,0,0,0.75,2
MOPGR,Cyan,Cyan,Magenta,Magenta,Magenta,Magenta,Orange,Cyan,0,0,0.5,0,0.125,0,0,0.375,3
YOPGR,Cyan,Cyan,Magenta,Magenta,Magenta,Magenta,Orange,Orange,0,0,0.5,0,0.25,0,0,0.25,3
COPGR,Cyan,Cyan,Cyan,Magenta,Magenta,Orange,Orange,Cyan,0,0,0.25,0,0.25,0,0,0.5,3
BYPGR,Cyan,Cyan,Cyan,Magenta,Cyan,Orange,Cyan,Cyan,0,0,0.125,0,0.125,0,0,0.75,3
MYPGR,Cyan,Cyan,Magenta,Magenta,Magenta,Magenta,Cyan,Cyan,0,0,0.5,0,0,0,0,0.5,2
OYPGR,Cyan,Magenta,Magenta,Magenta,Magenta,Magenta,Orange,Cyan,0,0,0.625,0,0.125,0,0,0.25,3
CYPGR,Cyan,Cyan,Cyan,Magenta,Magenta,Cyan,Cyan,Cyan,0,0,0.25,0,0,0,0,0.75,2
BCPGR,Cyan,Cyan,Cyan,Cyan,Cyan,Cyan,Cyan,Cyan,0,0,0,0,0,0,0,1,1
MCPGR,Cyan,Cyan,Cyan,Magenta,Magenta,Magenta,Cyan,Cyan,0,0,0.375,0,0,0,0,0.625,2
OCPGR,Cyan,Cyan,Magenta,Magenta,Magenta,Magenta,Cyan,Cyan,0,0,0.5,0,0,0,0,0.5,2
YCPGR,Cyan,Cyan,Magenta,Magenta,Magenta,Cyan,Cyan,Cyan,0,0,0.375,0,0,0,0,0.625,2
PBMGR,Cyan,Cyan,Cyan,Cyan,Cyan,Orange,Cyan,Cyan,0,0,0,0,0.125,0,0,0.875,2
OBMGR,Cyan,Cyan,Magenta,Magenta,Cyan,Magenta,Orange,Cyan,0,0,0.375,0,0.125,0,0,0.5,3
YBMGR,Cyan,Cyan,Magenta,Cyan,Magenta,Orange,Cyan,Cyan,0,0,0.25,0,0.125,0,0,0.625,3
CBMGR,Cyan,Cyan,Cyan,Magenta,Cyan,Cyan,Cyan,Cyan,0,0,0.125,0,0,0,0,0.875,2
BPMGR,Cyan,Cyan,Cyan,Cyan,Cyan,Orange,Cyan,Cyan,0,0,0,0,0.125,0,0,0.875,2
OPMGR,Cyan,Cyan,Magenta,Magenta,Magenta,Magenta,Orange,Cyan,0,0,0.5,0,0.125,0,0,0.375,3
YPMGR,Cyan,Cyan,Magenta,Magenta,Magenta,Orange,Cyan,Cyan,0,0,0.375,0,0.125,0,0,0.5,3
CPMGR,Cyan,Cyan,Cyan,Magenta,Magenta,Cyan,Cyan,Cyan,0,0,0.25,0,0,0,0,0.75,2
BOMGR,Cyan,Magenta,Magenta,Orange,Magenta,Orange,Cyan,Cyan,0,0,0.375,0,0.25,0,0,0.375,3
POMGR,Cyan,Magenta,Cyan,Orange,Orange,Orange,Cyan,Cyan,0,0,0.125,0,0.375,0,0,0.5,3
YOMGR,Cyan,Magenta,Orange,Orange,Orange,Orange,Orange,Orange,0,0,0.125,0,0.75,0,0,0.125,3
COMGR,Cyan,Cyan,Cyan,Orange,Orange,Orange,Orange,Cyan,0,0,0,0,0.5,0,0,0.5,2
BYMGR,Cyan,Cyan,Cyan,Orange,Cyan,Orange,Yellow,Yellow,0,0,0,0,0.25,0.25,0,0.5,3
PYMGR,Cyan,Cyan,Cyan,Orange,Orange,Orange,Yellow,Cyan,0,0,0,0,0.375,0.125,0,0.5,3
OYMGR,Cyan,Orange,Orange,Orange,Orange,Orange,Orange,Yellow,0,0,0,0,0.75,0.125,0,0.125,3
CYMGR,Cyan,Cyan,Cyan,Orange,Orange,Yellow,Yellow,Yellow,0,0,0,0,0.25,0.375,0,0.375,3
BCMGR,Cyan,Cyan,Cyan,Cyan,Cyan,Yellow,Cyan,Cyan,0,0,0,0,0,0.125,0,0.875,2
PCMGR,Cyan,Cyan,Cyan,Cyan,Cyan,Yellow,Cyan,Cyan,0,0,0,0,0,0.125,0,0.875,2
OCMGR,Cyan,Cyan,Orange,Orange,Orange,Orange,Yellow,Cyan,0,0,0,0,0.5,0.125,0,0.375,3
YCMGR,Cyan,Cyan,Orange,Orange,Orange,Yellow,Yellow,Yellow,0,0,0,0,0.375,0.375,0,0.25,3
PBOGR,Cyan,Magenta,Cyan,Magenta,Magenta,Orange,Cyan,Cyan,0,0,0.375,0,0.125,0,0,0.5,3
MBOGR,Magenta,Cyan,Magenta,Orange,Orange,Orange,Cyan,Cyan,0,0,0.25,0,0.375,0,0,0.375,3
YBOGR,Cyan,Magenta,Orange,Magenta,Orange,Orange,Cyan,Cyan,0,0,0.25,0,0.375,0,0,0.375,3
CBOGR,Cyan,Cyan,Cyan,Orange,Magenta,Cyan,Cyan,Cyan,0,0,0.125,0,0.125,0,0,0.75,3
BPOGR,Cyan,Magenta,Magenta,Cyan,Magenta,Orange,Cyan,Cyan,0,0,0.375,0,0.125,0,0,0.5,3
MPOGR,Magenta,Cyan,Cyan,Orange,Orange,Orange,Cyan,Cyan,0,0,0.125,0,0.375,0,0,0.5,3
YPOGR,Cyan,Magenta,Orange,Orange,Orange,Orange,Cyan,Cyan,0,0,0.125,0,0.5,0,0,0.375,3
CPOGR,Cyan,Cyan,Cyan,Orange,Orange,Cyan,Cyan,Cyan,0,0,0,0,0.25,0,0,0.75,2
BMOGR,Magenta,Cyan,Cyan,Orange,Cyan,Orange,Cyan,Cyan,0,0,0.125,0,0.25,0,0,0.625,3
PMOGR,Magenta,Cyan,Magenta,Orange,Orange,Orange,Cyan,Magenta,0,0,0.375,0,0.375,0,0,0.25,3
YMOGR,Magenta,Cyan,Orange,Orange,Orange,Orange,Orange,Orange,0,0,0.125,0,0.75,0,0,0.125,3
CMOGR,Magenta,Magenta,Magenta,Orange,Orange,Orange,Orange,Cyan,0,0,0.375,0,0.5,0,0,0.125,3
BYOGR,Cyan,Magenta,Magenta,Orange,Magenta,Orange,Orange,Orange,0,0,0.375,0,0.5,0,0,0.125,3
PYOGR,Cyan,Magenta,Cyan,Orange,Orange,Orange,Orange,Cyan,0,0,0.125,0,0.5,0,0,0.375,3
MYOGR,Magenta,Cyan,Orange,Orange,Orange,Orange,Orange,Cyan,0,0,0.125,0,0.625,0,0,0.25,3
CYOGR,Cyan,Cyan,Cyan,Orange,Orange,Orange,Orange,Orange,0,0,0,0,0.625,0,0,0.375,2
BCOGR,Cyan,Cyan,Cyan,Cyan,Cyan,Orange,Cyan,Cyan,0,0,0,0,0.125,0,0,0.875,2
PCOGR,Cyan,Cyan,Cyan,Cyan,Cyan,Orange,Cyan,Cyan,0,0,0,0,0.125,0,0,0.875,2
MCOGR,Cyan,Cyan,Cyan,Orange,Orange,Orange,Orange,Cyan,0,0,0,0,0.5,0,0,0.5,2
YCOGR,Cyan,Cyan,Orange,Orange,Orange,Orange,Orange,Orange,0,0,0,0,0.75,0,0,0.25,2
PBYGR,Cyan,Cyan,Cyan,Cyan,Cyan,Orange,Yellow,Cyan,0,0,0,0,0.125,0.125,0,0.75,3
MBYGR,Cyan,Cyan,Cyan,Orange,Orange,Orange,Yellow,Cyan,0,0,0,0,0.375,0.125,0,0.5,3
OBYGR,Cyan,Cyan,Orange,Orange,Cyan,Orange,Orange,Yellow,0,0,0,0,0.5,0.125,0,0.375,3
CBYGR,Cyan,Cyan,Cyan,Orange,Cyan,Yellow,Yellow,Yellow,0,0,0,0,0.125,0.375,0,0.5,3
BPYGR,Cyan,Cyan,Cyan,Cyan,Cyan,Orange,Cyan,Cyan,0,0,0,0,0.125,0,0,0.875,2
MPYGR,Cyan,Cyan,Cyan,Orange,Orange,Orange,Yellow,Cyan,0,0,0,0,0.375,0.125,0,0.5,3
OPYGR,Cyan,Cyan,Orange,Orange,Orange,Orange,Orange,Cyan,0,0,0,0,0.625,0,0,0.375,2
CPYGR,Cyan,Cyan,Cyan,Orange,Orange,Yellow,Yellow,Cyan,0,0,0,0,0.25,0.25,0,0.5,3
BMYGR,Cyan,Cyan,Cyan,Orange,Cyan,Orange,Cyan,Cyan,0,0,0,0,0.25,0,0,0.75,2
PMYGR,Cyan,Cyan,Cyan,Orange,Orange,Orange,Cyan,Cyan,0,0,0,0,0.375,0,0,0.625,2
OMYGR,Cyan,Orange,Orange,Orange,Orange,Orange,Orange,Cyan,0,0,0,0,0.75,0,0,0.25,2
CMYGR,Cyan,Cyan,Cyan,Orange,Orange,Yellow,Yellow,Cyan,0,0,0,0,0.25,0.25,0,0.5,3
BOYGR,Cyan,Orange,Orange,Orange,Orange,Orange,Yellow,Yellow,0,0,0,0,0.625,0.25,0,0.125,3
POYGR,Cyan,Orange,Cyan,Orange,Orange,Orange,Yellow,Cyan,0,0,0,0,0.5,0.125,0,0.375,3
MOYGR,Orange,Cyan,Orange,Orange,Orange,Orange,Orange,Cyan,0,0,0,0,0.75,0,0,0.25,2
COYGR,Cyan,Cyan,Cyan,Orange,Orange,Orange,Orange,Yellow,0,0,0,0,0.5,0.125,0,0.375,3
BCYGR,Cyan,Cyan,Cyan,Cyan,Cyan,Yellow,Yellow,Yellow,0,0,0,0,0,0.375,0,0.625,2
PCYGR,Cyan,Cyan,Cyan,Cyan,Cyan,Yellow,Yellow,Cyan,0,0,0,0,0,0.25,0,0.75,2
MCYGR,Cyan,Cyan,Cyan,Orange,Orange,Orange,Yellow,Cyan,0,0,0,0,0.375,0.125,0,0.5,3
OCYGR,Cyan,Cyan,Orange,Orange,Orange,Orange,Yellow,Yellow,0,0,0,0,0.5,0.25,0,0.25,3
PBCGR,Cyan,Cyan,Cyan,Cyan,Cyan,Yellow,Cyan,Cyan,0,0,0,0,0,0.125,0,0.875,2
MBCGR,Cyan,Cyan,Cyan,Cyan,Cyan,Cyan,Cyan,Cyan,0,0,0,0,0,0,0,1,1
OBCGR,Cyan,Cyan,Cyan,Cyan,Cyan,Cyan,Yellow,Cyan,0,0,0,0,0,0.125,0,0.875,2
YBCGR,Cyan,Cyan,Cyan,Cyan,Cyan,Yellow,Cyan,Cyan,0,0,0,0,0,0.125,0,0.875,2
BPCGR,Cyan,Cyan,Cyan,Cyan,Cyan,Yellow,Cyan,Cyan,0,0,0,0,0,0.125,0,0.875,2
MPCGR,Cyan,Cyan,Cyan,Cyan,Cyan,Cyan,Cyan,Cyan,0,0,0,0,0,0,0,1,1
OPCGR,Cyan,Cyan,Cyan,Cyan,Cyan,Cyan,Yellow,Cyan,0,0,0,0,0,0.125,0,0.875,2
YPCGR,Cyan,Cyan,Cyan,Cyan,Cyan,Yellow,Cyan,Cyan,0,0,0,0,0,0.125,0,0.875,2
BMCGR,Cyan,Cyan,Cyan,Cyan,Cyan,Orange,Cyan,Cyan,0,0,0,0,0.125,0,0,0.875,2
PMCGR,Cyan,Cyan,Cyan,Cyan,Cyan,Orange,Cyan,Cyan,0,0,0,0,0.125,0,0,0.875,2
OMCGR,Cyan,Cyan,Orange,Orange,Orange,Orange,Orange,Cyan,0,0,0,0,0.625,0,0,0.375,2
YMCGR,Cyan,Cyan,Orange,Orange,Orange,Orange,Yellow,Yellow,0,0,0,0,0.5,0.25,0,0.25,3
BOCGR,Cyan,Cyan,Cyan,Orange,Cyan,Orange,Cyan,Cyan,0,0,0,0,0.25,0,0,0.75,2
POCGR,Cyan,Cyan,Cyan,Orange,Orange,Orange,Cyan,Cyan,0,0,0,0,0.375,0,0,0.625,2
MOCGR,Cyan,Cyan,Orange,Orange,Orange,Orange,Yellow,Cyan,0,0,0,0,0.5,0.125,0,0.375,3
YOCGR,Cyan,Cyan,Orange,Orange,Orange,Orange,Yellow,Yellow,0,0,0,0,0.5,0.25,0,0.25,3
BYCGR,Cyan,Cyan,Cyan,Orange,Cyan,Yellow,Yellow,Yellow,0,0,0,0,0.125,0.375,0,0.5,3
PYCGR,Cyan,Cyan,Cyan,Orange,Orange,Yellow,Yellow,Cyan,0,0,0,0,0.25,0.25,0,0.5,3
MYCGR,Cyan,Cyan,Orange,Orange,Orange,Orange,Yellow,Cyan,0,0,0,0,0.5,0.125,0,0.375,3
OYCGR,Cyan,Orange,Orange,Orange,Orange,Orange,Yellow,Yellow,0,0,0,0,0.625,0.25,0,0.125,3
MPBCR,Magenta,Magenta,Magenta,Magenta,Magenta,Magenta,Cyan,Magenta,0,0,0.875,0,0,0,0,0.125,2
OPBCR,Magenta,Magenta,Magenta,Magenta,Magenta,Magenta,Yellow,Magenta,0,0,0.875,0,0,0.125,0,0,2
YPBCR,Magenta,Magenta,Magenta,Magenta,Magenta,Yellow,Cyan,Cyan,0,0,0.625,0,0,0.125,0,0.25,3
GPBCR,Magenta,Magenta,Magenta,Yellow,Yellow,Yellow,Cyan,Magenta,0,0,0.5,0,0,0.375,0,0.125,3
PMBCR,Magenta,Magenta,Magenta,Magenta,Magenta,Magenta,Magenta,Magenta,0,0,1,0,0,0,0,0,1
OMBCR,Magenta,Magenta,Magenta,Magenta,Magenta,Magenta,Magenta,Magenta,0,0,1,0,0,0,0,0,1
YMBCR,Magenta,Magenta,Magenta,Magenta,Magenta,Magenta,Cyan,Cyan,0,0,0.75,0,0,0,0,0.25,2
GMBCR,Magenta,Magenta,Magenta,Magenta,Magenta,Magenta,Cyan,Magenta,0,0,0.875,0,0,0,0,0.125,2
POBCR,Magenta,Magenta,Magenta,Magenta,Magenta,Magenta,Cyan,Magenta,0,0,0.875,0,0,0,0,0.125,2
MOBCR,Magenta,Magenta,Magenta,Magenta,Magenta,Magenta,Yellow,Magenta,0,0,0.875,0,0,0.125,0,0,2
YOBCR,Magenta,Magenta,Magenta,Magenta,Magenta,Magenta,Yellow,Yellow,0,0,0.75,0,0,0.25,0,0,2
GOBCR,Cyan,Cyan,Magenta,Magenta,Magenta,Magenta,Yellow,Cyan,0,0,0.5,0,0,0.125,0,0.375,3
PYBCR,Magenta,Magenta,Magenta,Magenta,Magenta,Yellow,Cyan,Magenta,0,0,0.75,0,0,0.125,0,0.125,3
MYBCR,Magenta,Magenta,Magenta,Magenta,Magenta,Magenta,Cyan,Magenta,0,0,0.875,0,0,0,0,0.125,2
OYBCR,Magenta,Magenta,Magenta,Magenta,Magenta,Magenta,Yellow,Cyan,0,0,0.75,0,0,0.125,0,0.125,3
GYBCR,Cyan,Cyan,Magenta,Yellow,Yellow,Yellow,Cyan,Cyan,0,0,0.125,0,0,0.375,0,0.5,3
PGBCR,Cyan,Cyan,Cyan,Magenta,Magenta,Yellow,Cyan,Cyan,0,0,0.25,0,0,0.125,0,0.625,3
MGBCR,Cyan,Cyan,Magenta,Yellow,Yellow,Yellow,Cyan,Cyan,0,0,0.125,0,0,0.375,0,0.5,3
OGBCR,Cyan,Magenta,Yellow,Yellow,Yellow,Yellow,Yellow,Cyan,0,0,0.125,0,0,0.625,0,0.25,3
YGBCR,Cyan,Cyan,Yellow,Yellow,Yellow,Yellow,Cyan,Cyan,0,0,0,0,0,0.5,0,0.5,2
MBPCR,Magenta,Magenta,Magenta,Magenta,Magenta,Magenta,Magenta,Magenta,0,0,1,0,0,0,0,0,1
OBPCR,Magenta,Magenta,Magenta,Magenta,Magenta,Magenta,Yellow,Magenta,0,0,0.875,0,0,0.125,0,0,2
YBPCR,Magenta,Magenta,Magenta,Magenta,Magenta,Yellow,Magenta,Magenta,0,0,0.875,0,0,0.125,0,0,2
GBPCR,Magenta,Magenta,Magenta,Yellow,Yellow,Yellow,Magenta,Magenta,0,0,0.625,0,0,0.375,0,0,2
BMPCR,Magenta,Magenta,Magenta,Magenta,Magenta,Magenta,Magenta,Magenta,0,0,1,0,0,0,0,0,1
OMPCR,Magenta,Magenta,Magenta,Magenta,Magenta,Magenta,Magenta,Magenta,0,0,1,0,0,0,0,0,1
YMPCR,Magenta,Magenta,Magenta,Magenta,Magenta,Magenta,Cyan,Cyan,0,0,0.75,0,0,0,0,0.25,2
GMPCR,Magenta,Magenta,Magenta,Magenta,Magenta,Magenta,Cyan,Magenta,0,0,0.875,0,0,0,0,0.125,2
BOPCR,Magenta,Magenta,Magenta,Magenta,Magenta,Magenta,Magenta,Magenta,0,0,1,0,0,0,0,0,1
MOPCR,Magenta,Magenta,Magenta,Magenta,Magenta,Magenta,Yellow,Magenta,0,0,0.875,0,0,0.125,0,0,2
YOPCR,Magenta,Magenta,Magenta,Magenta,Magenta,Magenta,Yellow,Yellow,0,0,0.75,0,0,0.25,0,0,2
GOPCR,Magenta,Magenta,Magenta,Magenta,Magenta,Magenta,Yellow,Magenta,0,0,0.875,0,0,0.125,0,0,2
BYPCR,Magenta,Magenta,Magenta,Magenta,Magenta,Yellow,Cyan,Cyan,0,0,0.625,0,0,0.125,0,0.25,3
MYPCR,Magenta,Magenta,Magenta,Magenta,Magenta,Magenta,Cyan,Magenta,0,0,0.875,0,0,0,0,0.125,2
OYPCR,Magenta,Magenta,Magenta,Magenta,Magenta,Magenta,Yellow,Cyan,0,0,0.75,0,0,0.125,0,0.125,3
GYPCR,Cyan,Cyan,Magenta,Yellow,Yellow,Yellow,Cyan,Cyan,0,0,0.125,0,0,0.375,0,0.5,3
BGPCR,Magenta,Magenta,Magenta,Magenta,Magenta,Yellow,Magenta,Magenta,0,0,0.875,0,0,0.125,0,0,2
MGPCR,Magenta,Magenta,Magenta,Yellow,Yellow,Yellow,Cyan,Magenta,0,0,0.5,0,0,0.375,0,0.125,3
OGPCR,Magenta,Magenta,Yellow,Yellow,Yellow,Yellow,Yellow,Magenta,0,0,0.375,0,0,0.625,0,0,2
YGPCR,Magenta,Magenta,Yellow,Yellow,Yellow,Yellow,Cyan,Cyan,0,0,0.25,0,0,0.5,0,0.25,3
PBMCR,Magenta,Magenta,Magenta,Magenta,Magenta,Red,Magenta,Magenta,0,0,0.875,0.125,0,0,0,0,2
OBMCR,Magenta,Magenta,Magenta,Magenta,Magenta,Magenta,Red,Magenta,0,0,0.875,0.125,0,0,0,0,2
YBMCR,Magenta,Magenta,Magenta,Magenta,Magenta,Red,Magenta,Magenta,0,0,0.875,0.125,0,0,0,0,2
GBMCR,Magenta,Magenta,Magenta,Red,Red,Red,Magenta,Magenta,0,0,0.625,0.375,0,0,0,0,2
BPMCR,Magenta,Magenta,Magenta,Magenta,Magenta,Red,Magenta,Magenta,0,0,0.875,0.125,0,0,0,0,2
OPMCR,Magenta,Magenta,Magenta,Magenta,Magenta,Magenta,Red,Magenta,0,0,0.875,0.125,0,0,0,0,2
YPMCR,Magenta,Magenta,Magenta,Magenta,Magenta,Red,Magenta,Magenta,0,0,0.875,0.125,0,0,0,0,2
GPMCR,Magenta,Magenta,Magenta,Red,Red,Red,Magenta,Magenta,0,0,0.625,0.375,0,0,0,0,2
BOMCR,Magenta,Magenta,Magenta,Red,Magenta,Red,Magenta,Magenta,0,0,0.75,0.25,0,0,0,0,2
POMCR,Magenta,Magenta,Magenta,Red,Red,Red,Magenta,Magenta,0,0,0.625,0.375,0,0,0,0,2
YOMCR,Magenta,Magenta,Red,Red,Red,Red,Red,Red,0,0,0.25,0.75,0,0,0,0,2
GOMCR,Magenta,Magenta,Red,Red,Red,Red,Red,Magenta,0,0,0.375,0.625,0,0,0,0,2
BYMCR,Magenta,Magenta,Magenta,Red,Magenta,Red,Yellow,Yellow,0,0,0.5,0.25,0,0.25,0,0,3
PYMCR,Magenta,Magenta,Magenta,Red,Red,Red,Yellow,Magenta,0,0,0.5,0.375,0,0.125,0,0,3
OYMCR,Magenta,Red,Red,Red,Red,Red,Red,Yellow,0,0,0.125,0.75,0,0.125,0,0,3
GYMCR,Yellow,Yellow,Red,Red,Red,Red,Yellow,Yellow,0,0,0,0.5,0,0.5,0,0,2
BGMCR,Magenta,Magenta,Magenta,Magenta,Magenta,Red,Magenta,Magenta,0,0,0.875,0.125,0,0,0,0,2
PGMCR,Magenta,Magenta,Magenta,Magenta,Magenta,Red,Magenta,Magenta,0,0,0.875,0.125,0,0,0,0,2
OGMCR,Magenta,Magenta,Red,Red,Red,Red,Red,Magenta,0,0,0.375,0.625,0,0,0,0,2
YGMCR,Magenta,Magenta,Red,Red,Red,Red,Yellow,Yellow,0,0,0.25,0.5,0,0.25,0,0,3
PBOCR,Magenta,Magenta,Magenta,Magenta,Magenta,Red,Cyan,Magenta,0,0,0.75,0.125,0,0,0,0.125,3
MBOCR,Magenta,Magenta,Magenta,Red,Red,Red,Cyan,Magenta,0,0,0.5,0.375,0,0,0,0.125,3
YBOCR,Magenta,Magenta,Red,Magenta,Red,Red,Cyan,Cyan,0,0,0.375,0.375,0,0,0,0.25,3
GBOCR,Cyan,Cyan,Magenta,Red,Red,Red,Cyan,Cyan,0,0,0.125,0.375,0,0,0,0.5,3
BPOCR,Magenta,Magenta,Magenta,Magenta,Magenta,Red,Magenta,Magenta,0,0,0.875,0.125,0,0,0,0,2
MPOCR,Magenta,Magenta,Magenta,Red,Red,Red,Cyan,Magenta,0,0,0.5,0.375,0,0,0,0.125,3
YPOCR,Magenta,Magenta,Red,Red,Red,Red,Cyan,Cyan,0,0,0.25,0.5,0,0,0,0.25,3
GPOCR,Magenta,Magenta,Magenta,Red,Red,Red,Cyan,Magenta,0,0,0.5,0.375,0,0,0,0.125,3
BMOCR,Magenta,Magenta,Magenta,Red,Magenta,Red,Magenta,Magenta,0,0,0.75,0.25,0,0,0,0,2
PMOCR,Magenta,Magenta,Magenta,Red,Red,Red,Magenta,Magenta,0,0,0.625,0.375,0,0,0,0,2
YMOCR,Magenta,Magenta,Red,Red,Red,Red,Yellow,Yellow,0,0,0.25,0.5,0,0.25,0,0,3
GMOCR,Magenta,Magenta,Red,Red,Red,Red,Yellow,Magenta,0,0,0.375,0.5,0,0.125,0,0,3
BYOCR,Magenta,Magenta,Magenta,Red,Magenta,Red,Yellow,Yellow,0,0,0.5,0.25,0,0.25,0,0,3
PYOCR,Magenta,Magenta,Magenta,Red,Red,Red,Yellow,Magenta,0,0,0.5,0.375,0,0.125,0,0,3
MYOCR,Magenta,Magenta,Red,Orange,Orange,Orange,Yellow,Magenta,0,0,0.375,0.125,0.375,0.125,0,0,4
GYOCR,Yellow,Yellow,Red,Red,Red,Red,Yellow,Yellow,0,0,0,0.5,0,0.5,0,0,2
BGOCR,Cyan,Cyan,Cyan,Red,Cyan,Red,Cyan,Cyan,0,0,0,0.25,0,0,0,0.75,2
PGOCR,Cyan,Cyan,Cyan,Red,Red,Red,Cyan,Cyan,0,0,0,0.375,0,0,0,0.625,2
MGOCR,Cyan,Cyan,Red,Red,Red,Red,Yellow,Cyan,0,0,0,0.5,0,0.125,0,0.375,3
YGOCR,Cyan,Cyan,Red,Red,Red,Red,Yellow,Yellow,0,0,0,0.5,0,0.25,0,0.25,3
PBYCR,Magenta,Magenta,Magenta,Magenta,Magenta,Yellow,Yellow,Magenta,0,0,0.75,0,0,0.25,0,0,2
MBYCR,Magenta,Magenta,Magenta,Red,Red,Red,Yellow,Magenta,0,0,0.5,0.375,0,0.125,0,0,3
OBYCR,Magenta,Magenta,Red,Red,Magenta,Red,Yellow,Yellow,0,0,0.375,0.375,0,0.25,0,0,3
GBYCR,Yellow,Yellow,Magenta,Yellow,Yellow,Yellow,Yellow,Yellow,0,0,0.125,0,0,0.875,0,0,2
BPYCR,Magenta,Magenta,Magenta,Magenta,Magenta,Yellow,Magenta,Magenta,0,0,0.875,0,0,0.125,0,0,2
MPYCR,Magenta,Magenta,Magenta,Red,Red,Red,Yellow,Magenta,0,0,0.5,0.375,0,0.125,0,0,3
OPYCR,Magenta,Magenta,Red,Red,Red,Red,Yellow,Magenta,0,0,0.375,0.5,0,0.125,0,0,3
GPYCR,Magenta,Magenta,Magenta,Yellow,Yellow,Yellow,Yellow,Magenta,0,0,0.5,0,0,0.5,0,0,2
BMYCR,Magenta,Magenta,Magenta,Red,Magenta,Orange,Magenta,Magenta,0,0,0.75,0.125,0.125,0,0,0,3
PMYCR,Magenta,Magenta,Magenta,Red,Red,Orange,Magenta,Magenta,0,0,0.625,0.25,0.125,0,0,0,3
OMYCR,Magenta,Red,Orange,Orange,Orange,Orange,Orange,Magenta,0,0,0.25,0.125,0.625,0,0,0,3
GMYCR,Magenta,Magenta,Red,Orange,Orange,Orange,Yellow,Magenta,0,0,0.375,0.125,0.375,0.125,0,0,4
BOYCR,Magenta,Red,Red,Orange,Red,Orange,Yellow,Yellow,0,0,0.125,0.375,0.25,0.25,0,0,4
POYCR,Magenta,Red,Magenta,Orange,Orange,Orange,Yellow,Magenta,0,0,0.375,0.125,0.375,0.125,0,0,4
MOYCR,Red,Magenta,Orange,Orange,Orange,Orange,Yellow,Magenta,0,0,0.25,0.125,0.5,0.125,0,0,4
GOYCR,Yellow,Yellow,Orange,Orange,Orange,Orange,Yellow,Yellow,0,0,0,0,0.5,0.5,0,0,2
BGYCR,Yellow,Yellow,Yellow,Red,Yellow,Yellow,Yellow,Yellow,0,0,0,0.125,0,0.875,0,0,2
PGYCR,Yellow,Yellow,Yellow,Red,Red,Yellow,Yellow,Yellow,0,0,0,0.25,0,0.75,0,0,2
MGYCR,Yellow,Yellow,Red,Yellow,Yellow,Yellow,Yellow,Yellow,0,0,0,0.125,0,0.875,0,0,2
OGYCR,Yellow,Red,Yellow,Yellow,Yellow,Yellow,Yellow,Yellow,0,0,0,0.125,0,0.875,0,0,2
PBGCR,Cyan,Cyan,Cyan,Cyan,Cyan,Yellow,Cyan,Cyan,0,0,0,0,0,0.125,0,0.875,2
MBGCR,Cyan,Cyan,Cyan,Magenta,Magenta,Magenta,Cyan,Cyan,0,0,0.375,0,0,0,0,0.625,2
OBGCR,Cyan,Cyan,Magenta,Magenta,Cyan,Magenta,Yellow,Cyan,0,0,0.375,0,0,0.125,0,0.5,3
YBGCR,Cyan,Cyan,Magenta,Cyan,Magenta,Yellow,Cyan,Cyan,0,0,0.25,0,0,0.125,0,0.625,3
BPGCR,Cyan,Cyan,Cyan,Cyan,Cyan,Yellow,Cyan,Cyan,0,0,0,0,0,0.125,0,0.875,2
MPGCR,Cyan,Cyan,Cyan,Magenta,Magenta,Magenta,Cyan,Cyan,0,0,0.375,0,0,0,0,0.625,2
OPGCR,Cyan,Cyan,Magenta,Magenta,Magenta,Magenta,Yellow,Cyan,0,0,0.5,0,0,0.125,0,0.375,3
YPGCR,Cyan,Cyan,Magenta,Magenta,Magenta,Yellow,Cyan,Cyan,0,0,0.375,0,0,0.125,0,0.5,3
BMGCR,Cyan,Cyan,Cyan,Magenta,Cyan,Yellow,Cyan,Cyan,0,0,0.125,0,0,0.125,0,0.75,3
PMGCR,Cyan,Cyan,Cyan,Magenta,Magenta,Yellow,Cyan,Cyan,0,0,0.25,0,0,0.125,0,0.625,3
OMGCR,Cyan,Magenta,Yellow,Yellow,Yellow,Yellow,Yellow,Cyan,0,0,0.125,0,0,0.625,0,0.25,3
YMGCR,Cyan,Cyan,Yellow,Yellow,Yellow,Yellow,Yellow,Yellow,0,0,0,0,0,0.75,0,0.25,2
BOGCR,Cyan,Magenta,Magenta,Yellow,Magenta,Yellow,Cyan,Cyan,0,0,0.375,0,0,0.25,0,0.375,3
POGCR,Cyan,Magenta,Cyan,Yellow,Yellow,Yellow,Cyan,Cyan,0,0,0.125,0,0,0.375,0,0.5,3
MOGCR,Magenta,Cyan,Yellow,Yellow,Yellow,Yellow,Yellow,Cyan,0,0,0.125,0,0,0.625,0,0.25,3
YOGCR,Cyan,Magenta,Yellow,Yellow,Yellow,Yellow,Yellow,Yellow,0,0,0.125,0,0,0.75,0,0.125,3
BYGCR,Cyan,Cyan,Cyan,Yellow,Cyan,Yellow,Yellow,Yellow,0,0,0,0,0,0.5,0,0.5,2
PYGCR,Cyan,Cyan,Cyan,Yellow,Yellow,Yellow,Yellow,Cyan,0,0,0,0,0,0.5,0,0.5,2
MYGCR,Cyan,Cyan,Yellow,Yellow,Yellow,Yellow,Yellow,Cyan,0,0,0,0,0,0.625,0,0.375,2
OYGCR,Cyan,Yellow,Yellow,Yellow,Yellow,Yellow,Yellow,Yellow,0,0,0,0,0,0.875,0,0.125,2
RMPBO,Purple,Purple,Purple,Magenta,Magenta,Magenta,Magenta,Purple,0,0.5,0.5,0,0,0,0,0,2
YMPBO,Magenta,Purple,Magenta,Magenta,Magenta,Magenta,Cyan,Cyan,0,0.125,0.625,0,0,0,0,0.25,3
GMPBO,Purple,Purple,Purple,Magenta,Magenta,Magenta,Cyan,Purple,0,0.5,0.375,0,0,0,0,0.125,3
CMPBO,Magenta,Magenta,Magenta,Magenta,Magenta,Cyan,Cyan,Purple,0,0.125,0.625,0,0,0,0,0.25,3
MRPBO,Purple,Purple,Purple,Magenta,Magenta,Magenta,Red,Purple,0,0.5,0.375,0.125,0,0,0,0,3
YRPBO,Purple,Purple,Magenta,Magenta,Magenta,Magenta,Red,Red,0,0.25,0.5,0.25,0,0,0,0,3
GRPBO,Purple,Purple,Purple,Magenta,Magenta,Magenta,Red,Purple,0,0.5,0.375,0.125,0,0,0,0,3
CRPBO,Purple,Purple,Purple,Magenta,Magenta,Red,Red,Purple,0,0.5,0.25,0.25,0,0,0,0,3
MYPBO,Magenta,Purple,Magenta,Magenta,Magenta,Magenta,Cyan,Purple,0,0.25,0.625,0,0,0,0,0.125,3
RYPBO,Magenta,Magenta,Magenta,Magenta,Magenta,Magenta,Red,Cyan,0,0,0.75,0.125,0,0,0,0.125,3
GYPBO,Cyan,Cyan,Magenta,Red,Red,Red,Cyan,Cyan,0,0,0.125,0.375,0,0,0,0.5,3
CYPBO,Purple,Purple,Purple,Magenta,Magenta,Cyan,Cyan,Cyan,0,0.375,0.25,0,0,0,0,0.375,3
MGPBO,Purple,Purple,Purple,Red,Red,Red,Cyan,Purple,0,0.5,0,0.375,0,0,0,0.125,3
RGPBO,Purple,Purple,Purple,Red,Red,Red,Red,Purple,0,0.5,0,0.5,0,0,0,0,2
YGPBO,Purple,Purple,Red,Red,Red,Red,Cyan,Cyan,0,0.25,0,0.5,0,0,0,0.25,3
CGPBO,Purple,Purple,Purple,Red,Red,Cyan,Cyan,Purple,0,0.5,0,0.25,0,0,0,0.25,3
MCPBO,Purple,Purple,Purple,Magenta,Magenta,Magenta,Cyan,Purple,0,0.5,0.375,0,0,0,0,0.125,3
RCPBO,Purple,Purple,Purple,Magenta,Magenta,Magenta,Cyan,Purple,0,0.5,0.375,0,0,0,0,0.125,3
YCPBO,Purple,Purple,Magenta,Magenta,Magenta,Cyan,Cyan,Cyan,0,0.25,0.375,0,0,0,0,0.375,3
GCPBO,Purple,Purple,Purple,Cyan,Cyan,Cyan,Cyan,Purple,0,0.5,0,0,0,0,0,0.5,2
RPMBO,Magenta,Magenta,Magenta,Magenta,Magenta,Magenta,Red,Magenta,0,0,0.875,0.125,0,0,0,0,2
YPMBO,Magenta,Purple,Magenta,Magenta,Magenta,Red,Purple,Purple,0,0.375,0.5,0.125,0,0,0,0,3
GPMBO,Magenta,Magenta,Magenta,Red,Red,Red,Purple,Magenta,0,0.125,0.5,0.375,0,0,0,0,3
CPMBO,Magenta,Magenta,Magenta,Magenta,Magenta,Purple,Purple,Magenta,0,0.25,0.75,0,0,0,0,0,2
PRMBO,Magenta,Magenta,Magenta,Magenta,Magenta,Red,Purple,Magenta,0,0.125,0.75,0.125,0,0,0,0,3
YRMBO,Magenta,Magenta,Red,Red,Red,Red,Red,Red,0,0,0.25,0.75,0,0,0,0,2
GRMBO,Purple,Purple,Magenta,Red,Red,Red,Red,Purple,0,0.375,0.125,0.5,0,0,0,0,3
CRMBO,Magenta,Magenta,Magenta,Red,Red,Red,Red,Purple,0,0.125,0.375,0.5,0,0,0,0,3
PYMBO,Magenta,Purple,Magenta,Red,Red,Red,Cyan,Magenta,0,0.125,0.375,0.375,0,0,0,0.125,4
RYMBO,Red,Red,Red,Red,Red,Red,Red,Cyan,0,0,0,0.875,0,0,0,0.125,2
GYMBO,Cyan,Cyan,Red,Red,Red,Red,Cyan,Cyan,0,0,0,0.5,0,0,0,0.5,2
CYMBO,Magenta,Magenta,Magenta,Red,Red,Cyan,Cyan,Cyan,0,0,0.375,0.25,0,0,0,0.375,3
PGMBO,Purple,Purple,Purple,Magenta,Magenta,Red,Purple,Purple,0,0.625,0.25,0.125,0,0,0,0,3
RGMBO,Magenta,Magenta,Magenta,Red,Red,Red,Red,Purple,0,0.125,0.375,0.5,0,0,0,0,3
YGMBO,Purple,Purple,Red,Red,Red,Red,Cyan,Cyan,0,0.25,0,0.5,0,0,0,0.25,3
CGMBO,Purple,Purple,Purple,Red,Red,Cyan,Cyan,Purple,0,0.5,0,0.25,0,0,0,0.25,3
PCMBO,Magenta,Magenta,Magenta,Magenta,Magenta,Cyan,Purple,Magenta,0,0.125,0.75,0,0,0,0,0.125,3
RCMBO,Magenta,Magenta,Magenta,Red,Red,Red,Cyan,Purple,0,0.125,0.375,0.375,0,0,0,0.125,4
YCMBO,Magenta,Magenta,Red,Red,Red,Cyan,Cyan,Cyan,0,0,0.25,0.375,0,0,0,0.375,3
GCMBO,Purple,Purple,Magenta,Cyan,Cyan,Cyan,Cyan,Purple,0,0.375,0.125,0,0,0,0,0.5,3
MPRBO,Magenta,Magenta,Magenta,Magenta,Magenta,Magenta,Cyan,Magenta,0,0,0.875,0,0,0,0,0.125,2
YPRBO,Magenta,Magenta,Magenta,Magenta,Magenta,Magenta,Cyan,Cyan,0,0,0.75,0,0,0,0,0.25,2
GPRBO,Magenta,Magenta,Magenta,Magenta,Magenta,Magenta,Cyan,Magenta,0,0,0.875,0,0,0,0,0.125,2
CPRBO,Magenta,Magenta,Magenta,Magenta,Magenta,Cyan,Cyan,Magenta,0,0,0.75,0,0,0,0,0.25,2
PMRBO,Magenta,Magenta,Magenta,Magenta,Magenta,Red,Magenta,Magenta,0,0,0.875,0.125,0,0,0,0,2
YMRBO,Magenta,Magenta,Red,Red,Red,Red,Red,Red,0,0,0.25,0.75,0,0,0,0,2
GMRBO,Magenta,Magenta,Magenta,Red,Red,Red,Red,Magenta,0,0,0.5,0.5,0,0,0,0,2
CMRBO,Magenta,Magenta,Magenta,Red,Red,Red,Red,Magenta,0,0,0.5,0.5,0,0,0,0,2
PYRBO,Magenta,Magenta,Magenta,Red,Red,Magenta,Red,Magenta,0,0,0.625,0.375,0,0,0,0,2
MYRBO,Magenta,Magenta,Red,Magenta,Magenta,Magenta,Red,Magenta,0,0,0.75,0.25,0,0,0,0,2
GYRBO,Red,Red,Red,Magenta,Magenta,Magenta,Red,Red,0,0,0.375,0.625,0,0,0,0,2
CYRBO,Magenta,Magenta,Magenta,Magenta,Red,Red,Red,Red,0,0,0.5,0.5,0,0,0,0,2
PGRBO,Cyan,Cyan,Cyan,Magenta,Magenta,Magenta,Cyan,Cyan,0,0,0.375,0,0,0,0,0.625,2
MGRBO,Cyan,Cyan,Magenta,Magenta,Magenta,Magenta,Red,Cyan,0,0,0.5,0.125,0,0,0,0.375,3
YGRBO,Cyan,Cyan,Magenta,Magenta,Magenta,Magenta,Red,Red,0,0,0.5,0.25,0,0,0,0.25,3
CGRBO,Cyan,Cyan,Cyan,Magenta,Magenta,Red,Red,Cyan,0,0,0.25,0.25,0,0,0,0.5,3
PCRBO,Magenta,Magenta,Magenta,Magenta,Magenta,Red,Cyan,Magenta,0,0,0.75,0.125,0,0,0,0.125,3
MCRBO,Magenta,Magenta,Magenta,Red,Red,Red,Red,Magenta,0,0,0.5,0.5,0,0,0,0,2
YCRBO,Magenta,Magenta,Red,Magenta,Red,Red,Red,Red,0,0,0.375,0.625,0,0,0,0,2
GCRBO,Cyan,Cyan,Magenta,Red,Red,Red,Red,Cyan,0,0,0.125,0.5,0,0,0,0.375,3
MPYBO,Magenta,Purple,Purple,Red,Red,Red,Cyan,Purple,0,0.375,0.125,0.375,0,0,0,0.125,4
RPYBO,Purple,Purple,Purple,Red,Red,Red,Red,Purple,0,0.5,0,0.5,0,0,0,0,2
GPYBO,Purple,Purple,Purple,Red,Red,Red,Cyan,Purple,0,0.5,0,0.375,0,0,0,0.125,3
CPYBO,Purple,Purple,Purple,Red,Red,Cyan,Cyan,Purple,0,0.5,0,0.25,0,0,0,0.25,3
PMYBO,Magenta,Purple,Magenta,Red,Red,Magenta,Purple,Magenta,0,0.25,0.5,0.25,0,0,0,0,3
RMYBO,Red,Red,Red,Magenta,Magenta,Magenta,Magenta,Purple,0,0.125,0.5,0.375,0,0,0,0,3
GMYBO,Purple,Purple,Red,Magenta,Magenta,Magenta,Cyan,Purple,0,0.375,0.375,0.125,0,0,0,0.125,4
CMYBO,Magenta,Magenta,Magenta,Magenta,Magenta,Cyan,Cyan,Purple,0,0.125,0.625,0,0,0,0,0.25,3
PRYBO,Red,Red,Red,Red,Red,Red,Cyan,Red,0,0,0,0.875,0,0,0,0.125,2
MRYBO,Red,Red,Red,Magenta,Magenta,Magenta,Red,Red,0,0,0.375,0.625,0,0,0,0,2
GRYBO,Cyan,Cyan,Red,Red,Red,Red,Red,Cyan,0,0,0,0.625,0,0,0,0.375,2
CRYBO,Red,Red,Red,Magenta,Red,Red,Red,Cyan,0,0,0.125,0.75,0,0,0,0.125,3
PGYBO,Cyan,Cyan,Cyan,Red,Red,Red,Cyan,Cyan,0,0,0,0.375,0,0,0,0.625,2
MGYBO,Cyan,Cyan,Red,Red,Red,Red,Cyan,Cyan,0,0,0,0.5,0,0,0,0.5,2
RGYBO,Red,Red,Red,Red,Red,Red,Red,Cyan,0,0,0,0.875,0,0,0,0.125,2
CGYBO,Cyan,Cyan,Cyan,Red,Red,Cyan,Cyan,Cyan,0,0,0,0.25,0,0,0,0.75,2
PCYBO,Purple,Purple,Purple,Purple,Purple,Cyan,Cyan,Purple,0,0.75,0,0,0,0,0,0.25,2
MCYBO,Purple,Purple,Purple,Magenta,Magenta,Magenta,Cyan,Purple,0,0.5,0.375,0,0,0,0,0.125,3
RCYBO,Purple,Purple,Purple,Magenta,Red,Red,Cyan,Cyan,0,0.375,0.125,0.25,0,0,0,0.25,4
GCYBO,Cyan,Cyan,Purple,Cyan,Cyan,Cyan,Cyan,Cyan,0,0.125,0,0,0,0,0,0.875,2
MPGBO,Cyan,Cyan,Cyan,Magenta,Magenta,Magenta,Cyan,Cyan,0,0,0.375,0,0,0,0,0.625,2
RPGBO,Cyan,Cyan,Cyan,Magenta,Magenta,Magenta,Red,Cyan,0,0,0.375,0.125,0,0,0,0.5,3
YPGBO,Cyan,Cyan,Magenta,Magenta,Magenta,Red,Cyan,Cyan,0,0,0.375,0.125,0,0,0,0.5,3
CPGBO,Cyan,Cyan,Cyan,Magenta,Magenta,Cyan,Cyan,Cyan,0,0,0.25,0,0,0,0,0.75,2
PMGBO,Cyan,Cyan,Cyan,Magenta,Magenta,Red,Cyan,Cyan,0,0,0.25,0.125,0,0,0,0.625,3
RMGBO,Magenta,Magenta,Magenta,Red,Red,Red,Red,Cyan,0,0,0.375,0.5,0,0,0,0.125,3
YMGBO,Cyan,Cyan,Red,Red,Red,Red,Cyan,Cyan,0,0,0,0.5,0,0,0,0.5,2
CMGBO,Cyan,Cyan,Cyan,Red,Red,Cyan,Cyan,Cyan,0,0,0,0.25,0,0,0,0.75,2
PRGBO,Magenta,Magenta,Magenta,Magenta,Magenta,Red,Cyan,Magenta,0,0,0.75,0.125,0,0,0,0.125,3
MRGBO,Magenta,Magenta,Magenta,Red,Red,Red,Red,Magenta,0,0,0.5,0.5,0,0,0,0,2
YRGBO,Magenta,Magenta,Red,Red,Red,Red,Red,Red,0,0,0.25,0.75,0,0,0,0,2
CRGBO,Magenta,Magenta,Magenta,Red,Red,Red,Red,Cyan,0,0,0.375,0.5,0,0,0,0.125,3
PYGBO,Cyan,Cyan,Cyan,Red,Red,Red,Cyan,Cyan,0,0,0,0.375,0,0,0,0.625,2
MYGBO,Cyan,Cyan,Red,Red,Red,Red,Cyan,Cyan,0,0,0,0.5,0,0,0,0.5,2
RYGBO,Red,Red,Red,Red,Red,Red,Red,Cyan,0,0,0,0.875,0,0,0,0.125,2
CYGBO,Cyan,Cyan,Cyan,Red,Red,Cyan,Cyan,Cyan,0,0,0,0.25,0,0,0,0.75,2
PCGBO,Cyan,Cyan,Cyan,Cyan,Cyan,Cyan,Cyan,Cyan,0,0,0,0,0,0,0,1,1
MCGBO,Cyan,Cyan,Cyan,Red,Red,Red,Cyan,Cyan,0,0,0,0.375,0,0,0,0.625,2
RCGBO,Cyan,Cyan,Cyan,Red,Red,Red,Cyan,Cyan,0,0,0,0.375,0,0,0,0.625,2
YCGBO,Cyan,Cyan,Red,Red,Red,Cyan,Cyan,Cyan,0,0,0,0.375,0,0,0,0.625,2
MPCBO,Purple,Purple,Purple,Purple,Purple,Purple,Cyan,Purple,0,0.875,0,0,0,0,0,0.125,2
RPCBO,Purple,Purple,Purple,Purple,Purple,Purple,Cyan,Purple,0,0.875,0,0,0,0,0,0.125,2
YPCBO,Purple,Purple,Purple,Purple,Purple,Cyan,Cyan,Cyan,0,0.625,0,0,0,0,0,0.375,2
GPCBO,Purple,Purple,Purple,Cyan,Cyan,Cyan,Cyan,Purple,0,0.5,0,0,0,0,0,0.5,2
PMCBO,Purple,Purple,Purple,Purple,Purple,Red,Purple,Purple,0,0.875,0,0.125,0,0,0,0,2
RMCBO,Purple,Purple,Purple,Red,Red,Red,Red,Purple,0,0.5,0,0.5,0,0,0,0,2
YMCBO,Purple,Purple,Red,Red,Red,Red,Cyan,Cyan,0,0.25,0,0.5,0,0,0,0.25,3
GMCBO,Purple,Purple,Purple,Red,Red,Red,Cyan,Purple,0,0.5,0,0.375,0,0,0,0.125,3
PRCBO,Purple,Purple,Purple,Purple,Purple,Magenta,Cyan,Purple,0,0.75,0.125,0,0,0,0,0.125,3
MRCBO,Purple,Purple,Purple,Red,Red,Red,Cyan,Purple,0,0.5,0,0.375,0,0,0,0.125,3
YRCBO,Purple,Purple,Red,Magenta,Red,Magenta,Cyan,Cyan,0,0.25,0.25,0.25,0,0,0,0.25,4
GRCBO,Cyan,Cyan,Purple,Magenta,Magenta,Magenta,Cyan,Cyan,0,0.125,0.375,0,0,0,0,0.5,3
PYCBO,Purple,Purple,Purple,Red,Red,Cyan,Cyan,Purple,0,0.5,0,0.25,0,0,0,0.25,3
MYCBO,Purple,Purple,Red,Magenta,Magenta,Magenta,Cyan,Purple,0,0.375,0.375,0.125,0,0,0,0.125,4
RYCBO,Red,Red,Red,Magenta,Red,Red,Cyan,Cyan,0,0,0.125,0.625,0,0,0,0.25,3
GYCBO,Cyan,Cyan,Red,Cyan,Cyan,Cyan,Cyan,Cyan,0,0,0,0.125,0,0,0,0.875,2
PGCBO,Cyan,Cyan,Cyan,Purple,Purple,Cyan,Cyan,Cyan,0,0.25,0,0,0,0,0,0.75,2
MGCBO,Cyan,Cyan,Purple,Cyan,Cyan,Cyan,Cyan,Cyan,0,0.125,0,0,0,0,0,0.875,2
RGCBO,Purple,Purple,Purple,Cyan,Cyan,Cyan,Cyan,Cyan,0,0.375,0,0,0,0,0,0.625,2
YGCBO,Cyan,Cyan,Cyan,Cyan,Cyan,Cyan,Cyan,Cyan,0,0,0,0,0,0,0,1,1
RMBPO,Magenta,Magenta,Magenta,Purple,Purple,Purple,Purple,Purple,0,0.625,0.375,0,0,0,0,0,2
YMBPO,Magenta,Purple,Purple,Purple,Purple,Purple,Purple,Purple,0,0.875,0.125,0,0,0,0,0,2
GMBPO,Purple,Purple,Magenta,Purple,Purple,Purple,Purple,Purple,0,0.875,0.125,0,0,0,0,0,2
CMBPO,Magenta,Magenta,Magenta,Purple,Purple,Purple,Purple,Purple,0,0.625,0.375,0,0,0,0,0,2
MRBPO,Magenta,Magenta,Magenta,Purple,Purple,Purple,Red,Magenta,0,0.375,0.5,0.125,0,0,0,0,3
YRBPO,Magenta,Magenta,Purple,Magenta,Purple,Magenta,Red,Red,0,0.25,0.5,0.25,0,0,0,0,3
GRBPO,Purple,Purple,Magenta,Magenta,Magenta,Magenta,Red,Purple,0,0.375,0.5,0.125,0,0,0,0,3
CRBPO,Magenta,Magenta,Magenta,Purple,Magenta,Red,Red,Purple,0,0.25,0.5,0.25,0,0,0,0,3
MYBPO,Magenta,Purple,Purple,Magenta,Magenta,Magenta,Purple,Purple,0,0.5,0.5,0,0,0,0,0,2
RYBPO,Purple,Purple,Purple,Magenta,Purple,Purple,Red,Purple,0,0.75,0.125,0.125,0,0,0,0,3
GYBPO,Purple,Purple,Purple,Red,Red,Red,Purple,Purple,0,0.625,0,0.375,0,0,0,0,2
CYBPO,Purple,Purple,Purple,Magenta,Purple,Purple,Purple,Purple,0,0.875,0.125,0,0,0,0,0,2
MGBPO,Purple,Purple,Magenta,Red,Red,Red,Purple,Purple,0,0.5,0.125,0.375,0,0,0,0,3
RGBPO,Magenta,Magenta,Magenta,Red,Red,Red,Red,Purple,0,0.125,0.375,0.5,0,0,0,0,3
YGBPO,Purple,Purple,Red,Red,Red,Red,Purple,Purple,0,0.5,0,0.5,0,0,0,0,2
CGBPO,Purple,Purple,Purple,Red,Red,Purple,Purple,Purple,0,0.75,0,0.25,0,0,0,0,2
MCBPO,Purple,Purple,Purple,Purple,Purple,Purple,Purple,Purple,0,1,0,0,0,0,0,0,1
RCBPO,Purple,Purple,Purple,Purple,Magenta,Magenta,Purple,Purple,0,0.75,0.25,0,0,0,0,0,2
YCBPO,Purple,Purple,Purple,Magenta,Purple,Purple,Purple,Purple,0,0.875,0.125,0,0,0,0,0,2
GCBPO,Purple,Purple,Purple,Purple,Purple,Purple,Purple,Purple,0,1,0,0,0,0,0,0,1
RBMPO,Purple,Purple,Purple,Purple,Purple,Purple,Red,Purple,0,0.875,0,0.125,0,0,0,0,2
YBMPO,Magenta,Purple,Purple,Purple,Purple,Red,Purple,Purple,0,0.75,0.125,0.125,0,0,0,0,3
GBMPO,Purple,Purple,Purple,Red,Red,Red,Purple,Purple,0,0.625,0,0.375,0,0,0,0,2
CBMPO,Magenta,Magenta,Magenta,Purple,Purple,Purple,Purple,Purple,0,0.625,0.375,0,0,0,0,0,2
BRMPO,Purple,Purple,Purple,Purple,Purple,Red,Purple,Purple,0,0.875,0,0.125,0,0,0,0,2
YRMPO,Purple,Purple,Red,Red,Red,Red,Red,Red,0,0.25,0,0.75,0,0,0,0,2
GRMPO,Purple,Purple,Purple,Red,Red,Red,Red,Purple,0,0.5,0,0.5,0,0,0,0,2
CRMPO,Purple,Purple,Purple,Red,Red,Red,Red,Purple,0,0.5,0,0.5,0,0,0,0,2
BYMPO,Magenta,Purple,Purple,Red,Purple,Red,Cyan,Cyan,0,0.375,0.125,0.25,0,0,0,0.25,4
RYMPO,Red,Red,Red,Red,Red,Red,Red,Cyan,0,0,0,0.875,0,0,0,0.125,2
GYMPO,Cyan,Cyan,Red,Red,Red,Red,Cyan,Cyan,0,0,0,0.5,0,0,0,0.5,2
CYMPO,Magenta,Magenta,Magenta,Red,Red,Cyan,Cyan,Cyan,0,0,0.375,0.25,0,0,0,0.375,3
BGMPO,Purple,Purple,Purple,Purple,Purple,Red,Purple,Purple,0,0.875,0,0.125,0,0,0,0,2
RGMPO,Purple,Purple,Purple,Red,Red,Red,Red,Purple,0,0.5,0,0.5,0,0,0,0,2
YGMPO,Purple,Purple,Red,Red,Red,Red,Cyan,Cyan,0,0.25,0,0.5,0,0,0,0.25,3
CGMPO,Purple,Purple,Purple,Red,Red,Cyan,Cyan,Purple,0,0.5,0,0.25,0,0,0,0.25,3
BCMPO,Magenta,Magenta,Magenta,Magenta,Magenta,Cyan,Purple,Purple,0,0.25,0.625,0,0,0,0,0.125,3
RCMPO,Magenta,Magenta,Magenta,Red,Red,Red,Cyan,Purple,0,0.125,0.375,0.375,0,0,0,0.125,4
YCMPO,Magenta,Magenta,Red,Red,Red,Cyan,Cyan,Cyan,0,0,0.25,0.375,0,0,0,0.375,3
GCMPO,Purple,Purple,Magenta,Cyan,Cyan,Cyan,Cyan,Purple,0,0.375,0.125,0,0,0,0,0.5,3
MBRPO,Purple,Purple,Purple,Purple,Purple,Purple,Purple,Purple,0,1,0,0,0,0,0,0,1
YBRPO,Purple,Purple,Purple,Purple,Purple,Red,Purple,Purple,0,0.875,0,0.125,0,0,0,0,2
GBRPO,Purple,Purple,Purple,Red,Red,Red,Purple,Purple,0,0.625,0,0.375,0,0,0,0,2
CBRPO,Purple,Purple,Purple,Purple,Purple,Purple,Purple,Purple,0,1,0,0,0,0,0,0,1
BMRPO,Purple,Purple,Purple,Purple,Purple,Red,Purple,Purple,0,0.875,0,0.125,0,0,0,0,2
YMRPO,Purple,Purple,Red,Red,Red,Red,Red,Red,0,0.25,0,0.75,0,0,0,0,2
GMRPO,Purple,Purple,Purple,Red,Red,Red,Red,Purple,0,0.5,0,0.5,0,0,0,0,2
CMRPO,Purple,Purple,Purple,Red,Red,Red,Red,Purple,0,0.5,0,0.5,0,0,0,0,2
BYRPO,Purple,Purple,Purple,Red,Purple,Red,Red,Red,0,0.5,0,0.5,0,0,0,0,2
MYRPO,Purple,Purple,Red,Red,Red,Red,Red,Purple,0,0.375,0,0.625,0,0,0,0,2
GYRPO,Red,Red,Red,Red,Red,Red,Red,Red,0,0,0,1,0,0,0,0,1
CYRPO,Purple,Purple,Purple,Red,Red,Red,Red,Red,0,0.375,0,0.625,0,0,0,0,2
BGRPO,Purple,Purple,Purple,Purple,Purple,Red,Purple,Purple,0,0.875,0,0.125,0,0,0,0,2
MGRPO,Purple,Purple,Purple,Red,Red,Red,Red,Purple,0,0.5,0,0.5,0,0,0,0,2
YGRPO,Purple,Purple,Red,Red,Red,Red,Red,Red,0,0.25,0,0.75,0,0,0,0,2
CGRPO,Purple,Purple,Purple,Red,Red,Red,Red,Purple,0,0.5,0,0.5,0,0,0,0,2
BCRPO,Purple,Purple,Purple,Purple,Purple,Red,Purple,Purple,0,0.875,0,0.125,0,0,0,0,2
MCRPO,Purple,Purple,Purple,Red,Red,Red,Red,Purple,0,0.5,0,0.5,0,0,0,0,2
YCRPO,Purple,Purple,Red,Red,Red,Red,Red,Red,0,0.25,0,0.75,0,0,0,0,2
GCRPO,Purple,Purple,Purple,Red,Red,Red,Red,Purple,0,0.5,0,0.5,0,0,0,0,2
MBYPO,Magenta,Purple,Magenta,Red,Red,Red,Cyan,Purple,0,0.25,0.25,0.375,0,0,0,0.125,4
RBYPO,Magenta,Magenta,Magenta,Red,Magenta,Magenta,Red,Cyan,0,0,0.625,0.25,0,0,0,0.125,3
GBYPO,Cyan,Cyan,Magenta,Red,Red,Red,Cyan,Cyan,0,0,0.125,0.375,0,0,0,0.5,3
CBYPO,Purple,Purple,Purple,Red,Magenta,Cyan,Cyan,Cyan,0,0.375,0.125,0.125,0,0,0,0.375,4
BMYPO,Magenta,Purple,Purple,Red,Purple,Red,Purple,Purple,0,0.625,0.125,0.25,0,0,0,0,3
RMYPO,Red,Red,Red,Red,Red,Red,Red,Purple,0,0.125,0,0.875,0,0,0,0,2
GMYPO,Purple,Purple,Red,Red,Red,Red,Cyan,Purple,0,0.375,0,0.5,0,0,0,0.125,3
CMYPO,Magenta,Magenta,Magenta,Red,Red,Cyan,Cyan,Purple,0,0.125,0.375,0.25,0,0,0,0.25,4
BRYPO,Red,Red,Red,Red,Red,Red,Cyan,Cyan,0,0,0,0.75,0,0,0,0.25,2
MRYPO,Red,Red,Red,Red,Red,Red,Red,Red,0,0,0,1,0,0,0,0,1
GRYPO,Cyan,Cyan,Red,Red,Red,Red,Red,Cyan,0,0,0,0.625,0,0,0,0.375,2
CRYPO,Red,Red,Red,Red,Red,Red,Red,Cyan,0,0,0,0.875,0,0,0,0.125,2
BGYPO,Cyan,Cyan,Cyan,Red,Cyan,Red,Cyan,Cyan,0,0,0,0.25,0,0,0,0.75,2
MGYPO,Cyan,Cyan,Red,Red,Red,Red,Cyan,Cyan,0,0,0,0.5,0,0,0,0.5,2
RGYPO,Red,Red,Red,Red,Red,Red,Red,Cyan,0,0,0,0.875,0,0,0,0.125,2
CGYPO,Cyan,Cyan,Cyan,Red,Red,Cyan,Cyan,Cyan,0,0,0,0.25,0,0,0,0.75,2
BCYPO,Purple,Purple,Purple,Purple,Purple,Cyan,Cyan,Cyan,0,0.625,0,0,0,0,0,0.375,2
MCYPO,Purple,Purple,Purple,Red,Red,Red,Cyan,Purple,0,0.5,0,0.375,0,0,0,0.125,3
RCYPO,Purple,Purple,Purple,Red,Red,Red,Cyan,Cyan,0,0.375,0,0.375,0,0,0,0.25,3
GCYPO,Cyan,Cyan,Purple,Cyan,Cyan,Cyan,Cyan,Cyan,0,0.125,0,0,0,0,0,0.875,2
MBGPO,Purple,Purple,Purple,Purple,Purple,Purple,Purple,Purple,0,1,0,0,0,0,0,0,1
RBGPO,Purple,Purple,Purple,Purple,Purple,Purple,Red,Purple,0,0.875,0,0.125,0,0,0,0,2
YBGPO,Purple,Purple,Purple,Purple,Purple,Red,Purple,Purple,0,0.875,0,0.125,0,0,0,0,2
CBGPO,Purple,Purple,Purple,Purple,Purple,Purple,Purple,Purple,0,1,0,0,0,0,0,0,1
BMGPO,Purple,Purple,Purple,Purple,Purple,Red,Purple,Purple,0,0.875,0,0.125,0,0,0,0,2
RMGPO,Purple,Purple,Purple,Red,Red,Red,Red,Purple,0,0.5,0,0.5,0,0,0,0,2
YMGPO,Purple,Purple,Red,Red,Red,Red,Cyan,Cyan,0,0.25,0,0.5,0,0,0,0.25,3
CMGPO,Purple,Purple,Purple,Red,Red,Cyan,Cyan,Purple,0,0.5,0,0.25,0,0,0,0.25,3
BRGPO,Purple,Purple,Purple,Purple,Purple,Red,Purple,Purple,0,0.875,0,0.125,0,0,0,0,2
MRGPO,Purple,Purple,Purple,Red,Red,Red,Red,Purple,0,0.5,0,0.5,0,0,0,0,2
YRGPO,Purple,Purple,Red,Red,Red,Red,Red,Red,0,0.25,0,0.75,0,0,0,0,2
CRGPO,Purple,Purple,Purple,Red,Red,Red,Red,Purple,0,0.5,0,0.5,0,0,0,0,2
BYGPO,Purple,Purple,Purple,Red,Purple,Red,Cyan,Cyan,0,0.5,0,0.25,0,0,0,0.25,3
MYGPO,Purple,Purple,Red,Red,Red,Red,Cyan,Purple,0,0.375,0,0.5,0,0,0,0.125,3
RYGPO,Red,Red,Red,Red,Red,Red,Red,Cyan,0,0,0,0.875,0,0,0,0.125,2
CYGPO,Purple,Purple,Purple,Red,Red,Cyan,Cyan,Cyan,0,0.375,0,0.25,0,0,0,0.375,3
BCGPO,Purple,Purple,Purple,Purple,Purple,Cyan,Purple,Purple,0,0.875,0,0,0,0,0,0.125,2
MCGPO,Purple,Purple,Purple,Red,Red,Red,Cyan,Purple,0,0.5,0,0.375,0,0,0,0.125,3
RCGPO,Purple,Purple,Purple,Red,Red,Red,Cyan,Purple,0,0.5,0,0.375,0,0,0,0.125,3
YCGPO,Purple,Purple,Red,Red,Red,Cyan,Cyan,Cyan,0,0.25,0,0.375,0,0,0,0.375,3
MBCPO,Purple,Purple,Purple,Purple,Purple,Purple,Purple,Purple,0,1,0,0,0,0,0,0,1
RBCPO,Purple,Purple,Purple,Purple,Purple,Purple,Cyan,Purple,0,0.875,0,0,0,0,0,0.125,2
YBCPO,Purple,Purple,Purple,Purple,Purple,Cyan,Purple,Purple,0,0.875,0,0,0,0,0,0.125,2
GBCPO,Purple,Purple,Purple,Cyan,Cyan,Cyan,Purple,Purple,0,0.625,0,0,0,0,0,0.375,2
BMCPO,Purple,Purple,Purple,Purple,Purple,Red,Purple,Purple,0,0.875,0,0.125,0,0,0,0,2
RMCPO,Purple,Purple,Purple,Red,Red,Red,Red,Purple,0,0.5,0,0.5,0,0,0,0,2
YMCPO,Purple,Purple,Red,Red,Red,Red,Cyan,Cyan,0,0.25,0,0.5,0,0,0,0.25,3
GMCPO,Purple,Purple,Purple,Red,Red,Red,Cyan,Purple,0,0.5,0,0.375,0,0,0,0.125,3
BRCPO,Purple,Purple,Purple,Purple,Purple,Red,Purple,Purple,0,0.875,0,0.125,0,0,0,0,2
MRCPO,Purple,Purple,Purple,Red,Red,Red,Cyan,Purple,0,0.5,0,0.375,0,0,0,0.125,3
YRCPO,Purple,Purple,Red,Red,Red,Red,Cyan,Cyan,0,0.25,0,0.5,0,0,0,0.25,3
GRCPO,Purple,Purple,Purple,Red,Red,Red,Cyan,Purple,0,0.5,0,0.375,0,0,0,0.125,3
BYCPO,Purple,Purple,Purple,Red,Purple,Cyan,Cyan,Cyan,0,0.5,0,0.125,0,0,0,0.375,3
MYCPO,Purple,Purple,Red,Red,Red,Red,Cyan,Purple,0,0.375,0,0.5,0,0,0,0.125,3
RYCPO,Red,Red,Red,Red,Red,Red,Cyan,Cyan,0,0,0,0.75,0,0,0,0.25,2
GYCPO,Cyan,Cyan,Red,Cyan,Cyan,Cyan,Cyan,Cyan,0,0,0,0.125,0,0,0,0.875,2
BGCPO,Purple,Purple,Purple,Purple,Purple,Cyan,Purple,Purple,0,0.875,0,0,0,0,0,0.125,2
MGCPO,Purple,Purple,Purple,Cyan,Cyan,Cyan,Cyan,Purple,0,0.5,0,0,0,0,0,0.5,2
RGCPO,Purple,Purple,Purple,Cyan,Cyan,Cyan,Cyan,Purple,0,0.5,0,0,0,0,0,0.5,2
YGCPO,Purple,Purple,Cyan,Cyan,Cyan,Cyan,Cyan,Cyan,0,0.25,0,0,0,0,0,0.75,2
RPBMO,Magenta,Magenta,Magenta,Purple,Purple,Purple,Red,Magenta,0,0.375,0.5,0.125,0,0,0,0,3
YPBMO,Magenta,Purple,Purple,Purple,Purple,Red,Purple,Purple,0,0.75,0.125,0.125,0,0,0,0,3
GPBMO,Magenta,Magenta,Magenta,Red,Red,Red,Purple,Magenta,0,0.125,0.5,0.375,0,0,0,0,3
CPBMO,Magenta,Magenta,Magenta,Purple,Purple,Purple,Purple,Magenta,0,0.5,0.5,0,0,0,0,0,2
PRBMO,Purple,Purple,Purple,Purple,Purple,Purple,Purple,Purple,0,1,0,0,0,0,0,0,1
YRBMO,Purple,Purple,Red,Purple,Red,Purple,Red,Red,0,0.5,0,0.5,0,0,0,0,2
GRBMO,Purple,Purple,Purple,Purple,Purple,Purple,Red,Purple,0,0.875,0,0.125,0,0,0,0,2
CRBMO,Purple,Purple,Purple,Red,Purple,Red,Red,Purple,0,0.625,0,0.375,0,0,0,0,2
PYBMO,Magenta,Purple,Magenta,Red,Red,Red,Purple,Magenta,0,0.25,0.375,0.375,0,0,0,0,3
RYBMO,Red,Red,Red,Purple,Red,Red,Red,Purple,0,0.25,0,0.75,0,0,0,0,2
GYBMO,Purple,Purple,Red,Red,Red,Red,Purple,Purple,0,0.5,0,0.5,0,0,0,0,2
CYBMO,Magenta,Magenta,Magenta,Purple,Red,Purple,Purple,Purple,0,0.5,0.375,0.125,0,0,0,0,3
PGBMO,Purple,Purple,Purple,Purple,Purple,Red,Purple,Purple,0,0.875,0,0.125,0,0,0,0,2
RGBMO,Purple,Purple,Purple,Red,Red,Red,Red,Purple,0,0.5,0,0.5,0,0,0,0,2
YGBMO,Purple,Purple,Red,Red,Red,Red,Purple,Purple,0,0.5,0,0.5,0,0,0,0,2
CGBMO,Purple,Purple,Purple,Red,Red,Purple,Purple,Purple,0,0.75,0,0.25,0,0,0,0,2
PCBMO,Magenta,Magenta,Magenta,Magenta,Magenta,Purple,Purple,Magenta,0,0.25,0.75,0,0,0,0,0,2
RCBMO,Magenta,Magenta,Magenta,Red,Purple,Purple,Purple,Purple,0,0.5,0.375,0.125,0,0,0,0,3
YCBMO,Magenta,Magenta,Red,Purple,Red,Purple,Purple,Purple,0,0.5,0.25,0.25,0,0,0,0,3
GCBMO,Purple,Purple,Magenta,Purple,Purple,Purple,Purple,Purple,0,0.875,0.125,0,0,0,0,0,2
RBPMO,Purple,Purple,Purple,Magenta,Purple,Purple,Red,Magenta,0,0.625,0.25,0.125,0,0,0,0,3
YBPMO,Magenta,Purple,Magenta,Purple,Magenta,Red,Magenta,Magenta,0,0.25,0.625,0.125,0,0,0,0,3
GBPMO,Magenta,Magenta,Purple,Red,Red,Red,Magenta,Magenta,0,0.125,0.5,0.375,0,0,0,0,3
CBPMO,Magenta,Magenta,Magenta,Magenta,Purple,Magenta,Magenta,Magenta,0,0.125,0.875,0,0,0,0,0,2
BRPMO,Magenta,Magenta,Magenta,Magenta,Magenta,Red,Magenta,Magenta,0,0,0.875,0.125,0,0,0,0,2
YRPMO,Magenta,Magenta,Red,Red,Red,Red,Red,Red,0,0,0.25,0.75,0,0,0,0,2
GRPMO,Magenta,Magenta,Magenta,Red,Red,Red,Red,Magenta,0,0,0.5,0.5,0,0,0,0,2
CRPMO,Magenta,Magenta,Magenta,Red,Red,Red,Red,Magenta,0,0,0.5,0.5,0,0,0,0,2
BYPMO,Magenta,Purple,Purple,Red,Purple,Red,Purple,Purple,0,0.625,0.125,0.25,0,0,0,0,3
RYPMO,Red,Red,Red,Red,Red,Red,Red,Purple,0,0.125,0,0.875,0,0,0,0,2
GYPMO,Purple,Purple,Red,Red,Red,Red,Purple,Purple,0,0.5,0,0.5,0,0,0,0,2
CYPMO,Magenta,Magenta,Magenta,Red,Red,Purple,Purple,Purple,0,0.375,0.375,0.25,0,0,0,0,3
BGPMO,Magenta,Magenta,Magenta,Magenta,Magenta,Red,Magenta,Magenta,0,0,0.875,0.125,0,0,0,0,2
RGPMO,Magenta,Magenta,Magenta,Red,Red,Red,Red,Magenta,0,0,0.5,0.5,0,0,0,0,2
YGPMO,Magenta,Magenta,Red,Red,Red,Red,Purple,Purple,0,0.25,0.25,0.5,0,0,0,0,3
CGPMO,Magenta,Magenta,Magenta,Red,Red,Purple,Purple,Magenta,0,0.25,0.5,0.25,0,0,0,0,3
BCPMO,Magenta,Magenta,Magenta,Magenta,Magenta,Purple,Magenta,Magenta,0,0.125,0.875,0,0,0,0,0,2
RCPMO,Magenta,Magenta,Magenta,Red,Red,Red,Purple,Magenta,0,0.125,0.5,0.375,0,0,0,0,3
YCPMO,Magenta,Magenta,Red,Red,Red,Purple,Purple,Purple,0,0.375,0.25,0.375,0,0,0,0,3
GCPMO,Magenta,Magenta,Magenta,Purple,Purple,Purple,Purple,Magenta,0,0.5,0.5,0,0,0,0,0,2
PBRMO,Red,Red,Red,Red,Red,Red,Purple,Red,0,0.125,0,0.875,0,0,0,0,2
YBRMO,Red,Red,Red,Red,Red,Red,Purple,Purple,0,0.25,0,0.75,0,0,0,0,2
GBRMO,Purple,Purple,Red,Red,Red,Red,Purple,Purple,0,0.5,0,0.5,0,0,0,0,2
CBRMO,Red,Red,Red,Red,Red,Purple,Purple,Purple,0,0.375,0,0.625,0,0,0,0,2
BPRMO,Red,Red,Red,Red,Red,Red,Red,Red,0,0,0,1,0,0,0,0,1
YPRMO,Red,Red,Red,Red,Red,Red,Purple,Purple,0,0.25,0,0.75,0,0,0,0,2
GPRMO,Red,Red,Red,Red,Red,Red,Purple,Red,0,0.125,0,0.875,0,0,0,0,2
CPRMO,Red,Red,Red,Red,Red,Purple,Purple,Red,0,0.25,0,0.75,0,0,0,0,2
BYRMO,Red,Red,Red,Red,Red,Red,Red,Red,0,0,0,1,0,0,0,0,1
PYRMO,Red,Red,Red,Red,Red,Red,Red,Red,0,0,0,1,0,0,0,0,1
GYRMO,Red,Red,Red,Red,Red,Red,Red,Red,0,0,0,1,0,0,0,0,1
CYRMO,Red,Red,Red,Red,Red,Red,Red,Red,0,0,0,1,0,0,0,0,1
BGRMO,Purple,Purple,Purple,Red,Purple,Red,Purple,Purple,0,0.75,0,0.25,0,0,0,0,2
PGRMO,Purple,Purple,Purple,Red,Red,Red,Purple,Purple,0,0.625,0,0.375,0,0,0,0,2
YGRMO,Purple,Purple,Red,Red,Red,Red,Red,Red,0,0.25,0,0.75,0,0,0,0,2
CGRMO,Purple,Purple,Purple,Red,Red,Red,Red,Purple,0,0.5,0,0.5,0,0,0,0,2
BCRMO,Red,Red,Red,Red,Red,Red,Purple,Purple,0,0.25,0,0.75,0,0,0,0,2
PCRMO,Red,Red,Red,Red,Red,Red,Purple,Red,0,0.125,0,0.875,0,0,0,0,2
YCRMO,Red,Red,Red,Red,Red,Red,Red,Red,0,0,0,1,0,0,0,0,1
GCRMO,Purple,Purple,Red,Red,Red,Red,Red,Purple,0,0.375,0,0.625,0,0,0,0,2
PBYMO,Magenta,Purple,Magenta,Purple,Purple,Red,Yellow,Magenta,0,0.375,0.375,0.125,0,0.125,0,0,4
RBYMO,Purple,Purple,Purple,Red,Purple,Purple,Red,Yellow,0,0.625,0,0.25,0,0.125,0,0,3
GBYMO,Yellow,Yellow,Purple,Red,Red,Red,Yellow,Yellow,0,0.125,0,0.375,0,0.5,0,0,3
CBYMO,Magenta,Magenta,Magenta,Red,Purple,Yellow,Yellow,Yellow,0,0.125,0.375,0.125,0,0.375,0,0,4
BPYMO,Magenta,Purple,Purple,Magenta,Purple,Red,Magenta,Magenta,0,0.375,0.5,0.125,0,0,0,0,3
RPYMO,Magenta,Magenta,Magenta,Red,Red,Red,Red,Magenta,0,0,0.5,0.5,0,0,0,0,2
GPYMO,Magenta,Magenta,Magenta,Red,Red,Red,Yellow,Magenta,0,0,0.5,0.375,0,0.125,0,0,3
CPYMO,Magenta,Magenta,Magenta,Red,Red,Yellow,Yellow,Magenta,0,0,0.5,0.25,0,0.25,0,0,3
BRYMO,Red,Red,Red,Red,Red,Red,Yellow,Yellow,0,0,0,0.75,0,0.25,0,0,2
PRYMO,Red,Red,Red,Red,Red,Red,Yellow,Red,0,0,0,0.875,0,0.125,0,0,2
GRYMO,Yellow,Yellow,Red,Red,Red,Red,Red,Yellow,0,0,0,0.625,0,0.375,0,0,2
CRYMO,Red,Red,Red,Red,Red,Red,Red,Yellow,0,0,0,0.875,0,0.125,0,0,2
BGYMO,Yellow,Yellow,Yellow,Red,Yellow,Red,Yellow,Yellow,0,0,0,0.25,0,0.75,0,0,2
PGYMO,Yellow,Yellow,Yellow,Red,Red,Red,Yellow,Yellow,0,0,0,0.375,0,0.625,0,0,2
RGYMO,Red,Red,Red,Red,Red,Red,Red,Yellow,0,0,0,0.875,0,0.125,0,0,2
CGYMO,Yellow,Yellow,Yellow,Red,Red,Yellow,Yellow,Yellow,0,0,0,0.25,0,0.75,0,0,2
BCYMO,Magenta,Magenta,Magenta,Magenta,Magenta,Yellow,Yellow,Yellow,0,0,0.625,0,0,0.375,0,0,2
PCYMO,Magenta,Magenta,Magenta,Magenta,Magenta,Yellow,Yellow,Magenta,0,0,0.75,0,0,0.25,0,0,2
RCYMO,Magenta,Magenta,Magenta,Red,Red,Red,Yellow,Yellow,0,0,0.375,0.375,0,0.25,0,0,3
GCYMO,Yellow,Yellow,Magenta,Yellow,Yellow,Yellow,Yellow,Yellow,0,0,0.125,0,0,0.875,0,0,2
PBGMO,Purple,Purple,Purple,Purple,Purple,Red,Purple,Purple,0,0.875,0,0.125,0,0,0,0,2
RBGMO,Purple,Purple,Purple,Red,Purple,Purple,Red,Purple,0,0.75,0,0.25,0,0,0,0,2
YBGMO,Purple,Purple,Red,Purple,Red,Red,Purple,Purple,0,0.625,0,0.375,0,0,0,0,2
CBGMO,Purple,Purple,Purple,Red,Purple,Purple,Purple,Purple,0,0.875,0,0.125,0,0,0,0,2
BPGMO,Purple,Purple,Purple,Purple,Purple,Red,Purple,Purple,0,0.875,0,0.125,0,0,0,0,2
RPGMO,Purple,Purple,Purple,Red,Red,Red,Red,Purple,0,0.5,0,0.5,0,0,0,0,2
YPGMO,Purple,Purple,Red,Red,Red,Red,Purple,Purple,0,0.5,0,0.5,0,0,0,0,2
CPGMO,Purple,Purple,Purple,Red,Red,Purple,Purple,Purple,0,0.75,0,0.25,0,0,0,0,2
BRGMO,Red,Red,Red,Red,Red,Red,Purple,Purple,0,0.25,0,0.75,0,0,0,0,2
PRGMO,Red,Red,Red,Red,Red,Red,Purple,Red,0,0.125,0,0.875,0,0,0,0,2
YRGMO,Red,Red,Red,Red,Red,Red,Red,Red,0,0,0,1,0,0,0,0,1
CRGMO,Red,Red,Red,Red,Red,Red,Red,Purple,0,0.125,0,0.875,0,0,0,0,2
BYGMO,Purple,Purple,Purple,Red,Purple,Red,Yellow,Yellow,0,0.5,0,0.25,0,0.25,0,0,3
PYGMO,Purple,Purple,Purple,Red,Red,Red,Yellow,Purple,0,0.5,0,0.375,0,0.125,0,0,3
RYGMO,Red,Red,Red,Red,Red,Red,Red,Yellow,0,0,0,0.875,0,0.125,0,0,2
CYGMO,Purple,Purple,Purple,Red,Red,Yellow,Yellow,Yellow,0,0.375,0,0.25,0,0.375,0,0,3
BCGMO,Purple,Purple,Purple,Purple,Purple,Yellow,Purple,Purple,0,0.875,0,0,0,0.125,0,0,2
PCGMO,Purple,Purple,Purple,Purple,Purple,Yellow,Purple,Purple,0,0.875,0,0,0,0.125,0,0,2
RCGMO,Purple,Purple,Purple,Red,Red,Red,Yellow,Purple,0,0.5,0,0.375,0,0.125,0,0,3
YCGMO,Purple,Purple,Red,Red,Red,Yellow,Yellow,Yellow,0,0.25,0,0.375,0,0.375,0,0,3
PBCMO,Magenta,Magenta,Magenta,Magenta,Magenta,Yellow,Purple,Magenta,0,0.125,0.75,0,0,0.125,0,0,3
RBCMO,Magenta,Magenta,Magenta,Magenta,Magenta,Magenta,Yellow,Purple,0,0.125,0.75,0,0,0.125,0,0,3
YBCMO,Magenta,Magenta,Magenta,Magenta,Magenta,Yellow,Purple,Purple,0,0.25,0.625,0,0,0.125,0,0,3
GBCMO,Purple,Purple,Magenta,Yellow,Yellow,Yellow,Purple,Purple,0,0.5,0.125,0,0,0.375,0,0,3
BPCMO,Magenta,Magenta,Magenta,Magenta,Magenta,Yellow,Magenta,Magenta,0,0,0.875,0,0,0.125,0,0,2
RPCMO,Magenta,Magenta,Magenta,Magenta,Magenta,Magenta,Yellow,Magenta,0,0,0.875,0,0,0.125,0,0,2
YPCMO,Magenta,Magenta,Magenta,Magenta,Magenta,Yellow,Purple,Purple,0,0.25,0.625,0,0,0.125,0,0,3
GPCMO,Magenta,Magenta,Magenta,Yellow,Yellow,Yellow,Purple,Magenta,0,0.125,0.5,0,0,0.375,0,0,3
BRCMO,Magenta,Magenta,Magenta,Magenta,Magenta,Red,Purple,Purple,0,0.25,0.625,0.125,0,0,0,0,3
PRCMO,Magenta,Magenta,Magenta,Magenta,Magenta,Red,Purple,Magenta,0,0.125,0.75,0.125,0,0,0,0,3
YRCMO,Magenta,Magenta,Red,Red,Red,Red,Yellow,Yellow,0,0,0.25,0.5,0,0.25,0,0,3
GRCMO,Purple,Purple,Magenta,Red,Red,Red,Yellow,Purple,0,0.375,0.125,0.375,0,0.125,0,0,4
BYCMO,Magenta,Magenta,Magenta,Red,Magenta,Yellow,Yellow,Yellow,0,0,0.5,0.125,0,0.375,0,0,3
PYCMO,Magenta,Magenta,Magenta,Red,Red,Yellow,Yellow,Magenta,0,0,0.5,0.25,0,0.25,0,0,3
RYCMO,Red,Red,Red,Red,Red,Red,Yellow,Yellow,0,0,0,0.75,0,0.25,0,0,2
GYCMO,Yellow,Yellow,Red,Yellow,Yellow,Yellow,Yellow,Yellow,0,0,0,0.125,0,0.875,0,0,2
BGCMO,Purple,Purple,Purple,Magenta,Purple,Yellow,Purple,Purple,0,0.75,0.125,0,0,0.125,0,0,3
PGCMO,Purple,Purple,Purple,Magenta,Magenta,Yellow,Purple,Purple,0,0.625,0.25,0,0,0.125,0,0,3
RGCMO,Magenta,Magenta,Magenta,Yellow,Yellow,Yellow,Yellow,Purple,0,0.125,0.375,0,0,0.5,0,0,3
YGCMO,Purple,Purple,Yellow,Yellow,Yellow,Yellow,Yellow,Yellow,0,0.25,0,0,0,0.75,0,0,2
MPBRO,Red,Red,Red,Red,Red,Red,Cyan,Red,0,0,0,0.875,0,0,0,0.125,2
YPBRO,Red,Red,Red,Red,Red,Orange,Cyan,Cyan,0,0,0,0.625,0.125,0,0,0.25,3
GPBRO,Red,Red,Red,Orange,Orange,Orange,Cyan,Red,0,0,0,0.5,0.375,0,0,0.125,3
CPBRO,Red,Red,Red,Red,Red,Cyan,Cyan,Red,0,0,0,0.75,0,0,0,0.25,2
PMBRO,Red,Red,Red,Red,Red,Red,Red,Red,0,0,0,1,0,0,0,0,1
YMBRO,Red,Red,Red,Red,Red,Red,Cyan,Cyan,0,0,0,0.75,0,0,0,0.25,2
GMBRO,Red,Red,Red,Red,Red,Red,Cyan,Red,0,0,0,0.875,0,0,0,0.125,2
CMBRO,Red,Red,Red,Red,Red,Cyan,Cyan,Red,0,0,0,0.75,0,0,0,0.25,2
PYBRO,Red,Red,Red,Red,Red,Orange,Cyan,Red,0,0,0,0.75,0.125,0,0,0.125,3
MYBRO,Red,Red,Red,Red,Red,Red,Cyan,Red,0,0,0,0.875,0,0,0,0.125,2
GYBRO,Cyan,Cyan,Red,Orange,Orange,Orange,Cyan,Cyan,0,0,0,0.125,0.375,0,0,0.5,3
CYBRO,Red,Red,Red,Red,Red,Cyan,Cyan,Cyan,0,0,0,0.625,0,0,0,0.375,2
PGBRO,Cyan,Cyan,Cyan,Red,Red,Orange,Cyan,Cyan,0,0,0,0.25,0.125,0,0,0.625,3
MGBRO,Cyan,Cyan,Red,Orange,Orange,Orange,Cyan,Cyan,0,0,0,0.125,0.375,0,0,0.5,3
YGBRO,Cyan,Cyan,Orange,Orange,Orange,Orange,Cyan,Cyan,0,0,0,0,0.5,0,0,0.5,2
CGBRO,Cyan,Cyan,Cyan,Orange,Orange,Cyan,Cyan,Cyan,0,0,0,0,0.25,0,0,0.75,2
PCBRO,Red,Red,Red,Red,Red,Cyan,Cyan,Red,0,0,0,0.75,0,0,0,0.25,2
MCBRO,Red,Red,Red,Red,Red,Red,Cyan,Red,0,0,0,0.875,0,0,0,0.125,2
YCBRO,Red,Red,Red,Red,Red,Cyan,Cyan,Cyan,0,0,0,0.625,0,0,0,0.375,2
GCBRO,Cyan,Cyan,Red,Cyan,Cyan,Cyan,Cyan,Cyan,0,0,0,0.125,0,0,0,0.875,2
MBPRO,Red,Red,Red,Red,Red,Red,Red,Red,0,0,0,1,0,0,0,0,1
YBPRO,Red,Red,Red,Red,Red,Orange,Red,Red,0,0,0,0.875,0.125,0,0,0,2
GBPRO,Red,Red,Red,Orange,Orange,Orange,Red,Red,0,0,0,0.625,0.375,0,0,0,2
CBPRO,Red,Red,Red,Red,Red,Red,Red,Red,0,0,0,1,0,0,0,0,1
BMPRO,Red,Red,Red,Red,Red,Red,Red,Red,0,0,0,1,0,0,0,0,1
YMPRO,Red,Red,Red,Red,Red,Red,Cyan,Cyan,0,0,0,0.75,0,0,0,0.25,2
GMPRO,Red,Red,Red,Red,Red,Red,Cyan,Red,0,0,0,0.875,0,0,0,0.125,2
CMPRO,Red,Red,Red,Red,Red,Cyan,Cyan,Red,0,0,0,0.75,0,0,0,0.25,2
BYPRO,Red,Red,Red,Red,Red,Orange,Cyan,Cyan,0,0,0,0.625,0.125,0,0,0.25,3
MYPRO,Red,Red,Red,Red,Red,Red,Cyan,Red,0,0,0,0.875,0,0,0,0.125,2
GYPRO,Cyan,Cyan,Red,Orange,Orange,Orange,Cyan,Cyan,0,0,0,0.125,0.375,0,0,0.5,3
CYPRO,Red,Red,Red,Red,Red,Cyan,Cyan,Cyan,0,0,0,0.625,0,0,0,0.375,2
BGPRO,Red,Red,Red,Red,Red,Orange,Red,Red,0,0,0,0.875,0.125,0,0,0,2
MGPRO,Red,Red,Red,Orange,Orange,Orange,Cyan,Red,0,0,0,0.5,0.375,0,0,0.125,3
YGPRO,Red,Red,Orange,Orange,Orange,Orange,Cyan,Cyan,0,0,0,0.25,0.5,0,0,0.25,3
CGPRO,Red,Red,Red,Orange,Orange,Cyan,Cyan,Red,0,0,0,0.5,0.25,0,0,0.25,3
BCPRO,Red,Red,Red,Red,Red,Cyan,Red,Red,0,0,0,0.875,0,0,0,0.125,2
MCPRO,Red,Red,Red,Red,Red,Red,Cyan,Red,0,0,0,0.875,0,0,0,0.125,2
YCPRO,Red,Red,Red,Red,Red,Cyan,Cyan,Cyan,0,0,0,0.625,0,0,0,0.375,2
GCPRO,Red,Red,Red,Cyan,Cyan,Cyan,Cyan,Red,0,0,0,0.5,0,0,0,0.5,2
PBMRO,Red,Red,Red,Red,Red,Red,Red,Red,0,0,0,1,0,0,0,0,1
YBMRO,Red,Red,Red,Red,Red,Red,Red,Red,0,0,0,1,0,0,0,0,1
GBMRO,Red,Red,Red,Red,Red,Red,Red,Red,0,0,0,1,0,0,0,0,1
CBMRO,Red,Red,Red,Red,Red,Red,Red,Red,0,0,0,1,0,0,0,0,1
BPMRO,Red,Red,Red,Red,Red,Red,Red,Red,0,0,0,1,0,0,0,0,1
YPMRO,Red,Red,Red,Red,Red,Red,Red,Red,0,0,0,1,0,0,0,0,1
GPMRO,Red,Red,Red,Red,Red,Red,Red,Red,0,0,0,1,0,0,0,0,1
CPMRO,Red,Red,Red,Red,Red,Red,Red,Red,0,0,0,1,0,0,0,0,1
BYMRO,Red,Red,Red,Red,Red,Red,Red,Red,0,0,0,1,0,0,0,0,1
PYMRO,Red,Red,Red,Red,Red,Red,Red,Red,0,0,0,1,0,0,0,0,1
GYMRO,Red,Red,Red,Red,Red,Red,Red,Red,0,0,0,1,0,0,0,0,1
CYMRO,Red,Red,Red,Red,Red,Red,Red,Red,0,0,0,1,0,0,0,0,1
BGMRO,Red,Red,Red,Red,Red,Red,Red,Red,0,0,0,1,0,0,0,0,1
PGMRO,Red,Red,Red,Red,Red,Red,Red,Red,0,0,0,1,0,0,0,0,1
YGMRO,Red,Red,Red,Red,Red,Red,Red,Red,0,0,0,1,0,0,0,0,1
CGMRO,Red,Red,Red,Red,Red,Red,Red,Red,0,0,0,1,0,0,0,0,1
BCMRO,Red,Red,Red,Red,Red,Red,Red,Red,0,0,0,1,0,0,0,0,1
PCMRO,Red,Red,Red,Red,Red,Red,Red,Red,0,0,0,1,0,0,0,0,1
YCMRO,Red,Red,Red,Red,Red,Red,Red,Red,0,0,0,1,0,0,0,0,1
GCMRO,Red,Red,Red,Red,Red,Red,Red,Red,0,0,0,1,0,0,0,0,1
PBYRO,Red,Red,Red,Red,Red,Orange,Red,Red,0,0,0,0.875,0.125,0,0,0,2
MBYRO,Red,Red,Red,Red,Red,Red,Red,Red,0,0,0,1,0,0,0,0,1
GBYRO,Red,Red,Red,Orange,Orange,Orange,Red,Red,0,0,0,0.625,0.375,0,0,0,2
CBYRO,Red,Red,Red,Red,Red,Red,Red,Red,0,0,0,1,0,0,0,0,1
BPYRO,Red,Red,Red,Red,Red,Orange,Red,Red,0,0,0,0.875,0.125,0,0,0,2
MPYRO,Red,Red,Red,Red,Red,Red,Red,Red,0,0,0,1,0,0,0,0,1
GPYRO,Red,Red,Red,Orange,Orange,Orange,Red,Red,0,0,0,0.625,0.375,0,0,0,2
CPYRO,Red,Red,Red,Red,Red,Red,Red,Red,0,0,0,1,0,0,0,0,1
BMYRO,Red,Red,Red,Red,Red,Orange,Red,Red,0,0,0,0.875,0.125,0,0,0,2
PMYRO,Red,Red,Red,Red,Red,Orange,Red,Red,0,0,0,0.875,0.125,0,0,0,2
GMYRO,Red,Red,Red,Orange,Orange,Orange,Red,Red,0,0,0,0.625,0.375,0,0,0,2
CMYRO,Red,Red,Red,Orange,Orange,Red,Red,Red,0,0,0,0.75,0.25,0,0,0,2
BGYRO,Red,Red,Red,Red,Red,Orange,Red,Red,0,0,0,0.875,0.125,0,0,0,2
PGYRO,Red,Red,Red,Red,Red,Orange,Red,Red,0,0,0,0.875,0.125,0,0,0,2
MGYRO,Red,Red,Red,Orange,Orange,Orange,Red,Red,0,0,0,0.625,0.375,0,0,0,2
CGYRO,Red,Red,Red,Orange,Orange,Red,Red,Red,0,0,0,0.75,0.25,0,0,0,2
BCYRO,Red,Red,Red,Red,Red,Red,Red,Red,0,0,0,1,0,0,0,0,1
PCYRO,Red,Red,Red,Red,Red,Red,Red,Red,0,0,0,1,0,0,0,0,1
MCYRO,Red,Red,Red,Orange,Orange,Orange,Red,Red,0,0,0,0.625,0.375,0,0,0,2
GCYRO,Red,Red,Red,Red,Red,Red,Red,Red,0,0,0,1,0,0,0,0,1
PBGRO,Cyan,Cyan,Cyan,Cyan,Cyan,Orange,Cyan,Cyan,0,0,0,0,0.125,0,0,0.875,2
MBGRO,Cyan,Cyan,Cyan,Red,Red,Red,Cyan,Cyan,0,0,0,0.375,0,0,0,0.625,2
YBGRO,Cyan,Cyan,Red,Cyan,Red,Orange,Cyan,Cyan,0,0,0,0.25,0.125,0,0,0.625,3
CBGRO,Cyan,Cyan,Cyan,Red,Cyan,Cyan,Cyan,Cyan,0,0,0,0.125,0,0,0,0.875,2
BPGRO,Cyan,Cyan,Cyan,Cyan,Cyan,Orange,Cyan,Cyan,0,0,0,0,0.125,0,0,0.875,2
MPGRO,Cyan,Cyan,Cyan,Red,Red,Red,Cyan,Cyan,0,0,0,0.375,0,0,0,0.625,2
YPGRO,Cyan,Cyan,Red,Red,Red,Orange,Cyan,Cyan,0,0,0,0.375,0.125,0,0,0.5,3
CPGRO,Cyan,Cyan,Cyan,Red,Red,Cyan,Cyan,Cyan,0,0,0,0.25,0,0,0,0.75,2
BMGRO,Cyan,Cyan,Cyan,Red,Cyan,Orange,Cyan,Cyan,0,0,0,0.125,0.125,0,0,0.75,3
PMGRO,Cyan,Cyan,Cyan,Red,Red,Orange,Cyan,Cyan,0,0,0,0.25,0.125,0,0,0.625,3
YMGRO,Cyan,Cyan,Orange,Orange,Orange,Orange,Red,Red,0,0,0,0.25,0.5,0,0,0.25,3
CMGRO,Cyan,Cyan,Cyan,Orange,Orange,Red,Red,Cyan,0,0,0,0.25,0.25,0,0,0.5,3
BYGRO,Cyan,Cyan,Cyan,Orange,Cyan,Orange,Red,Red,0,0,0,0.25,0.25,0,0,0.5,3
PYGRO,Cyan,Cyan,Cyan,Orange,Orange,Orange,Red,Cyan,0,0,0,0.125,0.375,0,0,0.5,3
MYGRO,Cyan,Cyan,Orange,Orange,Orange,Orange,Red,Cyan,0,0,0,0.125,0.5,0,0,0.375,3
CYGRO,Cyan,Cyan,Cyan,Orange,Orange,Red,Red,Red,0,0,0,0.375,0.25,0,0,0.375,3
BCGRO,Cyan,Cyan,Cyan,Cyan,Cyan,Red,Cyan,Cyan,0,0,0,0.125,0,0,0,0.875,2
PCGRO,Cyan,Cyan,Cyan,Cyan,Cyan,Red,Cyan,Cyan,0,0,0,0.125,0,0,0,0.875,2
MCGRO,Cyan,Cyan,Cyan,Orange,Orange,Orange,Red,Cyan,0,0,0,0.125,0.375,0,0,0.5,3
YCGRO,Cyan,Cyan,Orange,Orange,Orange,Red,Red,Red,0,0,0,0.375,0.375,0,0,0.25,3
PBCRO,Red,Red,Red,Red,Red,Red,Cyan,Red,0,0,0,0.875,0,0,0,0.125,2
MBCRO,Red,Red,Red,Red,Red,Red,Cyan,Red,0,0,0,0.875,0,0,0,0.125,2
YBCRO,Red,Red,Red,Red,Red,Red,Cyan,Cyan,0,0,0,0.75,0,0,0,0.25,2
GBCRO,Cyan,Cyan,Red,Red,Red,Red,Cyan,Cyan,0,0,0,0.5,0,0,0,0.5,2
BPCRO,Red,Red,Red,Red,Red,Red,Red,Red,0,0,0,1,0,0,0,0,1
MPCRO,Red,Red,Red,Red,Red,Red,Cyan,Red,0,0,0,0.875,0,0,0,0.125,2
YPCRO,Red,Red,Red,Red,Red,Red,Cyan,Cyan,0,0,0,0.75,0,0,0,0.25,2
GPCRO,Red,Red,Red,Red,Red,Red,Cyan,Red,0,0,0,0.875,0,0,0,0.125,2
BMCRO,Red,Red,Red,Red,Red,Red,Red,Red,0,0,0,1,0,0,0,0,1
PMCRO,Red,Red,Red,Red,Red,Red,Red,Red,0,0,0,1,0,0,0,0,1
YMCRO,Red,Red,Red,Red,Red,Red,Red,Red,0,0,0,1,0,0,0,0,1
GMCRO,Red,Red,Red,Red,Red,Red,Red,Red,0,0,0,1,0,0,0,0,1
BYCRO,Red,Red,Red,Red,Red,Red,Red,Red,0,0,0,1,0,0,0,0,1
PYCRO,Red,Red,Red,Red,Red,Red,Red,Red,0,0,0,1,0,0,0,0,1
MYCRO,Red,Red,Red,Orange,Orange,Orange,Red,Red,0,0,0,0.625,0.375,0,0,0,2
GYCRO,Red,Red,Red,Red,Red,Red,Red,Red,0,0,0,1,0,0,0,0,1
BGCRO,Cyan,Cyan,Cyan,Red,Cyan,Red,Cyan,Cyan,0,0,0,0.25,0,0,0,0.75,2
PGCRO,Cyan,Cyan,Cyan,Red,Red,Red,Cyan,Cyan,0,0,0,0.375,0,0,0,0.625,2
MGCRO,Cyan,Cyan,Red,Red,Red,Red,Red,Cyan,0,0,0,0.625,0,0,0,0.375,2
YGCRO,Cyan,Cyan,Red,Red,Red,Red,Red,Red,0,0,0,0.75,0,0,0,0.25,2
MPBYO,Magenta,Purple,Purple,Magenta,Magenta,Magenta,Yellow,Purple,0,0.375,0.5,0,0,0.125,0,0,3
RPBYO,Purple,Purple,Purple,Magenta,Magenta,Magenta,Red,Purple,0,0.5,0.375,0.125,0,0,0,0,3
GPBYO,Purple,Purple,Purple,Red,Red,Red,Yellow,Purple,0,0.5,0,0.375,0,0.125,0,0,3
CPBYO,Purple,Purple,Purple,Magenta,Magenta,Yellow,Yellow,Purple,0,0.5,0.25,0,0,0.25,0,0,3
PMBYO,Magenta,Purple,Magenta,Magenta,Magenta,Red,Purple,Magenta,0,0.25,0.625,0.125,0,0,0,0,3
RMBYO,Magenta,Magenta,Magenta,Red,Red,Red,Red,Purple,0,0.125,0.375,0.5,0,0,0,0,3
GMBYO,Purple,Purple,Magenta,Red,Red,Red,Yellow,Purple,0,0.375,0.125,0.375,0,0.125,0,0,4
CMBYO,Magenta,Magenta,Magenta,Red,Red,Yellow,Yellow,Purple,0,0.125,0.375,0.25,0,0.25,0,0,4
PRBYO,Magenta,Magenta,Magenta,Magenta,Magenta,Magenta,Yellow,Magenta,0,0,0.875,0,0,0.125,0,0,2
MRBYO,Magenta,Magenta,Magenta,Red,Red,Red,Red,Magenta,0,0,0.5,0.5,0,0,0,0,2
GRBYO,Yellow,Yellow,Magenta,Magenta,Magenta,Magenta,Red,Yellow,0,0,0.5,0.125,0,0.375,0,0,3
CRBYO,Magenta,Magenta,Magenta,Red,Magenta,Red,Red,Yellow,0,0,0.5,0.375,0,0.125,0,0,3
PGBYO,Yellow,Yellow,Yellow,Magenta,Magenta,Red,Yellow,Yellow,0,0,0.25,0.125,0,0.625,0,0,3
MGBYO,Yellow,Yellow,Magenta,Red,Red,Red,Yellow,Yellow,0,0,0.125,0.375,0,0.5,0,0,3
RGBYO,Magenta,Magenta,Magenta,Red,Red,Red,Red,Yellow,0,0,0.375,0.5,0,0.125,0,0,3
CGBYO,Yellow,Yellow,Yellow,Red,Red,Yellow,Yellow,Yellow,0,0,0,0.25,0,0.75,0,0,2
PCBYO,Purple,Purple,Purple,Purple,Purple,Yellow,Yellow,Purple,0,0.75,0,0,0,0.25,0,0,2
MCBYO,Purple,Purple,Purple,Red,Red,Red,Yellow,Purple,0,0.5,0,0.375,0,0.125,0,0,3
RCBYO,Purple,Purple,Purple,Red,Magenta,Magenta,Yellow,Yellow,0,0.375,0.25,0.125,0,0.25,0,0,4
GCBYO,Yellow,Yellow,Purple,Yellow,Yellow,Yellow,Yellow,Yellow,0,0.125,0,0,0,0.875,0,0,2
MBPYO,Magenta,Purple,Magenta,Purple,Purple,Purple,Purple,Purple,0,0.75,0.25,0,0,0,0,0,2
RBPYO,Magenta,Magenta,Magenta,Purple,Magenta,Magenta,Red,Purple,0,0.25,0.625,0.125,0,0,0,0,3
GBPYO,Purple,Purple,Magenta,Red,Red,Red,Purple,Purple,0,0.5,0.125,0.375,0,0,0,0,3
CBPYO,Purple,Purple,Purple,Purple,Magenta,Purple,Purple,Purple,0,0.875,0.125,0,0,0,0,0,2
BMPYO,Magenta,Purple,Purple,Purple,Purple,Red,Purple,Purple,0,0.75,0.125,0.125,0,0,0,0,3
RMPYO,Purple,Purple,Purple,Red,Red,Red,Red,Purple,0,0.5,0,0.5,0,0,0,0,2
GMPYO,Purple,Purple,Purple,Red,Red,Red,Yellow,Purple,0,0.5,0,0.375,0,0.125,0,0,3
CMPYO,Magenta,Magenta,Magenta,Red,Red,Yellow,Yellow,Purple,0,0.125,0.375,0.25,0,0.25,0,0,4
BRPYO,Purple,Purple,Purple,Purple,Purple,Red,Purple,Purple,0,0.875,0,0.125,0,0,0,0,2
MRPYO,Purple,Purple,Purple,Red,Red,Red,Red,Purple,0,0.5,0,0.5,0,0,0,0,2
GRPYO,Purple,Purple,Purple,Red,Red,Red,Red,Purple,0,0.5,0,0.5,0,0,0,0,2
CRPYO,Purple,Purple,Purple,Red,Red,Red,Red,Purple,0,0.5,0,0.5,0,0,0,0,2
BGPYO,Purple,Purple,Purple,Purple,Purple,Red,Purple,Purple,0,0.875,0,0.125,0,0,0,0,2
MGPYO,Purple,Purple,Purple,Red,Red,Red,Yellow,Purple,0,0.5,0,0.375,0,0.125,0,0,3
RGPYO,Purple,Purple,Purple,Red,Red,Red,Red,Purple,0,0.5,0,0.5,0,0,0,0,2
CGPYO,Purple,Purple,Purple,Red,Red,Yellow,Yellow,Purple,0,0.5,0,0.25,0,0.25,0,0,3
BCPYO,Purple,Purple,Purple,Purple,Purple,Yellow,Purple,Purple,0,0.875,0,0,0,0.125,0,0,2
MCPYO,Purple,Purple,Purple,Red,Red,Red,Yellow,Purple,0,0.5,0,0.375,0,0.125,0,0,3
RCPYO,Purple,Purple,Purple,Red,Red,Red,Yellow,Purple,0,0.5,0,0.375,0,0.125,0,0,3
GCPYO,Purple,Purple,Purple,Yellow,Yellow,Yellow,Yellow,Purple,0,0.5,0,0,0,0.5,0,0,2
PBMYO,Magenta,Purple,Magenta,Purple,Purple,Orange,Purple,Magenta,0,0.5,0.375,0,0.125,0,0,0,3
RBMYO,Purple,Purple,Purple,Red,Purple,Purple,Orange,Purple,0,0.75,0,0.125,0.125,0,0,0,3
GBMYO,Purple,Purple,Purple,Orange,Orange,Orange,Purple,Purple,0,0.625,0,0,0.375,0,0,0,2
CBMYO,Magenta,Magenta,Magenta,Red,Purple,Purple,Purple,Purple,0,0.5,0.375,0.125,0,0,0,0,3
BPMYO,Magenta,Purple,Purple,Magenta,Purple,Orange,Magenta,Magenta,0,0.375,0.5,0,0.125,0,0,0,3
RPMYO,Magenta,Magenta,Magenta,Red,Red,Red,Orange,Magenta,0,0,0.5,0.375,0.125,0,0,0,3
GPMYO,Magenta,Magenta,Magenta,Orange,Orange,Orange,Purple,Magenta,0,0.125,0.5,0,0.375,0,0,0,3
CPMYO,Magenta,Magenta,Magenta,Red,Red,Purple,Purple,Magenta,0,0.25,0.5,0.25,0,0,0,0,3
BRMYO,Red,Red,Red,Red,Red,Orange,Purple,Purple,0,0.25,0,0.625,0.125,0,0,0,3
PRMYO,Red,Red,Red,Red,Red,Orange,Purple,Red,0,0.125,0,0.75,0.125,0,0,0,3
GRMYO,Purple,Purple,Red,Orange,Orange,Orange,Orange,Purple,0,0.375,0,0.125,0.5,0,0,0,3
CRMYO,Red,Red,Red,Orange,Orange,Orange,Orange,Purple,0,0.125,0,0.375,0.5,0,0,0,3
BGMYO,Purple,Purple,Purple,Red,Purple,Orange,Purple,Purple,0,0.75,0,0.125,0.125,0,0,0,3
PGMYO,Purple,Purple,Purple,Red,Red,Orange,Purple,Purple,0,0.625,0,0.25,0.125,0,0,0,3
RGMYO,Red,Red,Red,Orange,Orange,Orange,Orange,Purple,0,0.125,0,0.375,0.5,0,0,0,3
CGMYO,Purple,Purple,Purple,Orange,Orange,Yellow,Yellow,Purple,0,0.5,0,0,0.25,0.25,0,0,3
BCMYO,Magenta,Magenta,Magenta,Magenta,Magenta,Yellow,Purple,Purple,0,0.25,0.625,0,0,0.125,0,0,3
PCMYO,Magenta,Magenta,Magenta,Magenta,Magenta,Yellow,Purple,Magenta,0,0.125,0.75,0,0,0.125,0,0,3
RCMYO,Magenta,Magenta,Magenta,Orange,Orange,Orange,Yellow,Purple,0,0.125,0.375,0,0.375,0.125,0,0,4
GCMYO,Purple,Purple,Magenta,Yellow,Yellow,Yellow,Yellow,Purple,0,0.375,0.125,0,0,0.5,0,0,3
PBRYO,Red,Red,Red,Red,Red,Red,Yellow,Red,0,0,0,0.875,0,0.125,0,0,2
MBRYO,Red,Red,Red,Red,Red,Red,Yellow,Red,0,0,0,0.875,0,0.125,0,0,2
GBRYO,Yellow,Yellow,Red,Red,Red,Red,Yellow,Yellow,0,0,0,0.5,0,0.5,0,0,2
CBRYO,Red,Red,Red,Red,Red,Yellow,Yellow,Yellow,0,0,0,0.625,0,0.375,0,0,2
BPRYO,Red,Red,Red,Red,Red,Red,Red,Red,0,0,0,1,0,0,0,0,1
MPRYO,Red,Red,Red,Red,Red,Red,Yellow,Red,0,0,0,0.875,0,0.125,0,0,2
GPRYO,Red,Red,Red,Red,Red,Red,Yellow,Red,0,0,0,0.875,0,0.125,0,0,2
CPRYO,Red,Red,Red,Red,Red,Yellow,Yellow,Red,0,0,0,0.75,0,0.25,0,0,2
BMRYO,Red,Red,Red,Red,Red,Orange,Red,Red,0,0,0,0.875,0.125,0,0,0,2
PMRYO,Red,Red,Red,Red,Red,Orange,Red,Red,0,0,0,0.875,0.125,0,0,0,2
GMRYO,Red,Red,Red,Orange,Orange,Orange,Red,Red,0,0,0,0.625,0.375,0,0,0,2
CMRYO,Red,Red,Red,Orange,Orange,Red,Red,Red,0,0,0,0.75,0.25,0,0,0,2
BGRYO,Yellow,Yellow,Yellow,Red,Yellow,Red,Yellow,Yellow,0,0,0,0.25,0,0.75,0,0,2
PGRYO,Yellow,Yellow,Yellow,Red,Red,Red,Yellow,Yellow,0,0,0,0.375,0,0.625,0,0,2
MGRYO,Yellow,Yellow,Red,Red,Red,Red,Red,Yellow,0,0,0,0.625,0,0.375,0,0,2
CGRYO,Yellow,Yellow,Yellow,Red,Red,Red,Red,Yellow,0,0,0,0.5,0,0.5,0,0,2
BCRYO,Red,Red,Red,Red,Red,Red,Yellow,Yellow,0,0,0,0.75,0,0.25,0,0,2
PCRYO,Red,Red,Red,Red,Red,Red,Yellow,Red,0,0,0,0.875,0,0.125,0,0,2
MCRYO,Red,Red,Red,Orange,Orange,Orange,Red,Red,0,0,0,0.625,0.375,0,0,0,2
GCRYO,Yellow,Yellow,Red,Red,Red,Red,Red,Yellow,0,0,0,0.625,0,0.375,0,0,2
PBGYO,Yellow,Yellow,Yellow,Yellow,Yellow,Red,Yellow,Yellow,0,0,0,0.125,0,0.875,0,0,2
MBGYO,Yellow,Yellow,Yellow,Red,Red,Red,Yellow,Yellow,0,0,0,0.375,0,0.625,0,0,2
RBGYO,Yellow,Yellow,Yellow,Red,Yellow,Yellow,Red,Yellow,0,0,0,0.25,0,0.75,0,0,2
CBGYO,Yellow,Yellow,Yellow,Red,Yellow,Yellow,Yellow,Yellow,0,0,0,0.125,0,0.875,0,0,2
BPGYO,Yellow,Yellow,Yellow,Yellow,Yellow,Red,Yellow,Yellow,0,0,0,0.125,0,0.875,0,0,2
MPGYO,Yellow,Yellow,Yellow,Red,Red,Red,Yellow,Yellow,0,0,0,0.375,0,0.625,0,0,2
RPGYO,Yellow,Yellow,Yellow,Red,Red,Red,Red,Yellow,0,0,0,0.5,0,0.5,0,0,2
CPGYO,Yellow,Yellow,Yellow,Red,Red,Yellow,Yellow,Yellow,0,0,0,0.25,0,0.75,0,0,2
BMGYO,Yellow,Yellow,Yellow,Red,Yellow,Red,Yellow,Yellow,0,0,0,0.25,0,0.75,0,0,2
PMGYO,Yellow,Yellow,Yellow,Red,Red,Red,Yellow,Yellow,0,0,0,0.375,0,0.625,0,0,2
RMGYO,Red,Red,Red,Red,Red,Red,Red,Yellow,0,0,0,0.875,0,0.125,0,0,2
CMGYO,Yellow,Yellow,Yellow,Red,Red,Yellow,Yellow,Yellow,0,0,0,0.25,0,0.75,0,0,2
BRGYO,Red,Red,Red,Red,Red,Red,Yellow,Yellow,0,0,0,0.75,0,0.25,0,0,2
PRGYO,Red,Red,Red,Red,Red,Red,Yellow,Red,0,0,0,0.875,0,0.125,0,0,2
MRGYO,Red,Red,Red,Red,Red,Red,Red,Red,0,0,0,1,0,0,0,0,1
CRGYO,Red,Red,Red,Red,Red,Red,Red,Yellow,0,0,0,0.875,0,0.125,0,0,2
BCGYO,Yellow,Yellow,Yellow,Yellow,Yellow,Yellow,Yellow,Yellow,0,0,0,0,0,1,0,0,1
PCGYO,Yellow,Yellow,Yellow,Yellow,Yellow,Yellow,Yellow,Yellow,0,0,0,0,0,1,0,0,1
MCGYO,Yellow,Yellow,Yellow,Red,Red,Red,Yellow,Yellow,0,0,0,0.375,0,0.625,0,0,2
RCGYO,Yellow,Yellow,Yellow,Red,Red,Red,Yellow,Yellow,0,0,0,0.375,0,0.625,0,0,2
PBCYO,Purple,Purple,Purple,Purple,Purple,Yellow,Yellow,Purple,0,0.75,0,0,0,0.25,0,0,2
MBCYO,Purple,Purple,Purple,Purple,Purple,Purple,Yellow,Purple,0,0.875,0,0,0,0.125,0,0,2
RBCYO,Purple,Purple,Purple,Purple,Purple,Purple,Yellow,Yellow,0,0.75,0,0,0,0.25,0,0,2
GBCYO,Yellow,Yellow,Purple,Yellow,Yellow,Yellow,Yellow,Yellow,0,0.125,0,0,0,0.875,0,0,2
BPCYO,Purple,Purple,Purple,Purple,Purple,Yellow,Purple,Purple,0,0.875,0,0,0,0.125,0,0,2
MPCYO,Purple,Purple,Purple,Purple,Purple,Purple,Yellow,Purple,0,0.875,0,0,0,0.125,0,0,2
RPCYO,Purple,Purple,Purple,Purple,Purple,Purple,Yellow,Purple,0,0.875,0,0,0,0.125,0,0,2
GPCYO,Purple,Purple,Purple,Yellow,Yellow,Yellow,Yellow,Purple,0,0.5,0,0,0,0.5,0,0,2
BMCYO,Purple,Purple,Purple,Purple,Purple,Orange,Purple,Purple,0,0.875,0,0,0.125,0,0,0,2
PMCYO,Purple,Purple,Purple,Purple,Purple,Orange,Purple,Purple,0,0.875,0,0,0.125,0,0,0,2
RMCYO,Purple,Purple,Purple,Orange,Orange,Orange,Orange,Purple,0,0.5,0,0,0.5,0,0,0,2
GMCYO,Purple,Purple,Purple,Orange,Orange,Orange,Yellow,Purple,0,0.5,0,0,0.375,0.125,0,0,3
BRCYO,Purple,Purple,Purple,Purple,Purple,Red,Yellow,Yellow,0,0.625,0,0.125,0,0.25,0,0,3
PRCYO,Purple,Purple,Purple,Purple,Purple,Red,Yellow,Purple,0,0.75,0,0.125,0,0.125,0,0,3
MRCYO,Purple,Purple,Purple,Orange,Orange,Orange,Yellow,Purple,0,0.5,0,0,0.375,0.125,0,0,3
GRCYO,Yellow,Yellow,Purple,Red,Red,Red,Yellow,Yellow,0,0.125,0,0.375,0,0.5,0,0,3
BGCYO,Yellow,Yellow,Yellow,Purple,Yellow,Yellow,Yellow,Yellow,0,0.125,0,0,0,0.875,0,0,2
PGCYO,Yellow,Yellow,Yellow,Purple,Purple,Yellow,Yellow,Yellow,0,0.25,0,0,0,0.75,0,0,2
MGCYO,Yellow,Yellow,Purple,Yellow,Yellow,Yellow,Yellow,Yellow,0,0.125,0,0,0,0.875,0,0,2
RGCYO,Purple,Purple,Purple,Yellow,Yellow,Yellow,Yellow,Yellow,0,0.375,0,0,0,0.625,0,0,2
MPBGO,Cyan,Cyan,Cyan,Cyan,Cyan,Cyan,Cyan,Cyan,0,0,0,0,0,0,0,1,1
RPBGO,Cyan,Cyan,Cyan,Cyan,Cyan,Cyan,Red,Cyan,0,0,0,0.125,0,0,0,0.875,2
YPBGO,Cyan,Cyan,Cyan,Cyan,Cyan,Red,Cyan,Cyan,0,0,0,0.125,0,0,0,0.875,2
CPBGO,Cyan,Cyan,Cyan,Cyan,Cyan,Cyan,Cyan,Cyan,0,0,0,0,0,0,0,1,1
PMBGO,Cyan,Cyan,Cyan,Cyan,Cyan,Red,Cyan,Cyan,0,0,0,0.125,0,0,0,0.875,2
RMBGO,Cyan,Cyan,Cyan,Red,Red,Red,Red,Cyan,0,0,0,0.5,0,0,0,0.5,2
YMBGO,Cyan,Cyan,Red,Red,Red,Red,Cyan,Cyan,0,0,0,0.5,0,0,0,0.5,2
CMBGO,Cyan,Cyan,Cyan,Red,Red,Cyan,Cyan,Cyan,0,0,0,0.25,0,0,0,0.75,2
PRBGO,Cyan,Cyan,Cyan,Cyan,Cyan,Cyan,Cyan,Cyan,0,0,0,0,0,0,0,1,1
MRBGO,Cyan,Cyan,Cyan,Red,Red,Red,Red,Cyan,0,0,0,0.5,0,0,0,0.5,2
YRBGO,Cyan,Cyan,Red,Cyan,Red,Cyan,Red,Red,0,0,0,0.5,0,0,0,0.5,2
CRBGO,Cyan,Cyan,Cyan,Red,Cyan,Red,Red,Cyan,0,0,0,0.375,0,0,0,0.625,2
PYBGO,Cyan,Cyan,Cyan,Red,Red,Red,Cyan,Cyan,0,0,0,0.375,0,0,0,0.625,2
MYBGO,Cyan,Cyan,Red,Cyan,Cyan,Cyan,Cyan,Cyan,0,0,0,0.125,0,0,0,0.875,2
RYBGO,Red,Red,Red,Cyan,Red,Red,Red,Cyan,0,0,0,0.75,0,0,0,0.25,2
CYBGO,Cyan,Cyan,Cyan,Cyan,Red,Cyan,Cyan,Cyan,0,0,0,0.125,0,0,0,0.875,2
PCBGO,Cyan,Cyan,Cyan,Cyan,Cyan,Cyan,Cyan,Cyan,0,0,0,0,0,0,0,1,1
MCBGO,Cyan,Cyan,Cyan,Red,Red,Red,Cyan,Cyan,0,0,0,0.375,0,0,0,0.625,2
RCBGO,Cyan,Cyan,Cyan,Red,Cyan,Cyan,Cyan,Cyan,0,0,0,0.125,0,0,0,0.875,2
YCBGO,Cyan,Cyan,Red,Cyan,Red,Cyan,Cyan,Cyan,0,0,0,0.25,0,0,0,0.75,2
MBPGO,Cyan,Cyan,Cyan,Cyan,Cyan,Cyan,Cyan,Cyan,0,0,0,0,0,0,0,1,1
RBPGO,Cyan,Cyan,Cyan,Cyan,Cyan,Cyan,Red,Cyan,0,0,0,0.125,0,0,0,0.875,2
YBPGO,Cyan,Cyan,Cyan,Cyan,Cyan,Red,Cyan,Cyan,0,0,0,0.125,0,0,0,0.875,2
CBPGO,Cyan,Cyan,Cyan,Cyan,Cyan,Cyan,Cyan,Cyan,0,0,0,0,0,0,0,1,1
BMPGO,Cyan,Cyan,Cyan,Cyan,Cyan,Red,Cyan,Cyan,0,0,0,0.125,0,0,0,0.875,2
RMPGO,Cyan,Cyan,Cyan,Red,Red,Red,Red,Cyan,0,0,0,0.5,0,0,0,0.5,2
YMPGO,Cyan,Cyan,Red,Red,Red,Red,Cyan,Cyan,0,0,0,0.5,0,0,0,0.5,2
CMPGO,Cyan,Cyan,Cyan,Red,Red,Cyan,Cyan,Cyan,0,0,0,0.25,0,0,0,0.75,2
BRPGO,Cyan,Cyan,Cyan,Cyan,Cyan,Red,Cyan,Cyan,0,0,0,0.125,0,0,0,0.875,2
MRPGO,Cyan,Cyan,Cyan,Red,Red,Red,Red,Cyan,0,0,0,0.5,0,0,0,0.5,2
YRPGO,Cyan,Cyan,Red,Red,Red,Red,Red,Red,0,0,0,0.75,0,0,0,0.25,2
CRPGO,Cyan,Cyan,Cyan,Red,Red,Red,Red,Cyan,0,0,0,0.5,0,0,0,0.5,2
BYPGO,Cyan,Cyan,Cyan,Red,Cyan,Red,Cyan,Cyan,0,0,0,0.25,0,0,0,0.75,2
MYPGO,Cyan,Cyan,Red,Red,Red,Red,Cyan,Cyan,0,0,0,0.5,0,0,0,0.5,2
RYPGO,Red,Red,Red,Red,Red,Red,Red,Cyan,0,0,0,0.875,0,0,0,0.125,2
CYPGO,Cyan,Cyan,Cyan,Red,Red,Cyan,Cyan,Cyan,0,0,0,0.25,0,0,0,0.75,2
BCPGO,Cyan,Cyan,Cyan,Cyan,Cyan,Cyan,Cyan,Cyan,0,0,0,0,0,0,0,1,1
MCPGO,Cyan,Cyan,Cyan,Red,Red,Red,Cyan,Cyan,0,0,0,0.375,0,0,0,0.625,2
RCPGO,Cyan,Cyan,Cyan,Red,Red,Red,Cyan,Cyan,0,0,0,0.375,0,0,0,0.625,2
YCPGO,Cyan,Cyan,Red,Red,Red,Cyan,Cyan,Cyan,0,0,0,0.375,0,0,0,0.625,2
PBMGO,Cyan,Cyan,Cyan,Cyan,Cyan,Red,Cyan,Cyan,0,0,0,0.125,0,0,0,0.875,2
RBMGO,Cyan,Cyan,Cyan,Red,Cyan,Cyan,Red,Cyan,0,0,0,0.25,0,0,0,0.75,2
YBMGO,Cyan,Cyan,Red,Cyan,Red,Red,Cyan,Cyan,0,0,0,0.375,0,0,0,0.625,2
CBMGO,Cyan,Cyan,Cyan,Red,Cyan,Cyan,Cyan,Cyan,0,0,0,0.125,0,0,0,0.875,2
BPMGO,Cyan,Cyan,Cyan,Cyan,Cyan,Red,Cyan,Cyan,0,0,0,0.125,0,0,0,0.875,2
RPMGO,Cyan,Cyan,Cyan,Red,Red,Red,Red,Cyan,0,0,0,0.5,0,0,0,0.5,2
YPMGO,Cyan,Cyan,Red,Red,Red,Red,Cyan,Cyan,0,0,0,0.5,0,0,0,0.5,2
CPMGO,Cyan,Cyan,Cyan,Red,Red,Cyan,Cyan,Cyan,0,0,0,0.25,0,0,0,0.75,2
BRMGO,Red,Red,Red,Red,Red,Red,Cyan,Cyan,0,0,0,0.75,0,0,0,0.25,2
PRMGO,Red,Red,Red,Red,Red,Red,Cyan,Red,0,0,0,0.875,0,0,0,0.125,2
YRMGO,Red,Red,Red,Red,Red,Red,Red,Red,0,0,0,1,0,0,0,0,1
CRMGO,Red,Red,Red,Red,Red,Red,Red,Cyan,0,0,0,0.875,0,0,0,0.125,2
BYMGO,Cyan,Cyan,Cyan,Red,Cyan,Red,Yellow,Yellow,0,0,0,0.25,0,0.25,0,0.5,3
PYMGO,Cyan,Cyan,Cyan,Red,Red,Red,Yellow,Cyan,0,0,0,0.375,0,0.125,0,0.5,3
RYMGO,Red,Red,Red,Red,Red,Red,Red,Yellow,0,0,0,0.875,0,0.125,0,0,2
CYMGO,Cyan,Cyan,Cyan,Red,Red,Yellow,Yellow,Yellow,0,0,0,0.25,0,0.375,0,0.375,3
BCMGO,Cyan,Cyan,Cyan,Cyan,Cyan,Yellow,Cyan,Cyan,0,0,0,0,0,0.125,0,0.875,2
PCMGO,Cyan,Cyan,Cyan,Cyan,Cyan,Yellow,Cyan,Cyan,0,0,0,0,0,0.125,0,0.875,2
RCMGO,Cyan,Cyan,Cyan,Red,Red,Red,Yellow,Cyan,0,0,0,0.375,0,0.125,0,0.5,3
YCMGO,Cyan,Cyan,Red,Red,Red,Yellow,Yellow,Yellow,0,0,0,0.375,0,0.375,0,0.25,3
PBRGO,Red,Red,Red,Red,Red,Red,Cyan,Red,0,0,0,0.875,0,0,0,0.125,2
MBRGO,Red,Red,Red,Red,Red,Red,Cyan,Red,0,0,0,0.875,0,0,0,0.125,2
YBRGO,Red,Red,Red,Red,Red,Red,Cyan,Cyan,0,0,0,0.75,0,0,0,0.25,2
CBRGO,Red,Red,Red,Red,Red,Cyan,Cyan,Cyan,0,0,0,0.625,0,0,0,0.375,2
BPRGO,Red,Red,Red,Red,Red,Red,Red,Red,0,0,0,1,0,0,0,0,1
MPRGO,Red,Red,Red,Red,Red,Red,Cyan,Red,0,0,0,0.875,0,0,0,0.125,2
YPRGO,Red,Red,Red,Red,Red,Red,Cyan,Cyan,0,0,0,0.75,0,0,0,0.25,2
CPRGO,Red,Red,Red,Red,Red,Cyan,Cyan,Red,0,0,0,0.75,0,0,0,0.25,2
BMRGO,Red,Red,Red,Red,Red,Red,Red,Red,0,0,0,1,0,0,0,0,1
PMRGO,Red,Red,Red,Red,Red,Red,Red,Red,0,0,0,1,0,0,0,0,1
YMRGO,Red,Red,Red,Red,Red,Red,Red,Red,0,0,0,1,0,0,0,0,1
CMRGO,Red,Red,Red,Red,Red,Red,Red,Red,0,0,0,1,0,0,0,0,1
BYRGO,Red,Red,Red,Red,Red,Red,Red,Red,0,0,0,1,0,0,0,0,1
PYRGO,Red,Red,Red,Red,Red,Red,Red,Red,0,0,0,1,0,0,0,0,1
MYRGO,Red,Red,Red,Red,Red,Red,Red,Red,0,0,0,1,0,0,0,0,1
CYRGO,Red,Red,Red,Red,Red,Red,Red,Red,0,0,0,1,0,0,0,0,1
BCRGO,Red,Red,Red,Red,Red,Red,Cyan,Cyan,0,0,0,0.75,0,0,0,0.25,2
PCRGO,Red,Red,Red,Red,Red,Red,Cyan,Red,0,0,0,0.875,0,0,0,0.125,2
MCRGO,Red,Red,Red,Red,Red,Red,Red,Red,0,0,0,1,0,0,0,0,1
YCRGO,Red,Red,Red,Red,Red,Red,Red,Red,0,0,0,1,0,0,0,0,1
PBYGO,Cyan,Cyan,Cyan,Cyan,Cyan,Red,Yellow,Cyan,0,0,0,0.125,0,0.125,0,0.75,3
MBYGO,Cyan,Cyan,Cyan,Red,Red,Red,Yellow,Cyan,0,0,0,0.375,0,0.125,0,0.5,3
RBYGO,Cyan,Cyan,Cyan,Red,Cyan,Cyan,Red,Yellow,0,0,0,0.25,0,0.125,0,0.625,3
CBYGO,Cyan,Cyan,Cyan,Red,Cyan,Yellow,Yellow,Yellow,0,0,0,0.125,0,0.375,0,0.5,3
BPYGO,Cyan,Cyan,Cyan,Cyan,Cyan,Red,Cyan,Cyan,0,0,0,0.125,0,0,0,0.875,2
MPYGO,Cyan,Cyan,Cyan,Red,Red,Red,Yellow,Cyan,0,0,0,0.375,0,0.125,0,0.5,3
RPYGO,Cyan,Cyan,Cyan,Red,Red,Red,Red,Cyan,0,0,0,0.5,0,0,0,0.5,2
CPYGO,Cyan,Cyan,Cyan,Red,Red,Yellow,Yellow,Cyan,0,0,0,0.25,0,0.25,0,0.5,3
BMYGO,Cyan,Cyan,Cyan,Red,Cyan,Red,Cyan,Cyan,0,0,0,0.25,0,0,0,0.75,2
PMYGO,Cyan,Cyan,Cyan,Red,Red,Red,Cyan,Cyan,0,0,0,0.375,0,0,0,0.625,2
RMYGO,Red,Red,Red,Red,Red,Red,Red,Cyan,0,0,0,0.875,0,0,0,0.125,2
CMYGO,Cyan,Cyan,Cyan,Red,Red,Yellow,Yellow,Cyan,0,0,0,0.25,0,0.25,0,0.5,3
BRYGO,Red,Red,Red,Red,Red,Red,Yellow,Yellow,0,0,0,0.75,0,0.25,0,0,2
PRYGO,Red,Red,Red,Red,Red,Red,Yellow,Red,0,0,0,0.875,0,0.125,0,0,2
MRYGO,Red,Red,Red,Red,Red,Red,Red,Red,0,0,0,1,0,0,0,0,1
CRYGO,Red,Red,Red,Red,Red,Red,Red,Yellow,0,0,0,0.875,0,0.125,0,0,2
BCYGO,Cyan,Cyan,Cyan,Cyan,Cyan,Yellow,Yellow,Yellow,0,0,0,0,0,0.375,0,0.625,2
PCYGO,Cyan,Cyan,Cyan,Cyan,Cyan,Yellow,Yellow,Cyan,0,0,0,0,0,0.25,0,0.75,2
MCYGO,Cyan,Cyan,Cyan,Red,Red,Red,Yellow,Cyan,0,0,0,0.375,0,0.125,0,0.5,3
RCYGO,Cyan,Cyan,Cyan,Red,Red,Red,Yellow,Yellow,0,0,0,0.375,0,0.25,0,0.375,3
PBCGO,Cyan,Cyan,Cyan,Cyan,Cyan,Yellow,Cyan,Cyan,0,0,0,0,0,0.125,0,0.875,2
MBCGO,Cyan,Cyan,Cyan,Cyan,Cyan,Cyan,Cyan,Cyan,0,0,0,0,0,0,0,1,1
RBCGO,Cyan,Cyan,Cyan,Cyan,Cyan,Cyan,Yellow,Cyan,0,0,0,0,0,0.125,0,0.875,2
YBCGO,Cyan,Cyan,Cyan,Cyan,Cyan,Yellow,Cyan,Cyan,0,0,0,0,0,0.125,0,0.875,2
BPCGO,Cyan,Cyan,Cyan,Cyan,Cyan,Yellow,Cyan,Cyan,0,0,0,0,0,0.125,0,0.875,2
MPCGO,Cyan,Cyan,Cyan,Cyan,Cyan,Cyan,Cyan,Cyan,0,0,0,0,0,0,0,1,1
RPCGO,Cyan,Cyan,Cyan,Cyan,Cyan,Cyan,Yellow,Cyan,0,0,0,0,0,0.125,0,0.875,2
YPCGO,Cyan,Cyan,Cyan,Cyan,Cyan,Yellow,Cyan,Cyan,0,0,0,0,0,0.125,0,0.875,2
BMCGO,Cyan,Cyan,Cyan,Cyan,Cyan,Red,Cyan,Cyan,0,0,0,0.125,0,0,0,0.875,2
PMCGO,Cyan,Cyan,Cyan,Cyan,Cyan,Red,Cyan,Cyan,0,0,0,0.125,0,0,0,0.875,2
RMCGO,Cyan,Cyan,Cyan,Red,Red,Red,Red,Cyan,0,0,0,0.5,0,0,0,0.5,2
YMCGO,Cyan,Cyan,Red,Red,Red,Red,Yellow,Yellow,0,0,0,0.5,0,0.25,0,0.25,3
BRCGO,Cyan,Cyan,Cyan,Cyan,Cyan,Red,Cyan,Cyan,0,0,0,0.125,0,0,0,0.875,2
PRCGO,Cyan,Cyan,Cyan,Cyan,Cyan,Red,Cyan,Cyan,0,0,0,0.125,0,0,0,0.875,2
MRCGO,Cyan,Cyan,Cyan,Red,Red,Red,Yellow,Cyan,0,0,0,0.375,0,0.125,0,0.5,3
YRCGO,Cyan,Cyan,Red,Red,Red,Red,Yellow,Yellow,0,0,0,0.5,0,0.25,0,0.25,3
BYCGO,Cyan,Cyan,Cyan,Red,Cyan,Yellow,Yellow,Yellow,0,0,0,0.125,0,0.375,0,0.5,3
PYCGO,Cyan,Cyan,Cyan,Red,Red,Yellow,Yellow,Cyan,0,0,0,0.25,0,0.25,0,0.5,3
MYCGO,Cyan,Cyan,Red,Red,Red,Red,Yellow,Cyan,0,0,0,0.5,0,0.125,0,0.375,3
RYCGO,Red,Red,Red,Red,Red,Red,Yellow,Yellow,0,0,0,0.75,0,0.25,0,0,2
MPBCO,Purple,Purple,Purple,Purple,Purple,Purple,Cyan,Purple,0,0.875,0,0,0,0,0,0.125,2
RPBCO,Purple,Purple,Purple,Purple,Purple,Purple,Yellow,Purple,0,0.875,0,0,0,0.125,0,0,2
YPBCO,Purple,Purple,Purple,Purple,Purple,Yellow,Cyan,Cyan,0,0.625,0,0,0,0.125,0,0.25,3
GPBCO,Purple,Purple,Purple,Yellow,Yellow,Yellow,Cyan,Purple,0,0.5,0,0,0,0.375,0,0.125,3
PMBCO,Purple,Purple,Purple,Purple,Purple,Purple,Purple,Purple,0,1,0,0,0,0,0,0,1
RMBCO,Purple,Purple,Purple,Purple,Purple,Purple,Purple,Purple,0,1,0,0,0,0,0,0,1
YMBCO,Purple,Purple,Purple,Purple,Purple,Purple,Cyan,Cyan,0,0.75,0,0,0,0,0,0.25,2
GMBCO,Purple,Purple,Purple,Purple,Purple,Purple,Cyan,Purple,0,0.875,0,0,0,0,0,0.125,2
PRBCO,Purple,Purple,Purple,Purple,Purple,Purple,Cyan,Purple,0,0.875,0,0,0,0,0,0.125,2
MRBCO,Purple,Purple,Purple,Purple,Purple,Purple,Yellow,Purple,0,0.875,0,0,0,0.125,0,0,2
YRBCO,Purple,Purple,Purple,Purple,Purple,Purple,Yellow,Yellow,0,0.75,0,0,0,0.25,0,0,2
GRBCO,Cyan,Cyan,Purple,Purple,Purple,Purple,Yellow,Cyan,0,0.5,0,0,0,0.125,0,0.375,3
PYBCO,Purple,Purple,Purple,Purple,Purple,Yellow,Cyan,Purple,0,0.75,0,0,0,0.125,0,0.125,3
MYBCO,Purple,Purple,Purple,Purple,Purple,Purple,Cyan,Purple,0,0.875,0,0,0,0,0,0.125,2
RYBCO,Purple,Purple,Purple,Purple,Purple,Purple,Yellow,Cyan,0,0.75,0,0,0,0.125,0,0.125,3
GYBCO,Cyan,Cyan,Purple,Yellow,Yellow,Yellow,Cyan,Cyan,0,0.125,0,0,0,0.375,0,0.5,3
PGBCO,Cyan,Cyan,Cyan,Purple,Purple,Yellow,Cyan,Cyan,0,0.25,0,0,0,0.125,0,0.625,3
MGBCO,Cyan,Cyan,Purple,Yellow,Yellow,Yellow,Cyan,Cyan,0,0.125,0,0,0,0.375,0,0.5,3
RGBCO,Purple,Purple,Purple,Yellow,Yellow,Yellow,Yellow,Cyan,0,0.375,0,0,0,0.5,0,0.125,3
YGBCO,Cyan,Cyan,Yellow,Yellow,Yellow,Yellow,Cyan,Cyan,0,0,0,0,0,0.5,0,0.5,2
MBPCO,Purple,Purple,Purple,Purple,Purple,Purple,Purple,Purple,0,1,0,0,0,0,0,0,1
RBPCO,Purple,Purple,Purple,Purple,Purple,Purple,Yellow,Purple,0,0.875,0,0,0,0.125,0,0,2
YBPCO,Purple,Purple,Purple,Purple,Purple,Yellow,Purple,Purple,0,0.875,0,0,0,0.125,0,0,2
GBPCO,Purple,Purple,Purple,Yellow,Yellow,Yellow,Purple,Purple,0,0.625,0,0,0,0.375,0,0,2
BMPCO,Purple,Purple,Purple,Purple,Purple,Purple,Purple,Purple,0,1,0,0,0,0,0,0,1
RMPCO,Purple,Purple,Purple,Purple,Purple,Purple,Purple,Purple,0,1,0,0,0,0,0,0,1
YMPCO,Purple,Purple,Purple,Purple,Purple,Purple,Cyan,Cyan,0,0.75,0,0,0,0,0,0.25,2
GMPCO,Purple,Purple,Purple,Purple,Purple,Purple,Cyan,Purple,0,0.875,0,0,0,0,0,0.125,2
BRPCO,Purple,Purple,Purple,Purple,Purple,Purple,Purple,Purple,0,1,0,0,0,0,0,0,1
MRPCO,Purple,Purple,Purple,Purple,Purple,Purple,Yellow,Purple,0,0.875,0,0,0,0.125,0,0,2
YRPCO,Purple,Purple,Purple,Purple,Purple,Purple,Yellow,Yellow,0,0.75,0,0,0,0.25,0,0,2
GRPCO,Purple,Purple,Purple,Purple,Purple,Purple,Yellow,Purple,0,0.875,0,0,0,0.125,0,0,2
BYPCO,Purple,Purple,Purple,Purple,Purple,Yellow,Cyan,Cyan,0,0.625,0,0,0,0.125,0,0.25,3
MYPCO,Purple,Purple,Purple,Purple,Purple,Purple,Cyan,Purple,0,0.875,0,0,0,0,0,0.125,2
RYPCO,Purple,Purple,Purple,Purple,Purple,Purple,Yellow,Cyan,0,0.75,0,0,0,0.125,0,0.125,3
GYPCO,Cyan,Cyan,Purple,Yellow,Yellow,Yellow,Cyan,Cyan,0,0.125,0,0,0,0.375,0,0.5,3
BGPCO,Purple,Purple,Purple,Purple,Purple,Yellow,Purple,Purple,0,0.875,0,0,0,0.125,0,0,2
MGPCO,Purple,Purple,Purple,Yellow,Yellow,Yellow,Cyan,Purple,0,0.5,0,0,0,0.375,0,0.125,3
RGPCO,Purple,Purple,Purple,Yellow,Yellow,Yellow,Yellow,Purple,0,0.5,0,0,0,0.5,0,0,2
YGPCO,Purple,Purple,Yellow,Yellow,Yellow,Yellow,Cyan,Cyan,0,0.25,0,0,0,0.5,0,0.25,3
PBMCO,Purple,Purple,Purple,Purple,Purple,Red,Purple,Purple,0,0.875,0,0.125,0,0,0,0,2
RBMCO,Purple,Purple,Purple,Purple,Purple,Purple,Red,Purple,0,0.875,0,0.125,0,0,0,0,2
YBMCO,Purple,Purple,Purple,Purple,Purple,Red,Purple,Purple,0,0.875,0,0.125,0,0,0,0,2
GBMCO,Purple,Purple,Purple,Red,Red,Red,Purple,Purple,0,0.625,0,0.375,0,0,0,0,2
BPMCO,Purple,Purple,Purple,Purple,Purple,Red,Purple,Purple,0,0.875,0,0.125,0,0,0,0,2
RPMCO,Purple,Purple,Purple,Purple,Purple,Purple,Red,Purple,0,0.875,0,0.125,0,0,0,0,2
YPMCO,Purple,Purple,Purple,Purple,Purple,Red,Purple,Purple,0,0.875,0,0.125,0,0,0,0,2
GPMCO,Purple,Purple,Purple,Red,Red,Red,Purple,Purple,0,0.625,0,0.375,0,0,0,0,2
BRMCO,Purple,Purple,Purple,Purple,Purple,Red,Purple,Purple,0,0.875,0,0.125,0,0,0,0,2
PRMCO,Purple,Purple,Purple,Purple,Purple,Red,Purple,Purple,0,0.875,0,0.125,0,0,0,0,2
YRMCO,Purple,Purple,Red,Red,Red,Red,Red,Red,0,0.25,0,0.75,0,0,0,0,2
GRMCO,Purple,Purple,Purple,Red,Red,Red,Red,Purple,0,0.5,0,0.5,0,0,0,0,2
BYMCO,Purple,Purple,Purple,Red,Purple,Red,Yellow,Yellow,0,0.5,0,0.25,0,0.25,0,0,3
PYMCO,Purple,Purple,Purple,Red,Red,Red,Yellow,Purple,0,0.5,0,0.375,0,0.125,0,0,3
RYMCO,Red,Red,Red,Red,Red,Red,Red,Yellow,0,0,0,0.875,0,0.125,0,0,2
GYMCO,Yellow,Yellow,Red,Red,Red,Red,Yellow,Yellow,0,0,0,0.5,0,0.5,0,0,2
BGMCO,Purple,Purple,Purple,Purple,Purple,Red,Purple,Purple,0,0.875,0,0.125,0,0,0,0,2
PGMCO,Purple,Purple,Purple,Purple,Purple,Red,Purple,Purple,0,0.875,0,0.125,0,0,0,0,2
RGMCO,Purple,Purple,Purple,Red,Red,Red,Red,Purple,0,0.5,0,0.5,0,0,0,0,2
YGMCO,Purple,Purple,Red,Red,Red,Red,Yellow,Yellow,0,0.25,0,0.5,0,0.25,0,0,3
PBRCO,Purple,Purple,Purple,Purple,Purple,Orange,Cyan,Purple,0,0.75,0,0,0.125,0,0,0.125,3
MBRCO,Purple,Purple,Purple,Purple,Purple,Purple,Cyan,Purple,0,0.875,0,0,0,0,0,0.125,2
YBRCO,Purple,Purple,Purple,Purple,Purple,Orange,Cyan,Cyan,0,0.625,0,0,0.125,0,0,0.25,3
GBRCO,Cyan,Cyan,Purple,Orange,Orange,Orange,Cyan,Cyan,0,0.125,0,0,0.375,0,0,0.5,3
BPRCO,Purple,Purple,Purple,Purple,Purple,Orange,Purple,Purple,0,0.875,0,0,0.125,0,0,0,2
MPRCO,Purple,Purple,Purple,Purple,Purple,Purple,Cyan,Purple,0,0.875,0,0,0,0,0,0.125,2
YPRCO,Purple,Purple,Purple,Purple,Purple,Orange,Cyan,Cyan,0,0.625,0,0,0.125,0,0,0.25,3
GPRCO,Purple,Purple,Purple,Orange,Orange,Orange,Cyan,Purple,0,0.5,0,0,0.375,0,0,0.125,3
BMRCO,Purple,Purple,Purple,Purple,Purple,Red,Purple,Purple,0,0.875,0,0.125,0,0,0,0,2
PMRCO,Purple,Purple,Purple,Purple,Purple,Red,Purple,Purple,0,0.875,0,0.125,0,0,0,0,2
YMRCO,Purple,Purple,Red,Red,Red,Red,Yellow,Yellow,0,0.25,0,0.5,0,0.25,0,0,3
GMRCO,Purple,Purple,Purple,Red,Red,Red,Yellow,Purple,0,0.5,0,0.375,0,0.125,0,0,3
BYRCO,Purple,Purple,Purple,Red,Purple,Orange,Yellow,Yellow,0,0.5,0,0.125,0.125,0.25,0,0,4
PYRCO,Purple,Purple,Purple,Red,Red,Orange,Yellow,Purple,0,0.5,0,0.25,0.125,0.125,0,0,4
MYRCO,Purple,Purple,Red,Orange,Orange,Orange,Yellow,Purple,0,0.375,0,0.125,0.375,0.125,0,0,4
GYRCO,Yellow,Yellow,Red,Orange,Orange,Orange,Yellow,Yellow,0,0,0,0.125,0.375,0.5,0,0,3
BGRCO,Cyan,Cyan,Cyan,Purple,Cyan,Orange,Cyan,Cyan,0,0.125,0,0,0.125,0,0,0.75,3
PGRCO,Cyan,Cyan,Cyan,Purple,Purple,Orange,Cyan,Cyan,0,0.25,0,0,0.125,0,0,0.625,3
MGRCO,Cyan,Cyan,Purple,Orange,Orange,Orange,Yellow,Cyan,0,0.125,0,0,0.375,0.125,0,0.375,4
YGRCO,Cyan,Cyan,Orange,Orange,Orange,Orange,Yellow,Yellow,0,0,0,0,0.5,0.25,0,0.25,3
PBYCO,Purple,Purple,Purple,Purple,Purple,Yellow,Yellow,Purple,0,0.75,0,0,0,0.25,0,0,2
MBYCO,Purple,Purple,Purple,Red,Red,Red,Yellow,Purple,0,0.5,0,0.375,0,0.125,0,0,3
RBYCO,Purple,Purple,Purple,Red,Purple,Purple,Yellow,Yellow,0,0.625,0,0.125,0,0.25,0,0,3
GBYCO,Yellow,Yellow,Purple,Yellow,Yellow,Yellow,Yellow,Yellow,0,0.125,0,0,0,0.875,0,0,2
BPYCO,Purple,Purple,Purple,Purple,Purple,Yellow,Purple,Purple,0,0.875,0,0,0,0.125,0,0,2
MPYCO,Purple,Purple,Purple,Red,Red,Red,Yellow,Purple,0,0.5,0,0.375,0,0.125,0,0,3
RPYCO,Purple,Purple,Purple,Red,Red,Red,Yellow,Purple,0,0.5,0,0.375,0,0.125,0,0,3
GPYCO,Purple,Purple,Purple,Yellow,Yellow,Yellow,Yellow,Purple,0,0.5,0,0,0,0.5,0,0,2
BMYCO,Purple,Purple,Purple,Red,Purple,Orange,Purple,Purple,0,0.75,0,0.125,0.125,0,0,0,3
PMYCO,Purple,Purple,Purple,Red,Red,Orange,Purple,Purple,0,0.625,0,0.25,0.125,0,0,0,3
RMYCO,Red,Red,Red,Orange,Orange,Orange,Orange,Purple,0,0.125,0,0.375,0.5,0,0,0,3
GMYCO,Purple,Purple,Red,Orange,Orange,Orange,Yellow,Purple,0,0.375,0,0.125,0.375,0.125,0,0,4
BRYCO,Red,Red,Red,Red,Red,Red,Yellow,Yellow,0,0,0,0.75,0,0.25,0,0,2
PRYCO,Red,Red,Red,Red,Red,Red,Yellow,Red,0,0,0,0.875,0,0.125,0,0,2
MRYCO,Red,Red,Red,Orange,Orange,Orange,Yellow,Red,0,0,0,0.5,0.375,0.125,0,0,3
GRYCO,Yellow,Yellow,Red,Red,Red,Red,Yellow,Yellow,0,0,0,0.5,0,0.5,0,0,2
BGYCO,Yellow,Yellow,Yellow,Red,Yellow,Yellow,Yellow,Yellow,0,0,0,0.125,0,0.875,0,0,2
PGYCO,Yellow,Yellow,Yellow,Red,Red,Yellow,Yellow,Yellow,0,0,0,0.25,0,0.75,0,0,2
MGYCO,Yellow,Yellow,Red,Yellow,Yellow,Yellow,Yellow,Yellow,0,0,0,0.125,0,0.875,0,0,2
RGYCO,Red,Red,Red,Yellow,Yellow,Yellow,Yellow,Yellow,0,0,0,0.375,0,0.625,0,0,2
PBGCO,Cyan,Cyan,Cyan,Cyan,Cyan,Yellow,Cyan,Cyan,0,0,0,0,0,0.125,0,0.875,2
MBGCO,Cyan,Cyan,Cyan,Purple,Purple,Purple,Cyan,Cyan,0,0.375,0,0,0,0,0,0.625,2
RBGCO,Cyan,Cyan,Cyan,Purple,Cyan,Cyan,Yellow,Cyan,0,0.125,0,0,0,0.125,0,0.75,3
YBGCO,Cyan,Cyan,Purple,Cyan,Purple,Yellow,Cyan,Cyan,0,0.25,0,0,0,0.125,0,0.625,3
BPGCO,Cyan,Cyan,Cyan,Cyan,Cyan,Yellow,Cyan,Cyan,0,0,0,0,0,0.125,0,0.875,2
MPGCO,Cyan,Cyan,Cyan,Purple,Purple,Purple,Cyan,Cyan,0,0.375,0,0,0,0,0,0.625,2
RPGCO,Cyan,Cyan,Cyan,Purple,Purple,Purple,Yellow,Cyan,0,0.375,0,0,0,0.125,0,0.5,3
YPGCO,Cyan,Cyan,Purple,Purple,Purple,Yellow,Cyan,Cyan,0,0.375,0,0,0,0.125,0,0.5,3
BMGCO,Cyan,Cyan,Cyan,Purple,Cyan,Yellow,Cyan,Cyan,0,0.125,0,0,0,0.125,0,0.75,3
PMGCO,Cyan,Cyan,Cyan,Purple,Purple,Yellow,Cyan,Cyan,0,0.25,0,0,0,0.125,0,0.625,3
RMGCO,Purple,Purple,Purple,Yellow,Yellow,Yellow,Yellow,Cyan,0,0.375,0,0,0,0.5,0,0.125,3
YMGCO,Cyan,Cyan,Yellow,Yellow,Yellow,Yellow,Yellow,Yellow,0,0,0,0,0,0.75,0,0.25,2
BRGCO,Purple,Purple,Purple,Purple,Purple,Yellow,Cyan,Cyan,0,0.625,0,0,0,0.125,0,0.25,3
PRGCO,Purple,Purple,Purple,Purple,Purple,Yellow,Cyan,Purple,0,0.75,0,0,0,0.125,0,0.125,3
MRGCO,Purple,Purple,Purple,Yellow,Yellow,Yellow,Yellow,Purple,0,0.5,0,0,0,0.5,0,0,2
YRGCO,Purple,Purple,Yellow,Yellow,Yellow,Yellow,Yellow,Yellow,0,0.25,0,0,0,0.75,0,0,2
BYGCO,Cyan,Cyan,Cyan,Yellow,Cyan,Yellow,Yellow,Yellow,0,0,0,0,0,0.5,0,0.5,2
PYGCO,Cyan,Cyan,Cyan,Yellow,Yellow,Yellow,Yellow,Cyan,0,0,0,0,0,0.5,0,0.5,2
MYGCO,Cyan,Cyan,Yellow,Yellow,Yellow,Yellow,Yellow,Cyan,0,0,0,0,0,0.625,0,0.375,2
RYGCO,Yellow,Yellow,Yellow,Yellow,Yellow,Yellow,Yellow,Yellow,0,0,0,0,0,1,0,0,1
RMPBY,Blue,Blue,Blue,Purple,Purple,Purple,Purple,Blue,0.5,0.5,0,0,0,0,0,0,2
OMPBY,Blue,Blue,Purple,Purple,Purple,Purple,Purple,Blue,0.375,0.625,0,0,0,0,0,0,2
GMPBY,Blue,Blue,Blue,Purple,Purple,Purple,Green,Blue,0.5,0.375,0,0,0,0,0.125,0,3
CMPBY,Purple,Purple,Purple,Purple,Purple,Green,Green,Blue,0.125,0.625,0,0,0,0,0.25,0,3
MRPBY,Blue,Blue,Blue,Purple,Purple,Purple,Yellow,Blue,0.5,0.375,0,0,0,0.125,0,0,3
ORPBY,Blue,Blue,Purple,Purple,Purple,Purple,Purple,Blue,0.375,0.625,0,0,0,0,0,0,2
GRPBY,Blue,Blue,Blue,Purple,Purple,Purple,Yellow,Blue,0.5,0.375,0,0,0,0.125,0,0,3
CRPBY,Blue,Blue,Blue,Purple,Purple,Yellow,Yellow,Blue,0.5,0.25,0,0,0,0.25,0,0,3
MOPBY,Blue,Purple,Purple,Purple,Purple,Purple,Yellow,Purple,0.125,0.75,0,0,0,0.125,0,0,3
ROPBY,Purple,Purple,Purple,Purple,Purple,Purple,Purple,Blue,0.125,0.875,0,0,0,0,0,0,2
GOPBY,Blue,Blue,Purple,Purple,Purple,Purple,Yellow,Blue,0.375,0.5,0,0,0,0.125,0,0,3
COPBY,Purple,Purple,Purple,Purple,Purple,Yellow,Yellow,Blue,0.125,0.625,0,0,0,0.25,0,0,3
MGPBY,Blue,Blue,Blue,Yellow,Yellow,Yellow,Green,Blue,0.5,0,0,0,0,0.375,0.125,0,3
RGPBY,Blue,Blue,Blue,Yellow,Yellow,Yellow,Yellow,Blue,0.5,0,0,0,0,0.5,0,0,2
OGPBY,Blue,Blue,Yellow,Yellow,Yellow,Yellow,Yellow,Blue,0.375,0,0,0,0,0.625,0,0,2
CGPBY,Blue,Blue,Blue,Yellow,Yellow,Green,Green,Blue,0.5,0,0,0,0,0.25,0.25,0,3
MCPBY,Blue,Blue,Blue,Purple,Purple,Purple,Green,Blue,0.5,0.375,0,0,0,0,0.125,0,3
RCPBY,Blue,Blue,Blue,Purple,Purple,Purple,Green,Blue,0.5,0.375,0,0,0,0,0.125,0,3
OCPBY,Blue,Blue,Purple,Purple,Purple,Purple,Green,Blue,0.375,0.5,0,0,0,0,0.125,0,3
GCPBY,Blue,Blue,Blue,Green,Green,Green,Green,Blue,0.5,0,0,0,0,0,0.5,0,2
RPMBY,Purple,Purple,Purple,Purple,Purple,Purple,Red,Purple,0,0.875,0,0.125,0,0,0,0,2
OPMBY,Blue,Purple,Purple,Purple,Purple,Purple,Red,Purple,0.125,0.75,0,0.125,0,0,0,0,3
GPMBY,Purple,Purple,Purple,Red,Red,Red,Blue,Purple,0.125,0.5,0,0.375,0,0,0,0,3
CPMBY,Purple,Purple,Purple,Purple,Purple,Blue,Blue,Purple,0.25,0.75,0,0,0,0,0,0,2
PRMBY,Purple,Purple,Purple,Purple,Purple,Red,Blue,Purple,0.125,0.75,0,0.125,0,0,0,0,3
ORMBY,Purple,Purple,Red,Red,Red,Red,Red,Blue,0.125,0.25,0,0.625,0,0,0,0,3
GRMBY,Blue,Blue,Purple,Red,Red,Red,Red,Blue,0.375,0.125,0,0.5,0,0,0,0,3
CRMBY,Purple,Purple,Purple,Red,Red,Red,Red,Blue,0.125,0.375,0,0.5,0,0,0,0,3
POMBY,Blue,Purple,Blue,Red,Red,Red,Blue,Blue,0.5,0.125,0,0.375,0,0,0,0,3
ROMBY,Red,Red,Red,Red,Red,Red,Red,Blue,0.125,0,0,0.875,0,0,0,0,2
GOMBY,Blue,Blue,Red,Red,Red,Red,Red,Blue,0.375,0,0,0.625,0,0,0,0,2
COMBY,Blue,Blue,Blue,Red,Red,Red,Red,Blue,0.5,0,0,0.5,0,0,0,0,2
PGMBY,Blue,Blue,Blue,Purple,Purple,Red,Blue,Blue,0.625,0.25,0,0.125,0,0,0,0,3
RGMBY,Purple,Purple,Purple,Red,Red,Red,Red,Blue,0.125,0.375,0,0.5,0,0,0,0,3
OGMBY,Blue,Purple,Red,Red,Red,Red,Red,Blue,0.25,0.125,0,0.625,0,0,0,0,3
CGMBY,Blue,Blue,Blue,Red,Red,Green,Green,Blue,0.5,0,0,0.25,0,0,0.25,0,3
PCMBY,Purple,Purple,Purple,Purple,Purple,Green,Blue,Purple,0.125,0.75,0,0,0,0,0.125,0,3
RCMBY,Purple,Purple,Purple,Red,Red,Red,Green,Blue,0.125,0.375,0,0.375,0,0,0.125,0,4
OCMBY,Purple,Purple,Red,Red,Red,Red,Green,Blue,0.125,0.25,0,0.5,0,0,0.125,0,4
GCMBY,Blue,Blue,Purple,Green,Green,Green,Green,Blue,0.375,0.125,0,0,0,0,0.5,0,3
MPRBY,Purple,Purple,Purple,Purple,Purple,Purple,Green,Purple,0,0.875,0,0,0,0,0.125,0,2
OPRBY,Purple,Purple,Purple,Purple,Purple,Purple,Purple,Purple,0,1,0,0,0,0,0,0,1
GPRBY,Purple,Purple,Purple,Purple,Purple,Purple,Green,Purple,0,0.875,0,0,0,0,0.125,0,2
CPRBY,Purple,Purple,Purple,Purple,Purple,Green,Green,Purple,0,0.75,0,0,0,0,0.25,0,2
PMRBY,Purple,Purple,Purple,Purple,Purple,Red,Purple,Purple,0,0.875,0,0.125,0,0,0,0,2
OMRBY,Purple,Purple,Red,Red,Red,Red,Red,Purple,0,0.375,0,0.625,0,0,0,0,2
GMRBY,Purple,Purple,Purple,Red,Red,Red,Yellow,Purple,0,0.5,0,0.375,0,0.125,0,0,3
CMRBY,Purple,Purple,Purple,Red,Red,Yellow,Yellow,Purple,0,0.5,0,0.25,0,0.25,0,0,3
PORBY,Purple,Purple,Purple,Red,Red,Red,Green,Purple,0,0.5,0,0.375,0,0,0.125,0,3
MORBY,Purple,Purple,Red,Red,Red,Red,Purple,Purple,0,0.5,0,0.5,0,0,0,0,2
GORBY,Green,Green,Red,Red,Red,Red,Purple,Green,0,0.125,0,0.5,0,0,0.375,0,3
CORBY,Purple,Purple,Purple,Red,Purple,Purple,Purple,Green,0,0.75,0,0.125,0,0,0.125,0,3
PGRBY,Green,Green,Green,Purple,Purple,Purple,Green,Green,0,0.375,0,0,0,0,0.625,0,2
MGRBY,Green,Green,Purple,Purple,Purple,Purple,Yellow,Green,0,0.5,0,0,0,0.125,0.375,0,3
OGRBY,Green,Purple,Purple,Purple,Purple,Purple,Purple,Green,0,0.75,0,0,0,0,0.25,0,2
CGRBY,Green,Green,Green,Purple,Purple,Yellow,Yellow,Green,0,0.25,0,0,0,0.25,0.5,0,3
PCRBY,Purple,Purple,Purple,Purple,Purple,Yellow,Green,Purple,0,0.75,0,0,0,0.125,0.125,0,3
MCRBY,Purple,Purple,Purple,Red,Red,Red,Yellow,Purple,0,0.5,0,0.375,0,0.125,0,0,3
OCRBY,Purple,Purple,Red,Red,Purple,Red,Yellow,Green,0,0.375,0,0.375,0,0.125,0.125,0,4
GCRBY,Green,Green,Purple,Yellow,Yellow,Yellow,Yellow,Green,0,0.125,0,0,0,0.5,0.375,0,3
MPOBY,Purple,Purple,Purple,Red,Red,Red,Green,Purple,0,0.5,0,0.375,0,0,0.125,0,3
RPOBY,Purple,Purple,Purple,Red,Red,Red,Red,Purple,0,0.5,0,0.5,0,0,0,0,2
GPOBY,Purple,Purple,Purple,Red,Red,Red,Green,Purple,0,0.5,0,0.375,0,0,0.125,0,3
CPOBY,Purple,Purple,Purple,Red,Red,Green,Green,Purple,0,0.5,0,0.25,0,0,0.25,0,3
PMOBY,Purple,Purple,Purple,Red,Red,Red,Purple,Purple,0,0.625,0,0.375,0,0,0,0,2
RMOBY,Red,Red,Red,Red,Red,Red,Red,Purple,0,0.125,0,0.875,0,0,0,0,2
GMOBY,Purple,Purple,Red,Red,Red,Red,Yellow,Purple,0,0.375,0,0.5,0,0.125,0,0,3
CMOBY,Purple,Purple,Purple,Red,Red,Yellow,Yellow,Purple,0,0.5,0,0.25,0,0.25,0,0,3
PROBY,Red,Red,Red,Red,Red,Purple,Green,Red,0,0.125,0,0.75,0,0,0.125,0,3
MROBY,Red,Red,Red,Red,Red,Red,Red,Red,0,0,0,1,0,0,0,0,1
GROBY,Green,Green,Red,Purple,Purple,Purple,Red,Green,0,0.375,0,0.25,0,0,0.375,0,3
CROBY,Red,Red,Red,Red,Purple,Red,Red,Green,0,0.125,0,0.75,0,0,0.125,0,3
PGOBY,Green,Green,Green,Red,Red,Red,Green,Green,0,0,0,0.375,0,0,0.625,0,2
MGOBY,Green,Green,Red,Red,Red,Red,Yellow,Green,0,0,0,0.5,0,0.125,0.375,0,3
RGOBY,Red,Red,Red,Red,Red,Red,Red,Green,0,0,0,0.875,0,0,0.125,0,2
CGOBY,Green,Green,Green,Red,Red,Yellow,Yellow,Green,0,0,0,0.25,0,0.25,0.5,0,3
PCOBY,Purple,Purple,Purple,Purple,Purple,Yellow,Green,Purple,0,0.75,0,0,0,0.125,0.125,0,3
MCOBY,Purple,Purple,Purple,Red,Red,Red,Yellow,Purple,0,0.5,0,0.375,0,0.125,0,0,3
RCOBY,Purple,Purple,Purple,Red,Purple,Purple,Yellow,Green,0,0.625,0,0.125,0,0.125,0.125,0,4
GCOBY,Green,Green,Purple,Yellow,Yellow,Yellow,Yellow,Green,0,0.125,0,0,0,0.5,0.375,0,3
MPGBY,Green,Green,Green,Purple,Purple,Purple,Green,Green,0,0.375,0,0,0,0,0.625,0,2
RPGBY,Green,Green,Green,Purple,Purple,Purple,Yellow,Green,0,0.375,0,0,0,0.125,0.5,0,3
OPGBY,Green,Green,Purple,Purple,Purple,Purple,Yellow,Green,0,0.5,0,0,0,0.125,0.375,0,3
CPGBY,Green,Green,Green,Purple,Purple,Green,Green,Green,0,0.25,0,0,0,0,0.75,0,2
PMGBY,Green,Green,Green,Purple,Purple,Yellow,Green,Green,0,0.25,0,0,0,0.125,0.625,0,3
RMGBY,Purple,Purple,Purple,Yellow,Yellow,Yellow,Yellow,Green,0,0.375,0,0,0,0.5,0.125,0,3
OMGBY,Green,Purple,Yellow,Yellow,Yellow,Yellow,Yellow,Green,0,0.125,0,0,0,0.625,0.25,0,3
CMGBY,Green,Green,Green,Yellow,Yellow,Green,Green,Green,0,0,0,0,0,0.25,0.75,0,2
PRGBY,Purple,Purple,Purple,Purple,Purple,Yellow,Green,Purple,0,0.75,0,0,0,0.125,0.125,0,3
MRGBY,Purple,Purple,Purple,Yellow,Yellow,Yellow,Yellow,Purple,0,0.5,0,0,0,0.5,0,0,2
ORGBY,Purple,Purple,Yellow,Yellow,Yellow,Yellow,Yellow,Green,0,0.25,0,0,0,0.625,0.125,0,3
CRGBY,Purple,Purple,Purple,Yellow,Yellow,Yellow,Yellow,Green,0,0.375,0,0,0,0.5,0.125,0,3
POGBY,Green,Purple,Green,Yellow,Yellow,Yellow,Green,Green,0,0.125,0,0,0,0.375,0.5,0,3
MOGBY,Purple,Green,Yellow,Yellow,Yellow,Yellow,Yellow,Green,0,0.125,0,0,0,0.625,0.25,0,3
ROGBY,Yellow,Yellow,Yellow,Yellow,Yellow,Yellow,Yellow,Green,0,0,0,0,0,0.875,0.125,0,2
COGBY,Green,Green,Green,Yellow,Yellow,Yellow,Yellow,Green,0,0,0,0,0,0.5,0.5,0,2
PCGBY,Green,Green,Green,Green,Green,Green,Green,Green,0,0,0,0,0,0,1,0,1
MCGBY,Green,Green,Green,Yellow,Yellow,Yellow,Green,Green,0,0,0,0,0,0.375,0.625,0,2
RCGBY,Green,Green,Green,Yellow,Yellow,Yellow,Green,Green,0,0,0,0,0,0.375,0.625,0,2
OCGBY,Green,Green,Yellow,Yellow,Yellow,Yellow,Green,Green,0,0,0,0,0,0.5,0.5,0,2
MPCBY,Blue,Blue,Blue,Blue,Blue,Blue,Green,Blue,0.875,0,0,0,0,0,0.125,0,2
RPCBY,Blue,Blue,Blue,Blue,Blue,Blue,Green,Blue,0.875,0,0,0,0,0,0.125,0,2
OPCBY,Blue,Blue,Blue,Blue,Blue,Blue,Green,Blue,0.875,0,0,0,0,0,0.125,0,2
GPCBY,Blue,Blue,Blue,Green,Green,Green,Green,Blue,0.5,0,0,0,0,0,0.5,0,2
PMCBY,Blue,Blue,Blue,Blue,Blue,Red,Blue,Blue,0.875,0,0,0.125,0,0,0,0,2
RMCBY,Blue,Blue,Blue,Red,Red,Red,Red,Blue,0.5,0,0,0.5,0,0,0,0,2
OMCBY,Blue,Blue,Red,Red,Red,Red,Red,Blue,0.375,0,0,0.625,0,0,0,0,2
GMCBY,Blue,Blue,Blue,Red,Red,Red,Green,Blue,0.5,0,0,0.375,0,0,0.125,0,3
PRCBY,Blue,Blue,Blue,Blue,Blue,Purple,Green,Blue,0.75,0.125,0,0,0,0,0.125,0,3
MRCBY,Blue,Blue,Blue,Red,Red,Red,Green,Blue,0.5,0,0,0.375,0,0,0.125,0,3
ORCBY,Blue,Blue,Red,Red,Purple,Red,Purple,Green,0.25,0.25,0,0.375,0,0,0.125,0,4
GRCBY,Green,Green,Blue,Purple,Purple,Purple,Green,Green,0.125,0.375,0,0,0,0,0.5,0,3
POCBY,Blue,Blue,Blue,Red,Red,Red,Green,Blue,0.5,0,0,0.375,0,0,0.125,0,3
MOCBY,Blue,Blue,Red,Red,Red,Red,Green,Blue,0.375,0,0,0.5,0,0,0.125,0,3
ROCBY,Red,Red,Red,Red,Purple,Purple,Red,Green,0,0.25,0,0.625,0,0,0.125,0,3
GOCBY,Green,Green,Red,Red,Red,Red,Green,Green,0,0,0,0.5,0,0,0.5,0,2
PGCBY,Green,Green,Green,Blue,Blue,Green,Green,Green,0.25,0,0,0,0,0,0.75,0,2
MGCBY,Green,Green,Blue,Green,Green,Green,Green,Green,0.125,0,0,0,0,0,0.875,0,2
RGCBY,Blue,Blue,Blue,Green,Green,Green,Green,Green,0.375,0,0,0,0,0,0.625,0,2
OGCBY,Green,Blue,Green,Green,Green,Green,Green,Green,0.125,0,0,0,0,0,0.875,0,2
RMBPY,Purple,Purple,Purple,Blue,Blue,Blue,Blue,Blue,0.625,0.375,0,0,0,0,0,0,2
OMBPY,Blue,Purple,Blue,Blue,Blue,Blue,Blue,Blue,0.875,0.125,0,0,0,0,0,0,2
GMBPY,Blue,Blue,Purple,Blue,Blue,Blue,Blue,Blue,0.875,0.125,0,0,0,0,0,0,2
CMBPY,Purple,Purple,Purple,Blue,Blue,Blue,Blue,Blue,0.625,0.375,0,0,0,0,0,0,2
MRBPY,Purple,Purple,Purple,Blue,Blue,Blue,Yellow,Purple,0.375,0.5,0,0,0,0.125,0,0,3
ORBPY,Purple,Purple,Blue,Blue,Purple,Blue,Purple,Blue,0.5,0.5,0,0,0,0,0,0,2
GRBPY,Blue,Blue,Purple,Purple,Purple,Purple,Yellow,Blue,0.375,0.5,0,0,0,0.125,0,0,3
CRBPY,Purple,Purple,Purple,Blue,Purple,Yellow,Yellow,Blue,0.25,0.5,0,0,0,0.25,0,0,3
MOBPY,Purple,Purple,Blue,Blue,Blue,Blue,Yellow,Purple,0.5,0.375,0,0,0,0.125,0,0,3
ROBPY,Blue,Blue,Blue,Blue,Purple,Purple,Blue,Blue,0.75,0.25,0,0,0,0,0,0,2
GOBPY,Blue,Blue,Blue,Blue,Blue,Blue,Yellow,Blue,0.875,0,0,0,0,0.125,0,0,2
COBPY,Purple,Purple,Purple,Blue,Purple,Yellow,Yellow,Blue,0.25,0.5,0,0,0,0.25,0,0,3
MGBPY,Blue,Blue,Purple,Yellow,Yellow,Yellow,Blue,Blue,0.5,0.125,0,0,0,0.375,0,0,3
RGBPY,Purple,Purple,Purple,Yellow,Yellow,Yellow,Yellow,Blue,0.125,0.375,0,0,0,0.5,0,0,3
OGBPY,Blue,Purple,Yellow,Yellow,Yellow,Yellow,Yellow,Blue,0.25,0.125,0,0,0,0.625,0,0,3
CGBPY,Blue,Blue,Blue,Yellow,Yellow,Blue,Blue,Blue,0.75,0,0,0,0,0.25,0,0,2
MCBPY,Blue,Blue,Blue,Blue,Blue,Blue,Blue,Blue,1,0,0,0,0,0,0,0,1
RCBPY,Blue,Blue,Blue,Blue,Purple,Purple,Blue,Blue,0.75,0.25,0,0,0,0,0,0,2
OCBPY,Blue,Blue,Blue,Blue,Purple,Blue,Blue,Blue,0.875,0.125,0,0,0,0,0,0,2
GCBPY,Blue,Blue,Blue,Blue,Blue,Blue,Blue,Blue,1,0,0,0,0,0,0,0,1
RBMPY,Blue,Blue,Blue,Blue,Blue,Blue,Red,Blue,0.875,0,0,0.125,0,0,0,0,2
OBMPY,Blue,Blue,Blue,Blue,Blue,Blue,Red,Blue,0.875,0,0,0.125,0,0,0,0,2
GBMPY,Blue,Blue,Blue,Red,Red,Red,Blue,Blue,0.625,0,0,0.375,0,0,0,0,2
CBMPY,Purple,Purple,Purple,Blue,Blue,Blue,Blue,Blue,0.625,0.375,0,0,0,0,0,0,2
BRMPY,Blue,Blue,Blue,Blue,Blue,Red,Blue,Blue,0.875,0,0,0.125,0,0,0,0,2
ORMPY,Blue,Blue,Red,Red,Red,Red,Red,Blue,0.375,0,0,0.625,0,0,0,0,2
GRMPY,Blue,Blue,Blue,Red,Red,Red,Red,Blue,0.5,0,0,0.5,0,0,0,0,2
CRMPY,Blue,Blue,Blue,Red,Red,Red,Red,Blue,0.5,0,0,0.5,0,0,0,0,2
BOMPY,Blue,Blue,Blue,Red,Blue,Red,Blue,Blue,0.75,0,0,0.25,0,0,0,0,2
ROMPY,Red,Red,Red,Red,Red,Red,Red,Blue,0.125,0,0,0.875,0,0,0,0,2
GOMPY,Blue,Blue,Red,Red,Red,Red,Red,Blue,0.375,0,0,0.625,0,0,0,0,2
COMPY,Blue,Blue,Blue,Red,Red,Red,Red,Blue,0.5,0,0,0.5,0,0,0,0,2
BGMPY,Blue,Blue,Blue,Blue,Blue,Red,Blue,Blue,0.875,0,0,0.125,0,0,0,0,2
RGMPY,Blue,Blue,Blue,Red,Red,Red,Red,Blue,0.5,0,0,0.5,0,0,0,0,2
OGMPY,Blue,Blue,Red,Red,Red,Red,Red,Blue,0.375,0,0,0.625,0,0,0,0,2
CGMPY,Blue,Blue,Blue,Red,Red,Green,Green,Blue,0.5,0,0,0.25,0,0,0.25,0,3
BCMPY,Purple,Purple,Purple,Purple,Purple,Green,Blue,Blue,0.25,0.625,0,0,0,0,0.125,0,3
RCMPY,Purple,Purple,Purple,Red,Red,Red,Green,Blue,0.125,0.375,0,0.375,0,0,0.125,0,4
OCMPY,Purple,Purple,Red,Red,Red,Red,Green,Blue,0.125,0.25,0,0.5,0,0,0.125,0,4
GCMPY,Blue,Blue,Purple,Green,Green,Green,Green,Blue,0.375,0.125,0,0,0,0,0.5,0,3
MBRPY,Blue,Blue,Blue,Blue,Blue,Blue,Blue,Blue,1,0,0,0,0,0,0,0,1
OBRPY,Blue,Blue,Blue,Blue,Blue,Blue,Red,Blue,0.875,0,0,0.125,0,0,0,0,2
GBRPY,Blue,Blue,Blue,Red,Red,Red,Blue,Blue,0.625,0,0,0.375,0,0,0,0,2
CBRPY,Blue,Blue,Blue,Blue,Blue,Blue,Blue,Blue,1,0,0,0,0,0,0,0,1
BMRPY,Blue,Blue,Blue,Blue,Blue,Red,Blue,Blue,0.875,0,0,0.125,0,0,0,0,2
OMRPY,Blue,Blue,Red,Red,Red,Red,Red,Blue,0.375,0,0,0.625,0,0,0,0,2
GMRPY,Blue,Blue,Blue,Red,Red,Red,Yellow,Blue,0.5,0,0,0.375,0,0.125,0,0,3
CMRPY,Blue,Blue,Blue,Red,Red,Yellow,Yellow,Blue,0.5,0,0,0.25,0,0.25,0,0,3
BORPY,Blue,Blue,Blue,Red,Blue,Red,Blue,Blue,0.75,0,0,0.25,0,0,0,0,2
MORPY,Blue,Blue,Red,Red,Red,Red,Red,Blue,0.375,0,0,0.625,0,0,0,0,2
GORPY,Blue,Blue,Red,Red,Red,Red,Red,Blue,0.375,0,0,0.625,0,0,0,0,2
CORPY,Blue,Blue,Blue,Red,Red,Red,Red,Blue,0.5,0,0,0.5,0,0,0,0,2
BGRPY,Blue,Blue,Blue,Blue,Blue,Red,Blue,Blue,0.875,0,0,0.125,0,0,0,0,2
MGRPY,Blue,Blue,Blue,Red,Red,Red,Yellow,Blue,0.5,0,0,0.375,0,0.125,0,0,3
OGRPY,Blue,Blue,Red,Red,Red,Red,Red,Blue,0.375,0,0,0.625,0,0,0,0,2
CGRPY,Blue,Blue,Blue,Red,Red,Yellow,Yellow,Blue,0.5,0,0,0.25,0,0.25,0,0,3
BCRPY,Blue,Blue,Blue,Blue,Blue,Yellow,Blue,Blue,0.875,0,0,0,0,0.125,0,0,2
MCRPY,Blue,Blue,Blue,Red,Red,Red,Yellow,Blue,0.5,0,0,0.375,0,0.125,0,0,3
OCRPY,Blue,Blue,Red,Red,Red,Red,Yellow,Blue,0.375,0,0,0.5,0,0.125,0,0,3
GCRPY,Blue,Blue,Blue,Yellow,Yellow,Yellow,Yellow,Blue,0.5,0,0,0,0,0.5,0,0,2
MBOPY,Blue,Purple,Blue,Red,Red,Red,Blue,Purple,0.375,0.25,0,0.375,0,0,0,0,3
RBOPY,Blue,Blue,Blue,Red,Blue,Blue,Red,Blue,0.75,0,0,0.25,0,0,0,0,2
GBOPY,Blue,Blue,Blue,Red,Red,Red,Blue,Blue,0.625,0,0,0.375,0,0,0,0,2
CBOPY,Purple,Purple,Purple,Red,Blue,Blue,Blue,Blue,0.5,0.375,0,0.125,0,0,0,0,3
BMOPY,Blue,Purple,Purple,Red,Purple,Red,Purple,Purple,0.125,0.625,0,0.25,0,0,0,0,3
RMOPY,Red,Red,Red,Red,Red,Red,Red,Purple,0,0.125,0,0.875,0,0,0,0,2
GMOPY,Purple,Purple,Red,Red,Red,Red,Yellow,Purple,0,0.375,0,0.5,0,0.125,0,0,3
CMOPY,Blue,Blue,Blue,Red,Red,Yellow,Yellow,Purple,0.375,0.125,0,0.25,0,0.25,0,0,4
BROPY,Red,Red,Red,Red,Red,Red,Blue,Blue,0.25,0,0,0.75,0,0,0,0,2
MROPY,Red,Red,Red,Red,Red,Red,Red,Red,0,0,0,1,0,0,0,0,1
GROPY,Blue,Blue,Red,Red,Red,Red,Red,Blue,0.375,0,0,0.625,0,0,0,0,2
CROPY,Red,Red,Red,Red,Red,Red,Red,Blue,0.125,0,0,0.875,0,0,0,0,2
BGOPY,Blue,Blue,Blue,Red,Blue,Red,Blue,Blue,0.75,0,0,0.25,0,0,0,0,2
MGOPY,Blue,Blue,Red,Red,Red,Red,Yellow,Blue,0.375,0,0,0.5,0,0.125,0,0,3
RGOPY,Red,Red,Red,Red,Red,Red,Red,Blue,0.125,0,0,0.875,0,0,0,0,2
CGOPY,Blue,Blue,Blue,Red,Red,Yellow,Yellow,Blue,0.5,0,0,0.25,0,0.25,0,0,3
BCOPY,Purple,Purple,Purple,Purple,Purple,Yellow,Blue,Blue,0.25,0.625,0,0,0,0.125,0,0,3
MCOPY,Purple,Purple,Purple,Red,Red,Red,Yellow,Purple,0,0.5,0,0.375,0,0.125,0,0,3
RCOPY,Purple,Purple,Purple,Red,Red,Red,Yellow,Blue,0.125,0.375,0,0.375,0,0.125,0,0,4
GCOPY,Blue,Blue,Purple,Yellow,Yellow,Yellow,Yellow,Blue,0.375,0.125,0,0,0,0.5,0,0,3
MBGPY,Blue,Blue,Blue,Blue,Blue,Blue,Blue,Blue,1,0,0,0,0,0,0,0,1
RBGPY,Blue,Blue,Blue,Blue,Blue,Blue,Yellow,Blue,0.875,0,0,0,0,0.125,0,0,2
OBGPY,Blue,Blue,Blue,Blue,Blue,Blue,Yellow,Blue,0.875,0,0,0,0,0.125,0,0,2
CBGPY,Blue,Blue,Blue,Blue,Blue,Blue,Blue,Blue,1,0,0,0,0,0,0,0,1
BMGPY,Blue,Blue,Blue,Blue,Blue,Yellow,Blue,Blue,0.875,0,0,0,0,0.125,0,0,2
RMGPY,Blue,Blue,Blue,Yellow,Yellow,Yellow,Yellow,Blue,0.5,0,0,0,0,0.5,0,0,2
OMGPY,Blue,Blue,Yellow,Yellow,Yellow,Yellow,Yellow,Blue,0.375,0,0,0,0,0.625,0,0,2
CMGPY,Blue,Blue,Blue,Yellow,Yellow,Green,Green,Blue,0.5,0,0,0,0,0.25,0.25,0,3
BRGPY,Blue,Blue,Blue,Blue,Blue,Yellow,Blue,Blue,0.875,0,0,0,0,0.125,0,0,2
MRGPY,Blue,Blue,Blue,Yellow,Yellow,Yellow,Yellow,Blue,0.5,0,0,0,0,0.5,0,0,2
ORGPY,Blue,Blue,Yellow,Yellow,Yellow,Yellow,Yellow,Blue,0.375,0,0,0,0,0.625,0,0,2
CRGPY,Blue,Blue,Blue,Yellow,Yellow,Yellow,Yellow,Blue,0.5,0,0,0,0,0.5,0,0,2
BOGPY,Blue,Blue,Blue,Yellow,Blue,Yellow,Blue,Blue,0.75,0,0,0,0,0.25,0,0,2
MOGPY,Blue,Blue,Yellow,Yellow,Yellow,Yellow,Yellow,Blue,0.375,0,0,0,0,0.625,0,0,2
ROGPY,Yellow,Yellow,Yellow,Yellow,Yellow,Yellow,Yellow,Blue,0.125,0,0,0,0,0.875,0,0,2
COGPY,Blue,Blue,Blue,Yellow,Yellow,Yellow,Yellow,Blue,0.5,0,0,0,0,0.5,0,0,2
BCGPY,Blue,Blue,Blue,Blue,Blue,Green,Blue,Blue,0.875,0,0,0,0,0,0.125,0,2
MCGPY,Blue,Blue,Blue,Yellow,Yellow,Yellow,Green,Blue,0.5,0,0,0,0,0.375,0.125,0,3
RCGPY,Blue,Blue,Blue,Yellow,Yellow,Yellow,Green,Blue,0.5,0,0,0,0,0.375,0.125,0,3
OCGPY,Blue,Blue,Yellow,Yellow,Yellow,Yellow,Green,Blue,0.375,0,0,0,0,0.5,0.125,0,3
MBCPY,Blue,Blue,Blue,Blue,Blue,Blue,Blue,Blue,1,0,0,0,0,0,0,0,1
RBCPY,Blue,Blue,Blue,Blue,Blue,Blue,Green,Blue,0.875,0,0,0,0,0,0.125,0,2
OBCPY,Blue,Blue,Blue,Blue,Blue,Blue,Green,Blue,0.875,0,0,0,0,0,0.125,0,2
GBCPY,Blue,Blue,Blue,Green,Green,Green,Blue,Blue,0.625,0,0,0,0,0,0.375,0,2
BMCPY,Blue,Blue,Blue,Blue,Blue,Red,Blue,Blue,0.875,0,0,0.125,0,0,0,0,2
RMCPY,Blue,Blue,Blue,Red,Red,Red,Red,Blue,0.5,0,0,0.5,0,0,0,0,2
OMCPY,Blue,Blue,Red,Red,Red,Red,Red,Blue,0.375,0,0,0.625,0,0,0,0,2
GMCPY,Blue,Blue,Blue,Red,Red,Red,Green,Blue,0.5,0,0,0.375,0,0,0.125,0,3
BRCPY,Blue,Blue,Blue,Blue,Blue,Red,Blue,Blue,0.875,0,0,0.125,0,0,0,0,2
MRCPY,Blue,Blue,Blue,Red,Red,Red,Green,Blue,0.5,0,0,0.375,0,0,0.125,0,3
ORCPY,Blue,Blue,Red,Red,Red,Red,Red,Blue,0.375,0,0,0.625,0,0,0,0,2
GRCPY,Blue,Blue,Blue,Red,Red,Red,Green,Blue,0.5,0,0,0.375,0,0,0.125,0,3
BOCPY,Blue,Blue,Blue,Red,Blue,Red,Blue,Blue,0.75,0,0,0.25,0,0,0,0,2
MOCPY,Blue,Blue,Red,Red,Red,Red,Green,Blue,0.375,0,0,0.5,0,0,0.125,0,3
ROCPY,Red,Red,Red,Red,Red,Red,Red,Blue,0.125,0,0,0.875,0,0,0,0,2
GOCPY,Blue,Blue,Red,Red,Red,Red,Green,Blue,0.375,0,0,0.5,0,0,0.125,0,3
BGCPY,Blue,Blue,Blue,Blue,Blue,Green,Blue,Blue,0.875,0,0,0,0,0,0.125,0,2
MGCPY,Blue,Blue,Blue,Green,Green,Green,Green,Blue,0.5,0,0,0,0,0,0.5,0,2
RGCPY,Blue,Blue,Blue,Green,Green,Green,Green,Blue,0.5,0,0,0,0,0,0.5,0,2
OGCPY,Blue,Blue,Green,Green,Green,Green,Green,Blue,0.375,0,0,0,0,0,0.625,0,2
RPBMY,Purple,Purple,Purple,Blue,Blue,Blue,Orange,Purple,0.375,0.5,0,0,0.125,0,0,0,3
OPBMY,Blue,Purple,Blue,Blue,Blue,Blue,Orange,Purple,0.625,0.25,0,0,0.125,0,0,0,3
GPBMY,Purple,Purple,Purple,Orange,Orange,Orange,Blue,Purple,0.125,0.5,0,0,0.375,0,0,0,3
CPBMY,Purple,Purple,Purple,Blue,Blue,Blue,Blue,Purple,0.5,0.5,0,0,0,0,0,0,2
PRBMY,Blue,Blue,Blue,Blue,Blue,Blue,Blue,Blue,1,0,0,0,0,0,0,0,1
ORBMY,Blue,Blue,Red,Red,Blue,Red,Blue,Blue,0.625,0,0,0.375,0,0,0,0,2
GRBMY,Blue,Blue,Blue,Blue,Blue,Blue,Orange,Blue,0.875,0,0,0,0.125,0,0,0,2
CRBMY,Blue,Blue,Blue,Red,Blue,Orange,Orange,Blue,0.625,0,0,0.125,0.25,0,0,0,3
POBMY,Blue,Blue,Blue,Red,Red,Red,Blue,Blue,0.625,0,0,0.375,0,0,0,0,2
ROBMY,Red,Red,Red,Red,Blue,Blue,Red,Blue,0.375,0,0,0.625,0,0,0,0,2
GOBMY,Blue,Blue,Red,Red,Red,Red,Orange,Blue,0.375,0,0,0.5,0.125,0,0,0,3
COBMY,Blue,Blue,Blue,Red,Blue,Orange,Orange,Blue,0.625,0,0,0.125,0.25,0,0,0,3
PGBMY,Blue,Blue,Blue,Blue,Blue,Orange,Blue,Blue,0.875,0,0,0,0.125,0,0,0,2
RGBMY,Blue,Blue,Blue,Orange,Orange,Orange,Orange,Blue,0.5,0,0,0,0.5,0,0,0,2
OGBMY,Blue,Blue,Orange,Orange,Orange,Orange,Orange,Blue,0.375,0,0,0,0.625,0,0,0,2
CGBMY,Blue,Blue,Blue,Orange,Orange,Blue,Blue,Blue,0.75,0,0,0,0.25,0,0,0,2
PCBMY,Purple,Purple,Purple,Purple,Purple,Blue,Blue,Purple,0.25,0.75,0,0,0,0,0,0,2
RCBMY,Purple,Purple,Purple,Red,Blue,Blue,Blue,Blue,0.5,0.375,0,0.125,0,0,0,0,3
OCBMY,Purple,Purple,Red,Red,Blue,Red,Blue,Blue,0.375,0.25,0,0.375,0,0,0,0,3
GCBMY,Blue,Blue,Purple,Blue,Blue,Blue,Blue,Blue,0.875,0.125,0,0,0,0,0,0,2
RBPMY,Blue,Blue,Blue,Purple,Blue,Blue,Orange,Purple,0.625,0.25,0,0,0.125,0,0,0,3
OBPMY,Blue,Blue,Purple,Purple,Blue,Purple,Orange,Purple,0.375,0.5,0,0,0.125,0,0,0,3
GBPMY,Purple,Purple,Blue,Orange,Orange,Orange,Purple,Purple,0.125,0.5,0,0,0.375,0,0,0,3
CBPMY,Purple,Purple,Purple,Purple,Blue,Purple,Purple,Purple,0.125,0.875,0,0,0,0,0,0,2
BRPMY,Purple,Purple,Purple,Purple,Purple,Red,Purple,Purple,0,0.875,0,0.125,0,0,0,0,2
ORPMY,Purple,Purple,Red,Red,Red,Red,Red,Purple,0,0.375,0,0.625,0,0,0,0,2
GRPMY,Purple,Purple,Purple,Red,Red,Red,Orange,Purple,0,0.5,0,0.375,0.125,0,0,0,3
CRPMY,Purple,Purple,Purple,Red,Red,Orange,Orange,Purple,0,0.5,0,0.25,0.25,0,0,0,3
BOPMY,Blue,Purple,Purple,Red,Purple,Red,Purple,Purple,0.125,0.625,0,0.25,0,0,0,0,3
ROPMY,Red,Red,Red,Red,Red,Red,Red,Purple,0,0.125,0,0.875,0,0,0,0,2
GOPMY,Purple,Purple,Red,Red,Red,Red,Orange,Purple,0,0.375,0,0.5,0.125,0,0,0,3
COPMY,Blue,Blue,Blue,Red,Red,Orange,Orange,Purple,0.375,0.125,0,0.25,0.25,0,0,0,4
BGPMY,Purple,Purple,Purple,Purple,Purple,Orange,Purple,Purple,0,0.875,0,0,0.125,0,0,0,2
RGPMY,Purple,Purple,Purple,Orange,Orange,Orange,Orange,Purple,0,0.5,0,0,0.5,0,0,0,2
OGPMY,Purple,Purple,Orange,Orange,Orange,Orange,Orange,Purple,0,0.375,0,0,0.625,0,0,0,2
CGPMY,Purple,Purple,Purple,Orange,Orange,Blue,Blue,Purple,0.25,0.5,0,0,0.25,0,0,0,3
BCPMY,Purple,Purple,Purple,Purple,Purple,Blue,Purple,Purple,0.125,0.875,0,0,0,0,0,0,2
RCPMY,Purple,Purple,Purple,Red,Red,Red,Blue,Purple,0.125,0.5,0,0.375,0,0,0,0,3
OCPMY,Purple,Purple,Red,Red,Red,Red,Blue,Purple,0.125,0.375,0,0.5,0,0,0,0,3
GCPMY,Purple,Purple,Purple,Blue,Blue,Blue,Blue,Purple,0.5,0.5,0,0,0,0,0,0,2
PBRMY,Red,Red,Red,Red,Red,Orange,Blue,Red,0.125,0,0,0.75,0.125,0,0,0,3
OBRMY,Red,Red,Red,Red,Red,Red,Orange,Blue,0.125,0,0,0.75,0.125,0,0,0,3
GBRMY,Blue,Blue,Red,Orange,Orange,Orange,Blue,Blue,0.5,0,0,0.125,0.375,0,0,0,3
CBRMY,Red,Red,Red,Red,Red,Blue,Blue,Blue,0.375,0,0,0.625,0,0,0,0,2
BPRMY,Red,Red,Red,Red,Red,Orange,Red,Red,0,0,0,0.875,0.125,0,0,0,2
OPRMY,Red,Red,Red,Red,Red,Red,Orange,Red,0,0,0,0.875,0.125,0,0,0,2
GPRMY,Red,Red,Red,Orange,Orange,Orange,Blue,Red,0.125,0,0,0.5,0.375,0,0,0,3
CPRMY,Red,Red,Red,Red,Red,Blue,Blue,Red,0.25,0,0,0.75,0,0,0,0,2
BORMY,Red,Red,Red,Orange,Red,Orange,Blue,Blue,0.25,0,0,0.5,0.25,0,0,0,3
PORMY,Red,Red,Red,Orange,Orange,Orange,Blue,Red,0.125,0,0,0.5,0.375,0,0,0,3
GORMY,Blue,Blue,Orange,Orange,Orange,Orange,Orange,Blue,0.375,0,0,0,0.625,0,0,0,2
CORMY,Red,Red,Red,Orange,Orange,Orange,Orange,Blue,0.125,0,0,0.375,0.5,0,0,0,3
BGRMY,Blue,Blue,Blue,Red,Blue,Orange,Blue,Blue,0.75,0,0,0.125,0.125,0,0,0,3
PGRMY,Blue,Blue,Blue,Red,Red,Orange,Blue,Blue,0.625,0,0,0.25,0.125,0,0,0,3
OGRMY,Blue,Red,Orange,Orange,Orange,Orange,Orange,Blue,0.25,0,0,0.125,0.625,0,0,0,3
CGRMY,Blue,Blue,Blue,Orange,Orange,Orange,Orange,Blue,0.5,0,0,0,0.5,0,0,0,2
BCRMY,Red,Red,Red,Red,Red,Orange,Blue,Blue,0.25,0,0,0.625,0.125,0,0,0,3
PCRMY,Red,Red,Red,Red,Red,Orange,Blue,Red,0.125,0,0,0.75,0.125,0,0,0,3
OCRMY,Red,Red,Orange,Orange,Orange,Orange,Orange,Blue,0.125,0,0,0.25,0.625,0,0,0,3
GCRMY,Blue,Blue,Red,Orange,Orange,Orange,Orange,Blue,0.375,0,0,0.125,0.5,0,0,0,3
PBOMY,Blue,Red,Blue,Red,Red,Orange,Blue,Blue,0.5,0,0,0.375,0.125,0,0,0,3
RBOMY,Red,Red,Red,Orange,Red,Red,Orange,Blue,0.125,0,0,0.625,0.25,0,0,0,3
GBOMY,Blue,Blue,Red,Orange,Orange,Orange,Blue,Blue,0.5,0,0,0.125,0.375,0,0,0,3
CBOMY,Blue,Blue,Blue,Orange,Red,Blue,Blue,Blue,0.75,0,0,0.125,0.125,0,0,0,3
BPOMY,Blue,Red,Red,Blue,Red,Orange,Blue,Blue,0.5,0,0,0.375,0.125,0,0,0,3
RPOMY,Blue,Blue,Blue,Orange,Orange,Orange,Orange,Blue,0.5,0,0,0,0.5,0,0,0,2
GPOMY,Blue,Blue,Blue,Orange,Orange,Orange,Blue,Blue,0.625,0,0,0,0.375,0,0,0,2
CPOMY,Blue,Blue,Blue,Orange,Orange,Blue,Blue,Blue,0.75,0,0,0,0.25,0,0,0,2
BROMY,Orange,Orange,Orange,Orange,Orange,Orange,Blue,Blue,0.25,0,0,0,0.75,0,0,0,2
PROMY,Orange,Orange,Orange,Orange,Orange,Orange,Blue,Orange,0.125,0,0,0,0.875,0,0,0,2
GROMY,Blue,Blue,Orange,Orange,Orange,Orange,Orange,Blue,0.375,0,0,0,0.625,0,0,0,2
CROMY,Orange,Orange,Orange,Orange,Orange,Orange,Orange,Blue,0.125,0,0,0,0.875,0,0,0,2
BGOMY,Blue,Blue,Blue,Orange,Blue,Orange,Blue,Blue,0.75,0,0,0,0.25,0,0,0,2
PGOMY,Blue,Blue,Blue,Orange,Orange,Orange,Blue,Blue,0.625,0,0,0,0.375,0,0,0,2
RGOMY,Orange,Orange,Orange,Orange,Orange,Orange,Orange,Blue,0.125,0,0,0,0.875,0,0,0,2
CGOMY,Blue,Blue,Blue,Orange,Orange,Orange,Orange,Blue,0.5,0,0,0,0.5,0,0,0,2
BCOMY,Blue,Blue,Blue,Blue,Blue,Orange,Blue,Blue,0.875,0,0,0,0.125,0,0,0,2
PCOMY,Blue,Blue,Blue,Blue,Blue,Orange,Blue,Blue,0.875,0,0,0,0.125,0,0,0,2
RCOMY,Blue,Blue,Blue,Orange,Orange,Orange,Orange,Blue,0.5,0,0,0,0.5,0,0,0,2
GCOMY,Blue,Blue,Blue,Orange,Orange,Orange,Orange,Blue,0.5,0,0,0,0.5,0,0,0,2
PBGMY,Blue,Blue,Blue,Blue,Blue,Orange,Blue,Blue,0.875,0,0,0,0.125,0,0,0,2
RBGMY,Blue,Blue,Blue,Red,Blue,Blue,Orange,Blue,0.75,0,0,0.125,0.125,0,0,0,3
OBGMY,Blue,Blue,Red,Red,Blue,Red,Orange,Blue,0.5,0,0,0.375,0.125,0,0,0,3
CBGMY,Blue,Blue,Blue,Red,Blue,Blue,Blue,Blue,0.875,0,0,0.125,0,0,0,0,2
BPGMY,Blue,Blue,Blue,Blue,Blue,Orange,Blue,Blue,0.875,0,0,0,0.125,0,0,0,2
RPGMY,Blue,Blue,Blue,Red,Red,Red,Orange,Blue,0.5,0,0,0.375,0.125,0,0,0,3
OPGMY,Blue,Blue,Red,Red,Red,Red,Orange,Blue,0.375,0,0,0.5,0.125,0,0,0,3
CPGMY,Blue,Blue,Blue,Red,Red,Blue,Blue,Blue,0.75,0,0,0.25,0,0,0,0,2
BRGMY,Red,Red,Red,Red,Red,Orange,Blue,Blue,0.25,0,0,0.625,0.125,0,0,0,3
PRGMY,Red,Red,Red,Red,Red,Orange,Blue,Red,0.125,0,0,0.75,0.125,0,0,0,3
ORGMY,Red,Red,Orange,Orange,Orange,Orange,Orange,Blue,0.125,0,0,0.25,0.625,0,0,0,3
CRGMY,Red,Red,Red,Orange,Orange,Orange,Orange,Blue,0.125,0,0,0.375,0.5,0,0,0,3
BOGMY,Blue,Red,Red,Orange,Red,Orange,Blue,Blue,0.375,0,0,0.375,0.25,0,0,0,3
POGMY,Blue,Red,Blue,Orange,Orange,Orange,Blue,Blue,0.5,0,0,0.125,0.375,0,0,0,3
ROGMY,Orange,Orange,Orange,Orange,Orange,Orange,Orange,Blue,0.125,0,0,0,0.875,0,0,0,2
COGMY,Blue,Blue,Blue,Orange,Orange,Orange,Orange,Blue,0.5,0,0,0,0.5,0,0,0,2
BCGMY,Blue,Blue,Blue,Blue,Blue,Green,Blue,Blue,0.875,0,0,0,0,0,0.125,0,2
PCGMY,Blue,Blue,Blue,Blue,Blue,Green,Blue,Blue,0.875,0,0,0,0,0,0.125,0,2
RCGMY,Blue,Blue,Blue,Orange,Orange,Orange,Green,Blue,0.5,0,0,0,0.375,0,0.125,0,3
OCGMY,Blue,Blue,Orange,Orange,Orange,Orange,Green,Blue,0.375,0,0,0,0.5,0,0.125,0,3
PBCMY,Purple,Purple,Purple,Purple,Purple,Green,Blue,Purple,0.125,0.75,0,0,0,0,0.125,0,3
RBCMY,Purple,Purple,Purple,Purple,Purple,Purple,Green,Blue,0.125,0.75,0,0,0,0,0.125,0,3
OBCMY,Purple,Purple,Purple,Purple,Purple,Purple,Green,Blue,0.125,0.75,0,0,0,0,0.125,0,3
GBCMY,Blue,Blue,Purple,Green,Green,Green,Blue,Blue,0.5,0.125,0,0,0,0,0.375,0,3
BPCMY,Purple,Purple,Purple,Purple,Purple,Green,Purple,Purple,0,0.875,0,0,0,0,0.125,0,2
RPCMY,Purple,Purple,Purple,Purple,Purple,Purple,Green,Purple,0,0.875,0,0,0,0,0.125,0,2
OPCMY,Purple,Purple,Purple,Purple,Purple,Purple,Green,Purple,0,0.875,0,0,0,0,0.125,0,2
GPCMY,Purple,Purple,Purple,Green,Green,Green,Blue,Purple,0.125,0.5,0,0,0,0,0.375,0,3
BRCMY,Purple,Purple,Purple,Purple,Purple,Orange,Blue,Blue,0.25,0.625,0,0,0.125,0,0,0,3
PRCMY,Purple,Purple,Purple,Purple,Purple,Orange,Blue,Purple,0.125,0.75,0,0,0.125,0,0,0,3
ORCMY,Purple,Purple,Orange,Orange,Orange,Orange,Orange,Blue,0.125,0.25,0,0,0.625,0,0,0,3
GRCMY,Blue,Blue,Purple,Orange,Orange,Orange,Green,Blue,0.375,0.125,0,0,0.375,0,0.125,0,4
BOCMY,Purple,Purple,Purple,Orange,Purple,Orange,Blue,Blue,0.25,0.5,0,0,0.25,0,0,0,3
POCMY,Purple,Purple,Purple,Orange,Orange,Orange,Blue,Purple,0.125,0.5,0,0,0.375,0,0,0,3
ROCMY,Orange,Orange,Orange,Orange,Orange,Orange,Orange,Blue,0.125,0,0,0,0.875,0,0,0,2
GOCMY,Blue,Blue,Orange,Orange,Orange,Orange,Green,Blue,0.375,0,0,0,0.5,0,0.125,0,3
BGCMY,Blue,Blue,Blue,Purple,Blue,Green,Blue,Blue,0.75,0.125,0,0,0,0,0.125,0,3
PGCMY,Blue,Blue,Blue,Purple,Purple,Green,Blue,Blue,0.625,0.25,0,0,0,0,0.125,0,3
RGCMY,Purple,Purple,Purple,Green,Green,Green,Green,Blue,0.125,0.375,0,0,0,0,0.5,0,3
OGCMY,Blue,Purple,Green,Green,Green,Green,Green,Blue,0.25,0.125,0,0,0,0,0.625,0,3
MPBRY,Red,Red,Red,Red,Red,Red,Green,Red,0,0,0,0.875,0,0,0.125,0,2
OPBRY,Red,Red,Red,Red,Red,Red,Red,Red,0,0,0,1,0,0,0,0,1
GPBRY,Red,Red,Red,Red,Red,Red,Green,Red,0,0,0,0.875,0,0,0.125,0,2
CPBRY,Red,Red,Red,Red,Red,Green,Green,Red,0,0,0,0.75,0,0,0.25,0,2
PMBRY,Red,Red,Red,Red,Red,Red,Red,Red,0,0,0,1,0,0,0,0,1
OMBRY,Red,Red,Red,Red,Red,Red,Red,Red,0,0,0,1,0,0,0,0,1
GMBRY,Red,Red,Red,Red,Red,Red,Green,Red,0,0,0,0.875,0,0,0.125,0,2
CMBRY,Red,Red,Red,Red,Red,Green,Green,Red,0,0,0,0.75,0,0,0.25,0,2
POBRY,Red,Red,Red,Red,Red,Red,Green,Red,0,0,0,0.875,0,0,0.125,0,2
MOBRY,Red,Red,Red,Red,Red,Red,Red,Red,0,0,0,1,0,0,0,0,1
GOBRY,Green,Green,Red,Red,Red,Red,Red,Green,0,0,0,0.625,0,0,0.375,0,2
COBRY,Red,Red,Red,Red,Red,Red,Red,Green,0,0,0,0.875,0,0,0.125,0,2
PGBRY,Green,Green,Green,Red,Red,Red,Green,Green,0,0,0,0.375,0,0,0.625,0,2
MGBRY,Green,Green,Red,Red,Red,Red,Green,Green,0,0,0,0.5,0,0,0.5,0,2
OGBRY,Green,Red,Red,Red,Red,Red,Red,Green,0,0,0,0.75,0,0,0.25,0,2
CGBRY,Green,Green,Green,Red,Red,Green,Green,Green,0,0,0,0.25,0,0,0.75,0,2
PCBRY,Red,Red,Red,Red,Red,Green,Green,Red,0,0,0,0.75,0,0,0.25,0,2
MCBRY,Red,Red,Red,Red,Red,Red,Green,Red,0,0,0,0.875,0,0,0.125,0,2
OCBRY,Red,Red,Red,Red,Red,Red,Green,Green,0,0,0,0.75,0,0,0.25,0,2
GCBRY,Green,Green,Red,Green,Green,Green,Green,Green,0,0,0,0.125,0,0,0.875,0,2
MBPRY,Red,Red,Red,Red,Red,Red,Red,Red,0,0,0,1,0,0,0,0,1
OBPRY,Red,Red,Red,Red,Red,Red,Red,Red,0,0,0,1,0,0,0,0,1
GBPRY,Red,Red,Red,Red,Red,Red,Red,Red,0,0,0,1,0,0,0,0,1
CBPRY,Red,Red,Red,Red,Red,Red,Red,Red,0,0,0,1,0,0,0,0,1
BMPRY,Red,Red,Red,Red,Red,Red,Red,Red,0,0,0,1,0,0,0,0,1
OMPRY,Red,Red,Red,Red,Red,Red,Red,Red,0,0,0,1,0,0,0,0,1
GMPRY,Red,Red,Red,Red,Red,Red,Green,Red,0,0,0,0.875,0,0,0.125,0,2
CMPRY,Red,Red,Red,Red,Red,Green,Green,Red,0,0,0,0.75,0,0,0.25,0,2
BOPRY,Red,Red,Red,Red,Red,Red,Red,Red,0,0,0,1,0,0,0,0,1
MOPRY,Red,Red,Red,Red,Red,Red,Red,Red,0,0,0,1,0,0,0,0,1
GOPRY,Red,Red,Red,Red,Red,Red,Red,Red,0,0,0,1,0,0,0,0,1
COPRY,Red,Red,Red,Red,Red,Red,Red,Red,0,0,0,1,0,0,0,0,1
BGPRY,Red,Red,Red,Red,Red,Red,Red,Red,0,0,0,1,0,0,0,0,1
MGPRY,Red,Red,Red,Red,Red,Red,Green,Red,0,0,0,0.875,0,0,0.125,0,2
OGPRY,Red,Red,Red,Red,Red,Red,Red,Red,0,0,0,1,0,0,0,0,1
CGPRY,Red,Red,Red,Red,Red,Green,Green,Red,0,0,0,0.75,0,0,0.25,0,2
BCPRY,Red,Red,Red,Red,Red,Green,Red,Red,0,0,0,0.875,0,0,0.125,0,2
MCPRY,Red,Red,Red,Red,Red,Red,Green,Red,0,0,0,0.875,0,0,0.125,0,2
OCPRY,Red,Red,Red,Red,Red,Red,Green,Red,0,0,0,0.875,0,0,0.125,0,2
GCPRY,Red,Red,Red,Green,Green,Green,Green,Red,0,0,0,0.5,0,0,0.5,0,2
PBMRY,Red,Red,Red,Red,Red,Orange,Red,Red,0,0,0,0.875,0.125,0,0,0,2
OBMRY,Red,Red,Red,Red,Red,Red,Orange,Red,0,0,0,0.875,0.125,0,0,0,2
GBMRY,Red,Red,Red,Orange,Orange,Orange,Red,Red,0,0,0,0.625,0.375,0,0,0,2
CBMRY,Red,Red,Red,Red,Red,Red,Red,Red,0,0,0,1,0,0,0,0,1
BPMRY,Red,Red,Red,Red,Red,Orange,Red,Red,0,0,0,0.875,0.125,0,0,0,2
OPMRY,Red,Red,Red,Red,Red,Red,Orange,Red,0,0,0,0.875,0.125,0,0,0,2
GPMRY,Red,Red,Red,Orange,Orange,Orange,Red,Red,0,0,0,0.625,0.375,0,0,0,2
CPMRY,Red,Red,Red,Red,Red,Red,Red,Red,0,0,0,1,0,0,0,0,1
BOMRY,Red,Red,Red,Orange,Red,Orange,Red,Red,0,0,0,0.75,0.25,0,0,0,2
POMRY,Red,Red,Red,Orange,Orange,Orange,Red,Red,0,0,0,0.625,0.375,0,0,0,2
GOMRY,Red,Red,Orange,Orange,Orange,Orange,Orange,Red,0,0,0,0.375,0.625,0,0,0,2
COMRY,Red,Red,Red,Orange,Orange,Orange,Orange,Red,0,0,0,0.5,0.5,0,0,0,2
BGMRY,Red,Red,Red,Red,Red,Orange,Red,Red,0,0,0,0.875,0.125,0,0,0,2
PGMRY,Red,Red,Red,Red,Red,Orange,Red,Red,0,0,0,0.875,0.125,0,0,0,2
OGMRY,Red,Red,Orange,Orange,Orange,Orange,Orange,Red,0,0,0,0.375,0.625,0,0,0,2
CGMRY,Red,Red,Red,Orange,Orange,Yellow,Yellow,Red,0,0,0,0.5,0.25,0.25,0,0,3
BCMRY,Red,Red,Red,Red,Red,Yellow,Red,Red,0,0,0,0.875,0,0.125,0,0,2
PCMRY,Red,Red,Red,Red,Red,Yellow,Red,Red,0,0,0,0.875,0,0.125,0,0,2
OCMRY,Red,Red,Orange,Orange,Orange,Orange,Yellow,Red,0,0,0,0.375,0.5,0.125,0,0,3
GCMRY,Red,Red,Red,Yellow,Yellow,Yellow,Yellow,Red,0,0,0,0.5,0,0.5,0,0,2
PBORY,Red,Red,Red,Red,Red,Orange,Green,Red,0,0,0,0.75,0.125,0,0.125,0,3
MBORY,Red,Red,Red,Orange,Orange,Orange,Green,Red,0,0,0,0.5,0.375,0,0.125,0,3
GBORY,Green,Green,Red,Orange,Orange,Orange,Green,Green,0,0,0,0.125,0.375,0,0.5,0,3
CBORY,Red,Red,Red,Orange,Red,Green,Green,Green,0,0,0,0.5,0.125,0,0.375,0,3
BPORY,Red,Red,Red,Red,Red,Orange,Red,Red,0,0,0,0.875,0.125,0,0,0,2
MPORY,Red,Red,Red,Orange,Orange,Orange,Green,Red,0,0,0,0.5,0.375,0,0.125,0,3
GPORY,Red,Red,Red,Orange,Orange,Orange,Green,Red,0,0,0,0.5,0.375,0,0.125,0,3
CPORY,Red,Red,Red,Orange,Orange,Green,Green,Red,0,0,0,0.5,0.25,0,0.25,0,3
BMORY,Red,Red,Red,Orange,Red,Orange,Red,Red,0,0,0,0.75,0.25,0,0,0,2
PMORY,Red,Red,Red,Orange,Orange,Orange,Red,Red,0,0,0,0.625,0.375,0,0,0,2
GMORY,Red,Red,Orange,Orange,Orange,Orange,Red,Red,0,0,0,0.5,0.5,0,0,0,2
CMORY,Red,Red,Red,Orange,Orange,Red,Red,Red,0,0,0,0.75,0.25,0,0,0,2
BGORY,Green,Green,Green,Orange,Green,Orange,Green,Green,0,0,0,0,0.25,0,0.75,0,2
PGORY,Green,Green,Green,Orange,Orange,Orange,Green,Green,0,0,0,0,0.375,0,0.625,0,2
MGORY,Green,Green,Orange,Orange,Orange,Orange,Red,Green,0,0,0,0.125,0.5,0,0.375,0,3
CGORY,Green,Green,Green,Orange,Orange,Red,Red,Green,0,0,0,0.25,0.25,0,0.5,0,3
BCORY,Red,Red,Red,Red,Red,Red,Green,Green,0,0,0,0.75,0,0,0.25,0,2
PCORY,Red,Red,Red,Red,Red,Red,Green,Red,0,0,0,0.875,0,0,0.125,0,2
MCORY,Red,Red,Red,Orange,Orange,Orange,Red,Red,0,0,0,0.625,0.375,0,0,0,2
GCORY,Green,Green,Red,Red,Red,Red,Red,Green,0,0,0,0.625,0,0,0.375,0,2
PBGRY,Green,Green,Green,Green,Green,Red,Green,Green,0,0,0,0.125,0,0,0.875,0,2
MBGRY,Green,Green,Green,Red,Red,Red,Green,Green,0,0,0,0.375,0,0,0.625,0,2
OBGRY,Green,Green,Red,Red,Green,Red,Red,Green,0,0,0,0.5,0,0,0.5,0,2
CBGRY,Green,Green,Green,Red,Green,Green,Green,Green,0,0,0,0.125,0,0,0.875,0,2
BPGRY,Green,Green,Green,Green,Green,Red,Green,Green,0,0,0,0.125,0,0,0.875,0,2
MPGRY,Green,Green,Green,Red,Red,Red,Green,Green,0,0,0,0.375,0,0,0.625,0,2
OPGRY,Green,Green,Red,Red,Red,Red,Red,Green,0,0,0,0.625,0,0,0.375,0,2
CPGRY,Green,Green,Green,Red,Red,Green,Green,Green,0,0,0,0.25,0,0,0.75,0,2
BMGRY,Green,Green,Green,Red,Green,Red,Green,Green,0,0,0,0.25,0,0,0.75,0,2
PMGRY,Green,Green,Green,Red,Red,Red,Green,Green,0,0,0,0.375,0,0,0.625,0,2
OMGRY,Green,Red,Red,Red,Red,Red,Red,Green,0,0,0,0.75,0,0,0.25,0,2
CMGRY,Green,Green,Green,Red,Red,Yellow,Yellow,Green,0,0,0,0.25,0,0.25,0.5,0,3
BOGRY,Green,Red,Red,Red,Red,Red,Green,Green,0,0,0,0.625,0,0,0.375,0,2
POGRY,Green,Red,Green,Red,Red,Red,Green,Green,0,0,0,0.5,0,0,0.5,0,2
MOGRY,Red,Green,Red,Red,Red,Red,Red,Green,0,0,0,0.75,0,0,0.25,0,2
COGRY,Green,Green,Green,Red,Red,Red,Red,Green,0,0,0,0.5,0,0,0.5,0,2
BCGRY,Green,Green,Green,Green,Green,Yellow,Green,Green,0,0,0,0,0,0.125,0.875,0,2
PCGRY,Green,Green,Green,Green,Green,Yellow,Green,Green,0,0,0,0,0,0.125,0.875,0,2
MCGRY,Green,Green,Green,Red,Red,Red,Yellow,Green,0,0,0,0.375,0,0.125,0.5,0,3
OCGRY,Green,Green,Red,Red,Red,Red,Yellow,Green,0,0,0,0.5,0,0.125,0.375,0,3
PBCRY,Red,Red,Red,Red,Red,Yellow,Green,Red,0,0,0,0.75,0,0.125,0.125,0,3
MBCRY,Red,Red,Red,Red,Red,Red,Green,Red,0,0,0,0.875,0,0,0.125,0,2
OBCRY,Red,Red,Red,Red,Red,Red,Yellow,Green,0,0,0,0.75,0,0.125,0.125,0,3
GBCRY,Green,Green,Red,Yellow,Yellow,Yellow,Green,Green,0,0,0,0.125,0,0.375,0.5,0,3
BPCRY,Red,Red,Red,Red,Red,Yellow,Red,Red,0,0,0,0.875,0,0.125,0,0,2
MPCRY,Red,Red,Red,Red,Red,Red,Green,Red,0,0,0,0.875,0,0,0.125,0,2
OPCRY,Red,Red,Red,Red,Red,Red,Yellow,Red,0,0,0,0.875,0,0.125,0,0,2
GPCRY,Red,Red,Red,Yellow,Yellow,Yellow,Green,Red,0,0,0,0.5,0,0.375,0.125,0,3
BMCRY,Red,Red,Red,Red,Red,Orange,Red,Red,0,0,0,0.875,0.125,0,0,0,2
PMCRY,Red,Red,Red,Red,Red,Orange,Red,Red,0,0,0,0.875,0.125,0,0,0,2
OMCRY,Red,Red,Orange,Orange,Orange,Orange,Orange,Red,0,0,0,0.375,0.625,0,0,0,2
GMCRY,Red,Red,Red,Orange,Orange,Orange,Yellow,Red,0,0,0,0.5,0.375,0.125,0,0,3
BOCRY,Red,Red,Red,Orange,Red,Orange,Green,Green,0,0,0,0.5,0.25,0,0.25,0,3
POCRY,Red,Red,Red,Orange,Orange,Orange,Green,Red,0,0,0,0.5,0.375,0,0.125,0,3
MOCRY,Red,Red,Orange,Orange,Orange,Orange,Yellow,Red,0,0,0,0.375,0.5,0.125,0,0,3
GOCRY,Green,Green,Orange,Orange,Orange,Orange,Yellow,Green,0,0,0,0,0.5,0.125,0.375,0,3
BGCRY,Green,Green,Green,Red,Green,Yellow,Green,Green,0,0,0,0.125,0,0.125,0.75,0,3
PGCRY,Green,Green,Green,Red,Red,Yellow,Green,Green,0,0,0,0.25,0,0.125,0.625,0,3
MGCRY,Green,Green,Red,Yellow,Yellow,Yellow,Yellow,Green,0,0,0,0.125,0,0.5,0.375,0,3
OGCRY,Green,Red,Yellow,Yellow,Yellow,Yellow,Yellow,Green,0,0,0,0.125,0,0.625,0.25,0,3
MPBOY,Red,Purple,Purple,Red,Red,Red,Green,Purple,0,0.375,0,0.5,0,0,0.125,0,3
RPBOY,Purple,Purple,Purple,Red,Red,Red,Orange,Purple,0,0.5,0,0.375,0.125,0,0,0,3
GPBOY,Purple,Purple,Purple,Orange,Orange,Orange,Green,Purple,0,0.5,0,0,0.375,0,0.125,0,3
CPBOY,Purple,Purple,Purple,Red,Red,Green,Green,Purple,0,0.5,0,0.25,0,0,0.25,0,3
PMBOY,Red,Purple,Red,Red,Red,Orange,Purple,Red,0,0.25,0,0.625,0.125,0,0,0,3
RMBOY,Red,Red,Red,Orange,Orange,Orange,Orange,Purple,0,0.125,0,0.375,0.5,0,0,0,3
GMBOY,Purple,Purple,Red,Orange,Orange,Orange,Green,Purple,0,0.375,0,0.125,0.375,0,0.125,0,4
CMBOY,Red,Red,Red,Orange,Orange,Green,Green,Purple,0,0.125,0,0.375,0.25,0,0.25,0,4
PRBOY,Red,Red,Red,Red,Red,Red,Green,Red,0,0,0,0.875,0,0,0.125,0,2
MRBOY,Red,Red,Red,Orange,Orange,Orange,Orange,Red,0,0,0,0.5,0.5,0,0,0,2
GRBOY,Green,Green,Red,Red,Red,Red,Orange,Green,0,0,0,0.5,0.125,0,0.375,0,3
CRBOY,Red,Red,Red,Orange,Red,Orange,Orange,Green,0,0,0,0.5,0.375,0,0.125,0,3
PGBOY,Green,Green,Green,Red,Red,Orange,Green,Green,0,0,0,0.25,0.125,0,0.625,0,3
MGBOY,Green,Green,Red,Orange,Orange,Orange,Green,Green,0,0,0,0.125,0.375,0,0.5,0,3
RGBOY,Red,Red,Red,Orange,Orange,Orange,Orange,Green,0,0,0,0.375,0.5,0,0.125,0,3
CGBOY,Green,Green,Green,Orange,Orange,Green,Green,Green,0,0,0,0,0.25,0,0.75,0,2
PCBOY,Purple,Purple,Purple,Purple,Purple,Green,Green,Purple,0,0.75,0,0,0,0,0.25,0,2
MCBOY,Purple,Purple,Purple,Orange,Orange,Orange,Green,Purple,0,0.5,0,0,0.375,0,0.125,0,3
RCBOY,Purple,Purple,Purple,Orange,Red,Red,Green,Green,0,0.375,0,0.25,0.125,0,0.25,0,4
GCBOY,Green,Green,Purple,Green,Green,Green,Green,Green,0,0.125,0,0,0,0,0.875,0,2
MBPOY,Red,Purple,Red,Purple,Purple,Purple,Purple,Purple,0,0.75,0,0.25,0,0,0,0,2
RBPOY,Red,Red,Red,Purple,Red,Red,Orange,Purple,0,0.25,0,0.625,0.125,0,0,0,3
GBPOY,Purple,Purple,Red,Orange,Orange,Orange,Purple,Purple,0,0.5,0,0.125,0.375,0,0,0,3
CBPOY,Purple,Purple,Purple,Purple,Red,Purple,Purple,Purple,0,0.875,0,0.125,0,0,0,0,2
BMPOY,Red,Purple,Purple,Purple,Purple,Orange,Purple,Purple,0,0.75,0,0.125,0.125,0,0,0,3
RMPOY,Purple,Purple,Purple,Orange,Orange,Orange,Orange,Purple,0,0.5,0,0,0.5,0,0,0,2
GMPOY,Purple,Purple,Purple,Orange,Orange,Orange,Green,Purple,0,0.5,0,0,0.375,0,0.125,0,3
CMPOY,Red,Red,Red,Orange,Orange,Green,Green,Purple,0,0.125,0,0.375,0.25,0,0.25,0,4
BRPOY,Purple,Purple,Purple,Purple,Purple,Orange,Purple,Purple,0,0.875,0,0,0.125,0,0,0,2
MRPOY,Purple,Purple,Purple,Orange,Orange,Orange,Orange,Purple,0,0.5,0,0,0.5,0,0,0,2
GRPOY,Purple,Purple,Purple,Orange,Orange,Orange,Orange,Purple,0,0.5,0,0,0.5,0,0,0,2
CRPOY,Purple,Purple,Purple,Orange,Orange,Orange,Orange,Purple,0,0.5,0,0,0.5,0,0,0,2
BGPOY,Purple,Purple,Purple,Purple,Purple,Orange,Purple,Purple,0,0.875,0,0,0.125,0,0,0,2
MGPOY,Purple,Purple,Purple,Orange,Orange,Orange,Green,Purple,0,0.5,0,0,0.375,0,0.125,0,3
RGPOY,Purple,Purple,Purple,Orange,Orange,Orange,Orange,Purple,0,0.5,0,0,0.5,0,0,0,2
CGPOY,Purple,Purple,Purple,Orange,Orange,Green,Green,Purple,0,0.5,0,0,0.25,0,0.25,0,3
BCPOY,Purple,Purple,Purple,Purple,Purple,Green,Purple,Purple,0,0.875,0,0,0,0,0.125,0,2
MCPOY,Purple,Purple,Purple,Orange,Orange,Orange,Green,Purple,0,0.5,0,0,0.375,0,0.125,0,3
RCPOY,Purple,Purple,Purple,Orange,Orange,Orange,Green,Purple,0,0.5,0,0,0.375,0,0.125,0,3
GCPOY,Purple,Purple,Purple,Green,Green,Green,Green,Purple,0,0.5,0,0,0,0,0.5,0,2
PBMOY,Red,Purple,Red,Purple,Purple,Orange,Purple,Red,0,0.5,0,0.375,0.125,0,0,0,3
RBMOY,Purple,Purple,Purple,Orange,Purple,Purple,Orange,Purple,0,0.75,0,0,0.25,0,0,0,2
GBMOY,Purple,Purple,Purple,Orange,Orange,Orange,Purple,Purple,0,0.625,0,0,0.375,0,0,0,2
CBMOY,Red,Red,Red,Orange,Purple,Purple,Purple,Purple,0,0.5,0,0.375,0.125,0,0,0,3
BPMOY,Red,Purple,Purple,Red,Purple,Orange,Red,Red,0,0.375,0,0.5,0.125,0,0,0,3
RPMOY,Red,Red,Red,Orange,Orange,Orange,Orange,Red,0,0,0,0.5,0.5,0,0,0,2
GPMOY,Red,Red,Red,Orange,Orange,Orange,Purple,Red,0,0.125,0,0.5,0.375,0,0,0,3
CPMOY,Red,Red,Red,Orange,Orange,Purple,Purple,Red,0,0.25,0,0.5,0.25,0,0,0,3
BRMOY,Orange,Orange,Orange,Orange,Orange,Orange,Purple,Purple,0,0.25,0,0,0.75,0,0,0,2
PRMOY,Orange,Orange,Orange,Orange,Orange,Orange,Purple,Orange,0,0.125,0,0,0.875,0,0,0,2
GRMOY,Purple,Purple,Orange,Orange,Orange,Orange,Orange,Purple,0,0.375,0,0,0.625,0,0,0,2
CRMOY,Orange,Orange,Orange,Orange,Orange,Orange,Orange,Purple,0,0.125,0,0,0.875,0,0,0,2
BGMOY,Purple,Purple,Purple,Orange,Purple,Orange,Purple,Purple,0,0.75,0,0,0.25,0,0,0,2
PGMOY,Purple,Purple,Purple,Orange,Orange,Orange,Purple,Purple,0,0.625,0,0,0.375,0,0,0,2
RGMOY,Orange,Orange,Orange,Orange,Orange,Orange,Orange,Purple,0,0.125,0,0,0.875,0,0,0,2
CGMOY,Purple,Purple,Purple,Orange,Orange,Yellow,Yellow,Purple,0,0.5,0,0,0.25,0.25,0,0,3
BCMOY,Red,Red,Red,Red,Red,Yellow,Purple,Purple,0,0.25,0,0.625,0,0.125,0,0,3
PCMOY,Red,Red,Red,Red,Red,Yellow,Purple,Red,0,0.125,0,0.75,0,0.125,0,0,3
RCMOY,Red,Red,Red,Orange,Orange,Orange,Yellow,Purple,0,0.125,0,0.375,0.375,0.125,0,0,4
GCMOY,Purple,Purple,Red,Yellow,Yellow,Yellow,Yellow,Purple,0,0.375,0,0.125,0,0.5,0,0,3
PBROY,Orange,Orange,Orange,Orange,Orange,Red,Green,Orange,0,0,0,0.125,0.75,0,0.125,0,3
MBROY,Orange,Orange,Orange,Orange,Orange,Orange,Green,Orange,0,0,0,0,0.875,0,0.125,0,2
GBROY,Green,Green,Orange,Red,Red,Red,Green,Green,0,0,0,0.375,0.125,0,0.5,0,3
CBROY,Orange,Orange,Orange,Orange,Orange,Green,Green,Green,0,0,0,0,0.625,0,0.375,0,2
BPROY,Orange,Orange,Orange,Orange,Orange,Red,Orange,Orange,0,0,0,0.125,0.875,0,0,0,2
MPROY,Orange,Orange,Orange,Orange,Orange,Orange,Green,Orange,0,0,0,0,0.875,0,0.125,0,2
GPROY,Orange,Orange,Orange,Red,Red,Red,Green,Orange,0,0,0,0.375,0.5,0,0.125,0,3
CPROY,Orange,Orange,Orange,Orange,Orange,Green,Green,Orange,0,0,0,0,0.75,0,0.25,0,2
BMROY,Orange,Orange,Orange,Orange,Orange,Orange,Orange,Orange,0,0,0,0,1,0,0,0,1
PMROY,Orange,Orange,Orange,Orange,Orange,Orange,Orange,Orange,0,0,0,0,1,0,0,0,1
GMROY,Orange,Orange,Orange,Orange,Orange,Orange,Orange,Orange,0,0,0,0,1,0,0,0,1
CMROY,Orange,Orange,Orange,Orange,Orange,Orange,Orange,Orange,0,0,0,0,1,0,0,0,1
BGROY,Green,Green,Green,Orange,Green,Red,Green,Green,0,0,0,0.125,0.125,0,0.75,0,3
PGROY,Green,Green,Green,Orange,Orange,Red,Green,Green,0,0,0,0.125,0.25,0,0.625,0,3
MGROY,Green,Green,Orange,Red,Red,Red,Orange,Green,0,0,0,0.375,0.25,0,0.375,0,3
CGROY,Green,Green,Green,Red,Red,Orange,Orange,Green,0,0,0,0.25,0.25,0,0.5,0,3
BCROY,Orange,Orange,Orange,Orange,Orange,Orange,Green,Green,0,0,0,0,0.75,0,0.25,0,2
PCROY,Orange,Orange,Orange,Orange,Orange,Orange,Green,Orange,0,0,0,0,0.875,0,0.125,0,2
MCROY,Orange,Orange,Orange,Orange,Orange,Orange,Orange,Orange,0,0,0,0,1,0,0,0,1
GCROY,Green,Green,Orange,Orange,Orange,Orange,Orange,Green,0,0,0,0,0.625,0,0.375,0,2
PBGOY,Green,Green,Green,Green,Green,Orange,Green,Green,0,0,0,0,0.125,0,0.875,0,2
MBGOY,Green,Green,Green,Orange,Orange,Orange,Green,Green,0,0,0,0,0.375,0,0.625,0,2
RBGOY,Green,Green,Green,Orange,Green,Green,Orange,Green,0,0,0,0,0.25,0,0.75,0,2
CBGOY,Green,Green,Green,Orange,Green,Green,Green,Green,0,0,0,0,0.125,0,0.875,0,2
BPGOY,Green,Green,Green,Green,Green,Orange,Green,Green,0,0,0,0,0.125,0,0.875,0,2
MPGOY,Green,Green,Green,Orange,Orange,Orange,Green,Green,0,0,0,0,0.375,0,0.625,0,2
RPGOY,Green,Green,Green,Orange,Orange,Orange,Orange,Green,0,0,0,0,0.5,0,0.5,0,2
CPGOY,Green,Green,Green,Orange,Orange,Green,Green,Green,0,0,0,0,0.25,0,0.75,0,2
BMGOY,Green,Green,Green,Orange,Green,Orange,Green,Green,0,0,0,0,0.25,0,0.75,0,2
PMGOY,Green,Green,Green,Orange,Orange,Orange,Green,Green,0,0,0,0,0.375,0,0.625,0,2
RMGOY,Orange,Orange,Orange,Orange,Orange,Orange,Orange,Green,0,0,0,0,0.875,0,0.125,0,2
CMGOY,Green,Green,Green,Orange,Orange,Yellow,Yellow,Green,0,0,0,0,0.25,0.25,0.5,0,3
BRGOY,Orange,Orange,Orange,Orange,Orange,Orange,Green,Green,0,0,0,0,0.75,0,0.25,0,2
PRGOY,Orange,Orange,Orange,Orange,Orange,Orange,Green,Orange,0,0,0,0,0.875,0,0.125,0,2
MRGOY,Orange,Orange,Orange,Orange,Orange,Orange,Orange,Orange,0,0,0,0,1,0,0,0,1
CRGOY,Orange,Orange,Orange,Orange,Orange,Orange,Orange,Green,0,0,0,0,0.875,0,0.125,0,2
BCGOY,Green,Green,Green,Green,Green,Yellow,Green,Green,0,0,0,0,0,0.125,0.875,0,2
PCGOY,Green,Green,Green,Green,Green,Yellow,Green,Green,0,0,0,0,0,0.125,0.875,0,2
MCGOY,Green,Green,Green,Orange,Orange,Orange,Yellow,Green,0,0,0,0,0.375,0.125,0.5,0,3
RCGOY,Green,Green,Green,Orange,Orange,Orange,Yellow,Green,0,0,0,0,0.375,0.125,0.5,0,3
PBCOY,Purple,Purple,Purple,Purple,Purple,Yellow,Green,Purple,0,0.75,0,0,0,0.125,0.125,0,3
MBCOY,Purple,Purple,Purple,Purple,Purple,Purple,Green,Purple,0,0.875,0,0,0,0,0.125,0,2
RBCOY,Purple,Purple,Purple,Purple,Purple,Purple,Yellow,Green,0,0.75,0,0,0,0.125,0.125,0,3
GBCOY,Green,Green,Purple,Yellow,Yellow,Yellow,Green,Green,0,0.125,0,0,0,0.375,0.5,0,3
BPCOY,Purple,Purple,Purple,Purple,Purple,Yellow,Purple,Purple,0,0.875,0,0,0,0.125,0,0,2
MPCOY,Purple,Purple,Purple,Purple,Purple,Purple,Green,Purple,0,0.875,0,0,0,0,0.125,0,2
RPCOY,Purple,Purple,Purple,Purple,Purple,Purple,Yellow,Purple,0,0.875,0,0,0,0.125,0,0,2
GPCOY,Purple,Purple,Purple,Yellow,Yellow,Yellow,Green,Purple,0,0.5,0,0,0,0.375,0.125,0,3
BMCOY,Purple,Purple,Purple,Purple,Purple,Orange,Purple,Purple,0,0.875,0,0,0.125,0,0,0,2
PMCOY,Purple,Purple,Purple,Purple,Purple,Orange,Purple,Purple,0,0.875,0,0,0.125,0,0,0,2
RMCOY,Purple,Purple,Purple,Orange,Orange,Orange,Orange,Purple,0,0.5,0,0,0.5,0,0,0,2
GMCOY,Purple,Purple,Purple,Orange,Orange,Orange,Yellow,Purple,0,0.5,0,0,0.375,0.125,0,0,3
BRCOY,Purple,Purple,Purple,Purple,Purple,Red,Green,Green,0,0.625,0,0.125,0,0,0.25,0,3
PRCOY,Purple,Purple,Purple,Purple,Purple,Red,Green,Purple,0,0.75,0,0.125,0,0,0.125,0,3
MRCOY,Purple,Purple,Purple,Orange,Orange,Orange,Yellow,Purple,0,0.5,0,0,0.375,0.125,0,0,3
GRCOY,Green,Green,Purple,Red,Red,Red,Yellow,Green,0,0.125,0,0.375,0,0.125,0.375,0,4
BGCOY,Green,Green,Green,Purple,Green,Yellow,Green,Green,0,0.125,0,0,0,0.125,0.75,0,3
PGCOY,Green,Green,Green,Purple,Purple,Yellow,Green,Green,0,0.25,0,0,0,0.125,0.625,0,3
MGCOY,Green,Green,Purple,Yellow,Yellow,Yellow,Yellow,Green,0,0.125,0,0,0,0.5,0.375,0,3
RGCOY,Purple,Purple,Purple,Yellow,Yellow,Yellow,Yellow,Green,0,0.375,0,0,0,0.5,0.125,0,3
MPBGY,Green,Green,Green,Green,Green,Green,Green,Green,0,0,0,0,0,0,1,0,1
RPBGY,Green,Green,Green,Green,Green,Green,Yellow,Green,0,0,0,0,0,0.125,0.875,0,2
OPBGY,Green,Green,Green,Green,Green,Green,Yellow,Green,0,0,0,0,0,0.125,0.875,0,2
CPBGY,Green,Green,Green,Green,Green,Green,Green,Green,0,0,0,0,0,0,1,0,1
PMBGY,Green,Green,Green,Green,Green,Red,Green,Green,0,0,0,0.125,0,0,0.875,0,2
RMBGY,Green,Green,Green,Red,Red,Red,Red,Green,0,0,0,0.5,0,0,0.5,0,2
OMBGY,Green,Green,Red,Red,Red,Red,Red,Green,0,0,0,0.625,0,0,0.375,0,2
CMBGY,Green,Green,Green,Red,Red,Green,Green,Green,0,0,0,0.25,0,0,0.75,0,2
PRBGY,Green,Green,Green,Green,Green,Green,Green,Green,0,0,0,0,0,0,1,0,1
MRBGY,Green,Green,Green,Red,Red,Red,Yellow,Green,0,0,0,0.375,0,0.125,0.5,0,3
ORBGY,Green,Green,Red,Red,Green,Red,Green,Green,0,0,0,0.375,0,0,0.625,0,2
CRBGY,Green,Green,Green,Red,Green,Yellow,Yellow,Green,0,0,0,0.125,0,0.25,0.625,0,3
POBGY,Green,Green,Green,Red,Red,Red,Green,Green,0,0,0,0.375,0,0,0.625,0,2
MOBGY,Green,Green,Red,Red,Red,Red,Yellow,Green,0,0,0,0.5,0,0.125,0.375,0,3
ROBGY,Red,Red,Red,Red,Green,Green,Red,Green,0,0,0,0.625,0,0,0.375,0,2
COBGY,Green,Green,Green,Red,Green,Yellow,Yellow,Green,0,0,0,0.125,0,0.25,0.625,0,3
PCBGY,Green,Green,Green,Green,Green,Green,Green,Green,0,0,0,0,0,0,1,0,1
MCBGY,Green,Green,Green,Red,Red,Red,Green,Green,0,0,0,0.375,0,0,0.625,0,2
RCBGY,Green,Green,Green,Red,Green,Green,Green,Green,0,0,0,0.125,0,0,0.875,0,2
OCBGY,Green,Green,Red,Red,Green,Red,Green,Green,0,0,0,0.375,0,0,0.625,0,2
MBPGY,Green,Green,Green,Green,Green,Green,Green,Green,0,0,0,0,0,0,1,0,1
RBPGY,Green,Green,Green,Green,Green,Green,Yellow,Green,0,0,0,0,0,0.125,0.875,0,2
OBPGY,Green,Green,Green,Green,Green,Green,Yellow,Green,0,0,0,0,0,0.125,0.875,0,2
CBPGY,Green,Green,Green,Green,Green,Green,Green,Green,0,0,0,0,0,0,1,0,1
BMPGY,Green,Green,Green,Green,Green,Red,Green,Green,0,0,0,0.125,0,0,0.875,0,2
RMPGY,Green,Green,Green,Red,Red,Red,Red,Green,0,0,0,0.5,0,0,0.5,0,2
OMPGY,Green,Green,Red,Red,Red,Red,Red,Green,0,0,0,0.625,0,0,0.375,0,2
CMPGY,Green,Green,Green,Red,Red,Green,Green,Green,0,0,0,0.25,0,0,0.75,0,2
BRPGY,Green,Green,Green,Green,Green,Red,Green,Green,0,0,0,0.125,0,0,0.875,0,2
MRPGY,Green,Green,Green,Red,Red,Red,Yellow,Green,0,0,0,0.375,0,0.125,0.5,0,3
ORPGY,Green,Green,Red,Red,Red,Red,Red,Green,0,0,0,0.625,0,0,0.375,0,2
CRPGY,Green,Green,Green,Red,Red,Yellow,Yellow,Green,0,0,0,0.25,0,0.25,0.5,0,3
BOPGY,Green,Green,Green,Red,Green,Red,Green,Green,0,0,0,0.25,0,0,0.75,0,2
MOPGY,Green,Green,Red,Red,Red,Red,Yellow,Green,0,0,0,0.5,0,0.125,0.375,0,3
ROPGY,Red,Red,Red,Red,Red,Red,Red,Green,0,0,0,0.875,0,0,0.125,0,2
COPGY,Green,Green,Green,Red,Red,Yellow,Yellow,Green,0,0,0,0.25,0,0.25,0.5,0,3
BCPGY,Green,Green,Green,Green,Green,Green,Green,Green,0,0,0,0,0,0,1,0,1
MCPGY,Green,Green,Green,Red,Red,Red,Green,Green,0,0,0,0.375,0,0,0.625,0,2
RCPGY,Green,Green,Green,Red,Red,Red,Green,Green,0,0,0,0.375,0,0,0.625,0,2
OCPGY,Green,Green,Red,Red,Red,Red,Green,Green,0,0,0,0.5,0,0,0.5,0,2
PBMGY,Green,Green,Green,Green,Green,Yellow,Green,Green,0,0,0,0,0,0.125,0.875,0,2
RBMGY,Green,Green,Green,Red,Green,Green,Yellow,Green,0,0,0,0.125,0,0.125,0.75,0,3
OBMGY,Green,Green,Red,Red,Green,Red,Yellow,Green,0,0,0,0.375,0,0.125,0.5,0,3
CBMGY,Green,Green,Green,Red,Green,Green,Green,Green,0,0,0,0.125,0,0,0.875,0,2
BPMGY,Green,Green,Green,Green,Green,Yellow,Green,Green,0,0,0,0,0,0.125,0.875,0,2
RPMGY,Green,Green,Green,Red,Red,Red,Yellow,Green,0,0,0,0.375,0,0.125,0.5,0,3
OPMGY,Green,Green,Red,Red,Red,Red,Yellow,Green,0,0,0,0.5,0,0.125,0.375,0,3
CPMGY,Green,Green,Green,Red,Red,Green,Green,Green,0,0,0,0.25,0,0,0.75,0,2
BRMGY,Red,Red,Red,Red,Red,Yellow,Green,Green,0,0,0,0.625,0,0.125,0.25,0,3
PRMGY,Red,Red,Red,Red,Red,Yellow,Green,Red,0,0,0,0.75,0,0.125,0.125,0,3
ORMGY,Red,Red,Yellow,Yellow,Yellow,Yellow,Yellow,Green,0,0,0,0.25,0,0.625,0.125,0,3
CRMGY,Red,Red,Red,Yellow,Yellow,Yellow,Yellow,Green,0,0,0,0.375,0,0.5,0.125,0,3
BOMGY,Green,Red,Red,Yellow,Red,Yellow,Green,Green,0,0,0,0.375,0,0.25,0.375,0,3
POMGY,Green,Red,Green,Yellow,Yellow,Yellow,Green,Green,0,0,0,0.125,0,0.375,0.5,0,3
ROMGY,Yellow,Yellow,Yellow,Yellow,Yellow,Yellow,Yellow,Green,0,0,0,0,0,0.875,0.125,0,2
COMGY,Green,Green,Green,Yellow,Yellow,Yellow,Yellow,Green,0,0,0,0,0,0.5,0.5,0,2
BCMGY,Green,Green,Green,Green,Green,Green,Green,Green,0,0,0,0,0,0,1,0,1
PCMGY,Green,Green,Green,Green,Green,Green,Green,Green,0,0,0,0,0,0,1,0,1
RCMGY,Green,Green,Green,Yellow,Yellow,Yellow,Green,Green,0,0,0,0,0,0.375,0.625,0,2
OCMGY,Green,Green,Yellow,Yellow,Yellow,Yellow,Green,Green,0,0,0,0,0,0.5,0.5,0,2
PBRGY,Red,Red,Red,Red,Red,Yellow,Green,Red,0,0,0,0.75,0,0.125,0.125,0,3
MBRGY,Red,Red,Red,Red,Red,Red,Green,Red,0,0,0,0.875,0,0,0.125,0,2
OBRGY,Red,Red,Red,Red,Red,Red,Yellow,Green,0,0,0,0.75,0,0.125,0.125,0,3
CBRGY,Red,Red,Red,Red,Red,Green,Green,Green,0,0,0,0.625,0,0,0.375,0,2
BPRGY,Red,Red,Red,Red,Red,Yellow,Red,Red,0,0,0,0.875,0,0.125,0,0,2
MPRGY,Red,Red,Red,Red,Red,Red,Green,Red,0,0,0,0.875,0,0,0.125,0,2
OPRGY,Red,Red,Red,Red,Red,Red,Yellow,Red,0,0,0,0.875,0,0.125,0,0,2
CPRGY,Red,Red,Red,Red,Red,Green,Green,Red,0,0,0,0.75,0,0,0.25,0,2
BMRGY,Red,Red,Red,Red,Red,Yellow,Red,Red,0,0,0,0.875,0,0.125,0,0,2
PMRGY,Red,Red,Red,Red,Red,Yellow,Red,Red,0,0,0,0.875,0,0.125,0,0,2
OMRGY,Red,Red,Yellow,Yellow,Yellow,Yellow,Yellow,Red,0,0,0,0.375,0,0.625,0,0,2
CMRGY,Red,Red,Red,Yellow,Yellow,Yellow,Yellow,Red,0,0,0,0.5,0,0.5,0,0,2
BORGY,Red,Red,Red,Yellow,Red,Yellow,Green,Green,0,0,0,0.5,0,0.25,0.25,0,3
PORGY,Red,Red,Red,Yellow,Yellow,Yellow,Green,Red,0,0,0,0.5,0,0.375,0.125,0,3
MORGY,Red,Red,Yellow,Yellow,Yellow,Yellow,Yellow,Red,0,0,0,0.375,0,0.625,0,0,2
CORGY,Red,Red,Red,Yellow,Yellow,Yellow,Yellow,Green,0,0,0,0.375,0,0.5,0.125,0,3
BCRGY,Red,Red,Red,Red,Red,Yellow,Green,Green,0,0,0,0.625,0,0.125,0.25,0,3
PCRGY,Red,Red,Red,Red,Red,Yellow,Green,Red,0,0,0,0.75,0,0.125,0.125,0,3
MCRGY,Red,Red,Red,Yellow,Yellow,Yellow,Yellow,Red,0,0,0,0.5,0,0.5,0,0,2
OCRGY,Red,Red,Yellow,Yellow,Yellow,Yellow,Yellow,Green,0,0,0,0.25,0,0.625,0.125,0,3
PBOGY,Green,Red,Green,Red,Red,Yellow,Green,Green,0,0,0,0.375,0,0.125,0.5,0,3
MBOGY,Red,Green,Red,Yellow,Yellow,Yellow,Green,Green,0,0,0,0.25,0,0.375,0.375,0,3
RBOGY,Red,Red,Red,Yellow,Red,Red,Yellow,Green,0,0,0,0.625,0,0.25,0.125,0,3
CBOGY,Green,Green,Green,Yellow,Red,Green,Green,Green,0,0,0,0.125,0,0.125,0.75,0,3
BPOGY,Green,Red,Red,Green,Red,Yellow,Green,Green,0,0,0,0.375,0,0.125,0.5,0,3
MPOGY,Red,Green,Green,Yellow,Yellow,Yellow,Green,Green,0,0,0,0.125,0,0.375,0.5,0,3
RPOGY,Green,Green,Green,Yellow,Yellow,Yellow,Yellow,Green,0,0,0,0,0,0.5,0.5,0,2
CPOGY,Green,Green,Green,Yellow,Yellow,Green,Green,Green,0,0,0,0,0,0.25,0.75,0,2
BMOGY,Red,Green,Green,Yellow,Green,Yellow,Green,Green,0,0,0,0.125,0,0.25,0.625,0,3
PMOGY,Red,Green,Red,Yellow,Yellow,Yellow,Green,Red,0,0,0,0.375,0,0.375,0.25,0,3
RMOGY,Yellow,Yellow,Yellow,Yellow,Yellow,Yellow,Yellow,Green,0,0,0,0,0,0.875,0.125,0,2
CMOGY,Red,Red,Red,Yellow,Yellow,Yellow,Yellow,Green,0,0,0,0.375,0,0.5,0.125,0,3
BROGY,Yellow,Yellow,Yellow,Yellow,Yellow,Yellow,Green,Green,0,0,0,0,0,0.75,0.25,0,2
PROGY,Yellow,Yellow,Yellow,Yellow,Yellow,Yellow,Green,Yellow,0,0,0,0,0,0.875,0.125,0,2
MROGY,Yellow,Yellow,Yellow,Yellow,Yellow,Yellow,Yellow,Yellow,0,0,0,0,0,1,0,0,1
CROGY,Yellow,Yellow,Yellow,Yellow,Yellow,Yellow,Yellow,Green,0,0,0,0,0,0.875,0.125,0,2
BCOGY,Green,Green,Green,Green,Green,Yellow,Green,Green,0,0,0,0,0,0.125,0.875,0,2
PCOGY,Green,Green,Green,Green,Green,Yellow,Green,Green,0,0,0,0,0,0.125,0.875,0,2
MCOGY,Green,Green,Green,Yellow,Yellow,Yellow,Yellow,Green,0,0,0,0,0,0.5,0.5,0,2
RCOGY,Green,Green,Green,Yellow,Yellow,Yellow,Yellow,Green,0,0,0,0,0,0.5,0.5,0,2
PBCGY,Green,Green,Green,Green,Green,Green,Green,Green,0,0,0,0,0,0,1,0,1
MBCGY,Green,Green,Green,Green,Green,Green,Green,Green,0,0,0,0,0,0,1,0,1
RBCGY,Green,Green,Green,Green,Green,Green,Green,Green,0,0,0,0,0,0,1,0,1
OBCGY,Green,Green,Green,Green,Green,Green,Green,Green,0,0,0,0,0,0,1,0,1
BPCGY,Green,Green,Green,Green,Green,Green,Green,Green,0,0,0,0,0,0,1,0,1
MPCGY,Green,Green,Green,Green,Green,Green,Green,Green,0,0,0,0,0,0,1,0,1
RPCGY,Green,Green,Green,Green,Green,Green,Green,Green,0,0,0,0,0,0,1,0,1
OPCGY,Green,Green,Green,Green,Green,Green,Green,Green,0,0,0,0,0,0,1,0,1
BMCGY,Green,Green,Green,Green,Green,Yellow,Green,Green,0,0,0,0,0,0.125,0.875,0,2
PMCGY,Green,Green,Green,Green,Green,Yellow,Green,Green,0,0,0,0,0,0.125,0.875,0,2
RMCGY,Green,Green,Green,Yellow,Yellow,Yellow,Yellow,Green,0,0,0,0,0,0.5,0.5,0,2
OMCGY,Green,Green,Yellow,Yellow,Yellow,Yellow,Yellow,Green,0,0,0,0,0,0.625,0.375,0,2
BRCGY,Green,Green,Green,Green,Green,Yellow,Green,Green,0,0,0,0,0,0.125,0.875,0,2
PRCGY,Green,Green,Green,Green,Green,Yellow,Green,Green,0,0,0,0,0,0.125,0.875,0,2
MRCGY,Green,Green,Green,Yellow,Yellow,Yellow,Green,Green,0,0,0,0,0,0.375,0.625,0,2
ORCGY,Green,Green,Yellow,Yellow,Yellow,Yellow,Yellow,Green,0,0,0,0,0,0.625,0.375,0,2
BOCGY,Green,Green,Green,Yellow,Green,Yellow,Green,Green,0,0,0,0,0,0.25,0.75,0,2
POCGY,Green,Green,Green,Yellow,Yellow,Yellow,Green,Green,0,0,0,0,0,0.375,0.625,0,2
MOCGY,Green,Green,Yellow,Yellow,Yellow,Yellow,Green,Green,0,0,0,0,0,0.5,0.5,0,2
ROCGY,Yellow,Yellow,Yellow,Yellow,Yellow,Yellow,Yellow,Green,0,0,0,0,0,0.875,0.125,0,2
MPBCY,Blue,Blue,Blue,Blue,Blue,Blue,Green,Blue,0.875,0,0,0,0,0,0.125,0,2
RPBCY,Blue,Blue,Blue,Blue,Blue,Blue,Green,Blue,0.875,0,0,0,0,0,0.125,0,2
OPBCY,Blue,Blue,Blue,Blue,Blue,Blue,Green,Blue,0.875,0,0,0,0,0,0.125,0,2
GPBCY,Blue,Blue,Blue,Green,Green,Green,Green,Blue,0.5,0,0,0,0,0,0.5,0,2
PMBCY,Blue,Blue,Blue,Blue,Blue,Blue,Blue,Blue,1,0,0,0,0,0,0,0,1
RMBCY,Blue,Blue,Blue,Blue,Blue,Blue,Blue,Blue,1,0,0,0,0,0,0,0,1
OMBCY,Blue,Blue,Blue,Blue,Blue,Blue,Blue,Blue,1,0,0,0,0,0,0,0,1
GMBCY,Blue,Blue,Blue,Blue,Blue,Blue,Green,Blue,0.875,0,0,0,0,0,0.125,0,2
PRBCY,Blue,Blue,Blue,Blue,Blue,Blue,Green,Blue,0.875,0,0,0,0,0,0.125,0,2
MRBCY,Blue,Blue,Blue,Blue,Blue,Blue,Green,Blue,0.875,0,0,0,0,0,0.125,0,2
ORBCY,Blue,Blue,Blue,Blue,Blue,Blue,Blue,Green,0.875,0,0,0,0,0,0.125,0,2
GRBCY,Green,Green,Blue,Blue,Blue,Blue,Green,Green,0.5,0,0,0,0,0,0.5,0,2
POBCY,Blue,Blue,Blue,Blue,Blue,Blue,Green,Blue,0.875,0,0,0,0,0,0.125,0,2
MOBCY,Blue,Blue,Blue,Blue,Blue,Blue,Green,Blue,0.875,0,0,0,0,0,0.125,0,2
ROBCY,Blue,Blue,Blue,Blue,Blue,Blue,Blue,Green,0.875,0,0,0,0,0,0.125,0,2
GOBCY,Green,Green,Blue,Blue,Blue,Blue,Green,Green,0.5,0,0,0,0,0,0.5,0,2
PGBCY,Green,Green,Green,Blue,Blue,Green,Green,Green,0.25,0,0,0,0,0,0.75,0,2
MGBCY,Green,Green,Blue,Green,Green,Green,Green,Green,0.125,0,0,0,0,0,0.875,0,2
RGBCY,Blue,Blue,Blue,Green,Green,Green,Green,Green,0.375,0,0,0,0,0,0.625,0,2
OGBCY,Green,Blue,Green,Green,Green,Green,Green,Green,0.125,0,0,0,0,0,0.875,0,2
MBPCY,Blue,Blue,Blue,Blue,Blue,Blue,Blue,Blue,1,0,0,0,0,0,0,0,1
RBPCY,Blue,Blue,Blue,Blue,Blue,Blue,Green,Blue,0.875,0,0,0,0,0,0.125,0,2
OBPCY,Blue,Blue,Blue,Blue,Blue,Blue,Green,Blue,0.875,0,0,0,0,0,0.125,0,2
GBPCY,Blue,Blue,Blue,Green,Green,Green,Blue,Blue,0.625,0,0,0,0,0,0.375,0,2
BMPCY,Blue,Blue,Blue,Blue,Blue,Blue,Blue,Blue,1,0,0,0,0,0,0,0,1
RMPCY,Blue,Blue,Blue,Blue,Blue,Blue,Blue,Blue,1,0,0,0,0,0,0,0,1
OMPCY,Blue,Blue,Blue,Blue,Blue,Blue,Blue,Blue,1,0,0,0,0,0,0,0,1
GMPCY,Blue,Blue,Blue,Blue,Blue,Blue,Green,Blue,0.875,0,0,0,0,0,0.125,0,2
BRPCY,Blue,Blue,Blue,Blue,Blue,Blue,Blue,Blue,1,0,0,0,0,0,0,0,1
MRPCY,Blue,Blue,Blue,Blue,Blue,Blue,Green,Blue,0.875,0,0,0,0,0,0.125,0,2
ORPCY,Blue,Blue,Blue,Blue,Blue,Blue,Blue,Blue,1,0,0,0,0,0,0,0,1
GRPCY,Blue,Blue,Blue,Blue,Blue,Blue,Green,Blue,0.875,0,0,0,0,0,0.125,0,2
BOPCY,Blue,Blue,Blue,Blue,Blue,Blue,Blue,Blue,1,0,0,0,0,0,0,0,1
MOPCY,Blue,Blue,Blue,Blue,Blue,Blue,Green,Blue,0.875,0,0,0,0,0,0.125,0,2
ROPCY,Blue,Blue,Blue,Blue,Blue,Blue,Blue,Blue,1,0,0,0,0,0,0,0,1
GOPCY,Blue,Blue,Blue,Blue,Blue,Blue,Green,Blue,0.875,0,0,0,0,0,0.125,0,2
BGPCY,Blue,Blue,Blue,Blue,Blue,Green,Blue,Blue,0.875,0,0,0,0,0,0.125,0,2
MGPCY,Blue,Blue,Blue,Green,Green,Green,Green,Blue,0.5,0,0,0,0,0,0.5,0,2
RGPCY,Blue,Blue,Blue,Green,Green,Green,Green,Blue,0.5,0,0,0,0,0,0.5,0,2
OGPCY,Blue,Blue,Green,Green,Green,Green,Green,Blue,0.375,0,0,0,0,0,0.625,0,2
PBMCY,Blue,Blue,Blue,Blue,Blue,Orange,Blue,Blue,0.875,0,0,0,0.125,0,0,0,2
RBMCY,Blue,Blue,Blue,Blue,Blue,Blue,Orange,Blue,0.875,0,0,0,0.125,0,0,0,2
OBMCY,Blue,Blue,Blue,Blue,Blue,Blue,Orange,Blue,0.875,0,0,0,0.125,0,0,0,2
GBMCY,Blue,Blue,Blue,Orange,Orange,Orange,Blue,Blue,0.625,0,0,0,0.375,0,0,0,2
BPMCY,Blue,Blue,Blue,Blue,Blue,Orange,Blue,Blue,0.875,0,0,0,0.125,0,0,0,2
RPMCY,Blue,Blue,Blue,Blue,Blue,Blue,Orange,Blue,0.875,0,0,0,0.125,0,0,0,2
OPMCY,Blue,Blue,Blue,Blue,Blue,Blue,Orange,Blue,0.875,0,0,0,0.125,0,0,0,2
GPMCY,Blue,Blue,Blue,Orange,Orange,Orange,Blue,Blue,0.625,0,0,0,0.375,0,0,0,2
BRMCY,Blue,Blue,Blue,Blue,Blue,Orange,Blue,Blue,0.875,0,0,0,0.125,0,0,0,2
PRMCY,Blue,Blue,Blue,Blue,Blue,Orange,Blue,Blue,0.875,0,0,0,0.125,0,0,0,2
ORMCY,Blue,Blue,Orange,Orange,Orange,Orange,Orange,Blue,0.375,0,0,0,0.625,0,0,0,2
GRMCY,Blue,Blue,Blue,Orange,Orange,Orange,Orange,Blue,0.5,0,0,0,0.5,0,0,0,2
BOMCY,Blue,Blue,Blue,Orange,Blue,Orange,Blue,Blue,0.75,0,0,0,0.25,0,0,0,2
POMCY,Blue,Blue,Blue,Orange,Orange,Orange,Blue,Blue,0.625,0,0,0,0.375,0,0,0,2
ROMCY,Orange,Orange,Orange,Orange,Orange,Orange,Orange,Blue,0.125,0,0,0,0.875,0,0,0,2
GOMCY,Blue,Blue,Orange,Orange,Orange,Orange,Orange,Blue,0.375,0,0,0,0.625,0,0,0,2
BGMCY,Blue,Blue,Blue,Blue,Blue,Orange,Blue,Blue,0.875,0,0,0,0.125,0,0,0,2
PGMCY,Blue,Blue,Blue,Blue,Blue,Orange,Blue,Blue,0.875,0,0,0,0.125,0,0,0,2
RGMCY,Blue,Blue,Blue,Orange,Orange,Orange,Orange,Blue,0.5,0,0,0,0.5,0,0,0,2
OGMCY,Blue,Blue,Orange,Orange,Orange,Orange,Orange,Blue,0.375,0,0,0,0.625,0,0,0,2
PBRCY,Blue,Blue,Blue,Blue,Blue,Red,Green,Blue,0.75,0,0,0.125,0,0,0.125,0,3
MBRCY,Blue,Blue,Blue,Blue,Blue,Blue,Green,Blue,0.875,0,0,0,0,0,0.125,0,2
OBRCY,Blue,Blue,Blue,Blue,Blue,Blue,Red,Green,0.75,0,0,0.125,0,0,0.125,0,3
GBRCY,Green,Green,Blue,Red,Red,Red,Green,Green,0.125,0,0,0.375,0,0,0.5,0,3
BPRCY,Blue,Blue,Blue,Blue,Blue,Red,Blue,Blue,0.875,0,0,0.125,0,0,0,0,2
MPRCY,Blue,Blue,Blue,Blue,Blue,Blue,Green,Blue,0.875,0,0,0,0,0,0.125,0,2
OPRCY,Blue,Blue,Blue,Blue,Blue,Blue,Red,Blue,0.875,0,0,0.125,0,0,0,0,2
GPRCY,Blue,Blue,Blue,Red,Red,Red,Green,Blue,0.5,0,0,0.375,0,0,0.125,0,3
BMRCY,Blue,Blue,Blue,Blue,Blue,Orange,Blue,Blue,0.875,0,0,0,0.125,0,0,0,2
PMRCY,Blue,Blue,Blue,Blue,Blue,Orange,Blue,Blue,0.875,0,0,0,0.125,0,0,0,2
OMRCY,Blue,Blue,Orange,Orange,Orange,Orange,Orange,Blue,0.375,0,0,0,0.625,0,0,0,2
GMRCY,Blue,Blue,Blue,Orange,Orange,Orange,Green,Blue,0.5,0,0,0,0.375,0,0.125,0,3
BORCY,Blue,Blue,Blue,Orange,Blue,Orange,Green,Green,0.5,0,0,0,0.25,0,0.25,0,3
PORCY,Blue,Blue,Blue,Orange,Orange,Orange,Green,Blue,0.5,0,0,0,0.375,0,0.125,0,3
MORCY,Blue,Blue,Orange,Orange,Orange,Orange,Red,Blue,0.375,0,0,0.125,0.5,0,0,0,3
GORCY,Green,Green,Orange,Orange,Orange,Orange,Red,Green,0,0,0,0.125,0.5,0,0.375,0,3
BGRCY,Green,Green,Green,Blue,Green,Red,Green,Green,0.125,0,0,0.125,0,0,0.75,0,3
PGRCY,Green,Green,Green,Blue,Blue,Red,Green,Green,0.25,0,0,0.125,0,0,0.625,0,3
MGRCY,Green,Green,Blue,Red,Red,Red,Green,Green,0.125,0,0,0.375,0,0,0.5,0,3
OGRCY,Green,Blue,Red,Red,Red,Red,Red,Green,0.125,0,0,0.625,0,0,0.25,0,3
PBOCY,Blue,Blue,Blue,Blue,Blue,Orange,Green,Blue,0.75,0,0,0,0.125,0,0.125,0,3
MBOCY,Blue,Blue,Blue,Orange,Orange,Orange,Green,Blue,0.5,0,0,0,0.375,0,0.125,0,3
RBOCY,Blue,Blue,Blue,Orange,Blue,Blue,Orange,Green,0.625,0,0,0,0.25,0,0.125,0,3
GBOCY,Green,Green,Blue,Orange,Orange,Orange,Green,Green,0.125,0,0,0,0.375,0,0.5,0,3
BPOCY,Blue,Blue,Blue,Blue,Blue,Orange,Blue,Blue,0.875,0,0,0,0.125,0,0,0,2
MPOCY,Blue,Blue,Blue,Orange,Orange,Orange,Green,Blue,0.5,0,0,0,0.375,0,0.125,0,3
RPOCY,Blue,Blue,Blue,Orange,Orange,Orange,Orange,Blue,0.5,0,0,0,0.5,0,0,0,2
GPOCY,Blue,Blue,Blue,Orange,Orange,Orange,Green,Blue,0.5,0,0,0,0.375,0,0.125,0,3
BMOCY,Blue,Blue,Blue,Orange,Blue,Orange,Blue,Blue,0.75,0,0,0,0.25,0,0,0,2
PMOCY,Blue,Blue,Blue,Orange,Orange,Orange,Blue,Blue,0.625,0,0,0,0.375,0,0,0,2
RMOCY,Orange,Orange,Orange,Orange,Orange,Orange,Orange,Blue,0.125,0,0,0,0.875,0,0,0,2
GMOCY,Blue,Blue,Orange,Orange,Orange,Orange,Green,Blue,0.375,0,0,0,0.5,0,0.125,0,3
BROCY,Orange,Orange,Orange,Orange,Orange,Red,Green,Green,0,0,0,0.125,0.625,0,0.25,0,3
PROCY,Orange,Orange,Orange,Orange,Orange,Red,Green,Orange,0,0,0,0.125,0.75,0,0.125,0,3
MROCY,Orange,Orange,Orange,Orange,Orange,Orange,Orange,Orange,0,0,0,0,1,0,0,0,1
GROCY,Green,Green,Orange,Red,Red,Red,Orange,Green,0,0,0,0.375,0.25,0,0.375,0,3
BGOCY,Green,Green,Green,Orange,Green,Orange,Green,Green,0,0,0,0,0.25,0,0.75,0,2
PGOCY,Green,Green,Green,Orange,Orange,Orange,Green,Green,0,0,0,0,0.375,0,0.625,0,2
MGOCY,Green,Green,Orange,Orange,Orange,Orange,Green,Green,0,0,0,0,0.5,0,0.5,0,2
RGOCY,Orange,Orange,Orange,Orange,Orange,Orange,Orange,Green,0,0,0,0,0.875,0,0.125,0,2
PBGCY,Green,Green,Green,Green,Green,Green,Green,Green,0,0,0,0,0,0,1,0,1
MBGCY,Green,Green,Green,Blue,Blue,Blue,Green,Green,0.375,0,0,0,0,0,0.625,0,2
RBGCY,Green,Green,Green,Blue,Green,Green,Green,Green,0.125,0,0,0,0,0,0.875,0,2
OBGCY,Green,Green,Blue,Blue,Green,Blue,Green,Green,0.375,0,0,0,0,0,0.625,0,2
BPGCY,Green,Green,Green,Green,Green,Green,Green,Green,0,0,0,0,0,0,1,0,1
MPGCY,Green,Green,Green,Blue,Blue,Blue,Green,Green,0.375,0,0,0,0,0,0.625,0,2
RPGCY,Green,Green,Green,Blue,Blue,Blue,Green,Green,0.375,0,0,0,0,0,0.625,0,2
OPGCY,Green,Green,Blue,Blue,Blue,Blue,Green,Green,0.5,0,0,0,0,0,0.5,0,2
BMGCY,Green,Green,Green,Blue,Green,Green,Green,Green,0.125,0,0,0,0,0,0.875,0,2
PMGCY,Green,Green,Green,Blue,Blue,Green,Green,Green,0.25,0,0,0,0,0,0.75,0,2
RMGCY,Blue,Blue,Blue,Green,Green,Green,Green,Green,0.375,0,0,0,0,0,0.625,0,2
OMGCY,Green,Blue,Green,Green,Green,Green,Green,Green,0.125,0,0,0,0,0,0.875,0,2
BRGCY,Blue,Blue,Blue,Blue,Blue,Green,Green,Green,0.625,0,0,0,0,0,0.375,0,2
PRGCY,Blue,Blue,Blue,Blue,Blue,Green,Green,Blue,0.75,0,0,0,0,0,0.25,0,2
MRGCY,Blue,Blue,Blue,Green,Green,Green,Green,Blue,0.5,0,0,0,0,0,0.5,0,2
ORGCY,Blue,Blue,Green,Green,Green,Green,Green,Green,0.25,0,0,0,0,0,0.75,0,2
BOGCY,Green,Blue,Blue,Green,Blue,Green,Green,Green,0.375,0,0,0,0,0,0.625,0,2
POGCY,Green,Blue,Green,Green,Green,Green,Green,Green,0.125,0,0,0,0,0,0.875,0,2
MOGCY,Blue,Green,Green,Green,Green,Green,Green,Green,0.125,0,0,0,0,0,0.875,0,2
ROGCY,Green,Green,Green,Green,Green,Green,Green,Green,0,0,0,0,0,0,1,0,1
RMPBG,Cyan,Cyan,Cyan,Cyan,Cyan,Cyan,Cyan,Cyan,0,0,0,0,0,0,0,1,1
OMPBG,Cyan,Cyan,Cyan,Cyan,Cyan,Cyan,Cyan,Cyan,0,0,0,0,0,0,0,1,1
YMPBG,Cyan,Cyan,Cyan,Cyan,Cyan,Cyan,Cyan,Cyan,0,0,0,0,0,0,0,1,1
CMPBG,Cyan,Cyan,Cyan,Cyan,Cyan,Cyan,Cyan,Cyan,0,0,0,0,0,0,0,1,1
MRPBG,Cyan,Cyan,Cyan,Cyan,Cyan,Cyan,Yellow,Cyan,0,0,0,0,0,0.125,0,0.875,2
ORPBG,Cyan,Cyan,Cyan,Cyan,Cyan,Cyan,Cyan,Cyan,0,0,0,0,0,0,0,1,1
YRPBG,Cyan,Cyan,Cyan,Cyan,Cyan,Cyan,Yellow,Yellow,0,0,0,0,0,0.25,0,0.75,2
CRPBG,Cyan,Cyan,Cyan,Cyan,Cyan,Yellow,Yellow,Cyan,0,0,0,0,0,0.25,0,0.75,2
MOPBG,Cyan,Cyan,Cyan,Cyan,Cyan,Cyan,Yellow,Cyan,0,0,0,0,0,0.125,0,0.875,2
ROPBG,Cyan,Cyan,Cyan,Cyan,Cyan,Cyan,Cyan,Cyan,0,0,0,0,0,0,0,1,1
YOPBG,Cyan,Cyan,Cyan,Cyan,Cyan,Cyan,Yellow,Yellow,0,0,0,0,0,0.25,0,0.75,2
COPBG,Cyan,Cyan,Cyan,Cyan,Cyan,Yellow,Yellow,Cyan,0,0,0,0,0,0.25,0,0.75,2
MYPBG,Cyan,Cyan,Cyan,Cyan,Cyan,Cyan,Cyan,Cyan,0,0,0,0,0,0,0,1,1
RYPBG,Cyan,Cyan,Cyan,Cyan,Cyan,Cyan,Yellow,Cyan,0,0,0,0,0,0.125,0,0.875,2
OYPBG,Cyan,Cyan,Cyan,Cyan,Cyan,Cyan,Yellow,Cyan,0,0,0,0,0,0.125,0,0.875,2
CYPBG,Cyan,Cyan,Cyan,Cyan,Cyan,Cyan,Cyan,Cyan,0,0,0,0,0,0,0,1,1
MCPBG,Cyan,Cyan,Cyan,Cyan,Cyan,Cyan,Cyan,Cyan,0,0,0,0,0,0,0,1,1
RCPBG,Cyan,Cyan,Cyan,Cyan,Cyan,Cyan,Cyan,Cyan,0,0,0,0,0,0,0,1,1
OCPBG,Cyan,Cyan,Cyan,Cyan,Cyan,Cyan,Cyan,Cyan,0,0,0,0,0,0,0,1,1
YCPBG,Cyan,Cyan,Cyan,Cyan,Cyan,Cyan,Cyan,Cyan,0,0,0,0,0,0,0,1,1
RPMBG,Cyan,Cyan,Cyan,Cyan,Cyan,Cyan,Magenta,Cyan,0,0,0.125,0,0,0,0,0.875,2
OPMBG,Cyan,Cyan,Cyan,Cyan,Cyan,Cyan,Magenta,Cyan,0,0,0.125,0,0,0,0,0.875,2
YPMBG,Cyan,Cyan,Cyan,Cyan,Cyan,Magenta,Cyan,Cyan,0,0,0.125,0,0,0,0,0.875,2
CPMBG,Cyan,Cyan,Cyan,Cyan,Cyan,Cyan,Cyan,Cyan,0,0,0,0,0,0,0,1,1
PRMBG,Cyan,Cyan,Cyan,Cyan,Cyan,Magenta,Cyan,Cyan,0,0,0.125,0,0,0,0,0.875,2
ORMBG,Cyan,Cyan,Magenta,Magenta,Magenta,Magenta,Magenta,Cyan,0,0,0.625,0,0,0,0,0.375,2
YRMBG,Cyan,Cyan,Magenta,Magenta,Magenta,Magenta,Magenta,Magenta,0,0,0.75,0,0,0,0,0.25,2
CRMBG,Cyan,Cyan,Cyan,Magenta,Magenta,Magenta,Magenta,Cyan,0,0,0.5,0,0,0,0,0.5,2
POMBG,Cyan,Cyan,Cyan,Magenta,Magenta,Magenta,Cyan,Cyan,0,0,0.375,0,0,0,0,0.625,2
ROMBG,Magenta,Magenta,Magenta,Magenta,Magenta,Magenta,Magenta,Cyan,0,0,0.875,0,0,0,0,0.125,2
YOMBG,Cyan,Cyan,Magenta,Magenta,Magenta,Magenta,Magenta,Magenta,0,0,0.75,0,0,0,0,0.25,2
COMBG,Cyan,Cyan,Cyan,Magenta,Magenta,Magenta,Magenta,Cyan,0,0,0.5,0,0,0,0,0.5,2
PYMBG,Cyan,Cyan,Cyan,Magenta,Magenta,Magenta,Cyan,Cyan,0,0,0.375,0,0,0,0,0.625,2
RYMBG,Magenta,Magenta,Magenta,Magenta,Magenta,Magenta,Magenta,Cyan,0,0,0.875,0,0,0,0,0.125,2
OYMBG,Cyan,Magenta,Magenta,Magenta,Magenta,Magenta,Magenta,Cyan,0,0,0.75,0,0,0,0,0.25,2
CYMBG,Cyan,Cyan,Cyan,Magenta,Magenta,Cyan,Cyan,Cyan,0,0,0.25,0,0,0,0,0.75,2
PCMBG,Cyan,Cyan,Cyan,Cyan,Cyan,Cyan,Cyan,Cyan,0,0,0,0,0,0,0,1,1
RCMBG,Cyan,Cyan,Cyan,Magenta,Magenta,Magenta,Cyan,Cyan,0,0,0.375,0,0,0,0,0.625,2
OCMBG,Cyan,Cyan,Magenta,Magenta,Magenta,Magenta,Cyan,Cyan,0,0,0.5,0,0,0,0,0.5,2
YCMBG,Cyan,Cyan,Magenta,Magenta,Magenta,Cyan,Cyan,Cyan,0,0,0.375,0,0,0,0,0.625,2
MPRBG,Cyan,Cyan,Cyan,Cyan,Cyan,Cyan,Cyan,Cyan,0,0,0,0,0,0,0,1,1
OPRBG,Cyan,Cyan,Cyan,Cyan,Cyan,Cyan,Cyan,Cyan,0,0,0,0,0,0,0,1,1
YPRBG,Cyan,Cyan,Cyan,Cyan,Cyan,Cyan,Cyan,Cyan,0,0,0,0,0,0,0,1,1
CPRBG,Cyan,Cyan,Cyan,Cyan,Cyan,Cyan,Cyan,Cyan,0,0,0,0,0,0,0,1,1
PMRBG,Cyan,Cyan,Cyan,Cyan,Cyan,Magenta,Cyan,Cyan,0,0,0.125,0,0,0,0,0.875,2
OMRBG,Cyan,Cyan,Magenta,Magenta,Magenta,Magenta,Magenta,Cyan,0,0,0.625,0,0,0,0,0.375,2
YMRBG,Cyan,Cyan,Magenta,Magenta,Magenta,Magenta,Yellow,Yellow,0,0,0.5,0,0,0.25,0,0.25,3
CMRBG,Cyan,Cyan,Cyan,Magenta,Magenta,Yellow,Yellow,Cyan,0,0,0.25,0,0,0.25,0,0.5,3
PORBG,Cyan,Cyan,Cyan,Magenta,Magenta,Magenta,Cyan,Cyan,0,0,0.375,0,0,0,0,0.625,2
MORBG,Cyan,Cyan,Magenta,Magenta,Magenta,Magenta,Cyan,Cyan,0,0,0.5,0,0,0,0,0.5,2
YORBG,Cyan,Cyan,Magenta,Cyan,Magenta,Magenta,Cyan,Cyan,0,0,0.375,0,0,0,0,0.625,2
CORBG,Cyan,Cyan,Cyan,Magenta,Cyan,Cyan,Cyan,Cyan,0,0,0.125,0,0,0,0,0.875,2
PYRBG,Cyan,Cyan,Cyan,Magenta,Magenta,Cyan,Yellow,Cyan,0,0,0.25,0,0,0.125,0,0.625,3
MYRBG,Cyan,Cyan,Magenta,Cyan,Cyan,Cyan,Yellow,Cyan,0,0,0.125,0,0,0.125,0,0.75,3
OYRBG,Cyan,Magenta,Cyan,Cyan,Magenta,Cyan,Cyan,Yellow,0,0,0.25,0,0,0.125,0,0.625,3
CYRBG,Cyan,Cyan,Cyan,Cyan,Magenta,Yellow,Yellow,Yellow,0,0,0.125,0,0,0.375,0,0.5,3
PCRBG,Cyan,Cyan,Cyan,Cyan,Cyan,Yellow,Cyan,Cyan,0,0,0,0,0,0.125,0,0.875,2
MCRBG,Cyan,Cyan,Cyan,Magenta,Magenta,Magenta,Yellow,Cyan,0,0,0.375,0,0,0.125,0,0.5,3
OCRBG,Cyan,Cyan,Magenta,Magenta,Cyan,Magenta,Yellow,Cyan,0,0,0.375,0,0,0.125,0,0.5,3
YCRBG,Cyan,Cyan,Magenta,Cyan,Magenta,Yellow,Yellow,Yellow,0,0,0.25,0,0,0.375,0,0.375,3
MPOBG,Cyan,Cyan,Cyan,Magenta,Magenta,Magenta,Cyan,Cyan,0,0,0.375,0,0,0,0,0.625,2
RPOBG,Cyan,Cyan,Cyan,Magenta,Magenta,Magenta,Magenta,Cyan,0,0,0.5,0,0,0,0,0.5,2
YPOBG,Cyan,Cyan,Magenta,Magenta,Magenta,Magenta,Cyan,Cyan,0,0,0.5,0,0,0,0,0.5,2
CPOBG,Cyan,Cyan,Cyan,Magenta,Magenta,Cyan,Cyan,Cyan,0,0,0.25,0,0,0,0,0.75,2
PMOBG,Cyan,Cyan,Cyan,Magenta,Magenta,Magenta,Cyan,Cyan,0,0,0.375,0,0,0,0,0.625,2
RMOBG,Magenta,Magenta,Magenta,Magenta,Magenta,Magenta,Magenta,Cyan,0,0,0.875,0,0,0,0,0.125,2
YMOBG,Cyan,Cyan,Magenta,Magenta,Magenta,Magenta,Yellow,Yellow,0,0,0.5,0,0,0.25,0,0.25,3
CMOBG,Cyan,Cyan,Cyan,Magenta,Magenta,Yellow,Yellow,Cyan,0,0,0.25,0,0,0.25,0,0.5,3
PROBG,Magenta,Magenta,Magenta,Magenta,Magenta,Cyan,Cyan,Magenta,0,0,0.75,0,0,0,0,0.25,2
MROBG,Magenta,Magenta,Magenta,Magenta,Magenta,Magenta,Magenta,Magenta,0,0,1,0,0,0,0,0,1
YROBG,Magenta,Magenta,Magenta,Cyan,Magenta,Cyan,Magenta,Magenta,0,0,0.75,0,0,0,0,0.25,2
CROBG,Magenta,Magenta,Magenta,Magenta,Cyan,Magenta,Magenta,Cyan,0,0,0.75,0,0,0,0,0.25,2
PYOBG,Cyan,Cyan,Cyan,Magenta,Magenta,Magenta,Yellow,Cyan,0,0,0.375,0,0,0.125,0,0.5,3
MYOBG,Cyan,Cyan,Magenta,Cyan,Cyan,Cyan,Yellow,Cyan,0,0,0.125,0,0,0.125,0,0.75,3
RYOBG,Magenta,Magenta,Magenta,Cyan,Magenta,Magenta,Magenta,Yellow,0,0,0.75,0,0,0.125,0,0.125,3
CYOBG,Cyan,Cyan,Cyan,Cyan,Magenta,Yellow,Yellow,Yellow,0,0,0.125,0,0,0.375,0,0.5,3
PCOBG,Cyan,Cyan,Cyan,Cyan,Cyan,Yellow,Cyan,Cyan,0,0,0,0,0,0.125,0,0.875,2
MCOBG,Cyan,Cyan,Cyan,Magenta,Magenta,Magenta,Yellow,Cyan,0,0,0.375,0,0,0.125,0,0.5,3
RCOBG,Cyan,Cyan,Cyan,Magenta,Cyan,Cyan,Yellow,Cyan,0,0,0.125,0,0,0.125,0,0.75,3
YCOBG,Cyan,Cyan,Magenta,Cyan,Magenta,Yellow,Yellow,Yellow,0,0,0.25,0,0,0.375,0,0.375,3
MPYBG,Cyan,Cyan,Cyan,Magenta,Magenta,Magenta,Cyan,Cyan,0,0,0.375,0,0,0,0,0.625,2
RPYBG,Cyan,Cyan,Cyan,Magenta,Magenta,Magenta,Yellow,Cyan,0,0,0.375,0,0,0.125,0,0.5,3
OPYBG,Cyan,Cyan,Magenta,Magenta,Magenta,Magenta,Yellow,Cyan,0,0,0.5,0,0,0.125,0,0.375,3
CPYBG,Cyan,Cyan,Cyan,Magenta,Magenta,Cyan,Cyan,Cyan,0,0,0.25,0,0,0,0,0.75,2
PMYBG,Cyan,Cyan,Cyan,Magenta,Magenta,Cyan,Cyan,Cyan,0,0,0.25,0,0,0,0,0.75,2
RMYBG,Magenta,Magenta,Magenta,Cyan,Cyan,Cyan,Cyan,Cyan,0,0,0.375,0,0,0,0,0.625,2
OMYBG,Cyan,Magenta,Cyan,Cyan,Cyan,Cyan,Cyan,Cyan,0,0,0.125,0,0,0,0,0.875,2
CMYBG,Cyan,Cyan,Cyan,Cyan,Cyan,Cyan,Cyan,Cyan,0,0,0,0,0,0,0,1,1
PRYBG,Magenta,Magenta,Magenta,Magenta,Magenta,Magenta,Cyan,Magenta,0,0,0.875,0,0,0,0,0.125,2
MRYBG,Magenta,Magenta,Magenta,Cyan,Cyan,Cyan,Yellow,Magenta,0,0,0.5,0,0,0.125,0,0.375,3
ORYBG,Magenta,Magenta,Cyan,Cyan,Magenta,Cyan,Magenta,Cyan,0,0,0.5,0,0,0,0,0.5,2
CRYBG,Magenta,Magenta,Magenta,Cyan,Magenta,Yellow,Yellow,Cyan,0,0,0.5,0,0,0.25,0,0.25,3
POYBG,Cyan,Magenta,Cyan,Cyan,Cyan,Cyan,Cyan,Cyan,0,0,0.125,0,0,0,0,0.875,2
MOYBG,Magenta,Cyan,Cyan,Cyan,Cyan,Cyan,Yellow,Cyan,0,0,0.125,0,0,0.125,0,0.75,3
ROYBG,Cyan,Cyan,Cyan,Cyan,Magenta,Magenta,Cyan,Cyan,0,0,0.25,0,0,0,0,0.75,2
COYBG,Cyan,Cyan,Cyan,Cyan,Magenta,Yellow,Yellow,Cyan,0,0,0.125,0,0,0.25,0,0.625,3
PCYBG,Cyan,Cyan,Cyan,Cyan,Cyan,Cyan,Cyan,Cyan,0,0,0,0,0,0,0,1,1
MCYBG,Cyan,Cyan,Cyan,Cyan,Cyan,Cyan,Cyan,Cyan,0,0,0,0,0,0,0,1,1
RCYBG,Cyan,Cyan,Cyan,Cyan,Magenta,Magenta,Cyan,Cyan,0,0,0.25,0,0,0,0,0.75,2
OCYBG,Cyan,Cyan,Cyan,Cyan,Magenta,Cyan,Cyan,Cyan,0,0,0.125,0,0,0,0,0.875,2
MPCBG,Cyan,Cyan,Cyan,Cyan,Cyan,Cyan,Cyan,Cyan,0,0,0,0,0,0,0,1,1
RPCBG,Cyan,Cyan,Cyan,Cyan,Cyan,Cyan,Cyan,Cyan,0,0,0,0,0,0,0,1,1
OPCBG,Cyan,Cyan,Cyan,Cyan,Cyan,Cyan,Cyan,Cyan,0,0,0,0,0,0,0,1,1
YPCBG,Cyan,Cyan,Cyan,Cyan,Cyan,Cyan,Cyan,Cyan,0,0,0,0,0,0,0,1,1
PMCBG,Cyan,Cyan,Cyan,Cyan,Cyan,Magenta,Cyan,Cyan,0,0,0.125,0,0,0,0,0.875,2
RMCBG,Cyan,Cyan,Cyan,Magenta,Magenta,Magenta,Magenta,Cyan,0,0,0.5,0,0,0,0,0.5,2
OMCBG,Cyan,Cyan,Magenta,Magenta,Magenta,Magenta,Magenta,Cyan,0,0,0.625,0,0,0,0,0.375,2
YMCBG,Cyan,Cyan,Magenta,Magenta,Magenta,Magenta,Cyan,Cyan,0,0,0.5,0,0,0,0,0.5,2
PRCBG,Cyan,Cyan,Cyan,Cyan,Cyan,Cyan,Cyan,Cyan,0,0,0,0,0,0,0,1,1
MRCBG,Cyan,Cyan,Cyan,Magenta,Magenta,Magenta,Cyan,Cyan,0,0,0.375,0,0,0,0,0.625,2
ORCBG,Cyan,Cyan,Magenta,Magenta,Cyan,Magenta,Cyan,Cyan,0,0,0.375,0,0,0,0,0.625,2
YRCBG,Cyan,Cyan,Magenta,Cyan,Magenta,Cyan,Cyan,Cyan,0,0,0.25,0,0,0,0,0.75,2
POCBG,Cyan,Cyan,Cyan,Magenta,Magenta,Magenta,Cyan,Cyan,0,0,0.375,0,0,0,0,0.625,2
MOCBG,Cyan,Cyan,Magenta,Magenta,Magenta,Magenta,Cyan,Cyan,0,0,0.5,0,0,0,0,0.5,2
ROCBG,Magenta,Magenta,Magenta,Magenta,Cyan,Cyan,Magenta,Cyan,0,0,0.625,0,0,0,0,0.375,2
YOCBG,Cyan,Cyan,Magenta,Cyan,Magenta,Magenta,Cyan,Cyan,0,0,0.375,0,0,0,0,0.625,2
PYCBG,Cyan,Cyan,Cyan,Magenta,Magenta,Cyan,Cyan,Cyan,0,0,0.25,0,0,0,0,0.75,2
MYCBG,Cyan,Cyan,Magenta,Cyan,Cyan,Cyan,Cyan,Cyan,0,0,0.125,0,0,0,0,0.875,2
RYCBG,Magenta,Magenta,Magenta,Cyan,Magenta,Magenta,Cyan,Cyan,0,0,0.625,0,0,0,0,0.375,2
OYCBG,Cyan,Magenta,Cyan,Cyan,Magenta,Cyan,Cyan,Cyan,0,0,0.25,0,0,0,0,0.75,2
RMBPG,Cyan,Cyan,Cyan,Cyan,Cyan,Cyan,Cyan,Cyan,0,0,0,0,0,0,0,1,1
OMBPG,Cyan,Cyan,Cyan,Cyan,Cyan,Cyan,Cyan,Cyan,0,0,0,0,0,0,0,1,1
YMBPG,Cyan,Cyan,Cyan,Cyan,Cyan,Cyan,Cyan,Cyan,0,0,0,0,0,0,0,1,1
CMBPG,Cyan,Cyan,Cyan,Cyan,Cyan,Cyan,Cyan,Cyan,0,0,0,0,0,0,0,1,1
MRBPG,Cyan,Cyan,Cyan,Cyan,Cyan,Cyan,Yellow,Cyan,0,0,0,0,0,0.125,0,0.875,2
ORBPG,Cyan,Cyan,Cyan,Cyan,Cyan,Cyan,Cyan,Cyan,0,0,0,0,0,0,0,1,1
YRBPG,Cyan,Cyan,Cyan,Cyan,Cyan,Cyan,Yellow,Yellow,0,0,0,0,0,0.25,0,0.75,2
CRBPG,Cyan,Cyan,Cyan,Cyan,Cyan,Yellow,Yellow,Cyan,0,0,0,0,0,0.25,0,0.75,2
MOBPG,Cyan,Cyan,Cyan,Cyan,Cyan,Cyan,Yellow,Cyan,0,0,0,0,0,0.125,0,0.875,2
ROBPG,Cyan,Cyan,Cyan,Cyan,Cyan,Cyan,Cyan,Cyan,0,0,0,0,0,0,0,1,1
YOBPG,Cyan,Cyan,Cyan,Cyan,Cyan,Cyan,Yellow,Yellow,0,0,0,0,0,0.25,0,0.75,2
COBPG,Cyan,Cyan,Cyan,Cyan,Cyan,Yellow,Yellow,Cyan,0,0,0,0,0,0.25,0,0.75,2
MYBPG,Cyan,Cyan,Cyan,Cyan,Cyan,Cyan,Cyan,Cyan,0,0,0,0,0,0,0,1,1
RYBPG,Cyan,Cyan,Cyan,Cyan,Cyan,Cyan,Yellow,Cyan,0,0,0,0,0,0.125,0,0.875,2
OYBPG,Cyan,Cyan,Cyan,Cyan,Cyan,Cyan,Yellow,Cyan,0,0,0,0,0,0.125,0,0.875,2
CYBPG,Cyan,Cyan,Cyan,Cyan,Cyan,Cyan,Cyan,Cyan,0,0,0,0,0,0,0,1,1
MCBPG,Cyan,Cyan,Cyan,Cyan,Cyan,Cyan,Cyan,Cyan,0,0,0,0,0,0,0,1,1
RCBPG,Cyan,Cyan,Cyan,Cyan,Cyan,Cyan,Cyan,Cyan,0,0,0,0,0,0,0,1,1
OCBPG,Cyan,Cyan,Cyan,Cyan,Cyan,Cyan,Cyan,Cyan,0,0,0,0,0,0,0,1,1
YCBPG,Cyan,Cyan,Cyan,Cyan,Cyan,Cyan,Cyan,Cyan,0,0,0,0,0,0,0,1,1
RBMPG,Cyan,Cyan,Cyan,Cyan,Cyan,Cyan,Magenta,Cyan,0,0,0.125,0,0,0,0,0.875,2
OBMPG,Cyan,Cyan,Cyan,Cyan,Cyan,Cyan,Magenta,Cyan,0,0,0.125,0,0,0,0,0.875,2
YBMPG,Cyan,Cyan,Cyan,Cyan,Cyan,Magenta,Cyan,Cyan,0,0,0.125,0,0,0,0,0.875,2
CBMPG,Cyan,Cyan,Cyan,Cyan,Cyan,Cyan,Cyan,Cyan,0,0,0,0,0,0,0,1,1
BRMPG,Cyan,Cyan,Cyan,Cyan,Cyan,Magenta,Cyan,Cyan,0,0,0.125,0,0,0,0,0.875,2
ORMPG,Cyan,Cyan,Magenta,Magenta,Magenta,Magenta,Magenta,Cyan,0,0,0.625,0,0,0,0,0.375,2
YRMPG,Cyan,Cyan,Magenta,Magenta,Magenta,Magenta,Magenta,Magenta,0,0,0.75,0,0,0,0,0.25,2
CRMPG,Cyan,Cyan,Cyan,Magenta,Magenta,Magenta,Magenta,Cyan,0,0,0.5,0,0,0,0,0.5,2
BOMPG,Cyan,Cyan,Cyan,Magenta,Cyan,Magenta,Cyan,Cyan,0,0,0.25,0,0,0,0,0.75,2
ROMPG,Magenta,Magenta,Magenta,Magenta,Magenta,Magenta,Magenta,Cyan,0,0,0.875,0,0,0,0,0.125,2
YOMPG,Cyan,Cyan,Magenta,Magenta,Magenta,Magenta,Magenta,Magenta,0,0,0.75,0,0,0,0,0.25,2
COMPG,Cyan,Cyan,Cyan,Magenta,Magenta,Magenta,Magenta,Cyan,0,0,0.5,0,0,0,0,0.5,2
BYMPG,Cyan,Cyan,Cyan,Magenta,Cyan,Magenta,Cyan,Cyan,0,0,0.25,0,0,0,0,0.75,2
RYMPG,Magenta,Magenta,Magenta,Magenta,Magenta,Magenta,Magenta,Cyan,0,0,0.875,0,0,0,0,0.125,2
OYMPG,Cyan,Magenta,Magenta,Magenta,Magenta,Magenta,Magenta,Cyan,0,0,0.75,0,0,0,0,0.25,2
CYMPG,Cyan,Cyan,Cyan,Magenta,Magenta,Cyan,Cyan,Cyan,0,0,0.25,0,0,0,0,0.75,2
BCMPG,Cyan,Cyan,Cyan,Cyan,Cyan,Cyan,Cyan,Cyan,0,0,0,0,0,0,0,1,1
RCMPG,Cyan,Cyan,Cyan,Magenta,Magenta,Magenta,Cyan,Cyan,0,0,0.375,0,0,0,0,0.625,2
OCMPG,Cyan,Cyan,Magenta,Magenta,Magenta,Magenta,Cyan,Cyan,0,0,0.5,0,0,0,0,0.5,2
YCMPG,Cyan,Cyan,Magenta,Magenta,Magenta,Cyan,Cyan,Cyan,0,0,0.375,0,0,0,0,0.625,2
MBRPG,Cyan,Cyan,Cyan,Cyan,Cyan,Cyan,Cyan,Cyan,0,0,0,0,0,0,0,1,1
OBRPG,Cyan,Cyan,Cyan,Cyan,Cyan,Cyan,Magenta,Cyan,0,0,0.125,0,0,0,0,0.875,2
YBRPG,Cyan,Cyan,Cyan,Cyan,Cyan,Magenta,Cyan,Cyan,0,0,0.125,0,0,0,0,0.875,2
CBRPG,Cyan,Cyan,Cyan,Cyan,Cyan,Cyan,Cyan,Cyan,0,0,0,0,0,0,0,1,1
BMRPG,Cyan,Cyan,Cyan,Cyan,Cyan,Magenta,Cyan,Cyan,0,0,0.125,0,0,0,0,0.875,2
OMRPG,Cyan,Cyan,Magenta,Magenta,Magenta,Magenta,Magenta,Cyan,0,0,0.625,0,0,0,0,0.375,2
YMRPG,Cyan,Cyan,Magenta,Magenta,Magenta,Magenta,Yellow,Yellow,0,0,0.5,0,0,0.25,0,0.25,3
CMRPG,Cyan,Cyan,Cyan,Magenta,Magenta,Yellow,Yellow,Cyan,0,0,0.25,0,0,0.25,0,0.5,3
BORPG,Cyan,Cyan,Cyan,Magenta,Cyan,Magenta,Cyan,Cyan,0,0,0.25,0,0,0,0,0.75,2
MORPG,Cyan,Cyan,Magenta,Magenta,Magenta,Magenta,Magenta,Cyan,0,0,0.625,0,0,0,0,0.375,2
YORPG,Cyan,Cyan,Magenta,Magenta,Magenta,Magenta,Magenta,Magenta,0,0,0.75,0,0,0,0,0.25,2
CORPG,Cyan,Cyan,Cyan,Magenta,Magenta,Magenta,Magenta,Cyan,0,0,0.5,0,0,0,0,0.5,2
BYRPG,Cyan,Cyan,Cyan,Magenta,Cyan,Magenta,Yellow,Yellow,0,0,0.25,0,0,0.25,0,0.5,3
MYRPG,Cyan,Cyan,Magenta,Magenta,Magenta,Magenta,Yellow,Cyan,0,0,0.5,0,0,0.125,0,0.375,3
OYRPG,Cyan,Magenta,Magenta,Magenta,Magenta,Magenta,Magenta,Yellow,0,0,0.75,0,0,0.125,0,0.125,3
CYRPG,Cyan,Cyan,Cyan,Magenta,Magenta,Yellow,Yellow,Yellow,0,0,0.25,0,0,0.375,0,0.375,3
BCRPG,Cyan,Cyan,Cyan,Cyan,Cyan,Yellow,Cyan,Cyan,0,0,0,0,0,0.125,0,0.875,2
MCRPG,Cyan,Cyan,Cyan,Magenta,Magenta,Magenta,Yellow,Cyan,0,0,0.375,0,0,0.125,0,0.5,3
OCRPG,Cyan,Cyan,Magenta,Magenta,Magenta,Magenta,Yellow,Cyan,0,0,0.5,0,0,0.125,0,0.375,3
YCRPG,Cyan,Cyan,Magenta,Magenta,Magenta,Yellow,Yellow,Yellow,0,0,0.375,0,0,0.375,0,0.25,3
MBOPG,Cyan,Cyan,Cyan,Magenta,Magenta,Magenta,Cyan,Cyan,0,0,0.375,0,0,0,0,0.625,2
RBOPG,Cyan,Cyan,Cyan,Magenta,Cyan,Cyan,Magenta,Cyan,0,0,0.25,0,0,0,0,0.75,2
YBOPG,Cyan,Cyan,Magenta,Cyan,Magenta,Magenta,Cyan,Cyan,0,0,0.375,0,0,0,0,0.625,2
CBOPG,Cyan,Cyan,Cyan,Magenta,Cyan,Cyan,Cyan,Cyan,0,0,0.125,0,0,0,0,0.875,2
BMOPG,Cyan,Cyan,Cyan,Magenta,Cyan,Magenta,Cyan,Cyan,0,0,0.25,0,0,0,0,0.75,2
RMOPG,Magenta,Magenta,Magenta,Magenta,Magenta,Magenta,Magenta,Cyan,0,0,0.875,0,0,0,0,0.125,2
YMOPG,Cyan,Cyan,Magenta,Magenta,Magenta,Magenta,Yellow,Yellow,0,0,0.5,0,0,0.25,0,0.25,3
CMOPG,Cyan,Cyan,Cyan,Magenta,Magenta,Yellow,Yellow,Cyan,0,0,0.25,0,0,0.25,0,0.5,3
BROPG,Magenta,Magenta,Magenta,Magenta,Magenta,Magenta,Cyan,Cyan,0,0,0.75,0,0,0,0,0.25,2
MROPG,Magenta,Magenta,Magenta,Magenta,Magenta,Magenta,Magenta,Magenta,0,0,1,0,0,0,0,0,1
YROPG,Magenta,Magenta,Magenta,Magenta,Magenta,Magenta,Magenta,Magenta,0,0,1,0,0,0,0,0,1
CROPG,Magenta,Magenta,Magenta,Magenta,Magenta,Magenta,Magenta,Cyan,0,0,0.875,0,0,0,0,0.125,2
BYOPG,Cyan,Cyan,Cyan,Magenta,Cyan,Magenta,Yellow,Yellow,0,0,0.25,0,0,0.25,0,0.5,3
MYOPG,Cyan,Cyan,Magenta,Magenta,Magenta,Magenta,Yellow,Cyan,0,0,0.5,0,0,0.125,0,0.375,3
RYOPG,Magenta,Magenta,Magenta,Magenta,Magenta,Magenta,Magenta,Yellow,0,0,0.875,0,0,0.125,0,0,2
CYOPG,Cyan,Cyan,Cyan,Magenta,Magenta,Yellow,Yellow,Yellow,0,0,0.25,0,0,0.375,0,0.375,3
BCOPG,Cyan,Cyan,Cyan,Cyan,Cyan,Yellow,Cyan,Cyan,0,0,0,0,0,0.125,0,0.875,2
MCOPG,Cyan,Cyan,Cyan,Magenta,Magenta,Magenta,Yellow,Cyan,0,0,0.375,0,0,0.125,0,0.5,3
RCOPG,Cyan,Cyan,Cyan,Magenta,Magenta,Magenta,Yellow,Cyan,0,0,0.375,0,0,0.125,0,0.5,3
YCOPG,Cyan,Cyan,Magenta,Magenta,Magenta,Yellow,Yellow,Yellow,0,0,0.375,0,0,0.375,0,0.25,3
MBYPG,Cyan,Cyan,Cyan,Magenta,Magenta,Magenta,Cyan,Cyan,0,0,0.375,0,0,0,0,0.625,2
RBYPG,Cyan,Cyan,Cyan,Magenta,Cyan,Cyan,Yellow,Cyan,0,0,0.125,0,0,0.125,0,0.75,3
OBYPG,Cyan,Cyan,Magenta,Magenta,Cyan,Magenta,Yellow,Cyan,0,0,0.375,0,0,0.125,0,0.5,3
CBYPG,Cyan,Cyan,Cyan,Magenta,Cyan,Cyan,Cyan,Cyan,0,0,0.125,0,0,0,0,0.875,2
BMYPG,Cyan,Cyan,Cyan,Magenta,Cyan,Magenta,Cyan,Cyan,0,0,0.25,0,0,0,0,0.75,2
RMYPG,Magenta,Magenta,Magenta,Magenta,Magenta,Magenta,Magenta,Cyan,0,0,0.875,0,0,0,0,0.125,2
OMYPG,Cyan,Magenta,Magenta,Magenta,Magenta,Magenta,Magenta,Cyan,0,0,0.75,0,0,0,0,0.25,2
CMYPG,Cyan,Cyan,Cyan,Magenta,Magenta,Cyan,Cyan,Cyan,0,0,0.25,0,0,0,0,0.75,2
BRYPG,Magenta,Magenta,Magenta,Magenta,Magenta,Magenta,Cyan,Cyan,0,0,0.75,0,0,0,0,0.25,2
MRYPG,Magenta,Magenta,Magenta,Magenta,Magenta,Magenta,Yellow,Magenta,0,0,0.875,0,0,0.125,0,0,2
ORYPG,Magenta,Magenta,Magenta,Magenta,Magenta,Magenta,Magenta,Cyan,0,0,0.875,0,0,0,0,0.125,2
CRYPG,Magenta,Magenta,Magenta,Magenta,Magenta,Yellow,Yellow,Cyan,0,0,0.625,0,0,0.25,0,0.125,3
BOYPG,Cyan,Magenta,Magenta,Magenta,Magenta,Magenta,Cyan,Cyan,0,0,0.625,0,0,0,0,0.375,2
MOYPG,Magenta,Cyan,Magenta,Magenta,Magenta,Magenta,Yellow,Cyan,0,0,0.625,0,0,0.125,0,0.25,3
ROYPG,Magenta,Magenta,Magenta,Magenta,Magenta,Magenta,Magenta,Cyan,0,0,0.875,0,0,0,0,0.125,2
COYPG,Cyan,Cyan,Cyan,Magenta,Magenta,Yellow,Yellow,Cyan,0,0,0.25,0,0,0.25,0,0.5,3
BCYPG,Cyan,Cyan,Cyan,Cyan,Cyan,Cyan,Cyan,Cyan,0,0,0,0,0,0,0,1,1
MCYPG,Cyan,Cyan,Cyan,Magenta,Magenta,Magenta,Cyan,Cyan,0,0,0.375,0,0,0,0,0.625,2
RCYPG,Cyan,Cyan,Cyan,Magenta,Magenta,Magenta,Cyan,Cyan,0,0,0.375,0,0,0,0,0.625,2
OCYPG,Cyan,Cyan,Magenta,Magenta,Magenta,Magenta,Cyan,Cyan,0,0,0.5,0,0,0,0,0.5,2
MBCPG,Cyan,Cyan,Cyan,Cyan,Cyan,Cyan,Cyan,Cyan,0,0,0,0,0,0,0,1,1
RBCPG,Cyan,Cyan,Cyan,Cyan,Cyan,Cyan,Cyan,Cyan,0,0,0,0,0,0,0,1,1
OBCPG,Cyan,Cyan,Cyan,Cyan,Cyan,Cyan,Cyan,Cyan,0,0,0,0,0,0,0,1,1
YBCPG,Cyan,Cyan,Cyan,Cyan,Cyan,Cyan,Cyan,Cyan,0,0,0,0,0,0,0,1,1
BMCPG,Cyan,Cyan,Cyan,Cyan,Cyan,Magenta,Cyan,Cyan,0,0,0.125,0,0,0,0,0.875,2
RMCPG,Cyan,Cyan,Cyan,Magenta,Magenta,Magenta,Magenta,Cyan,0,0,0.5,0,0,0,0,0.5,2
OMCPG,Cyan,Cyan,Magenta,Magenta,Magenta,Magenta,Magenta,Cyan,0,0,0.625,0,0,0,0,0.375,2
YMCPG,Cyan,Cyan,Magenta,Magenta,Magenta,Magenta,Cyan,Cyan,0,0,0.5,0,0,0,0,0.5,2
BRCPG,Cyan,Cyan,Cyan,Cyan,Cyan,Magenta,Cyan,Cyan,0,0,0.125,0,0,0,0,0.875,2
MRCPG,Cyan,Cyan,Cyan,Magenta,Magenta,Magenta,Cyan,Cyan,0,0,0.375,0,0,0,0,0.625,2
ORCPG,Cyan,Cyan,Magenta,Magenta,Magenta,Magenta,Magenta,Cyan,0,0,0.625,0,0,0,0,0.375,2
YRCPG,Cyan,Cyan,Magenta,Magenta,Magenta,Magenta,Cyan,Cyan,0,0,0.5,0,0,0,0,0.5,2
BOCPG,Cyan,Cyan,Cyan,Magenta,Cyan,Magenta,Cyan,Cyan,0,0,0.25,0,0,0,0,0.75,2
MOCPG,Cyan,Cyan,Magenta,Magenta,Magenta,Magenta,Cyan,Cyan,0,0,0.5,0,0,0,0,0.5,2
ROCPG,Magenta,Magenta,Magenta,Magenta,Magenta,Magenta,Magenta,Cyan,0,0,0.875,0,0,0,0,0.125,2
YOCPG,Cyan,Cyan,Magenta,Magenta,Magenta,Magenta,Cyan,Cyan,0,0,0.5,0,0,0,0,0.5,2
BYCPG,Cyan,Cyan,Cyan,Magenta,Cyan,Cyan,Cyan,Cyan,0,0,0.125,0,0,0,0,0.875,2
MYCPG,Cyan,Cyan,Magenta,Magenta,Magenta,Magenta,Cyan,Cyan,0,0,0.5,0,0,0,0,0.5,2
RYCPG,Magenta,Magenta,Magenta,Magenta,Magenta,Magenta,Cyan,Cyan,0,0,0.75,0,0,0,0,0.25,2
OYCPG,Cyan,Magenta,Magenta,Magenta,Magenta,Magenta,Cyan,Cyan,0,0,0.625,0,0,0,0,0.375,2
RPBMG,Cyan,Cyan,Cyan,Cyan,Cyan,Cyan,Yellow,Cyan,0,0,0,0,0,0.125,0,0.875,2
OPBMG,Cyan,Cyan,Cyan,Cyan,Cyan,Cyan,Yellow,Cyan,0,0,0,0,0,0.125,0,0.875,2
YPBMG,Cyan,Cyan,Cyan,Cyan,Cyan,Yellow,Cyan,Cyan,0,0,0,0,0,0.125,0,0.875,2
CPBMG,Cyan,Cyan,Cyan,Cyan,Cyan,Cyan,Cyan,Cyan,0,0,0,0,0,0,0,1,1
PRBMG,Cyan,Cyan,Cyan,Cyan,Cyan,Cyan,Cyan,Cyan,0,0,0,0,0,0,0,1,1
ORBMG,Cyan,Cyan,Magenta,Magenta,Cyan,Magenta,Cyan,Cyan,0,0,0.375,0,0,0,0,0.625,2
YRBMG,Cyan,Cyan,Magenta,Cyan,Magenta,Cyan,Yellow,Yellow,0,0,0.25,0,0,0.25,0,0.5,3
CRBMG,Cyan,Cyan,Cyan,Magenta,Cyan,Yellow,Yellow,Cyan,0,0,0.125,0,0,0.25,0,0.625,3
POBMG,Cyan,Cyan,Cyan,Magenta,Magenta,Magenta,Cyan,Cyan,0,0,0.375,0,0,0,0,0.625,2
ROBMG,Magenta,Magenta,Magenta,Magenta,Cyan,Cyan,Magenta,Cyan,0,0,0.625,0,0,0,0,0.375,2
YOBMG,Cyan,Cyan,Magenta,Cyan,Magenta,Magenta,Yellow,Yellow,0,0,0.375,0,0,0.25,0,0.375,3
COBMG,Cyan,Cyan,Cyan,Magenta,Cyan,Yellow,Yellow,Cyan,0,0,0.125,0,0,0.25,0,0.625,3
PYBMG,Cyan,Cyan,Cyan,Magenta,Magenta,Yellow,Cyan,Cyan,0,0,0.25,0,0,0.125,0,0.625,3
RYBMG,Magenta,Magenta,Magenta,Cyan,Magenta,Magenta,Yellow,Cyan,0,0,0.625,0,0,0.125,0,0.25,3
OYBMG,Cyan,Magenta,Cyan,Cyan,Magenta,Cyan,Yellow,Cyan,0,0,0.25,0,0,0.125,0,0.625,3
CYBMG,Cyan,Cyan,Cyan,Cyan,Magenta,Cyan,Cyan,Cyan,0,0,0.125,0,0,0,0,0.875,2
PCBMG,Cyan,Cyan,Cyan,Cyan,Cyan,Cyan,Cyan,Cyan,0,0,0,0,0,0,0,1,1
RCBMG,Cyan,Cyan,Cyan,Magenta,Cyan,Cyan,Cyan,Cyan,0,0,0.125,0,0,0,0,0.875,2
OCBMG,Cyan,Cyan,Magenta,Magenta,Cyan,Magenta,Cyan,Cyan,0,0,0.375,0,0,0,0,0.625,2
YCBMG,Cyan,Cyan,Magenta,Cyan,Magenta,Cyan,Cyan,Cyan,0,0,0.25,0,0,0,0,0.75,2
RBPMG,Cyan,Cyan,Cyan,Cyan,Cyan,Cyan,Yellow,Cyan,0,0,0,0,0,0.125,0,0.875,2
OBPMG,Cyan,Cyan,Cyan,Cyan,Cyan,Cyan,Yellow,Cyan,0,0,0,0,0,0.125,0,0.875,2
YBPMG,Cyan,Cyan,Cyan,Cyan,Cyan,Yellow,Cyan,Cyan,0,0,0,0,0,0.125,0,0.875,2
CBPMG,Cyan,Cyan,Cyan,Cyan,Cyan,Cyan,Cyan,Cyan,0,0,0,0,0,0,0,1,1
BRPMG,Cyan,Cyan,Cyan,Cyan,Cyan,Magenta,Cyan,Cyan,0,0,0.125,0,0,0,0,0.875,2
ORPMG,Cyan,Cyan,Magenta,Magenta,Magenta,Magenta,Magenta,Cyan,0,0,0.625,0,0,0,0,0.375,2
YRPMG,Cyan,Cyan,Magenta,Magenta,Magenta,Magenta,Yellow,Yellow,0,0,0.5,0,0,0.25,0,0.25,3
CRPMG,Cyan,Cyan,Cyan,Magenta,Magenta,Yellow,Yellow,Cyan,0,0,0.25,0,0,0.25,0,0.5,3
BOPMG,Cyan,Cyan,Cyan,Magenta,Cyan,Magenta,Cyan,Cyan,0,0,0.25,0,0,0,0,0.75,2
ROPMG,Magenta,Magenta,Magenta,Magenta,Magenta,Magenta,Magenta,Cyan,0,0,0.875,0,0,0,0,0.125,2
YOPMG,Cyan,Cyan,Magenta,Magenta,Magenta,Magenta,Yellow,Yellow,0,0,0.5,0,0,0.25,0,0.25,3
COPMG,Cyan,Cyan,Cyan,Magenta,Magenta,Yellow,Yellow,Cyan,0,0,0.25,0,0,0.25,0,0.5,3
BYPMG,Cyan,Cyan,Cyan,Magenta,Cyan,Yellow,Cyan,Cyan,0,0,0.125,0,0,0.125,0,0.75,3
RYPMG,Magenta,Magenta,Magenta,Magenta,Magenta,Magenta,Yellow,Cyan,0,0,0.75,0,0,0.125,0,0.125,3
OYPMG,Cyan,Magenta,Magenta,Magenta,Magenta,Magenta,Yellow,Cyan,0,0,0.625,0,0,0.125,0,0.25,3
CYPMG,Cyan,Cyan,Cyan,Magenta,Magenta,Cyan,Cyan,Cyan,0,0,0.25,0,0,0,0,0.75,2
BCPMG,Cyan,Cyan,Cyan,Cyan,Cyan,Cyan,Cyan,Cyan,0,0,0,0,0,0,0,1,1
RCPMG,Cyan,Cyan,Cyan,Magenta,Magenta,Magenta,Cyan,Cyan,0,0,0.375,0,0,0,0,0.625,2
OCPMG,Cyan,Cyan,Magenta,Magenta,Magenta,Magenta,Cyan,Cyan,0,0,0.5,0,0,0,0,0.5,2
YCPMG,Cyan,Cyan,Magenta,Magenta,Magenta,Cyan,Cyan,Cyan,0,0,0.375,0,0,0,0,0.625,2
PBRMG,Magenta,Magenta,Magenta,Magenta,Magenta,Yellow,Cyan,Magenta,0,0,0.75,0,0,0.125,0,0.125,3
OBRMG,Magenta,Magenta,Magenta,Magenta,Magenta,Magenta,Yellow,Cyan,0,0,0.75,0,0,0.125,0,0.125,3
YBRMG,Magenta,Magenta,Magenta,Magenta,Magenta,Yellow,Cyan,Cyan,0,0,0.625,0,0,0.125,0,0.25,3
CBRMG,Magenta,Magenta,Magenta,Magenta,Magenta,Cyan,Cyan,Cyan,0,0,0.625,0,0,0,0,0.375,2
BPRMG,Magenta,Magenta,Magenta,Magenta,Magenta,Yellow,Magenta,Magenta,0,0,0.875,0,0,0.125,0,0,2
OPRMG,Magenta,Magenta,Magenta,Magenta,Magenta,Magenta,Yellow,Magenta,0,0,0.875,0,0,0.125,0,0,2
YPRMG,Magenta,Magenta,Magenta,Magenta,Magenta,Yellow,Cyan,Cyan,0,0,0.625,0,0,0.125,0,0.25,3
CPRMG,Magenta,Magenta,Magenta,Magenta,Magenta,Cyan,Cyan,Magenta,0,0,0.75,0,0,0,0,0.25,2
BORMG,Magenta,Magenta,Magenta,Yellow,Magenta,Yellow,Cyan,Cyan,0,0,0.5,0,0,0.25,0,0.25,3
PORMG,Magenta,Magenta,Magenta,Yellow,Yellow,Yellow,Cyan,Magenta,0,0,0.5,0,0,0.375,0,0.125,3
YORMG,Magenta,Magenta,Yellow,Yellow,Yellow,Yellow,Yellow,Yellow,0,0,0.25,0,0,0.75,0,0,2
CORMG,Magenta,Magenta,Magenta,Yellow,Yellow,Yellow,Yellow,Cyan,0,0,0.375,0,0,0.5,0,0.125,3
BYRMG,Magenta,Magenta,Magenta,Yellow,Magenta,Yellow,Yellow,Yellow,0,0,0.5,0,0,0.5,0,0,2
PYRMG,Magenta,Magenta,Magenta,Yellow,Yellow,Yellow,Yellow,Magenta,0,0,0.5,0,0,0.5,0,0,2
OYRMG,Magenta,Yellow,Yellow,Yellow,Yellow,Yellow,Yellow,Yellow,0,0,0.125,0,0,0.875,0,0,2
CYRMG,Magenta,Magenta,Magenta,Yellow,Yellow,Yellow,Yellow,Yellow,0,0,0.375,0,0,0.625,0,0,2
BCRMG,Magenta,Magenta,Magenta,Magenta,Magenta,Yellow,Cyan,Cyan,0,0,0.625,0,0,0.125,0,0.25,3
PCRMG,Magenta,Magenta,Magenta,Magenta,Magenta,Yellow,Cyan,Magenta,0,0,0.75,0,0,0.125,0,0.125,3
OCRMG,Magenta,Magenta,Yellow,Yellow,Yellow,Yellow,Yellow,Cyan,0,0,0.25,0,0,0.625,0,0.125,3
YCRMG,Magenta,Magenta,Yellow,Yellow,Yellow,Yellow,Yellow,Yellow,0,0,0.25,0,0,0.75,0,0,2
PBOMG,Cyan,Magenta,Cyan,Magenta,Magenta,Yellow,Cyan,Cyan,0,0,0.375,0,0,0.125,0,0.5,3
RBOMG,Magenta,Magenta,Magenta,Yellow,Magenta,Magenta,Yellow,Cyan,0,0,0.625,0,0,0.25,0,0.125,3
YBOMG,Cyan,Magenta,Yellow,Magenta,Yellow,Yellow,Cyan,Cyan,0,0,0.25,0,0,0.375,0,0.375,3
CBOMG,Cyan,Cyan,Cyan,Yellow,Magenta,Cyan,Cyan,Cyan,0,0,0.125,0,0,0.125,0,0.75,3
BPOMG,Cyan,Magenta,Magenta,Cyan,Magenta,Yellow,Cyan,Cyan,0,0,0.375,0,0,0.125,0,0.5,3
RPOMG,Cyan,Cyan,Cyan,Yellow,Yellow,Yellow,Yellow,Cyan,0,0,0,0,0,0.5,0,0.5,2
YPOMG,Cyan,Magenta,Yellow,Yellow,Yellow,Yellow,Cyan,Cyan,0,0,0.125,0,0,0.5,0,0.375,3
CPOMG,Cyan,Cyan,Cyan,Yellow,Yellow,Cyan,Cyan,Cyan,0,0,0,0,0,0.25,0,0.75,2
BROMG,Yellow,Yellow,Yellow,Yellow,Yellow,Yellow,Cyan,Cyan,0,0,0,0,0,0.75,0,0.25,2
PROMG,Yellow,Yellow,Yellow,Yellow,Yellow,Yellow,Cyan,Yellow,0,0,0,0,0,0.875,0,0.125,2
YROMG,Yellow,Yellow,Yellow,Yellow,Yellow,Yellow,Yellow,Yellow,0,0,0,0,0,1,0,0,1
CROMG,Yellow,Yellow,Yellow,Yellow,Yellow,Yellow,Yellow,Cyan,0,0,0,0,0,0.875,0,0.125,2
BYOMG,Cyan,Magenta,Magenta,Yellow,Magenta,Yellow,Yellow,Yellow,0,0,0.375,0,0,0.5,0,0.125,3
PYOMG,Cyan,Magenta,Cyan,Yellow,Yellow,Yellow,Yellow,Cyan,0,0,0.125,0,0,0.5,0,0.375,3
RYOMG,Yellow,Yellow,Yellow,Yellow,Yellow,Yellow,Yellow,Yellow,0,0,0,0,0,1,0,0,1
CYOMG,Cyan,Cyan,Cyan,Yellow,Yellow,Yellow,Yellow,Yellow,0,0,0,0,0,0.625,0,0.375,2
BCOMG,Cyan,Cyan,Cyan,Cyan,Cyan,Yellow,Cyan,Cyan,0,0,0,0,0,0.125,0,0.875,2
PCOMG,Cyan,Cyan,Cyan,Cyan,Cyan,Yellow,Cyan,Cyan,0,0,0,0,0,0.125,0,0.875,2
RCOMG,Cyan,Cyan,Cyan,Yellow,Yellow,Yellow,Yellow,Cyan,0,0,0,0,0,0.5,0,0.5,2
YCOMG,Cyan,Cyan,Yellow,Yellow,Yellow,Yellow,Yellow,Yellow,0,0,0,0,0,0.75,0,0.25,2
PBYMG,Cyan,Cyan,Cyan,Cyan,Cyan,Yellow,Green,Cyan,0,0,0,0,0,0.125,0.125,0.75,3
RBYMG,Cyan,Cyan,Cyan,Yellow,Cyan,Cyan,Yellow,Green,0,0,0,0,0,0.25,0.125,0.625,3
OBYMG,Cyan,Cyan,Yellow,Yellow,Cyan,Yellow,Yellow,Green,0,0,0,0,0,0.5,0.125,0.375,3
CBYMG,Cyan,Cyan,Cyan,Yellow,Cyan,Green,Green,Green,0,0,0,0,0,0.125,0.375,0.5,3
BPYMG,Cyan,Cyan,Cyan,Cyan,Cyan,Yellow,Cyan,Cyan,0,0,0,0,0,0.125,0,0.875,2
RPYMG,Cyan,Cyan,Cyan,Yellow,Yellow,Yellow,Yellow,Cyan,0,0,0,0,0,0.5,0,0.5,2
OPYMG,Cyan,Cyan,Yellow,Yellow,Yellow,Yellow,Yellow,Cyan,0,0,0,0,0,0.625,0,0.375,2
CPYMG,Cyan,Cyan,Cyan,Yellow,Yellow,Green,Green,Cyan,0,0,0,0,0,0.25,0.25,0.5,3
BRYMG,Yellow,Yellow,Yellow,Yellow,Yellow,Yellow,Green,Green,0,0,0,0,0,0.75,0.25,0,2
PRYMG,Yellow,Yellow,Yellow,Yellow,Yellow,Yellow,Green,Yellow,0,0,0,0,0,0.875,0.125,0,2
ORYMG,Yellow,Yellow,Yellow,Yellow,Yellow,Yellow,Yellow,Green,0,0,0,0,0,0.875,0.125,0,2
CRYMG,Yellow,Yellow,Yellow,Yellow,Yellow,Yellow,Yellow,Green,0,0,0,0,0,0.875,0.125,0,2
BOYMG,Cyan,Yellow,Yellow,Yellow,Yellow,Yellow,Green,Green,0,0,0,0,0,0.625,0.25,0.125,3
POYMG,Cyan,Yellow,Cyan,Yellow,Yellow,Yellow,Green,Cyan,0,0,0,0,0,0.5,0.125,0.375,3
ROYMG,Yellow,Yellow,Yellow,Yellow,Yellow,Yellow,Yellow,Green,0,0,0,0,0,0.875,0.125,0,2
COYMG,Cyan,Cyan,Cyan,Yellow,Yellow,Yellow,Yellow,Green,0,0,0,0,0,0.5,0.125,0.375,3
BCYMG,Cyan,Cyan,Cyan,Cyan,Cyan,Green,Green,Green,0,0,0,0,0,0,0.375,0.625,2
PCYMG,Cyan,Cyan,Cyan,Cyan,Cyan,Green,Green,Cyan,0,0,0,0,0,0,0.25,0.75,2
RCYMG,Cyan,Cyan,Cyan,Yellow,Yellow,Yellow,Green,Green,0,0,0,0,0,0.375,0.25,0.375,3
OCYMG,Cyan,Cyan,Yellow,Yellow,Yellow,Yellow,Green,Green,0,0,0,0,0,0.5,0.25,0.25,3
PBCMG,Cyan,Cyan,Cyan,Cyan,Cyan,Green,Cyan,Cyan,0,0,0,0,0,0,0.125,0.875,2
RBCMG,Cyan,Cyan,Cyan,Cyan,Cyan,Cyan,Green,Cyan,0,0,0,0,0,0,0.125,0.875,2
OBCMG,Cyan,Cyan,Cyan,Cyan,Cyan,Cyan,Green,Cyan,0,0,0,0,0,0,0.125,0.875,2
YBCMG,Cyan,Cyan,Cyan,Cyan,Cyan,Green,Cyan,Cyan,0,0,0,0,0,0,0.125,0.875,2
BPCMG,Cyan,Cyan,Cyan,Cyan,Cyan,Green,Cyan,Cyan,0,0,0,0,0,0,0.125,0.875,2
RPCMG,Cyan,Cyan,Cyan,Cyan,Cyan,Cyan,Green,Cyan,0,0,0,0,0,0,0.125,0.875,2
OPCMG,Cyan,Cyan,Cyan,Cyan,Cyan,Cyan,Green,Cyan,0,0,0,0,0,0,0.125,0.875,2
YPCMG,Cyan,Cyan,Cyan,Cyan,Cyan,Green,Cyan,Cyan,0,0,0,0,0,0,0.125,0.875,2
BRCMG,Cyan,Cyan,Cyan,Cyan,Cyan,Yellow,Cyan,Cyan,0,0,0,0,0,0.125,0,0.875,2
PRCMG,Cyan,Cyan,Cyan,Cyan,Cyan,Yellow,Cyan,Cyan,0,0,0,0,0,0.125,0,0.875,2
ORCMG,Cyan,Cyan,Yellow,Yellow,Yellow,Yellow,Yellow,Cyan,0,0,0,0,0,0.625,0,0.375,2
YRCMG,Cyan,Cyan,Yellow,Yellow,Yellow,Yellow,Green,Green,0,0,0,0,0,0.5,0.25,0.25,3
BOCMG,Cyan,Cyan,Cyan,Yellow,Cyan,Yellow,Cyan,Cyan,0,0,0,0,0,0.25,0,0.75,2
POCMG,Cyan,Cyan,Cyan,Yellow,Yellow,Yellow,Cyan,Cyan,0,0,0,0,0,0.375,0,0.625,2
ROCMG,Yellow,Yellow,Yellow,Yellow,Yellow,Yellow,Yellow,Cyan,0,0,0,0,0,0.875,0,0.125,2
YOCMG,Cyan,Cyan,Yellow,Yellow,Yellow,Yellow,Green,Green,0,0,0,0,0,0.5,0.25,0.25,3
BYCMG,Cyan,Cyan,Cyan,Yellow,Cyan,Green,Green,Green,0,0,0,0,0,0.125,0.375,0.5,3
PYCMG,Cyan,Cyan,Cyan,Yellow,Yellow,Green,Green,Cyan,0,0,0,0,0,0.25,0.25,0.5,3
RYCMG,Yellow,Yellow,Yellow,Yellow,Yellow,Yellow,Green,Green,0,0,0,0,0,0.75,0.25,0,2
OYCMG,Cyan,Yellow,Yellow,Yellow,Yellow,Yellow,Green,Green,0,0,0,0,0,0.625,0.25,0.125,3
MPBRG,Magenta,Magenta,Magenta,Magenta,Magenta,Magenta,Cyan,Magenta,0,0,0.875,0,0,0,0,0.125,2
OPBRG,Magenta,Magenta,Magenta,Magenta,Magenta,Magenta,Yellow,Magenta,0,0,0.875,0,0,0.125,0,0,2
YPBRG,Magenta,Magenta,Magenta,Magenta,Magenta,Yellow,Cyan,Cyan,0,0,0.625,0,0,0.125,0,0.25,3
CPBRG,Magenta,Magenta,Magenta,Magenta,Magenta,Cyan,Cyan,Magenta,0,0,0.75,0,0,0,0,0.25,2
PMBRG,Magenta,Magenta,Magenta,Magenta,Magenta,Magenta,Magenta,Magenta,0,0,1,0,0,0,0,0,1
OMBRG,Magenta,Magenta,Magenta,Magenta,Magenta,Magenta,Magenta,Magenta,0,0,1,0,0,0,0,0,1
YMBRG,Magenta,Magenta,Magenta,Magenta,Magenta,Magenta,Cyan,Cyan,0,0,0.75,0,0,0,0,0.25,2
CMBRG,Magenta,Magenta,Magenta,Magenta,Magenta,Cyan,Cyan,Magenta,0,0,0.75,0,0,0,0,0.25,2
POBRG,Magenta,Magenta,Magenta,Magenta,Magenta,Magenta,Cyan,Magenta,0,0,0.875,0,0,0,0,0.125,2
MOBRG,Magenta,Magenta,Magenta,Magenta,Magenta,Magenta,Yellow,Magenta,0,0,0.875,0,0,0.125,0,0,2
YOBRG,Magenta,Magenta,Magenta,Magenta,Magenta,Magenta,Yellow,Yellow,0,0,0.75,0,0,0.25,0,0,2
COBRG,Magenta,Magenta,Magenta,Magenta,Magenta,Yellow,Yellow,Cyan,0,0,0.625,0,0,0.25,0,0.125,3
PYBRG,Magenta,Magenta,Magenta,Magenta,Magenta,Yellow,Cyan,Magenta,0,0,0.75,0,0,0.125,0,0.125,3
MYBRG,Magenta,Magenta,Magenta,Magenta,Magenta,Magenta,Cyan,Magenta,0,0,0.875,0,0,0,0,0.125,2
OYBRG,Magenta,Magenta,Magenta,Magenta,Magenta,Magenta,Yellow,Cyan,0,0,0.75,0,0,0.125,0,0.125,3
CYBRG,Magenta,Magenta,Magenta,Magenta,Magenta,Cyan,Cyan,Cyan,0,0,0.625,0,0,0,0,0.375,2
PCBRG,Magenta,Magenta,Magenta,Magenta,Magenta,Cyan,Cyan,Magenta,0,0,0.75,0,0,0,0,0.25,2
MCBRG,Magenta,Magenta,Magenta,Magenta,Magenta,Magenta,Cyan,Magenta,0,0,0.875,0,0,0,0,0.125,2
OCBRG,Magenta,Magenta,Magenta,Magenta,Magenta,Magenta,Cyan,Cyan,0,0,0.75,0,0,0,0,0.25,2
YCBRG,Magenta,Magenta,Magenta,Magenta,Magenta,Cyan,Cyan,Cyan,0,0,0.625,0,0,0,0,0.375,2
MBPRG,Magenta,Magenta,Magenta,Magenta,Magenta,Magenta,Magenta,Magenta,0,0,1,0,0,0,0,0,1
OBPRG,Magenta,Magenta,Magenta,Magenta,Magenta,Magenta,Yellow,Magenta,0,0,0.875,0,0,0.125,0,0,2
YBPRG,Magenta,Magenta,Magenta,Magenta,Magenta,Yellow,Magenta,Magenta,0,0,0.875,0,0,0.125,0,0,2
CBPRG,Magenta,Magenta,Magenta,Magenta,Magenta,Magenta,Magenta,Magenta,0,0,1,0,0,0,0,0,1
BMPRG,Magenta,Magenta,Magenta,Magenta,Magenta,Magenta,Magenta,Magenta,0,0,1,0,0,0,0,0,1
OMPRG,Magenta,Magenta,Magenta,Magenta,Magenta,Magenta,Magenta,Magenta,0,0,1,0,0,0,0,0,1
YMPRG,Magenta,Magenta,Magenta,Magenta,Magenta,Magenta,Cyan,Cyan,0,0,0.75,0,0,0,0,0.25,2
CMPRG,Magenta,Magenta,Magenta,Magenta,Magenta,Cyan,Cyan,Magenta,0,0,0.75,0,0,0,0,0.25,2
BOPRG,Magenta,Magenta,Magenta,Magenta,Magenta,Magenta,Magenta,Magenta,0,0,1,0,0,0,0,0,1
MOPRG,Magenta,Magenta,Magenta,Magenta,Magenta,Magenta,Yellow,Magenta,0,0,0.875,0,0,0.125,0,0,2
YOPRG,Magenta,Magenta,Magenta,Magenta,Magenta,Magenta,Yellow,Yellow,0,0,0.75,0,0,0.25,0,0,2
COPRG,Magenta,Magenta,Magenta,Magenta,Magenta,Yellow,Yellow,Magenta,0,0,0.75,0,0,0.25,0,0,2
BYPRG,Magenta,Magenta,Magenta,Magenta,Magenta,Yellow,Cyan,Cyan,0,0,0.625,0,0,0.125,0,0.25,3
MYPRG,Magenta,Magenta,Magenta,Magenta,Magenta,Magenta,Cyan,Magenta,0,0,0.875,0,0,0,0,0.125,2
OYPRG,Magenta,Magenta,Magenta,Magenta,Magenta,Magenta,Yellow,Cyan,0,0,0.75,0,0,0.125,0,0.125,3
CYPRG,Magenta,Magenta,Magenta,Magenta,Magenta,Cyan,Cyan,Cyan,0,0,0.625,0,0,0,0,0.375,2
BCPRG,Magenta,Magenta,Magenta,Magenta,Magenta,Cyan,Magenta,Magenta,0,0,0.875,0,0,0,0,0.125,2
MCPRG,Magenta,Magenta,Magenta,Magenta,Magenta,Magenta,Cyan,Magenta,0,0,0.875,0,0,0,0,0.125,2
OCPRG,Magenta,Magenta,Magenta,Magenta,Magenta,Magenta,Cyan,Magenta,0,0,0.875,0,0,0,0,0.125,2
YCPRG,Magenta,Magenta,Magenta,Magenta,Magenta,Cyan,Cyan,Cyan,0,0,0.625,0,0,0,0,0.375,2
PBMRG,Magenta,Magenta,Magenta,Magenta,Magenta,Yellow,Magenta,Magenta,0,0,0.875,0,0,0.125,0,0,2
OBMRG,Magenta,Magenta,Magenta,Magenta,Magenta,Magenta,Yellow,Magenta,0,0,0.875,0,0,0.125,0,0,2
YBMRG,Magenta,Magenta,Magenta,Magenta,Magenta,Yellow,Magenta,Magenta,0,0,0.875,0,0,0.125,0,0,2
CBMRG,Magenta,Magenta,Magenta,Magenta,Magenta,Magenta,Magenta,Magenta,0,0,1,0,0,0,0,0,1
BPMRG,Magenta,Magenta,Magenta,Magenta,Magenta,Yellow,Magenta,Magenta,0,0,0.875,0,0,0.125,0,0,2
OPMRG,Magenta,Magenta,Magenta,Magenta,Magenta,Magenta,Yellow,Magenta,0,0,0.875,0,0,0.125,0,0,2
YPMRG,Magenta,Magenta,Magenta,Magenta,Magenta,Yellow,Magenta,Magenta,0,0,0.875,0,0,0.125,0,0,2
CPMRG,Magenta,Magenta,Magenta,Magenta,Magenta,Magenta,Magenta,Magenta,0,0,1,0,0,0,0,0,1
BOMRG,Magenta,Magenta,Magenta,Yellow,Magenta,Yellow,Magenta,Magenta,0,0,0.75,0,0,0.25,0,0,2
POMRG,Magenta,Magenta,Magenta,Yellow,Yellow,Yellow,Magenta,Magenta,0,0,0.625,0,0,0.375,0,0,2
YOMRG,Magenta,Magenta,Yellow,Yellow,Yellow,Yellow,Yellow,Yellow,0,0,0.25,0,0,0.75,0,0,2
COMRG,Magenta,Magenta,Magenta,Yellow,Yellow,Yellow,Yellow,Magenta,0,0,0.5,0,0,0.5,0,0,2
BYMRG,Magenta,Magenta,Magenta,Yellow,Magenta,Yellow,Yellow,Yellow,0,0,0.5,0,0,0.5,0,0,2
PYMRG,Magenta,Magenta,Magenta,Yellow,Yellow,Yellow,Yellow,Magenta,0,0,0.5,0,0,0.5,0,0,2
OYMRG,Magenta,Yellow,Yellow,Yellow,Yellow,Yellow,Yellow,Yellow,0,0,0.125,0,0,0.875,0,0,2
CYMRG,Magenta,Magenta,Magenta,Yellow,Yellow,Yellow,Yellow,Yellow,0,0,0.375,0,0,0.625,0,0,2
BCMRG,Magenta,Magenta,Magenta,Magenta,Magenta,Yellow,Magenta,Magenta,0,0,0.875,0,0,0.125,0,0,2
PCMRG,Magenta,Magenta,Magenta,Magenta,Magenta,Yellow,Magenta,Magenta,0,0,0.875,0,0,0.125,0,0,2
OCMRG,Magenta,Magenta,Yellow,Yellow,Yellow,Yellow,Yellow,Magenta,0,0,0.375,0,0,0.625,0,0,2
YCMRG,Magenta,Magenta,Yellow,Yellow,Yellow,Yellow,Yellow,Yellow,0,0,0.25,0,0,0.75,0,0,2
PBORG,Magenta,Magenta,Magenta,Magenta,Magenta,Yellow,Cyan,Magenta,0,0,0.75,0,0,0.125,0,0.125,3
MBORG,Magenta,Magenta,Magenta,Yellow,Yellow,Yellow,Cyan,Magenta,0,0,0.5,0,0,0.375,0,0.125,3
YBORG,Magenta,Magenta,Yellow,Magenta,Yellow,Yellow,Cyan,Cyan,0,0,0.375,0,0,0.375,0,0.25,3
CBORG,Magenta,Magenta,Magenta,Yellow,Magenta,Cyan,Cyan,Cyan,0,0,0.5,0,0,0.125,0,0.375,3
BPORG,Magenta,Magenta,Magenta,Magenta,Magenta,Yellow,Magenta,Magenta,0,0,0.875,0,0,0.125,0,0,2
MPORG,Magenta,Magenta,Magenta,Yellow,Yellow,Yellow,Cyan,Magenta,0,0,0.5,0,0,0.375,0,0.125,3
YPORG,Magenta,Magenta,Yellow,Yellow,Yellow,Yellow,Cyan,Cyan,0,0,0.25,0,0,0.5,0,0.25,3
CPORG,Magenta,Magenta,Magenta,Yellow,Yellow,Cyan,Cyan,Magenta,0,0,0.5,0,0,0.25,0,0.25,3
BMORG,Magenta,Magenta,Magenta,Yellow,Magenta,Yellow,Magenta,Magenta,0,0,0.75,0,0,0.25,0,0,2
PMORG,Magenta,Magenta,Magenta,Yellow,Yellow,Yellow,Magenta,Magenta,0,0,0.625,0,0,0.375,0,0,2
YMORG,Magenta,Magenta,Yellow,Yellow,Yellow,Yellow,Yellow,Yellow,0,0,0.25,0,0,0.75,0,0,2
CMORG,Magenta,Magenta,Magenta,Yellow,Yellow,Yellow,Yellow,Magenta,0,0,0.5,0,0,0.5,0,0,2
BYORG,Magenta,Magenta,Magenta,Yellow,Magenta,Yellow,Yellow,Yellow,0,0,0.5,0,0,0.5,0,0,2
PYORG,Magenta,Magenta,Magenta,Yellow,Yellow,Yellow,Yellow,Magenta,0,0,0.5,0,0,0.5,0,0,2
MYORG,Magenta,Magenta,Yellow,Yellow,Yellow,Yellow,Yellow,Magenta,0,0,0.375,0,0,0.625,0,0,2
CYORG,Magenta,Magenta,Magenta,Yellow,Yellow,Yellow,Yellow,Yellow,0,0,0.375,0,0,0.625,0,0,2
BCORG,Magenta,Magenta,Magenta,Magenta,Magenta,Yellow,Cyan,Cyan,0,0,0.625,0,0,0.125,0,0.25,3
PCORG,Magenta,Magenta,Magenta,Magenta,Magenta,Yellow,Cyan,Magenta,0,0,0.75,0,0,0.125,0,0.125,3
MCORG,Magenta,Magenta,Magenta,Yellow,Yellow,Yellow,Yellow,Magenta,0,0,0.5,0,0,0.5,0,0,2
YCORG,Magenta,Magenta,Yellow,Yellow,Yellow,Yellow,Yellow,Yellow,0,0,0.25,0,0,0.75,0,0,2
PBYRG,Magenta,Magenta,Magenta,Magenta,Magenta,Yellow,Yellow,Magenta,0,0,0.75,0,0,0.25,0,0,2
MBYRG,Magenta,Magenta,Magenta,Yellow,Yellow,Yellow,Yellow,Magenta,0,0,0.5,0,0,0.5,0,0,2
OBYRG,Magenta,Magenta,Yellow,Yellow,Magenta,Yellow,Yellow,Yellow,0,0,0.375,0,0,0.625,0,0,2
CBYRG,Magenta,Magenta,Magenta,Yellow,Magenta,Yellow,Yellow,Yellow,0,0,0.5,0,0,0.5,0,0,2
BPYRG,Magenta,Magenta,Magenta,Magenta,Magenta,Yellow,Magenta,Magenta,0,0,0.875,0,0,0.125,0,0,2
MPYRG,Magenta,Magenta,Magenta,Yellow,Yellow,Yellow,Yellow,Magenta,0,0,0.5,0,0,0.5,0,0,2
OPYRG,Magenta,Magenta,Yellow,Yellow,Yellow,Yellow,Yellow,Magenta,0,0,0.375,0,0,0.625,0,0,2
CPYRG,Magenta,Magenta,Magenta,Yellow,Yellow,Yellow,Yellow,Magenta,0,0,0.5,0,0,0.5,0,0,2
BMYRG,Magenta,Magenta,Magenta,Yellow,Magenta,Yellow,Magenta,Magenta,0,0,0.75,0,0,0.25,0,0,2
PMYRG,Magenta,Magenta,Magenta,Yellow,Yellow,Yellow,Magenta,Magenta,0,0,0.625,0,0,0.375,0,0,2
OMYRG,Magenta,Yellow,Yellow,Yellow,Yellow,Yellow,Yellow,Magenta,0,0,0.25,0,0,0.75,0,0,2
CMYRG,Magenta,Magenta,Magenta,Yellow,Yellow,Yellow,Yellow,Magenta,0,0,0.5,0,0,0.5,0,0,2
BOYRG,Magenta,Yellow,Yellow,Yellow,Yellow,Yellow,Yellow,Yellow,0,0,0.125,0,0,0.875,0,0,2
POYRG,Magenta,Yellow,Magenta,Yellow,Yellow,Yellow,Yellow,Magenta,0,0,0.375,0,0,0.625,0,0,2
MOYRG,Yellow,Magenta,Yellow,Yellow,Yellow,Yellow,Yellow,Magenta,0,0,0.25,0,0,0.75,0,0,2
COYRG,Magenta,Magenta,Magenta,Yellow,Yellow,Yellow,Yellow,Yellow,0,0,0.375,0,0,0.625,0,0,2
BCYRG,Magenta,Magenta,Magenta,Magenta,Magenta,Yellow,Yellow,Yellow,0,0,0.625,0,0,0.375,0,0,2
PCYRG,Magenta,Magenta,Magenta,Magenta,Magenta,Yellow,Yellow,Magenta,0,0,0.75,0,0,0.25,0,0,2
MCYRG,Magenta,Magenta,Magenta,Yellow,Yellow,Yellow,Yellow,Magenta,0,0,0.5,0,0,0.5,0,0,2
OCYRG,Magenta,Magenta,Yellow,Yellow,Yellow,Yellow,Yellow,Yellow,0,0,0.25,0,0,0.75,0,0,2
PBCRG,Magenta,Magenta,Magenta,Magenta,Magenta,Yellow,Cyan,Magenta,0,0,0.75,0,0,0.125,0,0.125,3
MBCRG,Magenta,Magenta,Magenta,Magenta,Magenta,Magenta,Cyan,Magenta,0,0,0.875,0,0,0,0,0.125,2
OBCRG,Magenta,Magenta,Magenta,Magenta,Magenta,Magenta,Yellow,Cyan,0,0,0.75,0,0,0.125,0,0.125,3
YBCRG,Magenta,Magenta,Magenta,Magenta,Magenta,Yellow,Cyan,Cyan,0,0,0.625,0,0,0.125,0,0.25,3
BPCRG,Magenta,Magenta,Magenta,Magenta,Magenta,Yellow,Magenta,Magenta,0,0,0.875,0,0,0.125,0,0,2
MPCRG,Magenta,Magenta,Magenta,Magenta,Magenta,Magenta,Cyan,Magenta,0,0,0.875,0,0,0,0,0.125,2
OPCRG,Magenta,Magenta,Magenta,Magenta,Magenta,Magenta,Yellow,Magenta,0,0,0.875,0,0,0.125,0,0,2
YPCRG,Magenta,Magenta,Magenta,Magenta,Magenta,Yellow,Cyan,Cyan,0,0,0.625,0,0,0.125,0,0.25,3
BMCRG,Magenta,Magenta,Magenta,Magenta,Magenta,Yellow,Magenta,Magenta,0,0,0.875,0,0,0.125,0,0,2
PMCRG,Magenta,Magenta,Magenta,Magenta,Magenta,Yellow,Magenta,Magenta,0,0,0.875,0,0,0.125,0,0,2
OMCRG,Magenta,Magenta,Yellow,Yellow,Yellow,Yellow,Yellow,Magenta,0,0,0.375,0,0,0.625,0,0,2
YMCRG,Magenta,Magenta,Yellow,Yellow,Yellow,Yellow,Yellow,Yellow,0,0,0.25,0,0,0.75,0,0,2
BOCRG,Magenta,Magenta,Magenta,Yellow,Magenta,Yellow,Cyan,Cyan,0,0,0.5,0,0,0.25,0,0.25,3
POCRG,Magenta,Magenta,Magenta,Yellow,Yellow,Yellow,Cyan,Magenta,0,0,0.5,0,0,0.375,0,0.125,3
MOCRG,Magenta,Magenta,Yellow,Yellow,Yellow,Yellow,Yellow,Magenta,0,0,0.375,0,0,0.625,0,0,2
YOCRG,Magenta,Magenta,Yellow,Yellow,Yellow,Yellow,Yellow,Yellow,0,0,0.25,0,0,0.75,0,0,2
BYCRG,Magenta,Magenta,Magenta,Yellow,Magenta,Yellow,Yellow,Yellow,0,0,0.5,0,0,0.5,0,0,2
PYCRG,Magenta,Magenta,Magenta,Yellow,Yellow,Yellow,Yellow,Magenta,0,0,0.5,0,0,0.5,0,0,2
MYCRG,Magenta,Magenta,Yellow,Yellow,Yellow,Yellow,Yellow,Magenta,0,0,0.375,0,0,0.625,0,0,2
OYCRG,Magenta,Yellow,Yellow,Yellow,Yellow,Yellow,Yellow,Yellow,0,0,0.125,0,0,0.875,0,0,2
MPBOG,Magenta,Cyan,Cyan,Magenta,Magenta,Magenta,Cyan,Cyan,0,0,0.5,0,0,0,0,0.5,2
RPBOG,Cyan,Cyan,Cyan,Magenta,Magenta,Magenta,Yellow,Cyan,0,0,0.375,0,0,0.125,0,0.5,3
YPBOG,Cyan,Magenta,Magenta,Magenta,Magenta,Yellow,Cyan,Cyan,0,0,0.5,0,0,0.125,0,0.375,3
CPBOG,Cyan,Cyan,Cyan,Magenta,Magenta,Cyan,Cyan,Cyan,0,0,0.25,0,0,0,0,0.75,2
PMBOG,Magenta,Cyan,Magenta,Magenta,Magenta,Yellow,Cyan,Magenta,0,0,0.625,0,0,0.125,0,0.25,3
RMBOG,Magenta,Magenta,Magenta,Yellow,Yellow,Yellow,Yellow,Cyan,0,0,0.375,0,0,0.5,0,0.125,3
YMBOG,Magenta,Cyan,Yellow,Yellow,Yellow,Yellow,Cyan,Cyan,0,0,0.125,0,0,0.5,0,0.375,3
CMBOG,Magenta,Magenta,Magenta,Yellow,Yellow,Cyan,Cyan,Cyan,0,0,0.375,0,0,0.25,0,0.375,3
PRBOG,Magenta,Magenta,Magenta,Magenta,Magenta,Magenta,Cyan,Magenta,0,0,0.875,0,0,0,0,0.125,2
MRBOG,Magenta,Magenta,Magenta,Yellow,Yellow,Yellow,Yellow,Magenta,0,0,0.5,0,0,0.5,0,0,2
YRBOG,Magenta,Magenta,Yellow,Magenta,Yellow,Magenta,Yellow,Yellow,0,0,0.5,0,0,0.5,0,0,2
CRBOG,Magenta,Magenta,Magenta,Yellow,Magenta,Yellow,Yellow,Cyan,0,0,0.5,0,0,0.375,0,0.125,3
PYBOG,Cyan,Magenta,Cyan,Yellow,Yellow,Yellow,Cyan,Cyan,0,0,0.125,0,0,0.375,0,0.5,3
MYBOG,Magenta,Cyan,Yellow,Magenta,Magenta,Magenta,Cyan,Cyan,0,0,0.5,0,0,0.125,0,0.375,3
RYBOG,Yellow,Yellow,Yellow,Magenta,Yellow,Yellow,Yellow,Cyan,0,0,0.125,0,0,0.75,0,0.125,3
CYBOG,Cyan,Cyan,Cyan,Magenta,Yellow,Cyan,Cyan,Cyan,0,0,0.125,0,0,0.125,0,0.75,3
PCBOG,Cyan,Cyan,Cyan,Cyan,Cyan,Cyan,Cyan,Cyan,0,0,0,0,0,0,0,1,1
MCBOG,Cyan,Cyan,Cyan,Yellow,Yellow,Yellow,Cyan,Cyan,0,0,0,0,0,0.375,0,0.625,2
RCBOG,Cyan,Cyan,Cyan,Yellow,Magenta,Magenta,Cyan,Cyan,0,0,0.25,0,0,0.125,0,0.625,3
YCBOG,Cyan,Cyan,Yellow,Magenta,Yellow,Cyan,Cyan,Cyan,0,0,0.125,0,0,0.25,0,0.625,3
MBPOG,Magenta,Cyan,Magenta,Cyan,Cyan,Cyan,Cyan,Cyan,0,0,0.25,0,0,0,0,0.75,2
RBPOG,Magenta,Magenta,Magenta,Cyan,Magenta,Magenta,Yellow,Cyan,0,0,0.625,0,0,0.125,0,0.25,3
YBPOG,Cyan,Magenta,Cyan,Magenta,Cyan,Yellow,Cyan,Cyan,0,0,0.25,0,0,0.125,0,0.625,3
CBPOG,Cyan,Cyan,Cyan,Cyan,Magenta,Cyan,Cyan,Cyan,0,0,0.125,0,0,0,0,0.875,2
BMPOG,Magenta,Cyan,Cyan,Cyan,Cyan,Yellow,Cyan,Cyan,0,0,0.125,0,0,0.125,0,0.75,3
RMPOG,Cyan,Cyan,Cyan,Yellow,Yellow,Yellow,Yellow,Cyan,0,0,0,0,0,0.5,0,0.5,2
YMPOG,Magenta,Cyan,Yellow,Yellow,Yellow,Yellow,Cyan,Cyan,0,0,0.125,0,0,0.5,0,0.375,3
CMPOG,Magenta,Magenta,Magenta,Yellow,Yellow,Cyan,Cyan,Cyan,0,0,0.375,0,0,0.25,0,0.375,3
BRPOG,Cyan,Cyan,Cyan,Cyan,Cyan,Yellow,Cyan,Cyan,0,0,0,0,0,0.125,0,0.875,2
MRPOG,Cyan,Cyan,Cyan,Yellow,Yellow,Yellow,Yellow,Cyan,0,0,0,0,0,0.5,0,0.5,2
YRPOG,Cyan,Cyan,Yellow,Yellow,Yellow,Yellow,Yellow,Yellow,0,0,0,0,0,0.75,0,0.25,2
CRPOG,Cyan,Cyan,Cyan,Yellow,Yellow,Yellow,Yellow,Cyan,0,0,0,0,0,0.5,0,0.5,2
BYPOG,Cyan,Magenta,Magenta,Yellow,Magenta,Yellow,Cyan,Cyan,0,0,0.375,0,0,0.25,0,0.375,3
MYPOG,Magenta,Cyan,Yellow,Yellow,Yellow,Yellow,Cyan,Cyan,0,0,0.125,0,0,0.5,0,0.375,3
RYPOG,Yellow,Yellow,Yellow,Yellow,Yellow,Yellow,Yellow,Cyan,0,0,0,0,0,0.875,0,0.125,2
CYPOG,Cyan,Cyan,Cyan,Yellow,Yellow,Cyan,Cyan,Cyan,0,0,0,0,0,0.25,0,0.75,2
BCPOG,Cyan,Cyan,Cyan,Cyan,Cyan,Cyan,Cyan,Cyan,0,0,0,0,0,0,0,1,1
MCPOG,Cyan,Cyan,Cyan,Yellow,Yellow,Yellow,Cyan,Cyan,0,0,0,0,0,0.375,0,0.625,2
RCPOG,Cyan,Cyan,Cyan,Yellow,Yellow,Yellow,Cyan,Cyan,0,0,0,0,0,0.375,0,0.625,2
YCPOG,Cyan,Cyan,Yellow,Yellow,Yellow,Cyan,Cyan,Cyan,0,0,0,0,0,0.375,0,0.625,2
PBMOG,Magenta,Cyan,Magenta,Cyan,Cyan,Yellow,Cyan,Magenta,0,0,0.375,0,0,0.125,0,0.5,3
RBMOG,Cyan,Cyan,Cyan,Yellow,Cyan,Cyan,Yellow,Cyan,0,0,0,0,0,0.25,0,0.75,2
YBMOG,Magenta,Cyan,Yellow,Cyan,Yellow,Yellow,Cyan,Cyan,0,0,0.125,0,0,0.375,0,0.5,3
CBMOG,Magenta,Magenta,Magenta,Yellow,Cyan,Cyan,Cyan,Cyan,0,0,0.375,0,0,0.125,0,0.5,3
BPMOG,Magenta,Cyan,Cyan,Magenta,Cyan,Yellow,Magenta,Magenta,0,0,0.5,0,0,0.125,0,0.375,3
RPMOG,Magenta,Magenta,Magenta,Yellow,Yellow,Yellow,Yellow,Magenta,0,0,0.5,0,0,0.5,0,0,2
YPMOG,Magenta,Cyan,Yellow,Yellow,Yellow,Yellow,Cyan,Cyan,0,0,0.125,0,0,0.5,0,0.375,3
CPMOG,Magenta,Magenta,Magenta,Yellow,Yellow,Cyan,Cyan,Magenta,0,0,0.5,0,0,0.25,0,0.25,3
BRMOG,Yellow,Yellow,Yellow,Yellow,Yellow,Yellow,Cyan,Cyan,0,0,0,0,0,0.75,0,0.25,2
PRMOG,Yellow,Yellow,Yellow,Yellow,Yellow,Yellow,Cyan,Yellow,0,0,0,0,0,0.875,0,0.125,2
YRMOG,Yellow,Yellow,Yellow,Yellow,Yellow,Yellow,Yellow,Yellow,0,0,0,0,0,1,0,0,1
CRMOG,Yellow,Yellow,Yellow,Yellow,Yellow,Yellow,Yellow,Cyan,0,0,0,0,0,0.875,0,0.125,2
BYMOG,Magenta,Cyan,Cyan,Yellow,Cyan,Yellow,Yellow,Yellow,0,0,0.125,0,0,0.5,0,0.375,3
PYMOG,Magenta,Cyan,Magenta,Yellow,Yellow,Yellow,Yellow,Magenta,0,0,0.375,0,0,0.5,0,0.125,3
RYMOG,Yellow,Yellow,Yellow,Yellow,Yellow,Yellow,Yellow,Yellow,0,0,0,0,0,1,0,0,1
CYMOG,Magenta,Magenta,Magenta,Yellow,Yellow,Yellow,Yellow,Yellow,0,0,0.375,0,0,0.625,0,0,2
BCMOG,Magenta,Magenta,Magenta,Magenta,Magenta,Yellow,Cyan,Cyan,0,0,0.625,0,0,0.125,0,0.25,3
PCMOG,Magenta,Magenta,Magenta,Magenta,Magenta,Yellow,Cyan,Magenta,0,0,0.75,0,0,0.125,0,0.125,3
RCMOG,Magenta,Magenta,Magenta,Yellow,Yellow,Yellow,Yellow,Cyan,0,0,0.375,0,0,0.5,0,0.125,3
YCMOG,Magenta,Magenta,Yellow,Yellow,Yellow,Yellow,Yellow,Yellow,0,0,0.25,0,0,0.75,0,0,2
PBROG,Yellow,Yellow,Yellow,Yellow,Yellow,Yellow,Cyan,Yellow,0,0,0,0,0,0.875,0,0.125,2
MBROG,Yellow,Yellow,Yellow,Yellow,Yellow,Yellow,Cyan,Yellow,0,0,0,0,0,0.875,0,0.125,2
YBROG,Yellow,Yellow,Yellow,Yellow,Yellow,Yellow,Cyan,Cyan,0,0,0,0,0,0.75,0,0.25,2
CBROG,Yellow,Yellow,Yellow,Yellow,Yellow,Cyan,Cyan,Cyan,0,0,0,0,0,0.625,0,0.375,2
BPROG,Yellow,Yellow,Yellow,Yellow,Yellow,Yellow,Yellow,Yellow,0,0,0,0,0,1,0,0,1
MPROG,Yellow,Yellow,Yellow,Yellow,Yellow,Yellow,Cyan,Yellow,0,0,0,0,0,0.875,0,0.125,2
YPROG,Yellow,Yellow,Yellow,Yellow,Yellow,Yellow,Cyan,Cyan,0,0,0,0,0,0.75,0,0.25,2
CPROG,Yellow,Yellow,Yellow,Yellow,Yellow,Cyan,Cyan,Yellow,0,0,0,0,0,0.75,0,0.25,2
BMROG,Yellow,Yellow,Yellow,Yellow,Yellow,Yellow,Yellow,Yellow,0,0,0,0,0,1,0,0,1
PMROG,Yellow,Yellow,Yellow,Yellow,Yellow,Yellow,Yellow,Yellow,0,0,0,0,0,1,0,0,1
YMROG,Yellow,Yellow,Yellow,Yellow,Yellow,Yellow,Yellow,Yellow,0,0,0,0,0,1,0,0,1
CMROG,Yellow,Yellow,Yellow,Yellow,Yellow,Yellow,Yellow,Yellow,0,0,0,0,0,1,0,0,1
BYROG,Yellow,Yellow,Yellow,Yellow,Yellow,Yellow,Yellow,Yellow,0,0,0,0,0,1,0,0,1
PYROG,Yellow,Yellow,Yellow,Yellow,Yellow,Yellow,Yellow,Yellow,0,0,0,0,0,1,0,0,1
MYROG,Yellow,Yellow,Yellow,Yellow,Yellow,Yellow,Yellow,Yellow,0,0,0,0,0,1,0,0,1
CYROG,Yellow,Yellow,Yellow,Yellow,Yellow,Yellow,Yellow,Yellow,0,0,0,0,0,1,0,0,1
BCROG,Yellow,Yellow,Yellow,Yellow,Yellow,Yellow,Cyan,Cyan,0,0,0,0,0,0.75,0,0.25,2
PCROG,Yellow,Yellow,Yellow,Yellow,Yellow,Yellow,Cyan,Yellow,0,0,0,0,0,0.875,0,0.125,2
MCROG,Yellow,Yellow,Yellow,Yellow,Yellow,Yellow,Yellow,Yellow,0,0,0,0,0,1,0,0,1
YCROG,Yellow,Yellow,Yellow,Yellow,Yellow,Yellow,Yellow,Yellow,0,0,0,0,0,1,0,0,1
PBYOG,Cyan,Magenta,Cyan,Magenta,Magenta,Yellow,Yellow,Cyan,0,0,0.375,0,0,0.25,0,0.375,3
MBYOG,Magenta,Cyan,Magenta,Yellow,Yellow,Yellow,Yellow,Cyan,0,0,0.25,0,0,0.5,0,0.25,3
RBYOG,Magenta,Magenta,Magenta,Yellow,Magenta,Magenta,Yellow,Yellow,0,0,0.625,0,0,0.375,0,0,2
CBYOG,Cyan,Cyan,Cyan,Yellow,Magenta,Yellow,Yellow,Yellow,0,0,0.125,0,0,0.5,0,0.375,3
BPYOG,Cyan,Magenta,Magenta,Cyan,Magenta,Yellow,Cyan,Cyan,0,0,0.375,0,0,0.125,0,0.5,3
MPYOG,Magenta,Cyan,Cyan,Yellow,Yellow,Yellow,Yellow,Cyan,0,0,0.125,0,0,0.5,0,0.375,3
RPYOG,Cyan,Cyan,Cyan,Yellow,Yellow,Yellow,Yellow,Cyan,0,0,0,0,0,0.5,0,0.5,2
CPYOG,Cyan,Cyan,Cyan,Yellow,Yellow,Yellow,Yellow,Cyan,0,0,0,0,0,0.5,0,0.5,2
BMYOG,Magenta,Cyan,Cyan,Yellow,Cyan,Yellow,Cyan,Cyan,0,0,0.125,0,0,0.25,0,0.625,3
PMYOG,Magenta,Cyan,Magenta,Yellow,Yellow,Yellow,Cyan,Magenta,0,0,0.375,0,0,0.375,0,0.25,3
RMYOG,Yellow,Yellow,Yellow,Yellow,Yellow,Yellow,Yellow,Cyan,0,0,0,0,0,0.875,0,0.125,2
CMYOG,Magenta,Magenta,Magenta,Yellow,Yellow,Yellow,Yellow,Cyan,0,0,0.375,0,0,0.5,0,0.125,3
BRYOG,Yellow,Yellow,Yellow,Yellow,Yellow,Yellow,Yellow,Yellow,0,0,0,0,0,1,0,0,1
PRYOG,Yellow,Yellow,Yellow,Yellow,Yellow,Yellow,Yellow,Yellow,0,0,0,0,0,1,0,0,1
MRYOG,Yellow,Yellow,Yellow,Yellow,Yellow,Yellow,Yellow,Yellow,0,0,0,0,0,1,0,0,1
CRYOG,Yellow,Yellow,Yellow,Yellow,Yellow,Yellow,Yellow,Yellow,0,0,0,0,0,1,0,0,1
BCYOG,Cyan,Cyan,Cyan,Cyan,Cyan,Yellow,Yellow,Yellow,0,0,0,0,0,0.375,0,0.625,2
PCYOG,Cyan,Cyan,Cyan,Cyan,Cyan,Yellow,Yellow,Cyan,0,0,0,0,0,0.25,0,0.75,2
MCYOG,Cyan,Cyan,Cyan,Yellow,Yellow,Yellow,Yellow,Cyan,0,0,0,0,0,0.5,0,0.5,2
RCYOG,Cyan,Cyan,Cyan,Yellow,Yellow,Yellow,Yellow,Yellow,0,0,0,0,0,0.625,0,0.375,2
PBCOG,Cyan,Cyan,Cyan,Cyan,Cyan,Yellow,Cyan,Cyan,0,0,0,0,0,0.125,0,0.875,2
MBCOG,Cyan,Cyan,Cyan,Cyan,Cyan,Cyan,Cyan,Cyan,0,0,0,0,0,0,0,1,1
RBCOG,Cyan,Cyan,Cyan,Cyan,Cyan,Cyan,Yellow,Cyan,0,0,0,0,0,0.125,0,0.875,2
YBCOG,Cyan,Cyan,Cyan,Cyan,Cyan,Yellow,Cyan,Cyan,0,0,0,0,0,0.125,0,0.875,2
BPCOG,Cyan,Cyan,Cyan,Cyan,Cyan,Yellow,Cyan,Cyan,0,0,0,0,0,0.125,0,0.875,2
MPCOG,Cyan,Cyan,Cyan,Cyan,Cyan,Cyan,Cyan,Cyan,0,0,0,0,0,0,0,1,1
RPCOG,Cyan,Cyan,Cyan,Cyan,Cyan,Cyan,Yellow,Cyan,0,0,0,0,0,0.125,0,0.875,2
YPCOG,Cyan,Cyan,Cyan,Cyan,Cyan,Yellow,Cyan,Cyan,0,0,0,0,0,0.125,0,0.875,2
BMCOG,Cyan,Cyan,Cyan,Cyan,Cyan,Yellow,Cyan,Cyan,0,0,0,0,0,0.125,0,0.875,2
PMCOG,Cyan,Cyan,Cyan,Cyan,Cyan,Yellow,Cyan,Cyan,0,0,0,0,0,0.125,0,0.875,2
RMCOG,Cyan,Cyan,Cyan,Yellow,Yellow,Yellow,Yellow,Cyan,0,0,0,0,0,0.5,0,0.5,2
YMCOG,Cyan,Cyan,Yellow,Yellow,Yellow,Yellow,Yellow,Yellow,0,0,0,0,0,0.75,0,0.25,2
BRCOG,Cyan,Cyan,Cyan,Cyan,Cyan,Yellow,Cyan,Cyan,0,0,0,0,0,0.125,0,0.875,2
PRCOG,Cyan,Cyan,Cyan,Cyan,Cyan,Yellow,Cyan,Cyan,0,0,0,0,0,0.125,0,0.875,2
MRCOG,Cyan,Cyan,Cyan,Yellow,Yellow,Yellow,Yellow,Cyan,0,0,0,0,0,0.5,0,0.5,2
YRCOG,Cyan,Cyan,Yellow,Yellow,Yellow,Yellow,Yellow,Yellow,0,0,0,0,0,0.75,0,0.25,2
BYCOG,Cyan,Cyan,Cyan,Yellow,Cyan,Yellow,Yellow,Yellow,0,0,0,0,0,0.5,0,0.5,2
PYCOG,Cyan,Cyan,Cyan,Yellow,Yellow,Yellow,Yellow,Cyan,0,0,0,0,0,0.5,0,0.5,2
MYCOG,Cyan,Cyan,Yellow,Yellow,Yellow,Yellow,Yellow,Cyan,0,0,0,0,0,0.625,0,0.375,2
RYCOG,Yellow,Yellow,Yellow,Yellow,Yellow,Yellow,Yellow,Yellow,0,0,0,0,0,1,0,0,1
MPBYG,Cyan,Cyan,Cyan,Cyan,Cyan,Cyan,Green,Cyan,0,0,0,0,0,0,0.125,0.875,2
RPBYG,Cyan,Cyan,Cyan,Cyan,Cyan,Cyan,Yellow,Cyan,0,0,0,0,0,0.125,0,0.875,2
OPBYG,Cyan,Cyan,Cyan,Cyan,Cyan,Cyan,Yellow,Cyan,0,0,0,0,0,0.125,0,0.875,2
CPBYG,Cyan,Cyan,Cyan,Cyan,Cyan,Green,Green,Cyan,0,0,0,0,0,0,0.25,0.75,2
PMBYG,Cyan,Cyan,Cyan,Cyan,Cyan,Yellow,Cyan,Cyan,0,0,0,0,0,0.125,0,0.875,2
RMBYG,Cyan,Cyan,Cyan,Yellow,Yellow,Yellow,Yellow,Cyan,0,0,0,0,0,0.5,0,0.5,2
OMBYG,Cyan,Cyan,Yellow,Yellow,Yellow,Yellow,Yellow,Cyan,0,0,0,0,0,0.625,0,0.375,2
CMBYG,Cyan,Cyan,Cyan,Yellow,Yellow,Green,Green,Cyan,0,0,0,0,0,0.25,0.25,0.5,3
PRBYG,Cyan,Cyan,Cyan,Cyan,Cyan,Cyan,Green,Cyan,0,0,0,0,0,0,0.125,0.875,2
MRBYG,Cyan,Cyan,Cyan,Yellow,Yellow,Yellow,Yellow,Cyan,0,0,0,0,0,0.5,0,0.5,2
ORBYG,Cyan,Cyan,Yellow,Yellow,Cyan,Yellow,Cyan,Green,0,0,0,0,0,0.375,0.125,0.5,3
CRBYG,Cyan,Cyan,Cyan,Yellow,Cyan,Yellow,Yellow,Green,0,0,0,0,0,0.375,0.125,0.5,3
POBYG,Cyan,Cyan,Cyan,Yellow,Yellow,Yellow,Green,Cyan,0,0,0,0,0,0.375,0.125,0.5,3
MOBYG,Cyan,Cyan,Yellow,Yellow,Yellow,Yellow,Yellow,Cyan,0,0,0,0,0,0.625,0,0.375,2
ROBYG,Yellow,Yellow,Yellow,Yellow,Cyan,Cyan,Yellow,Green,0,0,0,0,0,0.625,0.125,0.25,3
COBYG,Cyan,Cyan,Cyan,Yellow,Cyan,Yellow,Yellow,Green,0,0,0,0,0,0.375,0.125,0.5,3
PCBYG,Cyan,Cyan,Cyan,Cyan,Cyan,Green,Green,Cyan,0,0,0,0,0,0,0.25,0.75,2
MCBYG,Cyan,Cyan,Cyan,Yellow,Yellow,Yellow,Green,Cyan,0,0,0,0,0,0.375,0.125,0.5,3
RCBYG,Cyan,Cyan,Cyan,Yellow,Cyan,Cyan,Green,Green,0,0,0,0,0,0.125,0.25,0.625,3
OCBYG,Cyan,Cyan,Yellow,Yellow,Cyan,Yellow,Green,Green,0,0,0,0,0,0.375,0.25,0.375,3
MBPYG,Cyan,Cyan,Cyan,Cyan,Cyan,Cyan,Cyan,Cyan,0,0,0,0,0,0,0,1,1
RBPYG,Cyan,Cyan,Cyan,Cyan,Cyan,Cyan,Yellow,Cyan,0,0,0,0,0,0.125,0,0.875,2
OBPYG,Cyan,Cyan,Cyan,Cyan,Cyan,Cyan,Yellow,Cyan,0,0,0,0,0,0.125,0,0.875,2
CBPYG,Cyan,Cyan,Cyan,Cyan,Cyan,Cyan,Cyan,Cyan,0,0,0,0,0,0,0,1,1
BMPYG,Cyan,Cyan,Cyan,Cyan,Cyan,Yellow,Cyan,Cyan,0,0,0,0,0,0.125,0,0.875,2
RMPYG,Cyan,Cyan,Cyan,Yellow,Yellow,Yellow,Yellow,Cyan,0,0,0,0,0,0.5,0,0.5,2
OMPYG,Cyan,Cyan,Yellow,Yellow,Yellow,Yellow,Yellow,Cyan,0,0,0,0,0,0.625,0,0.375,2
CMPYG,Cyan,Cyan,Cyan,Yellow,Yellow,Green,Green,Cyan,0,0,0,0,0,0.25,0.25,0.5,3
BRPYG,Cyan,Cyan,Cyan,Cyan,Cyan,Yellow,Cyan,Cyan,0,0,0,0,0,0.125,0,0.875,2
MRPYG,Cyan,Cyan,Cyan,Yellow,Yellow,Yellow,Yellow,Cyan,0,0,0,0,0,0.5,0,0.5,2
ORPYG,Cyan,Cyan,Yellow,Yellow,Yellow,Yellow,Yellow,Cyan,0,0,0,0,0,0.625,0,0.375,2
CRPYG,Cyan,Cyan,Cyan,Yellow,Yellow,Yellow,Yellow,Cyan,0,0,0,0,0,0.5,0,0.5,2
BOPYG,Cyan,Cyan,Cyan,Yellow,Cyan,Yellow,Cyan,Cyan,0,0,0,0,0,0.25,0,0.75,2
MOPYG,Cyan,Cyan,Yellow,Yellow,Yellow,Yellow,Yellow,Cyan,0,0,0,0,0,0.625,0,0.375,2
ROPYG,Yellow,Yellow,Yellow,Yellow,Yellow,Yellow,Yellow,Cyan,0,0,0,0,0,0.875,0,0.125,2
COPYG,Cyan,Cyan,Cyan,Yellow,Yellow,Yellow,Yellow,Cyan,0,0,0,0,0,0.5,0,0.5,2
BCPYG,Cyan,Cyan,Cyan,Cyan,Cyan,Green,Cyan,Cyan,0,0,0,0,0,0,0.125,0.875,2
MCPYG,Cyan,Cyan,Cyan,Yellow,Yellow,Yellow,Green,Cyan,0,0,0,0,0,0.375,0.125,0.5,3
RCPYG,Cyan,Cyan,Cyan,Yellow,Yellow,Yellow,Green,Cyan,0,0,0,0,0,0.375,0.125,0.5,3
OCPYG,Cyan,Cyan,Yellow,Yellow,Yellow,Yellow,Green,Cyan,0,0,0,0,0,0.5,0.125,0.375,3
PBMYG,Cyan,Cyan,Cyan,Cyan,Cyan,Yellow,Cyan,Cyan,0,0,0,0,0,0.125,0,0.875,2
RBMYG,Cyan,Cyan,Cyan,Yellow,Cyan,Cyan,Yellow,Cyan,0,0,0,0,0,0.25,0,0.75,2
OBMYG,Cyan,Cyan,Yellow,Yellow,Cyan,Yellow,Yellow,Cyan,0,0,0,0,0,0.5,0,0.5,2
CBMYG,Cyan,Cyan,Cyan,Yellow,Cyan,Cyan,Cyan,Cyan,0,0,0,0,0,0.125,0,0.875,2
BPMYG,Cyan,Cyan,Cyan,Cyan,Cyan,Yellow,Cyan,Cyan,0,0,0,0,0,0.125,0,0.875,2
RPMYG,Cyan,Cyan,Cyan,Yellow,Yellow,Yellow,Yellow,Cyan,0,0,0,0,0,0.5,0,0.5,2
OPMYG,Cyan,Cyan,Yellow,Yellow,Yellow,Yellow,Yellow,Cyan,0,0,0,0,0,0.625,0,0.375,2
CPMYG,Cyan,Cyan,Cyan,Yellow,Yellow,Cyan,Cyan,Cyan,0,0,0,0,0,0.25,0,0.75,2
BRMYG,Yellow,Yellow,Yellow,Yellow,Yellow,Yellow,Cyan,Cyan,0,0,0,0,0,0.75,0,0.25,2
PRMYG,Yellow,Yellow,Yellow,Yellow,Yellow,Yellow,Cyan,Yellow,0,0,0,0,0,0.875,0,0.125,2
ORMYG,Yellow,Yellow,Yellow,Yellow,Yellow,Yellow,Yellow,Cyan,0,0,0,0,0,0.875,0,0.125,2
CRMYG,Yellow,Yellow,Yellow,Yellow,Yellow,Yellow,Yellow,Cyan,0,0,0,0,0,0.875,0,0.125,2
BOMYG,Cyan,Yellow,Yellow,Yellow,Yellow,Yellow,Cyan,Cyan,0,0,0,0,0,0.625,0,0.375,2
POMYG,Cyan,Yellow,Cyan,Yellow,Yellow,Yellow,Cyan,Cyan,0,0,0,0,0,0.5,0,0.5,2
ROMYG,Yellow,Yellow,Yellow,Yellow,Yellow,Yellow,Yellow,Cyan,0,0,0,0,0,0.875,0,0.125,2
COMYG,Cyan,Cyan,Cyan,Yellow,Yellow,Yellow,Yellow,Cyan,0,0,0,0,0,0.5,0,0.5,2
BCMYG,Cyan,Cyan,Cyan,Cyan,Cyan,Green,Cyan,Cyan,0,0,0,0,0,0,0.125,0.875,2
PCMYG,Cyan,Cyan,Cyan,Cyan,Cyan,Green,Cyan,Cyan,0,0,0,0,0,0,0.125,0.875,2
RCMYG,Cyan,Cyan,Cyan,Yellow,Yellow,Yellow,Green,Cyan,0,0,0,0,0,0.375,0.125,0.5,3
OCMYG,Cyan,Cyan,Yellow,Yellow,Yellow,Yellow,Green,Cyan,0,0,0,0,0,0.5,0.125,0.375,3
PBRYG,Yellow,Yellow,Yellow,Yellow,Yellow,Yellow,Green,Yellow,0,0,0,0,0,0.875,0.125,0,2
MBRYG,Yellow,Yellow,Yellow,Yellow,Yellow,Yellow,Green,Yellow,0,0,0,0,0,0.875,0.125,0,2
OBRYG,Yellow,Yellow,Yellow,Yellow,Yellow,Yellow,Yellow,Green,0,0,0,0,0,0.875,0.125,0,2
CBRYG,Yellow,Yellow,Yellow,Yellow,Yellow,Green,Green,Green,0,0,0,0,0,0.625,0.375,0,2
BPRYG,Yellow,Yellow,Yellow,Yellow,Yellow,Yellow,Yellow,Yellow,0,0,0,0,0,1,0,0,1
MPRYG,Yellow,Yellow,Yellow,Yellow,Yellow,Yellow,Green,Yellow,0,0,0,0,0,0.875,0.125,0,2
OPRYG,Yellow,Yellow,Yellow,Yellow,Yellow,Yellow,Yellow,Yellow,0,0,0,0,0,1,0,0,1
CPRYG,Yellow,Yellow,Yellow,Yellow,Yellow,Green,Green,Yellow,0,0,0,0,0,0.75,0.25,0,2
BMRYG,Yellow,Yellow,Yellow,Yellow,Yellow,Yellow,Yellow,Yellow,0,0,0,0,0,1,0,0,1
PMRYG,Yellow,Yellow,Yellow,Yellow,Yellow,Yellow,Yellow,Yellow,0,0,0,0,0,1,0,0,1
OMRYG,Yellow,Yellow,Yellow,Yellow,Yellow,Yellow,Yellow,Yellow,0,0,0,0,0,1,0,0,1
CMRYG,Yellow,Yellow,Yellow,Yellow,Yellow,Yellow,Yellow,Yellow,0,0,0,0,0,1,0,0,1
BORYG,Yellow,Yellow,Yellow,Yellow,Yellow,Yellow,Green,Green,0,0,0,0,0,0.75,0.25,0,2
PORYG,Yellow,Yellow,Yellow,Yellow,Yellow,Yellow,Green,Yellow,0,0,0,0,0,0.875,0.125,0,2
MORYG,Yellow,Yellow,Yellow,Yellow,Yellow,Yellow,Yellow,Yellow,0,0,0,0,0,1,0,0,1
CORYG,Yellow,Yellow,Yellow,Yellow,Yellow,Yellow,Yellow,Green,0,0,0,0,0,0.875,0.125,0,2
BCRYG,Yellow,Yellow,Yellow,Yellow,Yellow,Yellow,Green,Green,0,0,0,0,0,0.75,0.25,0,2
PCRYG,Yellow,Yellow,Yellow,Yellow,Yellow,Yellow,Green,Yellow,0,0,0,0,0,0.875,0.125,0,2
MCRYG,Yellow,Yellow,Yellow,Yellow,Yellow,Yellow,Yellow,Yellow,0,0,0,0,0,1,0,0,1
OCRYG,Yellow,Yellow,Yellow,Yellow,Yellow,Yellow,Yellow,Green,0,0,0,0,0,0.875,0.125,0,2
PBOYG,Cyan,Yellow,Cyan,Yellow,Yellow,Yellow,Green,Cyan,0,0,0,0,0,0.5,0.125,0.375,3
MBOYG,Yellow,Cyan,Yellow,Yellow,Yellow,Yellow,Green,Cyan,0,0,0,0,0,0.625,0.125,0.25,3
RBOYG,Yellow,Yellow,Yellow,Yellow,Yellow,Yellow,Yellow,Green,0,0,0,0,0,0.875,0.125,0,2
CBOYG,Cyan,Cyan,Cyan,Yellow,Yellow,Green,Green,Green,0,0,0,0,0,0.25,0.375,0.375,3
BPOYG,Cyan,Yellow,Yellow,Cyan,Yellow,Yellow,Cyan,Cyan,0,0,0,0,0,0.5,0,0.5,2
MPOYG,Yellow,Cyan,Cyan,Yellow,Yellow,Yellow,Green,Cyan,0,0,0,0,0,0.5,0.125,0.375,3
RPOYG,Cyan,Cyan,Cyan,Yellow,Yellow,Yellow,Yellow,Cyan,0,0,0,0,0,0.5,0,0.5,2
CPOYG,Cyan,Cyan,Cyan,Yellow,Yellow,Green,Green,Cyan,0,0,0,0,0,0.25,0.25,0.5,3
BMOYG,Yellow,Cyan,Cyan,Yellow,Cyan,Yellow,Cyan,Cyan,0,0,0,0,0,0.375,0,0.625,2
PMOYG,Yellow,Cyan,Yellow,Yellow,Yellow,Yellow,Cyan,Yellow,0,0,0,0,0,0.75,0,0.25,2
RMOYG,Yellow,Yellow,Yellow,Yellow,Yellow,Yellow,Yellow,Cyan,0,0,0,0,0,0.875,0,0.125,2
CMOYG,Yellow,Yellow,Yellow,Yellow,Yellow,Yellow,Yellow,Cyan,0,0,0,0,0,0.875,0,0.125,2
BROYG,Yellow,Yellow,Yellow,Yellow,Yellow,Yellow,Green,Green,0,0,0,0,0,0.75,0.25,0,2
PROYG,Yellow,Yellow,Yellow,Yellow,Yellow,Yellow,Green,Yellow,0,0,0,0,0,0.875,0.125,0,2
MROYG,Yellow,Yellow,Yellow,Yellow,Yellow,Yellow,Yellow,Yellow,0,0,0,0,0,1,0,0,1
CROYG,Yellow,Yellow,Yellow,Yellow,Yellow,Yellow,Yellow,Green,0,0,0,0,0,0.875,0.125,0,2
BCOYG,Cyan,Cyan,Cyan,Cyan,Cyan,Yellow,Green,Green,0,0,0,0,0,0.125,0.25,0.625,3
PCOYG,Cyan,Cyan,Cyan,Cyan,Cyan,Yellow,Green,Cyan,0,0,0,0,0,0.125,0.125,0.75,3
MCOYG,Cyan,Cyan,Cyan,Yellow,Yellow,Yellow,Yellow,Cyan,0,0,0,0,0,0.5,0,0.5,2
RCOYG,Cyan,Cyan,Cyan,Yellow,Yellow,Yellow,Yellow,Green,0,0,0,0,0,0.5,0.125,0.375,3
PBCYG,Cyan,Cyan,Cyan,Cyan,Cyan,Green,Green,Cyan,0,0,0,0,0,0,0.25,0.75,2
MBCYG,Cyan,Cyan,Cyan,Cyan,Cyan,Cyan,Green,Cyan,0,0,0,0,0,0,0.125,0.875,2
RBCYG,Cyan,Cyan,Cyan,Cyan,Cyan,Cyan,Green,Green,0,0,0,0,0,0,0.25,0.75,2
OBCYG,Cyan,Cyan,Cyan,Cyan,Cyan,Cyan,Green,Green,0,0,0,0,0,0,0.25,0.75,2
BPCYG,Cyan,Cyan,Cyan,Cyan,Cyan,Green,Cyan,Cyan,0,0,0,0,0,0,0.125,0.875,2
MPCYG,Cyan,Cyan,Cyan,Cyan,Cyan,Cyan,Green,Cyan,0,0,0,0,0,0,0.125,0.875,2
RPCYG,Cyan,Cyan,Cyan,Cyan,Cyan,Cyan,Green,Cyan,0,0,0,0,0,0,0.125,0.875,2
OPCYG,Cyan,Cyan,Cyan,Cyan,Cyan,Cyan,Green,Cyan,0,0,0,0,0,0,0.125,0.875,2
BMCYG,Cyan,Cyan,Cyan,Cyan,Cyan,Yellow,Cyan,Cyan,0,0,0,0,0,0.125,0,0.875,2
PMCYG,Cyan,Cyan,Cyan,Cyan,Cyan,Yellow,Cyan,Cyan,0,0,0,0,0,0.125,0,0.875,2
RMCYG,Cyan,Cyan,Cyan,Yellow,Yellow,Yellow,Yellow,Cyan,0,0,0,0,0,0.5,0,0.5,2
OMCYG,Cyan,Cyan,Yellow,Yellow,Yellow,Yellow,Yellow,Cyan,0,0,0,0,0,0.625,0,0.375,2
BRCYG,Cyan,Cyan,Cyan,Cyan,Cyan,Yellow,Green,Green,0,0,0,0,0,0.125,0.25,0.625,3
PRCYG,Cyan,Cyan,Cyan,Cyan,Cyan,Yellow,Green,Cyan,0,0,0,0,0,0.125,0.125,0.75,3
MRCYG,Cyan,Cyan,Cyan,Yellow,Yellow,Yellow,Green,Cyan,0,0,0,0,0,0.375,0.125,0.5,3
ORCYG,Cyan,Cyan,Yellow,Yellow,Yellow,Yellow,Yellow,Green,0,0,0,0,0,0.625,0.125,0.25,3
BOCYG,Cyan,Cyan,Cyan,Yellow,Cyan,Yellow,Green,Green,0,0,0,0,0,0.25,0.25,0.5,3
POCYG,Cyan,Cyan,Cyan,Yellow,Yellow,Yellow,Green,Cyan,0,0,0,0,0,0.375,0.125,0.5,3
MOCYG,Cyan,Cyan,Yellow,Yellow,Yellow,Yellow,Green,Cyan,0,0,0,0,0,0.5,0.125,0.375,3
ROCYG,Yellow,Yellow,Yellow,Yellow,Yellow,Yellow,Yellow,Green,0,0,0,0,0,0.875,0.125,0,2
MPBCG,Cyan,Cyan,Cyan,Cyan,Cyan,Cyan,Cyan,Cyan,0,0,0,0,0,0,0,1,1
RPBCG,Cyan,Cyan,Cyan,Cyan,Cyan,Cyan,Green,Cyan,0,0,0,0,0,0,0.125,0.875,2
OPBCG,Cyan,Cyan,Cyan,Cyan,Cyan,Cyan,Green,Cyan,0,0,0,0,0,0,0.125,0.875,2
YPBCG,Cyan,Cyan,Cyan,Cyan,Cyan,Green,Cyan,Cyan,0,0,0,0,0,0,0.125,0.875,2
PMBCG,Cyan,Cyan,Cyan,Cyan,Cyan,Cyan,Cyan,Cyan,0,0,0,0,0,0,0,1,1
RMBCG,Cyan,Cyan,Cyan,Cyan,Cyan,Cyan,Cyan,Cyan,0,0,0,0,0,0,0,1,1
OMBCG,Cyan,Cyan,Cyan,Cyan,Cyan,Cyan,Cyan,Cyan,0,0,0,0,0,0,0,1,1
YMBCG,Cyan,Cyan,Cyan,Cyan,Cyan,Cyan,Cyan,Cyan,0,0,0,0,0,0,0,1,1
PRBCG,Cyan,Cyan,Cyan,Cyan,Cyan,Cyan,Cyan,Cyan,0,0,0,0,0,0,0,1,1
MRBCG,Cyan,Cyan,Cyan,Cyan,Cyan,Cyan,Green,Cyan,0,0,0,0,0,0,0.125,0.875,2
ORBCG,Cyan,Cyan,Cyan,Cyan,Cyan,Cyan,Cyan,Cyan,0,0,0,0,0,0,0,1,1
YRBCG,Cyan,Cyan,Cyan,Cyan,Cyan,Cyan,Green,Green,0,0,0,0,0,0,0.25,0.75,2
POBCG,Cyan,Cyan,Cyan,Cyan,Cyan,Cyan,Cyan,Cyan,0,0,0,0,0,0,0,1,1
MOBCG,Cyan,Cyan,Cyan,Cyan,Cyan,Cyan,Green,Cyan,0,0,0,0,0,0,0.125,0.875,2
ROBCG,Cyan,Cyan,Cyan,Cyan,Cyan,Cyan,Cyan,Cyan,0,0,0,0,0,0,0,1,1
YOBCG,Cyan,Cyan,Cyan,Cyan,Cyan,Cyan,Green,Green,0,0,0,0,0,0,0.25,0.75,2
PYBCG,Cyan,Cyan,Cyan,Cyan,Cyan,Green,Cyan,Cyan,0,0,0,0,0,0,0.125,0.875,2
MYBCG,Cyan,Cyan,Cyan,Cyan,Cyan,Cyan,Cyan,Cyan,0,0,0,0,0,0,0,1,1
RYBCG,Cyan,Cyan,Cyan,Cyan,Cyan,Cyan,Green,Cyan,0,0,0,0,0,0,0.125,0.875,2
OYBCG,Cyan,Cyan,Cyan,Cyan,Cyan,Cyan,Green,Cyan,0,0,0,0,0,0,0.125,0.875,2
MBPCG,Cyan,Cyan,Cyan,Cyan,Cyan,Cyan,Cyan,Cyan,0,0,0,0,0,0,0,1,1
RBPCG,Cyan,Cyan,Cyan,Cyan,Cyan,Cyan,Green,Cyan,0,0,0,0,0,0,0.125,0.875,2
OBPCG,Cyan,Cyan,Cyan,Cyan,Cyan,Cyan,Green,Cyan,0,0,0,0,0,0,0.125,0.875,2
YBPCG,Cyan,Cyan,Cyan,Cyan,Cyan,Green,Cyan,Cyan,0,0,0,0,0,0,0.125,0.875,2
BMPCG,Cyan,Cyan,Cyan,Cyan,Cyan,Cyan,Cyan,Cyan,0,0,0,0,0,0,0,1,1
RMPCG,Cyan,Cyan,Cyan,Cyan,Cyan,Cyan,Cyan,Cyan,0,0,0,0,0,0,0,1,1
OMPCG,Cyan,Cyan,Cyan,Cyan,Cyan,Cyan,Cyan,Cyan,0,0,0,0,0,0,0,1,1
YMPCG,Cyan,Cyan,Cyan,Cyan,Cyan,Cyan,Cyan,Cyan,0,0,0,0,0,0,0,1,1
BRPCG,Cyan,Cyan,Cyan,Cyan,Cyan,Cyan,Cyan,Cyan,0,0,0,0,0,0,0,1,1
MRPCG,Cyan,Cyan,Cyan,Cyan,Cyan,Cyan,Green,Cyan,0,0,0,0,0,0,0.125,0.875,2
ORPCG,Cyan,Cyan,Cyan,Cyan,Cyan,Cyan,Cyan,Cyan,0,0,0,0,0,0,0,1,1
YRPCG,Cyan,Cyan,Cyan,Cyan,Cyan,Cyan,Green,Green,0,0,0,0,0,0,0.25,0.75,2
BOPCG,Cyan,Cyan,Cyan,Cyan,Cyan,Cyan,Cyan,Cyan,0,0,0,0,0,0,0,1,1
MOPCG,Cyan,Cyan,Cyan,Cyan,Cyan,Cyan,Green,Cyan,0,0,0,0,0,0,0.125,0.875,2
ROPCG,Cyan,Cyan,Cyan,Cyan,Cyan,Cyan,Cyan,Cyan,0,0,0,0,0,0,0,1,1
YOPCG,Cyan,Cyan,Cyan,Cyan,Cyan,Cyan,Green,Green,0,0,0,0,0,0,0.25,0.75,2
BYPCG,Cyan,Cyan,Cyan,Cyan,Cyan,Green,Cyan,Cyan,0,0,0,0,0,0,0.125,0.875,2
MYPCG,Cyan,Cyan,Cyan,Cyan,Cyan,Cyan,Cyan,Cyan,0,0,0,0,0,0,0,1,1
RYPCG,Cyan,Cyan,Cyan,Cyan,Cyan,Cyan,Green,Cyan,0,0,0,0,0,0,0.125,0.875,2
OYPCG,Cyan,Cyan,Cyan,Cyan,Cyan,Cyan,Green,Cyan,0,0,0,0,0,0,0.125,0.875,2
PBMCG,Cyan,Cyan,Cyan,Cyan,Cyan,Yellow,Cyan,Cyan,0,0,0,0,0,0.125,0,0.875,2
RBMCG,Cyan,Cyan,Cyan,Cyan,Cyan,Cyan,Yellow,Cyan,0,0,0,0,0,0.125,0,0.875,2
OBMCG,Cyan,Cyan,Cyan,Cyan,Cyan,Cyan,Yellow,Cyan,0,0,0,0,0,0.125,0,0.875,2
YBMCG,Cyan,Cyan,Cyan,Cyan,Cyan,Yellow,Cyan,Cyan,0,0,0,0,0,0.125,0,0.875,2
BPMCG,Cyan,Cyan,Cyan,Cyan,Cyan,Yellow,Cyan,Cyan,0,0,0,0,0,0.125,0,0.875,2
RPMCG,Cyan,Cyan,Cyan,Cyan,Cyan,Cyan,Yellow,Cyan,0,0,0,0,0,0.125,0,0.875,2
OPMCG,Cyan,Cyan,Cyan,Cyan,Cyan,Cyan,Yellow,Cyan,0,0,0,0,0,0.125,0,0.875,2
YPMCG,Cyan,Cyan,Cyan,Cyan,Cyan,Yellow,Cyan,Cyan,0,0,0,0,0,0.125,0,0.875,2
BRMCG,Cyan,Cyan,Cyan,Cyan,Cyan,Yellow,Cyan,Cyan,0,0,0,0,0,0.125,0,0.875,2
PRMCG,Cyan,Cyan,Cyan,Cyan,Cyan,Yellow,Cyan,Cyan,0,0,0,0,0,0.125,0,0.875,2
ORMCG,Cyan,Cyan,Yellow,Yellow,Yellow,Yellow,Yellow,Cyan,0,0,0,0,0,0.625,0,0.375,2
YRMCG,Cyan,Cyan,Yellow,Yellow,Yellow,Yellow,Yellow,Yellow,0,0,0,0,0,0.75,0,0.25,2
BOMCG,Cyan,Cyan,Cyan,Yellow,Cyan,Yellow,Cyan,Cyan,0,0,0,0,0,0.25,0,0.75,2
POMCG,Cyan,Cyan,Cyan,Yellow,Yellow,Yellow,Cyan,Cyan,0,0,0,0,0,0.375,0,0.625,2
ROMCG,Yellow,Yellow,Yellow,Yellow,Yellow,Yellow,Yellow,Cyan,0,0,0,0,0,0.875,0,0.125,2
YOMCG,Cyan,Cyan,Yellow,Yellow,Yellow,Yellow,Yellow,Yellow,0,0,0,0,0,0.75,0,0.25,2
BYMCG,Cyan,Cyan,Cyan,Yellow,Cyan,Yellow,Green,Green,0,0,0,0,0,0.25,0.25,0.5,3
PYMCG,Cyan,Cyan,Cyan,Yellow,Yellow,Yellow,Green,Cyan,0,0,0,0,0,0.375,0.125,0.5,3
RYMCG,Yellow,Yellow,Yellow,Yellow,Yellow,Yellow,Yellow,Green,0,0,0,0,0,0.875,0.125,0,2
OYMCG,Cyan,Yellow,Yellow,Yellow,Yellow,Yellow,Yellow,Green,0,0,0,0,0,0.75,0.125,0.125,3
PBRCG,Cyan,Cyan,Cyan,Cyan,Cyan,Yellow,Cyan,Cyan,0,0,0,0,0,0.125,0,0.875,2
MBRCG,Cyan,Cyan,Cyan,Cyan,Cyan,Cyan,Cyan,Cyan,0,0,0,0,0,0,0,1,1
OBRCG,Cyan,Cyan,Cyan,Cyan,Cyan,Cyan,Yellow,Cyan,0,0,0,0,0,0.125,0,0.875,2
YBRCG,Cyan,Cyan,Cyan,Cyan,Cyan,Yellow,Cyan,Cyan,0,0,0,0,0,0.125,0,0.875,2
BPRCG,Cyan,Cyan,Cyan,Cyan,Cyan,Yellow,Cyan,Cyan,0,0,0,0,0,0.125,0,0.875,2
MPRCG,Cyan,Cyan,Cyan,Cyan,Cyan,Cyan,Cyan,Cyan,0,0,0,0,0,0,0,1,1
OPRCG,Cyan,Cyan,Cyan,Cyan,Cyan,Cyan,Yellow,Cyan,0,0,0,0,0,0.125,0,0.875,2
YPRCG,Cyan,Cyan,Cyan,Cyan,Cyan,Yellow,Cyan,Cyan,0,0,0,0,0,0.125,0,0.875,2
BMRCG,Cyan,Cyan,Cyan,Cyan,Cyan,Yellow,Cyan,Cyan,0,0,0,0,0,0.125,0,0.875,2
PMRCG,Cyan,Cyan,Cyan,Cyan,Cyan,Yellow,Cyan,Cyan,0,0,0,0,0,0.125,0,0.875,2
OMRCG,Cyan,Cyan,Yellow,Yellow,Yellow,Yellow,Yellow,Cyan,0,0,0,0,0,0.625,0,0.375,2
YMRCG,Cyan,Cyan,Yellow,Yellow,Yellow,Yellow,Green,Green,0,0,0,0,0,0.5,0.25,0.25,3
BORCG,Cyan,Cyan,Cyan,Yellow,Cyan,Yellow,Cyan,Cyan,0,0,0,0,0,0.25,0,0.75,2
PORCG,Cyan,Cyan,Cyan,Yellow,Yellow,Yellow,Cyan,Cyan,0,0,0,0,0,0.375,0,0.625,2
MORCG,Cyan,Cyan,Yellow,Yellow,Yellow,Yellow,Yellow,Cyan,0,0,0,0,0,0.625,0,0.375,2
YORCG,Cyan,Cyan,Yellow,Yellow,Yellow,Yellow,Yellow,Yellow,0,0,0,0,0,0.75,0,0.25,2
BYRCG,Cyan,Cyan,Cyan,Yellow,Cyan,Yellow,Green,Green,0,0,0,0,0,0.25,0.25,0.5,3
PYRCG,Cyan,Cyan,Cyan,Yellow,Yellow,Yellow,Green,Cyan,0,0,0,0,0,0.375,0.125,0.5,3
MYRCG,Cyan,Cyan,Yellow,Yellow,Yellow,Yellow,Green,Cyan,0,0,0,0,0,0.5,0.125,0.375,3
OYRCG,Cyan,Yellow,Yellow,Yellow,Yellow,Yellow,Yellow,Green,0,0,0,0,0,0.75,0.125,0.125,3
PBOCG,Cyan,Cyan,Cyan,Cyan,Cyan,Yellow,Cyan,Cyan,0,0,0,0,0,0.125,0,0.875,2
MBOCG,Cyan,Cyan,Cyan,Yellow,Yellow,Yellow,Cyan,Cyan,0,0,0,0,0,0.375,0,0.625,2
RBOCG,Cyan,Cyan,Cyan,Yellow,Cyan,Cyan,Yellow,Cyan,0,0,0,0,0,0.25,0,0.75,2
YBOCG,Cyan,Cyan,Yellow,Cyan,Yellow,Yellow,Cyan,Cyan,0,0,0,0,0,0.375,0,0.625,2
BPOCG,Cyan,Cyan,Cyan,Cyan,Cyan,Yellow,Cyan,Cyan,0,0,0,0,0,0.125,0,0.875,2
MPOCG,Cyan,Cyan,Cyan,Yellow,Yellow,Yellow,Cyan,Cyan,0,0,0,0,0,0.375,0,0.625,2
RPOCG,Cyan,Cyan,Cyan,Yellow,Yellow,Yellow,Yellow,Cyan,0,0,0,0,0,0.5,0,0.5,2
YPOCG,Cyan,Cyan,Yellow,Yellow,Yellow,Yellow,Cyan,Cyan,0,0,0,0,0,0.5,0,0.5,2
BMOCG,Cyan,Cyan,Cyan,Yellow,Cyan,Yellow,Cyan,Cyan,0,0,0,0,0,0.25,0,0.75,2
PMOCG,Cyan,Cyan,Cyan,Yellow,Yellow,Yellow,Cyan,Cyan,0,0,0,0,0,0.375,0,0.625,2
RMOCG,Yellow,Yellow,Yellow,Yellow,Yellow,Yellow,Yellow,Cyan,0,0,0,0,0,0.875,0,0.125,2
YMOCG,Cyan,Cyan,Yellow,Yellow,Yellow,Yellow,Green,Green,0,0,0,0,0,0.5,0.25,0.25,3
BROCG,Yellow,Yellow,Yellow,Yellow,Yellow,Yellow,Cyan,Cyan,0,0,0,0,0,0.75,0,0.25,2
PROCG,Yellow,Yellow,Yellow,Yellow,Yellow,Yellow,Cyan,Yellow,0,0,0,0,0,0.875,0,0.125,2
MROCG,Yellow,Yellow,Yellow,Yellow,Yellow,Yellow,Yellow,Yellow,0,0,0,0,0,1,0,0,1
YROCG,Yellow,Yellow,Yellow,Yellow,Yellow,Yellow,Yellow,Yellow,0,0,0,0,0,1,0,0,1
BYOCG,Cyan,Cyan,Cyan,Yellow,Cyan,Yellow,Green,Green,0,0,0,0,0,0.25,0.25,0.5,3
PYOCG,Cyan,Cyan,Cyan,Yellow,Yellow,Yellow,Green,Cyan,0,0,0,0,0,0.375,0.125,0.5,3
MYOCG,Cyan,Cyan,Yellow,Yellow,Yellow,Yellow,Green,Cyan,0,0,0,0,0,0.5,0.125,0.375,3
RYOCG,Yellow,Yellow,Yellow,Yellow,Yellow,Yellow,Yellow,Green,0,0,0,0,0,0.875,0.125,0,2
PBYCG,Cyan,Cyan,Cyan,Cyan,Cyan,Green,Green,Cyan,0,0,0,0,0,0,0.25,0.75,2
MBYCG,Cyan,Cyan,Cyan,Yellow,Yellow,Yellow,Green,Cyan,0,0,0,0,0,0.375,0.125,0.5,3
RBYCG,Cyan,Cyan,Cyan,Yellow,Cyan,Cyan,Green,Green,0,0,0,0,0,0.125,0.25,0.625,3
OBYCG,Cyan,Cyan,Yellow,Yellow,Cyan,Yellow,Green,Green,0,0,0,0,0,0.375,0.25,0.375,3
BPYCG,Cyan,Cyan,Cyan,Cyan,Cyan,Green,Cyan,Cyan,0,0,0,0,0,0,0.125,0.875,2
MPYCG,Cyan,Cyan,Cyan,Yellow,Yellow,Yellow,Green,Cyan,0,0,0,0,0,0.375,0.125,0.5,3
RPYCG,Cyan,Cyan,Cyan,Yellow,Yellow,Yellow,Green,Cyan,0,0,0,0,0,0.375,0.125,0.5,3
OPYCG,Cyan,Cyan,Yellow,Yellow,Yellow,Yellow,Green,Cyan,0,0,0,0,0,0.5,0.125,0.375,3
BMYCG,Cyan,Cyan,Cyan,Yellow,Cyan,Yellow,Cyan,Cyan,0,0,0,0,0,0.25,0,0.75,2
PMYCG,Cyan,Cyan,Cyan,Yellow,Yellow,Yellow,Cyan,Cyan,0,0,0,0,0,0.375,0,0.625,2
RMYCG,Yellow,Yellow,Yellow,Yellow,Yellow,Yellow,Yellow,Cyan,0,0,0,0,0,0.875,0,0.125,2
OMYCG,Cyan,Yellow,Yellow,Yellow,Yellow,Yellow,Yellow,Cyan,0,0,0,0,0,0.75,0,0.25,2
BRYCG,Yellow,Yellow,Yellow,Yellow,Yellow,Yellow,Green,Green,0,0,0,0,0,0.75,0.25,0,2
PRYCG,Yellow,Yellow,Yellow,Yellow,Yellow,Yellow,Green,Yellow,0,0,0,0,0,0.875,0.125,0,2
MRYCG,Yellow,Yellow,Yellow,Yellow,Yellow,Yellow,Green,Yellow,0,0,0,0,0,0.875,0.125,0,2
ORYCG,Yellow,Yellow,Yellow,Yellow,Yellow,Yellow,Yellow,Green,0,0,0,0,0,0.875,0.125,0,2
BOYCG,Cyan,Yellow,Yellow,Yellow,Yellow,Yellow,Green,Green,0,0,0,0,0,0.625,0.25,0.125,3
POYCG,Cyan,Yellow,Cyan,Yellow,Yellow,Yellow,Green,Cyan,0,0,0,0,0,0.5,0.125,0.375,3
MOYCG,Yellow,Cyan,Yellow,Yellow,Yellow,Yellow,Green,Cyan,0,0,0,0,0,0.625,0.125,0.25,3
ROYCG,Yellow,Yellow,Yellow,Yellow,Yellow,Yellow,Yellow,Green,0,0,0,0,0,0.875,0.125,0,2
RMPBC,Blue,Blue,Blue,Blue,Blue,Blue,Blue,Blue,1,0,0,0,0,0,0,0,1
OMPBC,Blue,Blue,Blue,Blue,Blue,Blue,Blue,Blue,1,0,0,0,0,0,0,0,1
YMPBC,Blue,Blue,Blue,Blue,Blue,Blue,Cyan,Cyan,0.75,0,0,0,0,0,0,0.25,2
GMPBC,Blue,Blue,Blue,Blue,Blue,Blue,Cyan,Blue,0.875,0,0,0,0,0,0,0.125,2
MRPBC,Blue,Blue,Blue,Blue,Blue,Blue,Green,Blue,0.875,0,0,0,0,0,0.125,0,2
ORPBC,Blue,Blue,Blue,Blue,Blue,Blue,Blue,Blue,1,0,0,0,0,0,0,0,1
YRPBC,Blue,Blue,Blue,Blue,Blue,Blue,Green,Green,0.75,0,0,0,0,0,0.25,0,2
GRPBC,Blue,Blue,Blue,Blue,Blue,Blue,Green,Blue,0.875,0,0,0,0,0,0.125,0,2
MOPBC,Blue,Blue,Blue,Blue,Blue,Blue,Green,Blue,0.875,0,0,0,0,0,0.125,0,2
ROPBC,Blue,Blue,Blue,Blue,Blue,Blue,Blue,Blue,1,0,0,0,0,0,0,0,1
YOPBC,Blue,Blue,Blue,Blue,Blue,Blue,Green,Green,0.75,0,0,0,0,0,0.25,0,2
GOPBC,Blue,Blue,Blue,Blue,Blue,Blue,Green,Blue,0.875,0,0,0,0,0,0.125,0,2
MYPBC,Blue,Blue,Blue,Blue,Blue,Blue,Cyan,Blue,0.875,0,0,0,0,0,0,0.125,2
RYPBC,Blue,Blue,Blue,Blue,Blue,Blue,Green,Cyan,0.75,0,0,0,0,0,0.125,0.125,3
OYPBC,Blue,Blue,Blue,Blue,Blue,Blue,Green,Cyan,0.75,0,0,0,0,0,0.125,0.125,3
GYPBC,Cyan,Cyan,Blue,Green,Green,Green,Cyan,Cyan,0.125,0,0,0,0,0,0.375,0.5,3
MGPBC,Blue,Blue,Blue,Green,Green,Green,Cyan,Blue,0.5,0,0,0,0,0,0.375,0.125,3
RGPBC,Blue,Blue,Blue,Green,Green,Green,Green,Blue,0.5,0,0,0,0,0,0.5,0,2
OGPBC,Blue,Blue,Green,Green,Green,Green,Green,Blue,0.375,0,0,0,0,0,0.625,0,2
YGPBC,Blue,Blue,Green,Green,Green,Green,Cyan,Cyan,0.25,0,0,0,0,0,0.5,0.25,3
RPMBC,Blue,Blue,Blue,Blue,Blue,Blue,Blue,Blue,1,0,0,0,0,0,0,0,1
OPMBC,Blue,Blue,Blue,Blue,Blue,Blue,Blue,Blue,1,0,0,0,0,0,0,0,1
YPMBC,Blue,Blue,Blue,Blue,Blue,Blue,Blue,Blue,1,0,0,0,0,0,0,0,1
GPMBC,Blue,Blue,Blue,Blue,Blue,Blue,Blue,Blue,1,0,0,0,0,0,0,0,1
PRMBC,Blue,Blue,Blue,Blue,Blue,Blue,Blue,Blue,1,0,0,0,0,0,0,0,1
ORMBC,Blue,Blue,Blue,Blue,Blue,Blue,Blue,Blue,1,0,0,0,0,0,0,0,1
YRMBC,Blue,Blue,Blue,Blue,Blue,Blue,Blue,Blue,1,0,0,0,0,0,0,0,1
GRMBC,Blue,Blue,Blue,Blue,Blue,Blue,Blue,Blue,1,0,0,0,0,0,0,0,1
POMBC,Blue,Blue,Blue,Blue,Blue,Blue,Blue,Blue,1,0,0,0,0,0,0,0,1
ROMBC,Blue,Blue,Blue,Blue,Blue,Blue,Blue,Blue,1,0,0,0,0,0,0,0,1
YOMBC,Blue,Blue,Blue,Blue,Blue,Blue,Blue,Blue,1,0,0,0,0,0,0,0,1
GOMBC,Blue,Blue,Blue,Blue,Blue,Blue,Blue,Blue,1,0,0,0,0,0,0,0,1
PYMBC,Blue,Blue,Blue,Blue,Blue,Blue,Cyan,Blue,0.875,0,0,0,0,0,0,0.125,2
RYMBC,Blue,Blue,Blue,Blue,Blue,Blue,Blue,Cyan,0.875,0,0,0,0,0,0,0.125,2
OYMBC,Blue,Blue,Blue,Blue,Blue,Blue,Blue,Cyan,0.875,0,0,0,0,0,0,0.125,2
GYMBC,Cyan,Cyan,Blue,Blue,Blue,Blue,Cyan,Cyan,0.5,0,0,0,0,0,0,0.5,2
PGMBC,Blue,Blue,Blue,Blue,Blue,Blue,Blue,Blue,1,0,0,0,0,0,0,0,1
RGMBC,Blue,Blue,Blue,Blue,Blue,Blue,Blue,Blue,1,0,0,0,0,0,0,0,1
OGMBC,Blue,Blue,Blue,Blue,Blue,Blue,Blue,Blue,1,0,0,0,0,0,0,0,1
YGMBC,Blue,Blue,Blue,Blue,Blue,Blue,Cyan,Cyan,0.75,0,0,0,0,0,0,0.25,2
MPRBC,Blue,Blue,Blue,Blue,Blue,Blue,Cyan,Blue,0.875,0,0,0,0,0,0,0.125,2
OPRBC,Blue,Blue,Blue,Blue,Blue,Blue,Blue,Blue,1,0,0,0,0,0,0,0,1
YPRBC,Blue,Blue,Blue,Blue,Blue,Blue,Cyan,Cyan,0.75,0,0,0,0,0,0,0.25,2
GPRBC,Blue,Blue,Blue,Blue,Blue,Blue,Cyan,Blue,0.875,0,0,0,0,0,0,0.125,2
PMRBC,Blue,Blue,Blue,Blue,Blue,Blue,Blue,Blue,1,0,0,0,0,0,0,0,1
OMRBC,Blue,Blue,Blue,Blue,Blue,Blue,Blue,Blue,1,0,0,0,0,0,0,0,1
YMRBC,Blue,Blue,Blue,Blue,Blue,Blue,Green,Green,0.75,0,0,0,0,0,0.25,0,2
GMRBC,Blue,Blue,Blue,Blue,Blue,Blue,Green,Blue,0.875,0,0,0,0,0,0.125,0,2
PORBC,Blue,Blue,Blue,Blue,Blue,Blue,Cyan,Blue,0.875,0,0,0,0,0,0,0.125,2
MORBC,Blue,Blue,Blue,Blue,Blue,Blue,Blue,Blue,1,0,0,0,0,0,0,0,1
YORBC,Blue,Blue,Blue,Blue,Blue,Blue,Blue,Blue,1,0,0,0,0,0,0,0,1
GORBC,Cyan,Cyan,Blue,Blue,Blue,Blue,Blue,Cyan,0.625,0,0,0,0,0,0,0.375,2
PYRBC,Blue,Blue,Blue,Blue,Blue,Blue,Green,Blue,0.875,0,0,0,0,0,0.125,0,2
MYRBC,Blue,Blue,Blue,Blue,Blue,Blue,Green,Blue,0.875,0,0,0,0,0,0.125,0,2
OYRBC,Blue,Blue,Blue,Blue,Blue,Blue,Blue,Green,0.875,0,0,0,0,0,0.125,0,2
GYRBC,Green,Green,Blue,Blue,Blue,Blue,Green,Green,0.5,0,0,0,0,0,0.5,0,2
PGRBC,Cyan,Cyan,Cyan,Blue,Blue,Blue,Cyan,Cyan,0.375,0,0,0,0,0,0,0.625,2
MGRBC,Cyan,Cyan,Blue,Blue,Blue,Blue,Green,Cyan,0.5,0,0,0,0,0,0.125,0.375,3
OGRBC,Cyan,Blue,Blue,Blue,Blue,Blue,Blue,Cyan,0.75,0,0,0,0,0,0,0.25,2
YGRBC,Cyan,Cyan,Blue,Blue,Blue,Blue,Green,Green,0.5,0,0,0,0,0,0.25,0.25,3
MPOBC,Blue,Blue,Blue,Blue,Blue,Blue,Cyan,Blue,0.875,0,0,0,0,0,0,0.125,2
RPOBC,Blue,Blue,Blue,Blue,Blue,Blue,Blue,Blue,1,0,0,0,0,0,0,0,1
YPOBC,Blue,Blue,Blue,Blue,Blue,Blue,Cyan,Cyan,0.75,0,0,0,0,0,0,0.25,2
GPOBC,Blue,Blue,Blue,Blue,Blue,Blue,Cyan,Blue,0.875,0,0,0,0,0,0,0.125,2
PMOBC,Blue,Blue,Blue,Blue,Blue,Blue,Blue,Blue,1,0,0,0,0,0,0,0,1
RMOBC,Blue,Blue,Blue,Blue,Blue,Blue,Blue,Blue,1,0,0,0,0,0,0,0,1
YMOBC,Blue,Blue,Blue,Blue,Blue,Blue,Green,Green,0.75,0,0,0,0,0,0.25,0,2
GMOBC,Blue,Blue,Blue,Blue,Blue,Blue,Green,Blue,0.875,0,0,0,0,0,0.125,0,2
PROBC,Blue,Blue,Blue,Blue,Blue,Blue,Cyan,Blue,0.875,0,0,0,0,0,0,0.125,2
MROBC,Blue,Blue,Blue,Blue,Blue,Blue,Blue,Blue,1,0,0,0,0,0,0,0,1
YROBC,Blue,Blue,Blue,Blue,Blue,Blue,Blue,Blue,1,0,0,0,0,0,0,0,1
GROBC,Cyan,Cyan,Blue,Blue,Blue,Blue,Blue,Cyan,0.625,0,0,0,0,0,0,0.375,2
PYOBC,Blue,Blue,Blue,Blue,Blue,Blue,Green,Blue,0.875,0,0,0,0,0,0.125,0,2
MYOBC,Blue,Blue,Blue,Blue,Blue,Blue,Green,Blue,0.875,0,0,0,0,0,0.125,0,2
RYOBC,Blue,Blue,Blue,Blue,Blue,Blue,Blue,Green,0.875,0,0,0,0,0,0.125,0,2
GYOBC,Green,Green,Blue,Blue,Blue,Blue,Green,Green,0.5,0,0,0,0,0,0.5,0,2
PGOBC,Cyan,Cyan,Cyan,Blue,Blue,Blue,Cyan,Cyan,0.375,0,0,0,0,0,0,0.625,2
MGOBC,Cyan,Cyan,Blue,Blue,Blue,Blue,Green,Cyan,0.5,0,0,0,0,0,0.125,0.375,3
RGOBC,Blue,Blue,Blue,Blue,Blue,Blue,Blue,Cyan,0.875,0,0,0,0,0,0,0.125,2
YGOBC,Cyan,Cyan,Blue,Blue,Blue,Blue,Green,Green,0.5,0,0,0,0,0,0.25,0.25,3
MPYBC,Blue,Blue,Blue,Blue,Blue,Blue,Cyan,Blue,0.875,0,0,0,0,0,0,0.125,2
RPYBC,Blue,Blue,Blue,Blue,Blue,Blue,Green,Blue,0.875,0,0,0,0,0,0.125,0,2
OPYBC,Blue,Blue,Blue,Blue,Blue,Blue,Green,Blue,0.875,0,0,0,0,0,0.125,0,2
GPYBC,Blue,Blue,Blue,Green,Green,Green,Cyan,Blue,0.5,0,0,0,0,0,0.375,0.125,3
PMYBC,Blue,Blue,Blue,Blue,Blue,Blue,Blue,Blue,1,0,0,0,0,0,0,0,1
RMYBC,Blue,Blue,Blue,Blue,Blue,Blue,Blue,Blue,1,0,0,0,0,0,0,0,1
OMYBC,Blue,Blue,Blue,Blue,Blue,Blue,Blue,Blue,1,0,0,0,0,0,0,0,1
GMYBC,Blue,Blue,Blue,Blue,Blue,Blue,Cyan,Blue,0.875,0,0,0,0,0,0,0.125,2
PRYBC,Blue,Blue,Blue,Blue,Blue,Blue,Cyan,Blue,0.875,0,0,0,0,0,0,0.125,2
MRYBC,Blue,Blue,Blue,Blue,Blue,Blue,Green,Blue,0.875,0,0,0,0,0,0.125,0,2
ORYBC,Blue,Blue,Blue,Blue,Blue,Blue,Blue,Cyan,0.875,0,0,0,0,0,0,0.125,2
GRYBC,Cyan,Cyan,Blue,Blue,Blue,Blue,Green,Cyan,0.5,0,0,0,0,0,0.125,0.375,3
POYBC,Blue,Blue,Blue,Blue,Blue,Blue,Cyan,Blue,0.875,0,0,0,0,0,0,0.125,2
MOYBC,Blue,Blue,Blue,Blue,Blue,Blue,Green,Blue,0.875,0,0,0,0,0,0.125,0,2
ROYBC,Blue,Blue,Blue,Blue,Blue,Blue,Blue,Cyan,0.875,0,0,0,0,0,0,0.125,2
GOYBC,Cyan,Cyan,Blue,Blue,Blue,Blue,Green,Cyan,0.5,0,0,0,0,0,0.125,0.375,3
PGYBC,Cyan,Cyan,Cyan,Blue,Blue,Green,Cyan,Cyan,0.25,0,0,0,0,0,0.125,0.625,3
MGYBC,Cyan,Cyan,Blue,Green,Green,Green,Cyan,Cyan,0.125,0,0,0,0,0,0.375,0.5,3
RGYBC,Blue,Blue,Blue,Green,Green,Green,Green,Cyan,0.375,0,0,0,0,0,0.5,0.125,3
OGYBC,Cyan,Blue,Green,Green,Green,Green,Green,Cyan,0.125,0,0,0,0,0,0.625,0.25,3
MPGBC,Cyan,Cyan,Cyan,Blue,Blue,Blue,Cyan,Cyan,0.375,0,0,0,0,0,0,0.625,2
RPGBC,Cyan,Cyan,Cyan,Blue,Blue,Blue,Green,Cyan,0.375,0,0,0,0,0,0.125,0.5,3
OPGBC,Cyan,Cyan,Blue,Blue,Blue,Blue,Green,Cyan,0.5,0,0,0,0,0,0.125,0.375,3
YPGBC,Cyan,Cyan,Blue,Blue,Blue,Green,Cyan,Cyan,0.375,0,0,0,0,0,0.125,0.5,3
PMGBC,Cyan,Cyan,Cyan,Blue,Blue,Green,Cyan,Cyan,0.25,0,0,0,0,0,0.125,0.625,3
RMGBC,Blue,Blue,Blue,Green,Green,Green,Green,Cyan,0.375,0,0,0,0,0,0.5,0.125,3
OMGBC,Cyan,Blue,Green,Green,Green,Green,Green,Cyan,0.125,0,0,0,0,0,0.625,0.25,3
YMGBC,Cyan,Cyan,Green,Green,Green,Green,Cyan,Cyan,0,0,0,0,0,0,0.5,0.5,2
PRGBC,Blue,Blue,Blue,Blue,Blue,Green,Cyan,Blue,0.75,0,0,0,0,0,0.125,0.125,3
MRGBC,Blue,Blue,Blue,Green,Green,Green,Green,Blue,0.5,0,0,0,0,0,0.5,0,2
ORGBC,Blue,Blue,Green,Green,Green,Green,Green,Cyan,0.25,0,0,0,0,0,0.625,0.125,3
YRGBC,Blue,Blue,Green,Green,Green,Green,Green,Green,0.25,0,0,0,0,0,0.75,0,2
POGBC,Cyan,Blue,Cyan,Green,Green,Green,Cyan,Cyan,0.125,0,0,0,0,0,0.375,0.5,3
MOGBC,Blue,Cyan,Green,Green,Green,Green,Green,Cyan,0.125,0,0,0,0,0,0.625,0.25,3
ROGBC,Green,Green,Green,Green,Green,Green,Green,Cyan,0,0,0,0,0,0,0.875,0.125,2
YOGBC,Cyan,Blue,Green,Green,Green,Green,Green,Green,0.125,0,0,0,0,0,0.75,0.125,3
PYGBC,Cyan,Cyan,Cyan,Green,Green,Green,Cyan,Cyan,0,0,0,0,0,0,0.375,0.625,2
MYGBC,Cyan,Cyan,Green,Green,Green,Green,Cyan,Cyan,0,0,0,0,0,0,0.5,0.5,2
RYGBC,Green,Green,Green,Green,Green,Green,Green,Cyan,0,0,0,0,0,0,0.875,0.125,2
OYGBC,Cyan,Green,Green,Green,Green,Green,Green,Cyan,0,0,0,0,0,0,0.75,0.25,2
RMBPC,Blue,Blue,Blue,Blue,Blue,Blue,Blue,Blue,1,0,0,0,0,0,0,0,1
OMBPC,Blue,Blue,Blue,Blue,Blue,Blue,Blue,Blue,1,0,0,0,0,0,0,0,1
YMBPC,Blue,Blue,Blue,Blue,Blue,Blue,Blue,Blue,1,0,0,0,0,0,0,0,1
GMBPC,Blue,Blue,Blue,Blue,Blue,Blue,Blue,Blue,1,0,0,0,0,0,0,0,1
MRBPC,Blue,Blue,Blue,Blue,Blue,Blue,Green,Blue,0.875,0,0,0,0,0,0.125,0,2
ORBPC,Blue,Blue,Blue,Blue,Blue,Blue,Blue,Blue,1,0,0,0,0,0,0,0,1
YRBPC,Blue,Blue,Blue,Blue,Blue,Blue,Green,Green,0.75,0,0,0,0,0,0.25,0,2
GRBPC,Blue,Blue,Blue,Blue,Blue,Blue,Green,Blue,0.875,0,0,0,0,0,0.125,0,2
MOBPC,Blue,Blue,Blue,Blue,Blue,Blue,Green,Blue,0.875,0,0,0,0,0,0.125,0,2
ROBPC,Blue,Blue,Blue,Blue,Blue,Blue,Blue,Blue,1,0,0,0,0,0,0,0,1
YOBPC,Blue,Blue,Blue,Blue,Blue,Blue,Green,Green,0.75,0,0,0,0,0,0.25,0,2
GOBPC,Blue,Blue,Blue,Blue,Blue,Blue,Green,Blue,0.875,0,0,0,0,0,0.125,0,2
MYBPC,Blue,Blue,Blue,Blue,Blue,Blue,Blue,Blue,1,0,0,0,0,0,0,0,1
RYBPC,Blue,Blue,Blue,Blue,Blue,Blue,Green,Blue,0.875,0,0,0,0,0,0.125,0,2
OYBPC,Blue,Blue,Blue,Blue,Blue,Blue,Green,Blue,0.875,0,0,0,0,0,0.125,0,2
GYBPC,Blue,Blue,Blue,Green,Green,Green,Blue,Blue,0.625,0,0,0,0,0,0.375,0,2
MGBPC,Blue,Blue,Blue,Green,Green,Green,Blue,Blue,0.625,0,0,0,0,0,0.375,0,2
RGBPC,Blue,Blue,Blue,Green,Green,Green,Green,Blue,0.5,0,0,0,0,0,0.5,0,2
OGBPC,Blue,Blue,Green,Green,Green,Green,Green,Blue,0.375,0,0,0,0,0,0.625,0,2
YGBPC,Blue,Blue,Green,Green,Green,Green,Blue,Blue,0.5,0,0,0,0,0,0.5,0,2
RBMPC,Blue,Blue,Blue,Blue,Blue,Blue,Blue,Blue,1,0,0,0,0,0,0,0,1
OBMPC,Blue,Blue,Blue,Blue,Blue,Blue,Blue,Blue,1,0,0,0,0,0,0,0,1
YBMPC,Blue,Blue,Blue,Blue,Blue,Blue,Blue,Blue,1,0,0,0,0,0,0,0,1
GBMPC,Blue,Blue,Blue,Blue,Blue,Blue,Blue,Blue,1,0,0,0,0,0,0,0,1
BRMPC,Blue,Blue,Blue,Blue,Blue,Blue,Blue,Blue,1,0,0,0,0,0,0,0,1
ORMPC,Blue,Blue,Blue,Blue,Blue,Blue,Blue,Blue,1,0,0,0,0,0,0,0,1
YRMPC,Blue,Blue,Blue,Blue,Blue,Blue,Blue,Blue,1,0,0,0,0,0,0,0,1
GRMPC,Blue,Blue,Blue,Blue,Blue,Blue,Blue,Blue,1,0,0,0,0,0,0,0,1
BOMPC,Blue,Blue,Blue,Blue,Blue,Blue,Blue,Blue,1,0,0,0,0,0,0,0,1
ROMPC,Blue,Blue,Blue,Blue,Blue,Blue,Blue,Blue,1,0,0,0,0,0,0,0,1
YOMPC,Blue,Blue,Blue,Blue,Blue,Blue,Blue,Blue,1,0,0,0,0,0,0,0,1
GOMPC,Blue,Blue,Blue,Blue,Blue,Blue,Blue,Blue,1,0,0,0,0,0,0,0,1
BYMPC,Blue,Blue,Blue,Blue,Blue,Blue,Cyan,Cyan,0.75,0,0,0,0,0,0,0.25,2
RYMPC,Blue,Blue,Blue,Blue,Blue,Blue,Blue,Cyan,0.875,0,0,0,0,0,0,0.125,2
OYMPC,Blue,Blue,Blue,Blue,Blue,Blue,Blue,Cyan,0.875,0,0,0,0,0,0,0.125,2
GYMPC,Cyan,Cyan,Blue,Blue,Blue,Blue,Cyan,Cyan,0.5,0,0,0,0,0,0,0.5,2
BGMPC,Blue,Blue,Blue,Blue,Blue,Blue,Blue,Blue,1,0,0,0,0,0,0,0,1
RGMPC,Blue,Blue,Blue,Blue,Blue,Blue,Blue,Blue,1,0,0,0,0,0,0,0,1
OGMPC,Blue,Blue,Blue,Blue,Blue,Blue,Blue,Blue,1,0,0,0,0,0,0,0,1
YGMPC,Blue,Blue,Blue,Blue,Blue,Blue,Cyan,Cyan,0.75,0,0,0,0,0,0,0.25,2
MBRPC,Blue,Blue,Blue,Blue,Blue,Blue,Blue,Blue,1,0,0,0,0,0,0,0,1
OBRPC,Blue,Blue,Blue,Blue,Blue,Blue,Blue,Blue,1,0,0,0,0,0,0,0,1
YBRPC,Blue,Blue,Blue,Blue,Blue,Blue,Blue,Blue,1,0,0,0,0,0,0,0,1
GBRPC,Blue,Blue,Blue,Blue,Blue,Blue,Blue,Blue,1,0,0,0,0,0,0,0,1
BMRPC,Blue,Blue,Blue,Blue,Blue,Blue,Blue,Blue,1,0,0,0,0,0,0,0,1
OMRPC,Blue,Blue,Blue,Blue,Blue,Blue,Blue,Blue,1,0,0,0,0,0,0,0,1
YMRPC,Blue,Blue,Blue,Blue,Blue,Blue,Green,Green,0.75,0,0,0,0,0,0.25,0,2
GMRPC,Blue,Blue,Blue,Blue,Blue,Blue,Green,Blue,0.875,0,0,0,0,0,0.125,0,2
BORPC,Blue,Blue,Blue,Blue,Blue,Blue,Blue,Blue,1,0,0,0,0,0,0,0,1
MORPC,Blue,Blue,Blue,Blue,Blue,Blue,Blue,Blue,1,0,0,0,0,0,0,0,1
YORPC,Blue,Blue,Blue,Blue,Blue,Blue,Blue,Blue,1,0,0,0,0,0,0,0,1
GORPC,Blue,Blue,Blue,Blue,Blue,Blue,Blue,Blue,1,0,0,0,0,0,0,0,1
BYRPC,Blue,Blue,Blue,Blue,Blue,Blue,Green,Green,0.75,0,0,0,0,0,0.25,0,2
MYRPC,Blue,Blue,Blue,Blue,Blue,Blue,Green,Blue,0.875,0,0,0,0,0,0.125,0,2
OYRPC,Blue,Blue,Blue,Blue,Blue,Blue,Blue,Green,0.875,0,0,0,0,0,0.125,0,2
GYRPC,Green,Green,Blue,Blue,Blue,Blue,Green,Green,0.5,0,0,0,0,0,0.5,0,2
BGRPC,Blue,Blue,Blue,Blue,Blue,Blue,Blue,Blue,1,0,0,0,0,0,0,0,1
MGRPC,Blue,Blue,Blue,Blue,Blue,Blue,Green,Blue,0.875,0,0,0,0,0,0.125,0,2
OGRPC,Blue,Blue,Blue,Blue,Blue,Blue,Blue,Blue,1,0,0,0,0,0,0,0,1
YGRPC,Blue,Blue,Blue,Blue,Blue,Blue,Green,Green,0.75,0,0,0,0,0,0.25,0,2
MBOPC,Blue,Blue,Blue,Blue,Blue,Blue,Blue,Blue,1,0,0,0,0,0,0,0,1
RBOPC,Blue,Blue,Blue,Blue,Blue,Blue,Blue,Blue,1,0,0,0,0,0,0,0,1
YBOPC,Blue,Blue,Blue,Blue,Blue,Blue,Blue,Blue,1,0,0,0,0,0,0,0,1
GBOPC,Blue,Blue,Blue,Blue,Blue,Blue,Blue,Blue,1,0,0,0,0,0,0,0,1
BMOPC,Blue,Blue,Blue,Blue,Blue,Blue,Blue,Blue,1,0,0,0,0,0,0,0,1
RMOPC,Blue,Blue,Blue,Blue,Blue,Blue,Blue,Blue,1,0,0,0,0,0,0,0,1
YMOPC,Blue,Blue,Blue,Blue,Blue,Blue,Green,Green,0.75,0,0,0,0,0,0.25,0,2
GMOPC,Blue,Blue,Blue,Blue,Blue,Blue,Green,Blue,0.875,0,0,0,0,0,0.125,0,2
BROPC,Blue,Blue,Blue,Blue,Blue,Blue,Blue,Blue,1,0,0,0,0,0,0,0,1
MROPC,Blue,Blue,Blue,Blue,Blue,Blue,Blue,Blue,1,0,0,0,0,0,0,0,1
YROPC,Blue,Blue,Blue,Blue,Blue,Blue,Blue,Blue,1,0,0,0,0,0,0,0,1
GROPC,Blue,Blue,Blue,Blue,Blue,Blue,Blue,Blue,1,0,0,0,0,0,0,0,1
BYOPC,Blue,Blue,Blue,Blue,Blue,Blue,Green,Green,0.75,0,0,0,0,0,0.25,0,2
MYOPC,Blue,Blue,Blue,Blue,Blue,Blue,Green,Blue,0.875,0,0,0,0,0,0.125,0,2
RYOPC,Blue,Blue,Blue,Blue,Blue,Blue,Blue,Green,0.875,0,0,0,0,0,0.125,0,2
GYOPC,Green,Green,Blue,Blue,Blue,Blue,Green,Green,0.5,0,0,0,0,0,0.5,0,2
BGOPC,Blue,Blue,Blue,Blue,Blue,Blue,Blue,Blue,1,0,0,0,0,0,0,0,1
MGOPC,Blue,Blue,Blue,Blue,Blue,Blue,Green,Blue,0.875,0,0,0,0,0,0.125,0,2
RGOPC,Blue,Blue,Blue,Blue,Blue,Blue,Blue,Blue,1,0,0,0,0,0,0,0,1
YGOPC,Blue,Blue,Blue,Blue,Blue,Blue,Green,Green,0.75,0,0,0,0,0,0.25,0,2
MBYPC,Blue,Blue,Blue,Blue,Blue,Blue,Cyan,Blue,0.875,0,0,0,0,0,0,0.125,2
RBYPC,Blue,Blue,Blue,Blue,Blue,Blue,Green,Cyan,0.75,0,0,0,0,0,0.125,0.125,3
OBYPC,Blue,Blue,Blue,Blue,Blue,Blue,Green,Cyan,0.75,0,0,0,0,0,0.125,0.125,3
GBYPC,Cyan,Cyan,Blue,Green,Green,Green,Cyan,Cyan,0.125,0,0,0,0,0,0.375,0.5,3
BMYPC,Blue,Blue,Blue,Blue,Blue,Blue,Blue,Blue,1,0,0,0,0,0,0,0,1
RMYPC,Blue,Blue,Blue,Blue,Blue,Blue,Blue,Blue,1,0,0,0,0,0,0,0,1
OMYPC,Blue,Blue,Blue,Blue,Blue,Blue,Blue,Blue,1,0,0,0,0,0,0,0,1
GMYPC,Blue,Blue,Blue,Blue,Blue,Blue,Cyan,Blue,0.875,0,0,0,0,0,0,0.125,2
BRYPC,Blue,Blue,Blue,Blue,Blue,Blue,Cyan,Cyan,0.75,0,0,0,0,0,0,0.25,2
MRYPC,Blue,Blue,Blue,Blue,Blue,Blue,Green,Blue,0.875,0,0,0,0,0,0.125,0,2
ORYPC,Blue,Blue,Blue,Blue,Blue,Blue,Blue,Cyan,0.875,0,0,0,0,0,0,0.125,2
GRYPC,Cyan,Cyan,Blue,Blue,Blue,Blue,Green,Cyan,0.5,0,0,0,0,0,0.125,0.375,3
BOYPC,Blue,Blue,Blue,Blue,Blue,Blue,Cyan,Cyan,0.75,0,0,0,0,0,0,0.25,2
MOYPC,Blue,Blue,Blue,Blue,Blue,Blue,Green,Blue,0.875,0,0,0,0,0,0.125,0,2
ROYPC,Blue,Blue,Blue,Blue,Blue,Blue,Blue,Cyan,0.875,0,0,0,0,0,0,0.125,2
GOYPC,Cyan,Cyan,Blue,Blue,Blue,Blue,Green,Cyan,0.5,0,0,0,0,0,0.125,0.375,3
BGYPC,Cyan,Cyan,Cyan,Blue,Cyan,Green,Cyan,Cyan,0.125,0,0,0,0,0,0.125,0.75,3
MGYPC,Cyan,Cyan,Blue,Green,Green,Green,Cyan,Cyan,0.125,0,0,0,0,0,0.375,0.5,3
RGYPC,Blue,Blue,Blue,Green,Green,Green,Green,Cyan,0.375,0,0,0,0,0,0.5,0.125,3
OGYPC,Cyan,Blue,Green,Green,Green,Green,Green,Cyan,0.125,0,0,0,0,0,0.625,0.25,3
MBGPC,Blue,Blue,Blue,Blue,Blue,Blue,Blue,Blue,1,0,0,0,0,0,0,0,1
RBGPC,Blue,Blue,Blue,Blue,Blue,Blue,Green,Blue,0.875,0,0,0,0,0,0.125,0,2
OBGPC,Blue,Blue,Blue,Blue,Blue,Blue,Green,Blue,0.875,0,0,0,0,0,0.125,0,2
YBGPC,Blue,Blue,Blue,Blue,Blue,Green,Blue,Blue,0.875,0,0,0,0,0,0.125,0,2
BMGPC,Blue,Blue,Blue,Blue,Blue,Green,Blue,Blue,0.875,0,0,0,0,0,0.125,0,2
RMGPC,Blue,Blue,Blue,Green,Green,Green,Green,Blue,0.5,0,0,0,0,0,0.5,0,2
OMGPC,Blue,Blue,Green,Green,Green,Green,Green,Blue,0.375,0,0,0,0,0,0.625,0,2
YMGPC,Blue,Blue,Green,Green,Green,Green,Cyan,Cyan,0.25,0,0,0,0,0,0.5,0.25,3
BRGPC,Blue,Blue,Blue,Blue,Blue,Green,Blue,Blue,0.875,0,0,0,0,0,0.125,0,2
MRGPC,Blue,Blue,Blue,Green,Green,Green,Green,Blue,0.5,0,0,0,0,0,0.5,0,2
ORGPC,Blue,Blue,Green,Green,Green,Green,Green,Blue,0.375,0,0,0,0,0,0.625,0,2
YRGPC,Blue,Blue,Green,Green,Green,Green,Green,Green,0.25,0,0,0,0,0,0.75,0,2
BOGPC,Blue,Blue,Blue,Green,Blue,Green,Blue,Blue,0.75,0,0,0,0,0,0.25,0,2
MOGPC,Blue,Blue,Green,Green,Green,Green,Green,Blue,0.375,0,0,0,0,0,0.625,0,2
ROGPC,Green,Green,Green,Green,Green,Green,Green,Blue,0.125,0,0,0,0,0,0.875,0,2
YOGPC,Blue,Blue,Green,Green,Green,Green,Green,Green,0.25,0,0,0,0,0,0.75,0,2
BYGPC,Blue,Blue,Blue,Green,Blue,Green,Cyan,Cyan,0.5,0,0,0,0,0,0.25,0.25,3
MYGPC,Blue,Blue,Green,Green,Green,Green,Cyan,Blue,0.375,0,0,0,0,0,0.5,0.125,3
RYGPC,Green,Green,Green,Green,Green,Green,Green,Cyan,0,0,0,0,0,0,0.875,0.125,2
OYGPC,Blue,Green,Green,Green,Green,Green,Green,Cyan,0.125,0,0,0,0,0,0.75,0.125,3
RPBMC,Blue,Blue,Blue,Blue,Blue,Blue,Red,Blue,0.875,0,0,0.125,0,0,0,0,2
OPBMC,Blue,Blue,Blue,Blue,Blue,Blue,Red,Blue,0.875,0,0,0.125,0,0,0,0,2
YPBMC,Blue,Blue,Blue,Blue,Blue,Red,Blue,Blue,0.875,0,0,0.125,0,0,0,0,2
GPBMC,Blue,Blue,Blue,Red,Red,Red,Blue,Blue,0.625,0,0,0.375,0,0,0,0,2
PRBMC,Blue,Blue,Blue,Blue,Blue,Blue,Blue,Blue,1,0,0,0,0,0,0,0,1
ORBMC,Blue,Blue,Blue,Blue,Blue,Blue,Blue,Blue,1,0,0,0,0,0,0,0,1
YRBMC,Blue,Blue,Blue,Blue,Blue,Blue,Red,Red,0.75,0,0,0.25,0,0,0,0,2
GRBMC,Blue,Blue,Blue,Blue,Blue,Blue,Red,Blue,0.875,0,0,0.125,0,0,0,0,2
POBMC,Blue,Blue,Blue,Blue,Blue,Blue,Blue,Blue,1,0,0,0,0,0,0,0,1
ROBMC,Blue,Blue,Blue,Blue,Blue,Blue,Blue,Blue,1,0,0,0,0,0,0,0,1
YOBMC,Blue,Blue,Blue,Blue,Blue,Blue,Red,Red,0.75,0,0,0.25,0,0,0,0,2
GOBMC,Blue,Blue,Blue,Blue,Blue,Blue,Red,Blue,0.875,0,0,0.125,0,0,0,0,2
PYBMC,Blue,Blue,Blue,Blue,Blue,Red,Blue,Blue,0.875,0,0,0.125,0,0,0,0,2
RYBMC,Blue,Blue,Blue,Blue,Blue,Blue,Red,Blue,0.875,0,0,0.125,0,0,0,0,2
OYBMC,Blue,Blue,Blue,Blue,Blue,Blue,Red,Blue,0.875,0,0,0.125,0,0,0,0,2
GYBMC,Blue,Blue,Blue,Red,Red,Red,Blue,Blue,0.625,0,0,0.375,0,0,0,0,2
PGBMC,Blue,Blue,Blue,Blue,Blue,Red,Blue,Blue,0.875,0,0,0.125,0,0,0,0,2
RGBMC,Blue,Blue,Blue,Red,Red,Red,Red,Blue,0.5,0,0,0.5,0,0,0,0,2
OGBMC,Blue,Blue,Red,Red,Red,Red,Red,Blue,0.375,0,0,0.625,0,0,0,0,2
YGBMC,Blue,Blue,Red,Red,Red,Red,Blue,Blue,0.5,0,0,0.5,0,0,0,0,2
RBPMC,Blue,Blue,Blue,Blue,Blue,Blue,Red,Blue,0.875,0,0,0.125,0,0,0,0,2
OBPMC,Blue,Blue,Blue,Blue,Blue,Blue,Red,Blue,0.875,0,0,0.125,0,0,0,0,2
YBPMC,Blue,Blue,Blue,Blue,Blue,Red,Blue,Blue,0.875,0,0,0.125,0,0,0,0,2
GBPMC,Blue,Blue,Blue,Red,Red,Red,Blue,Blue,0.625,0,0,0.375,0,0,0,0,2
BRPMC,Blue,Blue,Blue,Blue,Blue,Blue,Blue,Blue,1,0,0,0,0,0,0,0,1
ORPMC,Blue,Blue,Blue,Blue,Blue,Blue,Blue,Blue,1,0,0,0,0,0,0,0,1
YRPMC,Blue,Blue,Blue,Blue,Blue,Blue,Red,Red,0.75,0,0,0.25,0,0,0,0,2
GRPMC,Blue,Blue,Blue,Blue,Blue,Blue,Red,Blue,0.875,0,0,0.125,0,0,0,0,2
BOPMC,Blue,Blue,Blue,Blue,Blue,Blue,Blue,Blue,1,0,0,0,0,0,0,0,1
ROPMC,Blue,Blue,Blue,Blue,Blue,Blue,Blue,Blue,1,0,0,0,0,0,0,0,1
YOPMC,Blue,Blue,Blue,Blue,Blue,Blue,Red,Red,0.75,0,0,0.25,0,0,0,0,2
GOPMC,Blue,Blue,Blue,Blue,Blue,Blue,Red,Blue,0.875,0,0,0.125,0,0,0,0,2
BYPMC,Blue,Blue,Blue,Blue,Blue,Red,Blue,Blue,0.875,0,0,0.125,0,0,0,0,2
RYPMC,Blue,Blue,Blue,Blue,Blue,Blue,Red,Blue,0.875,0,0,0.125,0,0,0,0,2
OYPMC,Blue,Blue,Blue,Blue,Blue,Blue,Red,Blue,0.875,0,0,0.125,0,0,0,0,2
GYPMC,Blue,Blue,Blue,Red,Red,Red,Blue,Blue,0.625,0,0,0.375,0,0,0,0,2
BGPMC,Blue,Blue,Blue,Blue,Blue,Red,Blue,Blue,0.875,0,0,0.125,0,0,0,0,2
RGPMC,Blue,Blue,Blue,Red,Red,Red,Red,Blue,0.5,0,0,0.5,0,0,0,0,2
OGPMC,Blue,Blue,Red,Red,Red,Red,Red,Blue,0.375,0,0,0.625,0,0,0,0,2
YGPMC,Blue,Blue,Red,Red,Red,Red,Blue,Blue,0.5,0,0,0.5,0,0,0,0,2
PBRMC,Blue,Blue,Blue,Blue,Blue,Red,Blue,Blue,0.875,0,0,0.125,0,0,0,0,2
OBRMC,Blue,Blue,Blue,Blue,Blue,Blue,Red,Blue,0.875,0,0,0.125,0,0,0,0,2
YBRMC,Blue,Blue,Blue,Blue,Blue,Red,Blue,Blue,0.875,0,0,0.125,0,0,0,0,2
GBRMC,Blue,Blue,Blue,Red,Red,Red,Blue,Blue,0.625,0,0,0.375,0,0,0,0,2
BPRMC,Blue,Blue,Blue,Blue,Blue,Red,Blue,Blue,0.875,0,0,0.125,0,0,0,0,2
OPRMC,Blue,Blue,Blue,Blue,Blue,Blue,Red,Blue,0.875,0,0,0.125,0,0,0,0,2
YPRMC,Blue,Blue,Blue,Blue,Blue,Red,Blue,Blue,0.875,0,0,0.125,0,0,0,0,2
GPRMC,Blue,Blue,Blue,Red,Red,Red,Blue,Blue,0.625,0,0,0.375,0,0,0,0,2
BORMC,Blue,Blue,Blue,Red,Blue,Red,Blue,Blue,0.75,0,0,0.25,0,0,0,0,2
PORMC,Blue,Blue,Blue,Red,Red,Red,Blue,Blue,0.625,0,0,0.375,0,0,0,0,2
YORMC,Blue,Blue,Red,Red,Red,Red,Red,Red,0.25,0,0,0.75,0,0,0,0,2
GORMC,Blue,Blue,Red,Red,Red,Red,Red,Blue,0.375,0,0,0.625,0,0,0,0,2
BYRMC,Blue,Blue,Blue,Red,Blue,Red,Red,Red,0.5,0,0,0.5,0,0,0,0,2
PYRMC,Blue,Blue,Blue,Red,Red,Red,Red,Blue,0.5,0,0,0.5,0,0,0,0,2
OYRMC,Blue,Red,Red,Red,Red,Red,Red,Red,0.125,0,0,0.875,0,0,0,0,2
GYRMC,Red,Red,Red,Red,Red,Red,Red,Red,0,0,0,1,0,0,0,0,1
BGRMC,Blue,Blue,Blue,Blue,Blue,Red,Blue,Blue,0.875,0,0,0.125,0,0,0,0,2
PGRMC,Blue,Blue,Blue,Blue,Blue,Red,Blue,Blue,0.875,0,0,0.125,0,0,0,0,2
OGRMC,Blue,Blue,Red,Red,Red,Red,Red,Blue,0.375,0,0,0.625,0,0,0,0,2
YGRMC,Blue,Blue,Red,Red,Red,Red,Red,Red,0.25,0,0,0.75,0,0,0,0,2
PBOMC,Blue,Blue,Blue,Blue,Blue,Red,Blue,Blue,0.875,0,0,0.125,0,0,0,0,2
RBOMC,Blue,Blue,Blue,Red,Blue,Blue,Red,Blue,0.75,0,0,0.25,0,0,0,0,2
YBOMC,Blue,Blue,Red,Blue,Red,Red,Blue,Blue,0.625,0,0,0.375,0,0,0,0,2
GBOMC,Blue,Blue,Blue,Red,Red,Red,Blue,Blue,0.625,0,0,0.375,0,0,0,0,2
BPOMC,Blue,Blue,Blue,Blue,Blue,Red,Blue,Blue,0.875,0,0,0.125,0,0,0,0,2
RPOMC,Blue,Blue,Blue,Red,Red,Red,Red,Blue,0.5,0,0,0.5,0,0,0,0,2
YPOMC,Blue,Blue,Red,Red,Red,Red,Blue,Blue,0.5,0,0,0.5,0,0,0,0,2
GPOMC,Blue,Blue,Blue,Red,Red,Red,Blue,Blue,0.625,0,0,0.375,0,0,0,0,2
BROMC,Red,Red,Red,Red,Red,Red,Blue,Blue,0.25,0,0,0.75,0,0,0,0,2
PROMC,Red,Red,Red,Red,Red,Red,Blue,Red,0.125,0,0,0.875,0,0,0,0,2
YROMC,Red,Red,Red,Red,Red,Red,Red,Red,0,0,0,1,0,0,0,0,1
GROMC,Blue,Blue,Red,Red,Red,Red,Red,Blue,0.375,0,0,0.625,0,0,0,0,2
BYOMC,Blue,Blue,Blue,Red,Blue,Red,Red,Red,0.5,0,0,0.5,0,0,0,0,2
PYOMC,Blue,Blue,Blue,Red,Red,Red,Red,Blue,0.5,0,0,0.5,0,0,0,0,2
RYOMC,Red,Red,Red,Red,Red,Red,Red,Red,0,0,0,1,0,0,0,0,1
GYOMC,Red,Red,Red,Red,Red,Red,Red,Red,0,0,0,1,0,0,0,0,1
BGOMC,Blue,Blue,Blue,Red,Blue,Red,Blue,Blue,0.75,0,0,0.25,0,0,0,0,2
PGOMC,Blue,Blue,Blue,Red,Red,Red,Blue,Blue,0.625,0,0,0.375,0,0,0,0,2
RGOMC,Red,Red,Red,Red,Red,Red,Red,Blue,0.125,0,0,0.875,0,0,0,0,2
YGOMC,Blue,Blue,Red,Red,Red,Red,Red,Red,0.25,0,0,0.75,0,0,0,0,2
PBYMC,Blue,Blue,Blue,Blue,Blue,Red,Green,Blue,0.75,0,0,0.125,0,0,0.125,0,3
RBYMC,Blue,Blue,Blue,Red,Blue,Blue,Red,Green,0.625,0,0,0.25,0,0,0.125,0,3
OBYMC,Blue,Blue,Red,Red,Blue,Red,Red,Green,0.375,0,0,0.5,0,0,0.125,0,3
GBYMC,Green,Green,Blue,Red,Red,Red,Green,Green,0.125,0,0,0.375,0,0,0.5,0,3
BPYMC,Blue,Blue,Blue,Blue,Blue,Red,Blue,Blue,0.875,0,0,0.125,0,0,0,0,2
RPYMC,Blue,Blue,Blue,Red,Red,Red,Red,Blue,0.5,0,0,0.5,0,0,0,0,2
OPYMC,Blue,Blue,Red,Red,Red,Red,Red,Blue,0.375,0,0,0.625,0,0,0,0,2
GPYMC,Blue,Blue,Blue,Red,Red,Red,Green,Blue,0.5,0,0,0.375,0,0,0.125,0,3
BRYMC,Red,Red,Red,Red,Red,Red,Green,Green,0,0,0,0.75,0,0,0.25,0,2
PRYMC,Red,Red,Red,Red,Red,Red,Green,Red,0,0,0,0.875,0,0,0.125,0,2
ORYMC,Red,Red,Red,Red,Red,Red,Red,Green,0,0,0,0.875,0,0,0.125,0,2
GRYMC,Green,Green,Red,Red,Red,Red,Red,Green,0,0,0,0.625,0,0,0.375,0,2
BOYMC,Blue,Red,Red,Red,Red,Red,Green,Green,0.125,0,0,0.625,0,0,0.25,0,3
POYMC,Blue,Red,Blue,Red,Red,Red,Green,Blue,0.375,0,0,0.5,0,0,0.125,0,3
ROYMC,Red,Red,Red,Red,Red,Red,Red,Green,0,0,0,0.875,0,0,0.125,0,2
GOYMC,Green,Green,Red,Red,Red,Red,Red,Green,0,0,0,0.625,0,0,0.375,0,2
BGYMC,Green,Green,Green,Red,Green,Red,Green,Green,0,0,0,0.25,0,0,0.75,0,2
PGYMC,Green,Green,Green,Red,Red,Red,Green,Green,0,0,0,0.375,0,0,0.625,0,2
RGYMC,Red,Red,Red,Red,Red,Red,Red,Green,0,0,0,0.875,0,0,0.125,0,2
OGYMC,Green,Red,Red,Red,Red,Red,Red,Green,0,0,0,0.75,0,0,0.25,0,2
PBGMC,Blue,Blue,Blue,Blue,Blue,Red,Blue,Blue,0.875,0,0,0.125,0,0,0,0,2
RBGMC,Blue,Blue,Blue,Blue,Blue,Blue,Red,Blue,0.875,0,0,0.125,0,0,0,0,2
OBGMC,Blue,Blue,Blue,Blue,Blue,Blue,Red,Blue,0.875,0,0,0.125,0,0,0,0,2
YBGMC,Blue,Blue,Blue,Blue,Blue,Red,Blue,Blue,0.875,0,0,0.125,0,0,0,0,2
BPGMC,Blue,Blue,Blue,Blue,Blue,Red,Blue,Blue,0.875,0,0,0.125,0,0,0,0,2
RPGMC,Blue,Blue,Blue,Blue,Blue,Blue,Red,Blue,0.875,0,0,0.125,0,0,0,0,2
OPGMC,Blue,Blue,Blue,Blue,Blue,Blue,Red,Blue,0.875,0,0,0.125,0,0,0,0,2
YPGMC,Blue,Blue,Blue,Blue,Blue,Red,Blue,Blue,0.875,0,0,0.125,0,0,0,0,2
BRGMC,Blue,Blue,Blue,Blue,Blue,Red,Blue,Blue,0.875,0,0,0.125,0,0,0,0,2
PRGMC,Blue,Blue,Blue,Blue,Blue,Red,Blue,Blue,0.875,0,0,0.125,0,0,0,0,2
ORGMC,Blue,Blue,Red,Red,Red,Red,Red,Blue,0.375,0,0,0.625,0,0,0,0,2
YRGMC,Blue,Blue,Red,Red,Red,Red,Red,Red,0.25,0,0,0.75,0,0,0,0,2
BOGMC,Blue,Blue,Blue,Red,Blue,Red,Blue,Blue,0.75,0,0,0.25,0,0,0,0,2
POGMC,Blue,Blue,Blue,Red,Red,Red,Blue,Blue,0.625,0,0,0.375,0,0,0,0,2
ROGMC,Red,Red,Red,Red,Red,Red,Red,Blue,0.125,0,0,0.875,0,0,0,0,2
YOGMC,Blue,Blue,Red,Red,Red,Red,Red,Red,0.25,0,0,0.75,0,0,0,0,2
BYGMC,Blue,Blue,Blue,Red,Blue,Red,Green,Green,0.5,0,0,0.25,0,0,0.25,0,3
PYGMC,Blue,Blue,Blue,Red,Red,Red,Green,Blue,0.5,0,0,0.375,0,0,0.125,0,3
RYGMC,Red,Red,Red,Red,Red,Red,Red,Green,0,0,0,0.875,0,0,0.125,0,2
OYGMC,Blue,Red,Red,Red,Red,Red,Red,Green,0.125,0,0,0.75,0,0,0.125,0,3
MPBRC,Blue,Blue,Blue,Blue,Blue,Blue,Cyan,Blue,0.875,0,0,0,0,0,0,0.125,2
OPBRC,Blue,Blue,Blue,Blue,Blue,Blue,Orange,Blue,0.875,0,0,0,0.125,0,0,0,2
YPBRC,Blue,Blue,Blue,Blue,Blue,Orange,Cyan,Cyan,0.625,0,0,0,0.125,0,0,0.25,3
GPBRC,Blue,Blue,Blue,Orange,Orange,Orange,Cyan,Blue,0.5,0,0,0,0.375,0,0,0.125,3
PMBRC,Blue,Blue,Blue,Blue,Blue,Blue,Blue,Blue,1,0,0,0,0,0,0,0,1
OMBRC,Blue,Blue,Blue,Blue,Blue,Blue,Blue,Blue,1,0,0,0,0,0,0,0,1
YMBRC,Blue,Blue,Blue,Blue,Blue,Blue,Cyan,Cyan,0.75,0,0,0,0,0,0,0.25,2
GMBRC,Blue,Blue,Blue,Blue,Blue,Blue,Cyan,Blue,0.875,0,0,0,0,0,0,0.125,2
POBRC,Blue,Blue,Blue,Blue,Blue,Blue,Cyan,Blue,0.875,0,0,0,0,0,0,0.125,2
MOBRC,Blue,Blue,Blue,Blue,Blue,Blue,Orange,Blue,0.875,0,0,0,0.125,0,0,0,2
YOBRC,Blue,Blue,Blue,Blue,Blue,Blue,Orange,Orange,0.75,0,0,0,0.25,0,0,0,2
GOBRC,Cyan,Cyan,Blue,Blue,Blue,Blue,Orange,Cyan,0.5,0,0,0,0.125,0,0,0.375,3
PYBRC,Blue,Blue,Blue,Blue,Blue,Orange,Cyan,Blue,0.75,0,0,0,0.125,0,0,0.125,3
MYBRC,Blue,Blue,Blue,Blue,Blue,Blue,Cyan,Blue,0.875,0,0,0,0,0,0,0.125,2
OYBRC,Blue,Blue,Blue,Blue,Blue,Blue,Orange,Cyan,0.75,0,0,0,0.125,0,0,0.125,3
GYBRC,Cyan,Cyan,Blue,Orange,Orange,Orange,Cyan,Cyan,0.125,0,0,0,0.375,0,0,0.5,3
PGBRC,Cyan,Cyan,Cyan,Blue,Blue,Orange,Cyan,Cyan,0.25,0,0,0,0.125,0,0,0.625,3
MGBRC,Cyan,Cyan,Blue,Orange,Orange,Orange,Cyan,Cyan,0.125,0,0,0,0.375,0,0,0.5,3
OGBRC,Cyan,Blue,Orange,Orange,Orange,Orange,Orange,Cyan,0.125,0,0,0,0.625,0,0,0.25,3
YGBRC,Cyan,Cyan,Orange,Orange,Orange,Orange,Cyan,Cyan,0,0,0,0,0.5,0,0,0.5,2
MBPRC,Blue,Blue,Blue,Blue,Blue,Blue,Blue,Blue,1,0,0,0,0,0,0,0,1
OBPRC,Blue,Blue,Blue,Blue,Blue,Blue,Orange,Blue,0.875,0,0,0,0.125,0,0,0,2
YBPRC,Blue,Blue,Blue,Blue,Blue,Orange,Blue,Blue,0.875,0,0,0,0.125,0,0,0,2
GBPRC,Blue,Blue,Blue,Orange,Orange,Orange,Blue,Blue,0.625,0,0,0,0.375,0,0,0,2
BMPRC,Blue,Blue,Blue,Blue,Blue,Blue,Blue,Blue,1,0,0,0,0,0,0,0,1
OMPRC,Blue,Blue,Blue,Blue,Blue,Blue,Blue,Blue,1,0,0,0,0,0,0,0,1
YMPRC,Blue,Blue,Blue,Blue,Blue,Blue,Cyan,Cyan,0.75,0,0,0,0,0,0,0.25,2
GMPRC,Blue,Blue,Blue,Blue,Blue,Blue,Cyan,Blue,0.875,0,0,0,0,0,0,0.125,2
BOPRC,Blue,Blue,Blue,Blue,Blue,Blue,Blue,Blue,1,0,0,0,0,0,0,0,1
MOPRC,Blue,Blue,Blue,Blue,Blue,Blue,Orange,Blue,0.875,0,0,0,0.125,0,0,0,2
YOPRC,Blue,Blue,Blue,Blue,Blue,Blue,Orange,Orange,0.75,0,0,0,0.25,0,0,0,2
GOPRC,Blue,Blue,Blue,Blue,Blue,Blue,Orange,Blue,0.875,0,0,0,0.125,0,0,0,2
BYPRC,Blue,Blue,Blue,Blue,Blue,Orange,Cyan,Cyan,0.625,0,0,0,0.125,0,0,0.25,3
MYPRC,Blue,Blue,Blue,Blue,Blue,Blue,Cyan,Blue,0.875,0,0,0,0,0,0,0.125,2
OYPRC,Blue,Blue,Blue,Blue,Blue,Blue,Orange,Cyan,0.75,0,0,0,0.125,0,0,0.125,3
GYPRC,Cyan,Cyan,Blue,Orange,Orange,Orange,Cyan,Cyan,0.125,0,0,0,0.375,0,0,0.5,3
BGPRC,Blue,Blue,Blue,Blue,Blue,Orange,Blue,Blue,0.875,0,0,0,0.125,0,0,0,2
MGPRC,Blue,Blue,Blue,Orange,Orange,Orange,Cyan,Blue,0.5,0,0,0,0.375,0,0,0.125,3
OGPRC,Blue,Blue,Orange,Orange,Orange,Orange,Orange,Blue,0.375,0,0,0,0.625,0,0,0,2
YGPRC,Blue,Blue,Orange,Orange,Orange,Orange,Cyan,Cyan,0.25,0,0,0,0.5,0,0,0.25,3
PBMRC,Blue,Blue,Blue,Blue,Blue,Red,Blue,Blue,0.875,0,0,0.125,0,0,0,0,2
OBMRC,Blue,Blue,Blue,Blue,Blue,Blue,Red,Blue,0.875,0,0,0.125,0,0,0,0,2
YBMRC,Blue,Blue,Blue,Blue,Blue,Red,Blue,Blue,0.875,0,0,0.125,0,0,0,0,2
GBMRC,Blue,Blue,Blue,Red,Red,Red,Blue,Blue,0.625,0,0,0.375,0,0,0,0,2
BPMRC,Blue,Blue,Blue,Blue,Blue,Red,Blue,Blue,0.875,0,0,0.125,0,0,0,0,2
OPMRC,Blue,Blue,Blue,Blue,Blue,Blue,Red,Blue,0.875,0,0,0.125,0,0,0,0,2
YPMRC,Blue,Blue,Blue,Blue,Blue,Red,Blue,Blue,0.875,0,0,0.125,0,0,0,0,2
GPMRC,Blue,Blue,Blue,Red,Red,Red,Blue,Blue,0.625,0,0,0.375,0,0,0,0,2
BOMRC,Blue,Blue,Blue,Red,Blue,Red,Blue,Blue,0.75,0,0,0.25,0,0,0,0,2
POMRC,Blue,Blue,Blue,Red,Red,Red,Blue,Blue,0.625,0,0,0.375,0,0,0,0,2
YOMRC,Blue,Blue,Red,Red,Red,Red,Red,Red,0.25,0,0,0.75,0,0,0,0,2
GOMRC,Blue,Blue,Red,Red,Red,Red,Red,Blue,0.375,0,0,0.625,0,0,0,0,2
BYMRC,Blue,Blue,Blue,Red,Blue,Red,Green,Green,0.5,0,0,0.25,0,0,0.25,0,3
PYMRC,Blue,Blue,Blue,Red,Red,Red,Green,Blue,0.5,0,0,0.375,0,0,0.125,0,3
OYMRC,Blue,Red,Red,Red,Red,Red,Red,Green,0.125,0,0,0.75,0,0,0.125,0,3
GYMRC,Green,Green,Red,Red,Red,Red,Green,Green,0,0,0,0.5,0,0,0.5,0,2
BGMRC,Blue,Blue,Blue,Blue,Blue,Red,Blue,Blue,0.875,0,0,0.125,0,0,0,0,2
PGMRC,Blue,Blue,Blue,Blue,Blue,Red,Blue,Blue,0.875,0,0,0.125,0,0,0,0,2
OGMRC,Blue,Blue,Red,Red,Red,Red,Red,Blue,0.375,0,0,0.625,0,0,0,0,2
YGMRC,Blue,Blue,Red,Red,Red,Red,Green,Green,0.25,0,0,0.5,0,0,0.25,0,3
PBORC,Blue,Blue,Blue,Blue,Blue,Red,Cyan,Blue,0.75,0,0,0.125,0,0,0,0.125,3
MBORC,Blue,Blue,Blue,Red,Red,Red,Cyan,Blue,0.5,0,0,0.375,0,0,0,0.125,3
YBORC,Blue,Blue,Red,Blue,Red,Red,Cyan,Cyan,0.375,0,0,0.375,0,0,0,0.25,3
GBORC,Cyan,Cyan,Blue,Red,Red,Red,Cyan,Cyan,0.125,0,0,0.375,0,0,0,0.5,3
BPORC,Blue,Blue,Blue,Blue,Blue,Red,Blue,Blue,0.875,0,0,0.125,0,0,0,0,2
MPORC,Blue,Blue,Blue,Red,Red,Red,Cyan,Blue,0.5,0,0,0.375,0,0,0,0.125,3
YPORC,Blue,Blue,Red,Red,Red,Red,Cyan,Cyan,0.25,0,0,0.5,0,0,0,0.25,3
GPORC,Blue,Blue,Blue,Red,Red,Red,Cyan,Blue,0.5,0,0,0.375,0,0,0,0.125,3
BMORC,Blue,Blue,Blue,Red,Blue,Red,Blue,Blue,0.75,0,0,0.25,0,0,0,0,2
PMORC,Blue,Blue,Blue,Red,Red,Red,Blue,Blue,0.625,0,0,0.375,0,0,0,0,2
YMORC,Blue,Blue,Red,Red,Red,Red,Orange,Orange,0.25,0,0,0.5,0.25,0,0,0,3
GMORC,Blue,Blue,Red,Red,Red,Red,Orange,Blue,0.375,0,0,0.5,0.125,0,0,0,3
BYORC,Blue,Blue,Blue,Red,Blue,Red,Orange,Orange,0.5,0,0,0.25,0.25,0,0,0,3
PYORC,Blue,Blue,Blue,Red,Red,Red,Orange,Blue,0.5,0,0,0.375,0.125,0,0,0,3
MYORC,Blue,Blue,Red,Orange,Orange,Orange,Orange,Blue,0.375,0,0,0.125,0.5,0,0,0,3
GYORC,Orange,Orange,Red,Red,Red,Red,Orange,Orange,0,0,0,0.5,0.5,0,0,0,2
BGORC,Cyan,Cyan,Cyan,Red,Cyan,Red,Cyan,Cyan,0,0,0,0.25,0,0,0,0.75,2
PGORC,Cyan,Cyan,Cyan,Red,Red,Red,Cyan,Cyan,0,0,0,0.375,0,0,0,0.625,2
MGORC,Cyan,Cyan,Red,Red,Red,Red,Orange,Cyan,0,0,0,0.5,0.125,0,0,0.375,3
YGORC,Cyan,Cyan,Red,Red,Red,Red,Orange,Orange,0,0,0,0.5,0.25,0,0,0.25,3
PBYRC,Blue,Blue,Blue,Blue,Blue,Orange,Green,Blue,0.75,0,0,0,0.125,0,0.125,0,3
MBYRC,Blue,Blue,Blue,Red,Red,Red,Green,Blue,0.5,0,0,0.375,0,0,0.125,0,3
OBYRC,Blue,Blue,Red,Red,Blue,Red,Orange,Green,0.375,0,0,0.375,0.125,0,0.125,0,4
GBYRC,Green,Green,Blue,Orange,Orange,Orange,Green,Green,0.125,0,0,0,0.375,0,0.5,0,3
BPYRC,Blue,Blue,Blue,Blue,Blue,Orange,Blue,Blue,0.875,0,0,0,0.125,0,0,0,2
MPYRC,Blue,Blue,Blue,Red,Red,Red,Green,Blue,0.5,0,0,0.375,0,0,0.125,0,3
OPYRC,Blue,Blue,Red,Red,Red,Red,Orange,Blue,0.375,0,0,0.5,0.125,0,0,0,3
GPYRC,Blue,Blue,Blue,Orange,Orange,Orange,Green,Blue,0.5,0,0,0,0.375,0,0.125,0,3
BMYRC,Blue,Blue,Blue,Red,Blue,Orange,Blue,Blue,0.75,0,0,0.125,0.125,0,0,0,3
PMYRC,Blue,Blue,Blue,Red,Red,Orange,Blue,Blue,0.625,0,0,0.25,0.125,0,0,0,3
OMYRC,Blue,Red,Orange,Orange,Orange,Orange,Orange,Blue,0.25,0,0,0.125,0.625,0,0,0,3
GMYRC,Blue,Blue,Red,Orange,Orange,Orange,Green,Blue,0.375,0,0,0.125,0.375,0,0.125,0,4
BOYRC,Blue,Red,Red,Orange,Red,Orange,Green,Green,0.125,0,0,0.375,0.25,0,0.25,0,4
POYRC,Blue,Red,Blue,Orange,Orange,Orange,Green,Blue,0.375,0,0,0.125,0.375,0,0.125,0,4
MOYRC,Red,Blue,Orange,Orange,Orange,Orange,Orange,Blue,0.25,0,0,0.125,0.625,0,0,0,3
GOYRC,Green,Green,Orange,Orange,Orange,Orange,Orange,Green,0,0,0,0,0.625,0,0.375,0,2
BGYRC,Green,Green,Green,Red,Green,Orange,Green,Green,0,0,0,0.125,0.125,0,0.75,0,3
PGYRC,Green,Green,Green,Red,Red,Orange,Green,Green,0,0,0,0.25,0.125,0,0.625,0,3
MGYRC,Green,Green,Red,Orange,Orange,Orange,Green,Green,0,0,0,0.125,0.375,0,0.5,0,3
OGYRC,Green,Red,Orange,Orange,Orange,Orange,Orange,Green,0,0,0,0.125,0.625,0,0.25,0,3
PBGRC,Cyan,Cyan,Cyan,Cyan,Cyan,Orange,Cyan,Cyan,0,0,0,0,0.125,0,0,0.875,2
MBGRC,Cyan,Cyan,Cyan,Blue,Blue,Blue,Cyan,Cyan,0.375,0,0,0,0,0,0,0.625,2
OBGRC,Cyan,Cyan,Blue,Blue,Cyan,Blue,Orange,Cyan,0.375,0,0,0,0.125,0,0,0.5,3
YBGRC,Cyan,Cyan,Blue,Cyan,Blue,Orange,Cyan,Cyan,0.25,0,0,0,0.125,0,0,0.625,3
BPGRC,Cyan,Cyan,Cyan,Cyan,Cyan,Orange,Cyan,Cyan,0,0,0,0,0.125,0,0,0.875,2
MPGRC,Cyan,Cyan,Cyan,Blue,Blue,Blue,Cyan,Cyan,0.375,0,0,0,0,0,0,0.625,2
OPGRC,Cyan,Cyan,Blue,Blue,Blue,Blue,Orange,Cyan,0.5,0,0,0,0.125,0,0,0.375,3
YPGRC,Cyan,Cyan,Blue,Blue,Blue,Orange,Cyan,Cyan,0.375,0,0,0,0.125,0,0,0.5,3
BMGRC,Cyan,Cyan,Cyan,Blue,Cyan,Orange,Cyan,Cyan,0.125,0,0,0,0.125,0,0,0.75,3
PMGRC,Cyan,Cyan,Cyan,Blue,Blue,Orange,Cyan,Cyan,0.25,0,0,0,0.125,0,0,0.625,3
OMGRC,Cyan,Blue,Orange,Orange,Orange,Orange,Orange,Cyan,0.125,0,0,0,0.625,0,0,0.25,3
YMGRC,Cyan,Cyan,Orange,Orange,Orange,Orange,Green,Green,0,0,0,0,0.5,0,0.25,0.25,3
BOGRC,Cyan,Blue,Blue,Orange,Blue,Orange,Cyan,Cyan,0.375,0,0,0,0.25,0,0,0.375,3
POGRC,Cyan,Blue,Cyan,Orange,Orange,Orange,Cyan,Cyan,0.125,0,0,0,0.375,0,0,0.5,3
MOGRC,Blue,Cyan,Orange,Orange,Orange,Orange,Orange,Cyan,0.125,0,0,0,0.625,0,0,0.25,3
YOGRC,Cyan,Blue,Orange,Orange,Orange,Orange,Orange,Orange,0.125,0,0,0,0.75,0,0,0.125,3
BYGRC,Cyan,Cyan,Cyan,Orange,Cyan,Orange,Green,Green,0,0,0,0,0.25,0,0.25,0.5,3
PYGRC,Cyan,Cyan,Cyan,Orange,Orange,Orange,Green,Cyan,0,0,0,0,0.375,0,0.125,0.5,3
MYGRC,Cyan,Cyan,Orange,Orange,Orange,Orange,Green,Cyan,0,0,0,0,0.5,0,0.125,0.375,3
OYGRC,Cyan,Orange,Orange,Orange,Orange,Orange,Orange,Green,0,0,0,0,0.75,0,0.125,0.125,3
MPBOC,Blue,Blue,Blue,Blue,Blue,Blue,Cyan,Blue,0.875,0,0,0,0,0,0,0.125,2
RPBOC,Blue,Blue,Blue,Blue,Blue,Blue,Red,Blue,0.875,0,0,0.125,0,0,0,0,2
YPBOC,Blue,Blue,Blue,Blue,Blue,Red,Cyan,Cyan,0.625,0,0,0.125,0,0,0,0.25,3
GPBOC,Blue,Blue,Blue,Red,Red,Red,Cyan,Blue,0.5,0,0,0.375,0,0,0,0.125,3
PMBOC,Blue,Blue,Blue,Blue,Blue,Red,Blue,Blue,0.875,0,0,0.125,0,0,0,0,2
RMBOC,Blue,Blue,Blue,Red,Red,Red,Red,Blue,0.5,0,0,0.5,0,0,0,0,2
YMBOC,Blue,Blue,Red,Red,Red,Red,Cyan,Cyan,0.25,0,0,0.5,0,0,0,0.25,3
GMBOC,Blue,Blue,Blue,Red,Red,Red,Cyan,Blue,0.5,0,0,0.375,0,0,0,0.125,3
PRBOC,Blue,Blue,Blue,Blue,Blue,Blue,Cyan,Blue,0.875,0,0,0,0,0,0,0.125,2
MRBOC,Blue,Blue,Blue,Red,Red,Red,Red,Blue,0.5,0,0,0.5,0,0,0,0,2
YRBOC,Blue,Blue,Red,Blue,Red,Blue,Red,Red,0.5,0,0,0.5,0,0,0,0,2
GRBOC,Cyan,Cyan,Blue,Blue,Blue,Blue,Red,Cyan,0.5,0,0,0.125,0,0,0,0.375,3
PYBOC,Blue,Blue,Blue,Red,Red,Red,Cyan,Blue,0.5,0,0,0.375,0,0,0,0.125,3
MYBOC,Blue,Blue,Red,Blue,Blue,Blue,Cyan,Blue,0.75,0,0,0.125,0,0,0,0.125,3
RYBOC,Red,Red,Red,Blue,Red,Red,Red,Cyan,0.125,0,0,0.75,0,0,0,0.125,3
GYBOC,Cyan,Cyan,Red,Red,Red,Red,Cyan,Cyan,0,0,0,0.5,0,0,0,0.5,2
PGBOC,Cyan,Cyan,Cyan,Blue,Blue,Red,Cyan,Cyan,0.25,0,0,0.125,0,0,0,0.625,3
MGBOC,Cyan,Cyan,Blue,Red,Red,Red,Cyan,Cyan,0.125,0,0,0.375,0,0,0,0.5,3
RGBOC,Blue,Blue,Blue,Red,Red,Red,Red,Cyan,0.375,0,0,0.5,0,0,0,0.125,3
YGBOC,Cyan,Cyan,Red,Red,Red,Red,Cyan,Cyan,0,0,0,0.5,0,0,0,0.5,2
MBPOC,Blue,Blue,Blue,Blue,Blue,Blue,Blue,Blue,1,0,0,0,0,0,0,0,1
RBPOC,Blue,Blue,Blue,Blue,Blue,Blue,Red,Blue,0.875,0,0,0.125,0,0,0,0,2
YBPOC,Blue,Blue,Blue,Blue,Blue,Red,Blue,Blue,0.875,0,0,0.125,0,0,0,0,2
GBPOC,Blue,Blue,Blue,Red,Red,Red,Blue,Blue,0.625,0,0,0.375,0,0,0,0,2
BMPOC,Blue,Blue,Blue,Blue,Blue,Red,Blue,Blue,0.875,0,0,0.125,0,0,0,0,2
RMPOC,Blue,Blue,Blue,Red,Red,Red,Red,Blue,0.5,0,0,0.5,0,0,0,0,2
YMPOC,Blue,Blue,Red,Red,Red,Red,Cyan,Cyan,0.25,0,0,0.5,0,0,0,0.25,3
GMPOC,Blue,Blue,Blue,Red,Red,Red,Cyan,Blue,0.5,0,0,0.375,0,0,0,0.125,3
BRPOC,Blue,Blue,Blue,Blue,Blue,Red,Blue,Blue,0.875,0,0,0.125,0,0,0,0,2
MRPOC,Blue,Blue,Blue,Red,Red,Red,Red,Blue,0.5,0,0,0.5,0,0,0,0,2
YRPOC,Blue,Blue,Red,Red,Red,Red,Red,Red,0.25,0,0,0.75,0,0,0,0,2
GRPOC,Blue,Blue,Blue,Red,Red,Red,Red,Blue,0.5,0,0,0.5,0,0,0,0,2
BYPOC,Blue,Blue,Blue,Red,Blue,Red,Cyan,Cyan,0.5,0,0,0.25,0,0,0,0.25,3
MYPOC,Blue,Blue,Red,Red,Red,Red,Cyan,Blue,0.375,0,0,0.5,0,0,0,0.125,3
RYPOC,Red,Red,Red,Red,Red,Red,Red,Cyan,0,0,0,0.875,0,0,0,0.125,2
GYPOC,Cyan,Cyan,Red,Red,Red,Red,Cyan,Cyan,0,0,0,0.5,0,0,0,0.5,2
BGPOC,Blue,Blue,Blue,Blue,Blue,Red,Blue,Blue,0.875,0,0,0.125,0,0,0,0,2
MGPOC,Blue,Blue,Blue,Red,Red,Red,Cyan,Blue,0.5,0,0,0.375,0,0,0,0.125,3
RGPOC,Blue,Blue,Blue,Red,Red,Red,Red,Blue,0.5,0,0,0.5,0,0,0,0,2
YGPOC,Blue,Blue,Red,Red,Red,Red,Cyan,Cyan,0.25,0,0,0.5,0,0,0,0.25,3
PBMOC,Blue,Blue,Blue,Blue,Blue,Red,Blue,Blue,0.875,0,0,0.125,0,0,0,0,2
RBMOC,Blue,Blue,Blue,Red,Blue,Blue,Red,Blue,0.75,0,0,0.25,0,0,0,0,2
YBMOC,Blue,Blue,Red,Blue,Red,Red,Blue,Blue,0.625,0,0,0.375,0,0,0,0,2
GBMOC,Blue,Blue,Blue,Red,Red,Red,Blue,Blue,0.625,0,0,0.375,0,0,0,0,2
BPMOC,Blue,Blue,Blue,Blue,Blue,Red,Blue,Blue,0.875,0,0,0.125,0,0,0,0,2
RPMOC,Blue,Blue,Blue,Red,Red,Red,Red,Blue,0.5,0,0,0.5,0,0,0,0,2
YPMOC,Blue,Blue,Red,Red,Red,Red,Blue,Blue,0.5,0,0,0.5,0,0,0,0,2
GPMOC,Blue,Blue,Blue,Red,Red,Red,Blue,Blue,0.625,0,0,0.375,0,0,0,0,2
BRMOC,Red,Red,Red,Red,Red,Red,Blue,Blue,0.25,0,0,0.75,0,0,0,0,2
PRMOC,Red,Red,Red,Red,Red,Red,Blue,Red,0.125,0,0,0.875,0,0,0,0,2
YRMOC,Red,Red,Red,Red,Red,Red,Red,Red,0,0,0,1,0,0,0,0,1
GRMOC,Blue,Blue,Red,Red,Red,Red,Red,Blue,0.375,0,0,0.625,0,0,0,0,2
BYMOC,Blue,Blue,Blue,Red,Blue,Red,Green,Green,0.5,0,0,0.25,0,0,0.25,0,3
PYMOC,Blue,Blue,Blue,Red,Red,Red,Green,Blue,0.5,0,0,0.375,0,0,0.125,0,3
RYMOC,Red,Red,Red,Red,Red,Red,Red,Green,0,0,0,0.875,0,0,0.125,0,2
GYMOC,Green,Green,Red,Red,Red,Red,Green,Green,0,0,0,0.5,0,0,0.5,0,2
BGMOC,Blue,Blue,Blue,Red,Blue,Red,Blue,Blue,0.75,0,0,0.25,0,0,0,0,2
PGMOC,Blue,Blue,Blue,Red,Red,Red,Blue,Blue,0.625,0,0,0.375,0,0,0,0,2
RGMOC,Red,Red,Red,Red,Red,Red,Red,Blue,0.125,0,0,0.875,0,0,0,0,2
YGMOC,Blue,Blue,Red,Red,Red,Red,Green,Green,0.25,0,0,0.5,0,0,0.25,0,3
PBROC,Red,Red,Red,Red,Red,Orange,Cyan,Red,0,0,0,0.75,0.125,0,0,0.125,3
MBROC,Red,Red,Red,Red,Red,Red,Cyan,Red,0,0,0,0.875,0,0,0,0.125,2
YBROC,Red,Red,Red,Red,Red,Orange,Cyan,Cyan,0,0,0,0.625,0.125,0,0,0.25,3
GBROC,Cyan,Cyan,Red,Orange,Orange,Orange,Cyan,Cyan,0,0,0,0.125,0.375,0,0,0.5,3
BPROC,Red,Red,Red,Red,Red,Orange,Red,Red,0,0,0,0.875,0.125,0,0,0,2
MPROC,Red,Red,Red,Red,Red,Red,Cyan,Red,0,0,0,0.875,0,0,0,0.125,2
YPROC,Red,Red,Red,Red,Red,Orange,Cyan,Cyan,0,0,0,0.625,0.125,0,0,0.25,3
GPROC,Red,Red,Red,Orange,Orange,Orange,Cyan,Red,0,0,0,0.5,0.375,0,0,0.125,3
BMROC,Red,Red,Red,Red,Red,Red,Red,Red,0,0,0,1,0,0,0,0,1
PMROC,Red,Red,Red,Red,Red,Red,Red,Red,0,0,0,1,0,0,0,0,1
YMROC,Red,Red,Red,Red,Red,Red,Red,Red,0,0,0,1,0,0,0,0,1
GMROC,Red,Red,Red,Red,Red,Red,Red,Red,0,0,0,1,0,0,0,0,1
BYROC,Red,Red,Red,Red,Red,Orange,Red,Red,0,0,0,0.875,0.125,0,0,0,2
PYROC,Red,Red,Red,Red,Red,Orange,Red,Red,0,0,0,0.875,0.125,0,0,0,2
MYROC,Red,Red,Red,Orange,Orange,Orange,Red,Red,0,0,0,0.625,0.375,0,0,0,2
GYROC,Red,Red,Red,Orange,Orange,Orange,Red,Red,0,0,0,0.625,0.375,0,0,0,2
BGROC,Cyan,Cyan,Cyan,Red,Cyan,Orange,Cyan,Cyan,0,0,0,0.125,0.125,0,0,0.75,3
PGROC,Cyan,Cyan,Cyan,Red,Red,Orange,Cyan,Cyan,0,0,0,0.25,0.125,0,0,0.625,3
MGROC,Cyan,Cyan,Red,Orange,Orange,Orange,Red,Cyan,0,0,0,0.25,0.375,0,0,0.375,3
YGROC,Cyan,Cyan,Orange,Orange,Orange,Orange,Red,Red,0,0,0,0.25,0.5,0,0,0.25,3
PBYOC,Blue,Blue,Blue,Blue,Blue,Red,Green,Blue,0.75,0,0,0.125,0,0,0.125,0,3
MBYOC,Blue,Blue,Blue,Red,Red,Red,Green,Blue,0.5,0,0,0.375,0,0,0.125,0,3
RBYOC,Blue,Blue,Blue,Red,Blue,Blue,Red,Green,0.625,0,0,0.25,0,0,0.125,0,3
GBYOC,Green,Green,Blue,Red,Red,Red,Green,Green,0.125,0,0,0.375,0,0,0.5,0,3
BPYOC,Blue,Blue,Blue,Blue,Blue,Red,Blue,Blue,0.875,0,0,0.125,0,0,0,0,2
MPYOC,Blue,Blue,Blue,Red,Red,Red,Green,Blue,0.5,0,0,0.375,0,0,0.125,0,3
RPYOC,Blue,Blue,Blue,Red,Red,Red,Red,Blue,0.5,0,0,0.5,0,0,0,0,2
GPYOC,Blue,Blue,Blue,Red,Red,Red,Green,Blue,0.5,0,0,0.375,0,0,0.125,0,3
BMYOC,Blue,Blue,Blue,Red,Blue,Orange,Blue,Blue,0.75,0,0,0.125,0.125,0,0,0,3
PMYOC,Blue,Blue,Blue,Red,Red,Orange,Blue,Blue,0.625,0,0,0.25,0.125,0,0,0,3
RMYOC,Red,Red,Red,Orange,Orange,Orange,Orange,Blue,0.125,0,0,0.375,0.5,0,0,0,3
GMYOC,Blue,Blue,Red,Orange,Orange,Orange,Green,Blue,0.375,0,0,0.125,0.375,0,0.125,0,4
BRYOC,Red,Red,Red,Red,Red,Red,Green,Green,0,0,0,0.75,0,0,0.25,0,2
PRYOC,Red,Red,Red,Red,Red,Red,Green,Red,0,0,0,0.875,0,0,0.125,0,2
MRYOC,Red,Red,Red,Orange,Orange,Orange,Red,Red,0,0,0,0.625,0.375,0,0,0,2
GRYOC,Green,Green,Red,Red,Red,Red,Red,Green,0,0,0,0.625,0,0,0.375,0,2
BGYOC,Green,Green,Green,Red,Green,Red,Green,Green,0,0,0,0.25,0,0,0.75,0,2
PGYOC,Green,Green,Green,Red,Red,Red,Green,Green,0,0,0,0.375,0,0,0.625,0,2
MGYOC,Green,Green,Red,Red,Red,Red,Green,Green,0,0,0,0.5,0,0,0.5,0,2
RGYOC,Red,Red,Red,Red,Red,Red,Red,Green,0,0,0,0.875,0,0,0.125,0,2
PBGOC,Cyan,Cyan,Cyan,Cyan,Cyan,Red,Cyan,Cyan,0,0,0,0.125,0,0,0,0.875,2
MBGOC,Cyan,Cyan,Cyan,Red,Red,Red,Cyan,Cyan,0,0,0,0.375,0,0,0,0.625,2
RBGOC,Cyan,Cyan,Cyan,Red,Cyan,Cyan,Red,Cyan,0,0,0,0.25,0,0,0,0.75,2
YBGOC,Cyan,Cyan,Red,Cyan,Red,Red,Cyan,Cyan,0,0,0,0.375,0,0,0,0.625,2
BPGOC,Cyan,Cyan,Cyan,Cyan,Cyan,Red,Cyan,Cyan,0,0,0,0.125,0,0,0,0.875,2
MPGOC,Cyan,Cyan,Cyan,Red,Red,Red,Cyan,Cyan,0,0,0,0.375,0,0,0,0.625,2
RPGOC,Cyan,Cyan,Cyan,Red,Red,Red,Red,Cyan,0,0,0,0.5,0,0,0,0.5,2
YPGOC,Cyan,Cyan,Red,Red,Red,Red,Cyan,Cyan,0,0,0,0.5,0,0,0,0.5,2
BMGOC,Cyan,Cyan,Cyan,Red,Cyan,Red,Cyan,Cyan,0,0,0,0.25,0,0,0,0.75,2
PMGOC,Cyan,Cyan,Cyan,Red,Red,Red,Cyan,Cyan,0,0,0,0.375,0,0,0,0.625,2
RMGOC,Red,Red,Red,Red,Red,Red,Red,Cyan,0,0,0,0.875,0,0,0,0.125,2
YMGOC,Cyan,Cyan,Red,Red,Red,Red,Green,Green,0,0,0,0.5,0,0,0.25,0.25,3
BRGOC,Red,Red,Red,Red,Red,Red,Cyan,Cyan,0,0,0,0.75,0,0,0,0.25,2
PRGOC,Red,Red,Red,Red,Red,Red,Cyan,Red,0,0,0,0.875,0,0,0,0.125,2
MRGOC,Red,Red,Red,Red,Red,Red,Red,Red,0,0,0,1,0,0,0,0,1
YRGOC,Red,Red,Red,Red,Red,Red,Red,Red,0,0,0,1,0,0,0,0,1
BYGOC,Cyan,Cyan,Cyan,Red,Cyan,Red,Green,Green,0,0,0,0.25,0,0,0.25,0.5,3
PYGOC,Cyan,Cyan,Cyan,Red,Red,Red,Green,Cyan,0,0,0,0.375,0,0,0.125,0.5,3
MYGOC,Cyan,Cyan,Red,Red,Red,Red,Green,Cyan,0,0,0,0.5,0,0,0.125,0.375,3
RYGOC,Red,Red,Red,Red,Red,Red,Red,Green,0,0,0,0.875,0,0,0.125,0,2
MPBYC,Blue,Blue,Blue,Blue,Blue,Blue,Green,Blue,0.875,0,0,0,0,0,0.125,0,2
RPBYC,Blue,Blue,Blue,Blue,Blue,Blue,Green,Blue,0.875,0,0,0,0,0,0.125,0,2
OPBYC,Blue,Blue,Blue,Blue,Blue,Blue,Green,Blue,0.875,0,0,0,0,0,0.125,0,2
GPBYC,Blue,Blue,Blue,Green,Green,Green,Green,Blue,0.5,0,0,0,0,0,0.5,0,2
PMBYC,Blue,Blue,Blue,Blue,Blue,Red,Blue,Blue,0.875,0,0,0.125,0,0,0,0,2
RMBYC,Blue,Blue,Blue,Red,Red,Red,Red,Blue,0.5,0,0,0.5,0,0,0,0,2
OMBYC,Blue,Blue,Red,Red,Red,Red,Red,Blue,0.375,0,0,0.625,0,0,0,0,2
GMBYC,Blue,Blue,Blue,Red,Red,Red,Green,Blue,0.5,0,0,0.375,0,0,0.125,0,3
PRBYC,Blue,Blue,Blue,Blue,Blue,Blue,Green,Blue,0.875,0,0,0,0,0,0.125,0,2
MRBYC,Blue,Blue,Blue,Red,Red,Red,Green,Blue,0.5,0,0,0.375,0,0,0.125,0,3
ORBYC,Blue,Blue,Red,Red,Blue,Red,Blue,Green,0.5,0,0,0.375,0,0,0.125,0,3
GRBYC,Green,Green,Blue,Blue,Blue,Blue,Green,Green,0.5,0,0,0,0,0,0.5,0,2
POBYC,Blue,Blue,Blue,Red,Red,Red,Green,Blue,0.5,0,0,0.375,0,0,0.125,0,3
MOBYC,Blue,Blue,Red,Red,Red,Red,Green,Blue,0.375,0,0,0.5,0,0,0.125,0,3
ROBYC,Red,Red,Red,Red,Blue,Blue,Red,Green,0.25,0,0,0.625,0,0,0.125,0,3
GOBYC,Green,Green,Red,Red,Red,Red,Green,Green,0,0,0,0.5,0,0,0.5,0,2
PGBYC,Green,Green,Green,Blue,Blue,Green,Green,Green,0.25,0,0,0,0,0,0.75,0,2
MGBYC,Green,Green,Blue,Green,Green,Green,Green,Green,0.125,0,0,0,0,0,0.875,0,2
RGBYC,Blue,Blue,Blue,Green,Green,Green,Green,Green,0.375,0,0,0,0,0,0.625,0,2
OGBYC,Green,Blue,Green,Green,Green,Green,Green,Green,0.125,0,0,0,0,0,0.875,0,2
MBPYC,Blue,Blue,Blue,Blue,Blue,Blue,Blue,Blue,1,0,0,0,0,0,0,0,1
RBPYC,Blue,Blue,Blue,Blue,Blue,Blue,Green,Blue,0.875,0,0,0,0,0,0.125,0,2
OBPYC,Blue,Blue,Blue,Blue,Blue,Blue,Green,Blue,0.875,0,0,0,0,0,0.125,0,2
GBPYC,Blue,Blue,Blue,Green,Green,Green,Blue,Blue,0.625,0,0,0,0,0,0.375,0,2
BMPYC,Blue,Blue,Blue,Blue,Blue,Red,Blue,Blue,0.875,0,0,0.125,0,0,0,0,2
RMPYC,Blue,Blue,Blue,Red,Red,Red,Red,Blue,0.5,0,0,0.5,0,0,0,0,2
OMPYC,Blue,Blue,Red,Red,Red,Red,Red,Blue,0.375,0,0,0.625,0,0,0,0,2
GMPYC,Blue,Blue,Blue,Red,Red,Red,Green,Blue,0.5,0,0,0.375,0,0,0.125,0,3
BRPYC,Blue,Blue,Blue,Blue,Blue,Red,Blue,Blue,0.875,0,0,0.125,0,0,0,0,2
MRPYC,Blue,Blue,Blue,Red,Red,Red,Green,Blue,0.5,0,0,0.375,0,0,0.125,0,3
ORPYC,Blue,Blue,Red,Red,Red,Red,Red,Blue,0.375,0,0,0.625,0,0,0,0,2
GRPYC,Blue,Blue,Blue,Red,Red,Red,Green,Blue,0.5,0,0,0.375,0,0,0.125,0,3
BOPYC,Blue,Blue,Blue,Red,Blue,Red,Blue,Blue,0.75,0,0,0.25,0,0,0,0,2
MOPYC,Blue,Blue,Red,Red,Red,Red,Green,Blue,0.375,0,0,0.5,0,0,0.125,0,3
ROPYC,Red,Red,Red,Red,Red,Red,Red,Blue,0.125,0,0,0.875,0,0,0,0,2
GOPYC,Blue,Blue,Red,Red,Red,Red,Green,Blue,0.375,0,0,0.5,0,0,0.125,0,3
BGPYC,Blue,Blue,Blue,Blue,Blue,Green,Blue,Blue,0.875,0,0,0,0,0,0.125,0,2
MGPYC,Blue,Blue,Blue,Green,Green,Green,Green,Blue,0.5,0,0,0,0,0,0.5,0,2
RGPYC,Blue,Blue,Blue,Green,Green,Green,Green,Blue,0.5,0,0,0,0,0,0.5,0,2
OGPYC,Blue,Blue,Green,Green,Green,Green,Green,Blue,0.375,0,0,0,0,0,0.625,0,2
PBMYC,Blue,Blue,Blue,Blue,Blue,Orange,Blue,Blue,0.875,0,0,0,0.125,0,0,0,2
RBMYC,Blue,Blue,Blue,Red,Blue,Blue,Orange,Blue,0.75,0,0,0.125,0.125,0,0,0,3
OBMYC,Blue,Blue,Red,Red,Blue,Red,Orange,Blue,0.5,0,0,0.375,0.125,0,0,0,3
GBMYC,Blue,Blue,Blue,Orange,Orange,Orange,Blue,Blue,0.625,0,0,0,0.375,0,0,0,2
BPMYC,Blue,Blue,Blue,Blue,Blue,Orange,Blue,Blue,0.875,0,0,0,0.125,0,0,0,2
RPMYC,Blue,Blue,Blue,Red,Red,Red,Orange,Blue,0.5,0,0,0.375,0.125,0,0,0,3
OPMYC,Blue,Blue,Red,Red,Red,Red,Orange,Blue,0.375,0,0,0.5,0.125,0,0,0,3
GPMYC,Blue,Blue,Blue,Orange,Orange,Orange,Blue,Blue,0.625,0,0,0,0.375,0,0,0,2
BRMYC,Red,Red,Red,Red,Red,Orange,Blue,Blue,0.25,0,0,0.625,0.125,0,0,0,3
PRMYC,Red,Red,Red,Red,Red,Orange,Blue,Red,0.125,0,0,0.75,0.125,0,0,0,3
ORMYC,Red,Red,Orange,Orange,Orange,Orange,Orange,Blue,0.125,0,0,0.25,0.625,0,0,0,3
GRMYC,Blue,Blue,Red,Orange,Orange,Orange,Orange,Blue,0.375,0,0,0.125,0.5,0,0,0,3
BOMYC,Blue,Red,Red,Orange,Red,Orange,Blue,Blue,0.375,0,0,0.375,0.25,0,0,0,3
POMYC,Blue,Red,Blue,Orange,Orange,Orange,Blue,Blue,0.5,0,0,0.125,0.375,0,0,0,3
ROMYC,Orange,Orange,Orange,Orange,Orange,Orange,Orange,Blue,0.125,0,0,0,0.875,0,0,0,2
GOMYC,Blue,Blue,Orange,Orange,Orange,Orange,Orange,Blue,0.375,0,0,0,0.625,0,0,0,2
BGMYC,Blue,Blue,Blue,Red,Blue,Orange,Blue,Blue,0.75,0,0,0.125,0.125,0,0,0,3
PGMYC,Blue,Blue,Blue,Red,Red,Orange,Blue,Blue,0.625,0,0,0.25,0.125,0,0,0,3
RGMYC,Red,Red,Red,Orange,Orange,Orange,Orange,Blue,0.125,0,0,0.375,0.5,0,0,0,3
OGMYC,Blue,Red,Orange,Orange,Orange,Orange,Orange,Blue,0.25,0,0,0.125,0.625,0,0,0,3
PBRYC,Red,Red,Red,Red,Red,Red,Green,Red,0,0,0,0.875,0,0,0.125,0,2
MBRYC,Red,Red,Red,Red,Red,Red,Green,Red,0,0,0,0.875,0,0,0.125,0,2
OBRYC,Red,Red,Red,Red,Red,Red,Red,Green,0,0,0,0.875,0,0,0.125,0,2
GBRYC,Green,Green,Red,Red,Red,Red,Green,Green,0,0,0,0.5,0,0,0.5,0,2
BPRYC,Red,Red,Red,Red,Red,Red,Red,Red,0,0,0,1,0,0,0,0,1
MPRYC,Red,Red,Red,Red,Red,Red,Green,Red,0,0,0,0.875,0,0,0.125,0,2
OPRYC,Red,Red,Red,Red,Red,Red,Red,Red,0,0,0,1,0,0,0,0,1
GPRYC,Red,Red,Red,Red,Red,Red,Green,Red,0,0,0,0.875,0,0,0.125,0,2
BMRYC,Red,Red,Red,Red,Red,Orange,Red,Red,0,0,0,0.875,0.125,0,0,0,2
PMRYC,Red,Red,Red,Red,Red,Orange,Red,Red,0,0,0,0.875,0.125,0,0,0,2
OMRYC,Red,Red,Orange,Orange,Orange,Orange,Orange,Red,0,0,0,0.375,0.625,0,0,0,2
GMRYC,Red,Red,Red,Orange,Orange,Orange,Green,Red,0,0,0,0.5,0.375,0,0.125,0,3
BORYC,Red,Red,Red,Orange,Red,Orange,Green,Green,0,0,0,0.5,0.25,0,0.25,0,3
PORYC,Red,Red,Red,Orange,Orange,Orange,Green,Red,0,0,0,0.5,0.375,0,0.125,0,3
MORYC,Red,Red,Orange,Orange,Orange,Orange,Red,Red,0,0,0,0.5,0.5,0,0,0,2
GORYC,Green,Green,Orange,Orange,Orange,Orange,Red,Green,0,0,0,0.125,0.5,0,0.375,0,3
BGRYC,Green,Green,Green,Red,Green,Red,Green,Green,0,0,0,0.25,0,0,0.75,0,2
PGRYC,Green,Green,Green,Red,Red,Red,Green,Green,0,0,0,0.375,0,0,0.625,0,2
MGRYC,Green,Green,Red,Red,Red,Red,Green,Green,0,0,0,0.5,0,0,0.5,0,2
OGRYC,Green,Red,Red,Red,Red,Red,Red,Green,0,0,0,0.75,0,0,0.25,0,2
PBOYC,Blue,Red,Blue,Red,Red,Orange,Green,Blue,0.375,0,0,0.375,0.125,0,0.125,0,4
MBOYC,Red,Blue,Red,Orange,Orange,Orange,Green,Blue,0.25,0,0,0.25,0.375,0,0.125,0,4
RBOYC,Red,Red,Red,Orange,Red,Red,Orange,Green,0,0,0,0.625,0.25,0,0.125,0,3
GBOYC,Green,Green,Red,Orange,Orange,Orange,Green,Green,0,0,0,0.125,0.375,0,0.5,0,3
BPOYC,Blue,Red,Red,Blue,Red,Orange,Blue,Blue,0.5,0,0,0.375,0.125,0,0,0,3
MPOYC,Red,Blue,Blue,Orange,Orange,Orange,Green,Blue,0.375,0,0,0.125,0.375,0,0.125,0,4
RPOYC,Blue,Blue,Blue,Orange,Orange,Orange,Orange,Blue,0.5,0,0,0,0.5,0,0,0,2
GPOYC,Blue,Blue,Blue,Orange,Orange,Orange,Green,Blue,0.5,0,0,0,0.375,0,0.125,0,3
BMOYC,Red,Blue,Blue,Orange,Blue,Orange,Blue,Blue,0.625,0,0,0.125,0.25,0,0,0,3
PMOYC,Red,Blue,Red,Orange,Orange,Orange,Blue,Red,0.25,0,0,0.375,0.375,0,0,0,3
RMOYC,Orange,Orange,Orange,Orange,Orange,Orange,Orange,Blue,0.125,0,0,0,0.875,0,0,0,2
GMOYC,Blue,Blue,Orange,Orange,Orange,Orange,Green,Blue,0.375,0,0,0,0.5,0,0.125,0,3
BROYC,Orange,Orange,Orange,Orange,Orange,Red,Green,Green,0,0,0,0.125,0.625,0,0.25,0,3
PROYC,Orange,Orange,Orange,Orange,Orange,Red,Green,Orange,0,0,0,0.125,0.75,0,0.125,0,3
MROYC,Orange,Orange,Orange,Orange,Orange,Orange,Orange,Orange,0,0,0,0,1,0,0,0,1
GROYC,Green,Green,Orange,Red,Red,Red,Orange,Green,0,0,0,0.375,0.25,0,0.375,0,3
BGOYC,Green,Green,Green,Orange,Green,Orange,Green,Green,0,0,0,0,0.25,0,0.75,0,2
PGOYC,Green,Green,Green,Orange,Orange,Orange,Green,Green,0,0,0,0,0.375,0,0.625,0,2
MGOYC,Green,Green,Orange,Orange,Orange,Orange,Green,Green,0,0,0,0,0.5,0,0.5,0,2
RGOYC,Orange,Orange,Orange,Orange,Orange,Orange,Orange,Green,0,0,0,0,0.875,0,0.125,0,2
PBGYC,Green,Green,Green,Green,Green,Green,Green,Green,0,0,0,0,0,0,1,0,1
MBGYC,Green,Green,Green,Red,Red,Red,Green,Green,0,0,0,0.375,0,0,0.625,0,2
RBGYC,Green,Green,Green,Red,Green,Green,Green,Green,0,0,0,0.125,0,0,0.875,0,2
OBGYC,Green,Green,Red,Red,Green,Red,Green,Green,0,0,0,0.375,0,0,0.625,0,2
BPGYC,Green,Green,Green,Green,Green,Green,Green,Green,0,0,0,0,0,0,1,0,1
MPGYC,Green,Green,Green,Red,Red,Red,Green,Green,0,0,0,0.375,0,0,0.625,0,2
RPGYC,Green,Green,Green,Red,Red,Red,Green,Green,0,0,0,0.375,0,0,0.625,0,2
OPGYC,Green,Green,Red,Red,Red,Red,Green,Green,0,0,0,0.5,0,0,0.5,0,2
BMGYC,Green,Green,Green,Red,Green,Green,Green,Green,0,0,0,0.125,0,0,0.875,0,2
PMGYC,Green,Green,Green,Red,Red,Green,Green,Green,0,0,0,0.25,0,0,0.75,0,2
RMGYC,Red,Red,Red,Green,Green,Green,Green,Green,0,0,0,0.375,0,0,0.625,0,2
OMGYC,Green,Red,Green,Green,Green,Green,Green,Green,0,0,0,0.125,0,0,0.875,0,2
BRGYC,Red,Red,Red,Red,Red,Green,Green,Green,0,0,0,0.625,0,0,0.375,0,2
PRGYC,Red,Red,Red,Red,Red,Green,Green,Red,0,0,0,0.75,0,0,0.25,0,2
MRGYC,Red,Red,Red,Green,Green,Green,Green,Red,0,0,0,0.5,0,0,0.5,0,2
ORGYC,Red,Red,Green,Green,Green,Green,Green,Green,0,0,0,0.25,0,0,0.75,0,2
BOGYC,Green,Red,Red,Green,Red,Green,Green,Green,0,0,0,0.375,0,0,0.625,0,2
POGYC,Green,Red,Green,Green,Green,Green,Green,Green,0,0,0,0.125,0,0,0.875,0,2
MOGYC,Red,Green,Green,Green,Green,Green,Green,Green,0,0,0,0.125,0,0,0.875,0,2
ROGYC,Green,Green,Green,Green,Green,Green,Green,Green,0,0,0,0,0,0,1,0,1
MPBGC,Cyan,Cyan,Cyan,Cyan,Cyan,Cyan,Cyan,Cyan,0,0,0,0,0,0,0,1,1
RPBGC,Cyan,Cyan,Cyan,Cyan,Cyan,Cyan,Green,Cyan,0,0,0,0,0,0,0.125,0.875,2
OPBGC,Cyan,Cyan,Cyan,Cyan,Cyan,Cyan,Green,Cyan,0,0,0,0,0,0,0.125,0.875,2
YPBGC,Cyan,Cyan,Cyan,Cyan,Cyan,Green,Cyan,Cyan,0,0,0,0,0,0,0.125,0.875,2
PMBGC,Cyan,Cyan,Cyan,Cyan,Cyan,Blue,Cyan,Cyan,0.125,0,0,0,0,0,0,0.875,2
RMBGC,Cyan,Cyan,Cyan,Blue,Blue,Blue,Blue,Cyan,0.5,0,0,0,0,0,0,0.5,2
OMBGC,Cyan,Cyan,Blue,Blue,Blue,Blue,Blue,Cyan,0.625,0,0,0,0,0,0,0.375,2
YMBGC,Cyan,Cyan,Blue,Blue,Blue,Blue,Cyan,Cyan,0.5,0,0,0,0,0,0,0.5,2
PRBGC,Cyan,Cyan,Cyan,Cyan,Cyan,Cyan,Cyan,Cyan,0,0,0,0,0,0,0,1,1
MRBGC,Cyan,Cyan,Cyan,Blue,Blue,Blue,Green,Cyan,0.375,0,0,0,0,0,0.125,0.5,3
ORBGC,Cyan,Cyan,Blue,Blue,Cyan,Blue,Cyan,Cyan,0.375,0,0,0,0,0,0,0.625,2
YRBGC,Cyan,Cyan,Blue,Cyan,Blue,Cyan,Green,Green,0.25,0,0,0,0,0,0.25,0.5,3
POBGC,Cyan,Cyan,Cyan,Blue,Blue,Blue,Cyan,Cyan,0.375,0,0,0,0,0,0,0.625,2
MOBGC,Cyan,Cyan,Blue,Blue,Blue,Blue,Green,Cyan,0.5,0,0,0,0,0,0.125,0.375,3
ROBGC,Blue,Blue,Blue,Blue,Cyan,Cyan,Blue,Cyan,0.625,0,0,0,0,0,0,0.375,2
YOBGC,Cyan,Cyan,Blue,Cyan,Blue,Blue,Green,Green,0.375,0,0,0,0,0,0.25,0.375,3
PYBGC,Cyan,Cyan,Cyan,Blue,Blue,Green,Cyan,Cyan,0.25,0,0,0,0,0,0.125,0.625,3
MYBGC,Cyan,Cyan,Blue,Cyan,Cyan,Cyan,Cyan,Cyan,0.125,0,0,0,0,0,0,0.875,2
RYBGC,Blue,Blue,Blue,Cyan,Blue,Blue,Green,Cyan,0.625,0,0,0,0,0,0.125,0.25,3
OYBGC,Cyan,Blue,Cyan,Cyan,Blue,Cyan,Green,Cyan,0.25,0,0,0,0,0,0.125,0.625,3
MBPGC,Cyan,Cyan,Cyan,Cyan,Cyan,Cyan,Cyan,Cyan,0,0,0,0,0,0,0,1,1
RBPGC,Cyan,Cyan,Cyan,Cyan,Cyan,Cyan,Green,Cyan,0,0,0,0,0,0,0.125,0.875,2
OBPGC,Cyan,Cyan,Cyan,Cyan,Cyan,Cyan,Green,Cyan,0,0,0,0,0,0,0.125,0.875,2
YBPGC,Cyan,Cyan,Cyan,Cyan,Cyan,Green,Cyan,Cyan,0,0,0,0,0,0,0.125,0.875,2
BMPGC,Cyan,Cyan,Cyan,Cyan,Cyan,Blue,Cyan,Cyan,0.125,0,0,0,0,0,0,0.875,2
RMPGC,Cyan,Cyan,Cyan,Blue,Blue,Blue,Blue,Cyan,0.5,0,0,0,0,0,0,0.5,2
OMPGC,Cyan,Cyan,Blue,Blue,Blue,Blue,Blue,Cyan,0.625,0,0,0,0,0,0,0.375,2
YMPGC,Cyan,Cyan,Blue,Blue,Blue,Blue,Cyan,Cyan,0.5,0,0,0,0,0,0,0.5,2
BRPGC,Cyan,Cyan,Cyan,Cyan,Cyan,Blue,Cyan,Cyan,0.125,0,0,0,0,0,0,0.875,2
MRPGC,Cyan,Cyan,Cyan,Blue,Blue,Blue,Green,Cyan,0.375,0,0,0,0,0,0.125,0.5,3
ORPGC,Cyan,Cyan,Blue,Blue,Blue,Blue,Blue,Cyan,0.625,0,0,0,0,0,0,0.375,2
YRPGC,Cyan,Cyan,Blue,Blue,Blue,Blue,Green,Green,0.5,0,0,0,0,0,0.25,0.25,3
BOPGC,Cyan,Cyan,Cyan,Blue,Cyan,Blue,Cyan,Cyan,0.25,0,0,0,0,0,0,0.75,2
MOPGC,Cyan,Cyan,Blue,Blue,Blue,Blue,Green,Cyan,0.5,0,0,0,0,0,0.125,0.375,3
ROPGC,Blue,Blue,Blue,Blue,Blue,Blue,Blue,Cyan,0.875,0,0,0,0,0,0,0.125,2
YOPGC,Cyan,Cyan,Blue,Blue,Blue,Blue,Green,Green,0.5,0,0,0,0,0,0.25,0.25,3
BYPGC,Cyan,Cyan,Cyan,Blue,Cyan,Green,Cyan,Cyan,0.125,0,0,0,0,0,0.125,0.75,3
MYPGC,Cyan,Cyan,Blue,Blue,Blue,Blue,Cyan,Cyan,0.5,0,0,0,0,0,0,0.5,2
RYPGC,Blue,Blue,Blue,Blue,Blue,Blue,Green,Cyan,0.75,0,0,0,0,0,0.125,0.125,3
OYPGC,Cyan,Blue,Blue,Blue,Blue,Blue,Green,Cyan,0.625,0,0,0,0,0,0.125,0.25,3
PBMGC,Cyan,Cyan,Cyan,Cyan,Cyan,Green,Cyan,Cyan,0,0,0,0,0,0,0.125,0.875,2
RBMGC,Cyan,Cyan,Cyan,Blue,Cyan,Cyan,Green,Cyan,0.125,0,0,0,0,0,0.125,0.75,3
OBMGC,Cyan,Cyan,Blue,Blue,Cyan,Blue,Green,Cyan,0.375,0,0,0,0,0,0.125,0.5,3
YBMGC,Cyan,Cyan,Blue,Cyan,Blue,Green,Cyan,Cyan,0.25,0,0,0,0,0,0.125,0.625,3
BPMGC,Cyan,Cyan,Cyan,Cyan,Cyan,Green,Cyan,Cyan,0,0,0,0,0,0,0.125,0.875,2
RPMGC,Cyan,Cyan,Cyan,Blue,Blue,Blue,Green,Cyan,0.375,0,0,0,0,0,0.125,0.5,3
OPMGC,Cyan,Cyan,Blue,Blue,Blue,Blue,Green,Cyan,0.5,0,0,0,0,0,0.125,0.375,3
YPMGC,Cyan,Cyan,Blue,Blue,Blue,Green,Cyan,Cyan,0.375,0,0,0,0,0,0.125,0.5,3
BRMGC,Blue,Blue,Blue,Blue,Blue,Green,Cyan,Cyan,0.625,0,0,0,0,0,0.125,0.25,3
PRMGC,Blue,Blue,Blue,Blue,Blue,Green,Cyan,Blue,0.75,0,0,0,0,0,0.125,0.125,3
ORMGC,Blue,Blue,Green,Green,Green,Green,Green,Cyan,0.25,0,0,0,0,0,0.625,0.125,3
YRMGC,Blue,Blue,Green,Green,Green,Green,Green,Green,0.25,0,0,0,0,0,0.75,0,2
BOMGC,Cyan,Blue,Blue,Green,Blue,Green,Cyan,Cyan,0.375,0,0,0,0,0,0.25,0.375,3
POMGC,Cyan,Blue,Cyan,Green,Green,Green,Cyan,Cyan,0.125,0,0,0,0,0,0.375,0.5,3
ROMGC,Green,Green,Green,Green,Green,Green,Green,Cyan,0,0,0,0,0,0,0.875,0.125,2
YOMGC,Cyan,Blue,Green,Green,Green,Green,Green,Green,0.125,0,0,0,0,0,0.75,0.125,3
BYMGC,Cyan,Cyan,Cyan,Green,Cyan,Green,Green,Green,0,0,0,0,0,0,0.5,0.5,2
PYMGC,Cyan,Cyan,Cyan,Green,Green,Green,Green,Cyan,0,0,0,0,0,0,0.5,0.5,2
RYMGC,Green,Green,Green,Green,Green,Green,Green,Green,0,0,0,0,0,0,1,0,1
OYMGC,Cyan,Green,Green,Green,Green,Green,Green,Green,0,0,0,0,0,0,0.875,0.125,2
PBRGC,Blue,Blue,Blue,Blue,Blue,Green,Cyan,Blue,0.75,0,0,0,0,0,0.125,0.125,3
MBRGC,Blue,Blue,Blue,Blue,Blue,Blue,Cyan,Blue,0.875,0,0,0,0,0,0,0.125,2
OBRGC,Blue,Blue,Blue,Blue,Blue,Blue,Green,Cyan,0.75,0,0,0,0,0,0.125,0.125,3
YBRGC,Blue,Blue,Blue,Blue,Blue,Green,Cyan,Cyan,0.625,0,0,0,0,0,0.125,0.25,3
BPRGC,Blue,Blue,Blue,Blue,Blue,Green,Blue,Blue,0.875,0,0,0,0,0,0.125,0,2
MPRGC,Blue,Blue,Blue,Blue,Blue,Blue,Cyan,Blue,0.875,0,0,0,0,0,0,0.125,2
OPRGC,Blue,Blue,Blue,Blue,Blue,Blue,Green,Blue,0.875,0,0,0,0,0,0.125,0,2
YPRGC,Blue,Blue,Blue,Blue,Blue,Green,Cyan,Cyan,0.625,0,0,0,0,0,0.125,0.25,3
BMRGC,Blue,Blue,Blue,Blue,Blue,Green,Blue,Blue,0.875,0,0,0,0,0,0.125,0,2
PMRGC,Blue,Blue,Blue,Blue,Blue,Green,Blue,Blue,0.875,0,0,0,0,0,0.125,0,2
OMRGC,Blue,Blue,Green,Green,Green,Green,Green,Blue,0.375,0,0,0,0,0,0.625,0,2
YMRGC,Blue,Blue,Green,Green,Green,Green,Green,Green,0.25,0,0,0,0,0,0.75,0,2
BORGC,Blue,Blue,Blue,Green,Blue,Green,Cyan,Cyan,0.5,0,0,0,0,0,0.25,0.25,3
PORGC,Blue,Blue,Blue,Green,Green,Green,Cyan,Blue,0.5,0,0,0,0,0,0.375,0.125,3
MORGC,Blue,Blue,Green,Green,Green,Green,Green,Blue,0.375,0,0,0,0,0,0.625,0,2
YORGC,Blue,Blue,Green,Green,Green,Green,Green,Green,0.25,0,0,0,0,0,0.75,0,2
BYRGC,Blue,Blue,Blue,Green,Blue,Green,Green,Green,0.5,0,0,0,0,0,0.5,0,2
PYRGC,Blue,Blue,Blue,Green,Green,Green,Green,Blue,0.5,0,0,0,0,0,0.5,0,2
MYRGC,Blue,Blue,Green,Green,Green,Green,Green,Blue,0.375,0,0,0,0,0,0.625,0,2
OYRGC,Blue,Green,Green,Green,Green,Green,Green,Green,0.125,0,0,0,0,0,0.875,0,2
PBOGC,Cyan,Blue,Cyan,Blue,Blue,Green,Cyan,Cyan,0.375,0,0,0,0,0,0.125,0.5,3
MBOGC,Blue,Cyan,Blue,Green,Green,Green,Cyan,Cyan,0.25,0,0,0,0,0,0.375,0.375,3
RBOGC,Blue,Blue,Blue,Green,Blue,Blue,Green,Cyan,0.625,0,0,0,0,0,0.25,0.125,3
YBOGC,Cyan,Blue,Green,Blue,Green,Green,Cyan,Cyan,0.25,0,0,0,0,0,0.375,0.375,3
BPOGC,Cyan,Blue,Blue,Cyan,Blue,Green,Cyan,Cyan,0.375,0,0,0,0,0,0.125,0.5,3
MPOGC,Blue,Cyan,Cyan,Green,Green,Green,Cyan,Cyan,0.125,0,0,0,0,0,0.375,0.5,3
RPOGC,Cyan,Cyan,Cyan,Green,Green,Green,Green,Cyan,0,0,0,0,0,0,0.5,0.5,2
YPOGC,Cyan,Blue,Green,Green,Green,Green,Cyan,Cyan,0.125,0,0,0,0,0,0.5,0.375,3
BMOGC,Blue,Cyan,Cyan,Green,Cyan,Green,Cyan,Cyan,0.125,0,0,0,0,0,0.25,0.625,3
PMOGC,Blue,Cyan,Blue,Green,Green,Green,Cyan,Blue,0.375,0,0,0,0,0,0.375,0.25,3
RMOGC,Green,Green,Green,Green,Green,Green,Green,Cyan,0,0,0,0,0,0,0.875,0.125,2
YMOGC,Blue,Cyan,Green,Green,Green,Green,Green,Green,0.125,0,0,0,0,0,0.75,0.125,3
BROGC,Green,Green,Green,Green,Green,Green,Cyan,Cyan,0,0,0,0,0,0,0.75,0.25,2
PROGC,Green,Green,Green,Green,Green,Green,Cyan,Green,0,0,0,0,0,0,0.875,0.125,2
MROGC,Green,Green,Green,Green,Green,Green,Green,Green,0,0,0,0,0,0,1,0,1
YROGC,Green,Green,Green,Green,Green,Green,Green,Green,0,0,0,0,0,0,1,0,1
BYOGC,Cyan,Blue,Blue,Green,Blue,Green,Green,Green,0.375,0,0,0,0,0,0.5,0.125,3
PYOGC,Cyan,Blue,Cyan,Green,Green,Green,Green,Cyan,0.125,0,0,0,0,0,0.5,0.375,3
MYOGC,Blue,Cyan,Green,Green,Green,Green,Green,Cyan,0.125,0,0,0,0,0,0.625,0.25,3
RYOGC,Green,Green,Green,Green,Green,Green,Green,Green,0,0,0,0,0,0,1,0,1
PBYGC,Cyan,Cyan,Cyan,Cyan,Cyan,Green,Green,Cyan,0,0,0,0,0,0,0.25,0.75,2
MBYGC,Cyan,Cyan,Cyan,Green,Green,Green,Green,Cyan,0,0,0,0,0,0,0.5,0.5,2
RBYGC,Cyan,Cyan,Cyan,Green,Cyan,Cyan,Green,Green,0,0,0,0,0,0,0.375,0.625,2
OBYGC,Cyan,Cyan,Green,Green,Cyan,Green,Green,Green,0,0,0,0,0,0,0.625,0.375,2
BPYGC,Cyan,Cyan,Cyan,Cyan,Cyan,Green,Cyan,Cyan,0,0,0,0,0,0,0.125,0.875,2
MPYGC,Cyan,Cyan,Cyan,Green,Green,Green,Green,Cyan,0,0,0,0,0,0,0.5,0.5,2
RPYGC,Cyan,Cyan,Cyan,Green,Green,Green,Green,Cyan,0,0,0,0,0,0,0.5,0.5,2
OPYGC,Cyan,Cyan,Green,Green,Green,Green,Green,Cyan,0,0,0,0,0,0,0.625,0.375,2
BMYGC,Cyan,Cyan,Cyan,Green,Cyan,Green,Cyan,Cyan,0,0,0,0,0,0,0.25,0.75,2
PMYGC,Cyan,Cyan,Cyan,Green,Green,Green,Cyan,Cyan,0,0,0,0,0,0,0.375,0.625,2
RMYGC,Green,Green,Green,Green,Green,Green,Green,Cyan,0,0,0,0,0,0,0.875,0.125,2
OMYGC,Cyan,Green,Green,Green,Green,Green,Green,Cyan,0,0,0,0,0,0,0.75,0.25,2
BRYGC,Green,Green,Green,Green,Green,Green,Green,Green,0,0,0,0,0,0,1,0,1
PRYGC,Green,Green,Green,Green,Green,Green,Green,Green,0,0,0,0,0,0,1,0,1
MRYGC,Green,Green,Green,Green,Green,Green,Green,Green,0,0,0,0,0,0,1,0,1
ORYGC,Green,Green,Green,Green,Green,Green,Green,Green,0,0,0,0,0,0,1,0,1
BOYGC,Cyan,Green,Green,Green,Green,Green,Green,Green,0,0,0,0,0,0,0.875,0.125,2
POYGC,Cyan,Green,Cyan,Green,Green,Green,Green,Cyan,0,0,0,0,0,0,0.625,0.375,2
MOYGC,Green,Cyan,Green,Green,Green,Green,Green,Cyan,0,0,0,0,0,0,0.75,0.25,2
ROYGC,Green,Green,Green,Green,Green,Green,Green,Green,0,0,0,0,0,0,1,0,1
